SYMBOL,SERIES,Adjusted_52_Week_High,52WH_Date,Adjusted_52_Week_Low,52WL_Date
20MICRONS,EQ,    283.93,23-JUL-2025,    129.61,30-MAR-2026
21STCENMGM,EQ,     67.00,23-JUN-2025,     28.25,06-APR-2026
360ONE,EQ,   1273.80,07-JUL-2025,    906.05,07-APR-2026
3BBLACKBIO,EQ,   1441.50,10-JUN-2026,   1085.00,02-JUN-2026
3IINFOLTD,EQ,     24.95,17-JUL-2025,     12.68,16-MAR-2026
3MINDIA,EQ,  38030.00,10-FEB-2026,  28275.00,24-JUN-2025
3PLAND,EQ,     52.99,24-JUN-2025,     28.51,30-MAR-2026
5PAISA,EQ,    432.50,07-JUL-2025,    245.50,30-MAR-2026
63MOONS,EQ,   1130.00,17-JUL-2025,    467.00,30-MAR-2026
A2ZINFRA,EQ,     23.25,22-JUL-2025,     13.12,21-JAN-2026
AAATECH,EQ,    136.00,07-OCT-2025,     76.11,26-SEP-2025
AADHARHFC,EQ,    547.80,24-SEP-2025,    411.30,24-JUN-2025
AAKASH,EQ,     13.79,24-JUN-2025,      7.21,30-JAN-2026
AARNAV,EQ,     30.45,20-MAR-2026,     21.00,30-MAR-2026
AARON,EQ,    258.00,25-AUG-2025,    106.80,30-MAR-2026
AARTECH,EQ,     76.24,10-JUL-2025,     33.51,30-MAR-2026
AARTIDRUGS,EQ,    564.05,21-JUL-2025,    318.95,30-MAR-2026
AARTIIND,EQ,    523.10,04-MAY-2026,    338.05,21-JAN-2026
AARTIPHARM,EQ,    971.00,16-JUL-2025,    585.00,30-MAR-2026
AARTISURF,EQ,    587.40,17-JUL-2025,    316.00,30-MAR-2026
AARVI,EQ,    154.70,15-JUN-2026,     96.99,11-AUG-2025
AAVAS,EQ,   2152.90,30-JUN-2025,   1060.40,23-MAR-2026
ABB,EQ,   7822.50,22-APR-2026,   4637.50,21-JAN-2026
ABBOTINDIA,EQ,  37000.00,27-JUN-2025,  25150.00,24-APR-2026
ABCAPITAL,EQ,    394.40,23-JUN-2026,    243.00,31-JUL-2025
ABCOTS,EQ,    504.00,24-SEP-2025,    197.69,10-JUN-2026
ABDL,EQ,    696.80,04-NOV-2025,    382.10,23-MAR-2026
ABFRL,EQ,     94.95,22-SEP-2025,     53.51,30-MAR-2026
ABGSEC,EQ,    113.99,22-JUN-2026,    108.00,13-AUG-2025
ABINFRA,EQ,     23.56,23-FEB-2026,      8.82,11-JUN-2026
ABLBL,EQ,    175.00,23-JUN-2025,     87.91,30-MAR-2026
ABMINTLLTD,EQ,     78.21,02-JUL-2025,     34.00,02-FEB-2026
ABMKNO,EQ,    254.90,23-APR-2026,    197.00,12-JUN-2026
ABREL,EQ,   2460.50,01-JUL-2025,   1080.10,16-MAR-2026
ABSL10BANK,EQ,    214.42,04-MAR-2026,    150.00,30-MAR-2026
ABSLAMC,EQ,   1224.90,22-JUN-2026,    708.00,25-NOV-2025
ABSLBANETF,EQ,     64.94,17-FEB-2026,     50.97,02-APR-2026
ABSLLIQUID,EQ,   1044.99,10-FEB-2026,    999.56,06-APR-2026
ABSLMSCIN,EQ,     35.34,22-JUN-2026,     26.34,02-APR-2026
ABSLNN50ET,EQ,     76.54,22-JUN-2026,     63.02,02-APR-2026
ABSLPSE,EQ,     11.60,04-MAY-2026,      9.21,04-MAR-2026
ACC,EQ,   2028.80,11-JUL-2025,   1251.70,30-MAR-2026
ACCELYA,EQ,   1527.00,21-OCT-2025,   1012.40,30-MAR-2026
ACCURACY,EQ,      9.61,24-JUN-2025,      3.40,27-MAR-2026
ACE,EQ,   1236.00,30-JUN-2025,    745.10,30-MAR-2026
ACEINTEG,EQ,     29.94,10-SEP-2025,     14.20,30-MAR-2026
ACI,EQ,    727.60,13-AUG-2025,    483.00,12-DEC-2025
ACL,EQ,    109.99,08-SEP-2025,     40.50,30-MAR-2026
ACMESOLAR,EQ,    364.80,08-JUN-2026,    195.90,27-JAN-2026
ACSTECH,EQ,     42.20,23-APR-2026,     31.71,04-JUN-2026
ACUTAAS,EQ,   3444.30,08-JUN-2026,   1059.00,26-JUN-2025
ADANIENSOL,EQ,   1614.80,08-JUN-2026,    744.90,05-SEP-2025
ADANIENT,EQ,   3091.70,23-JUN-2026,   1753.00,30-MAR-2026
ADANIGREEN,EQ,   1557.00,23-JUN-2026,    765.00,23-JAN-2026
ADANIPORTS,EQ,   1857.80,10-JUN-2026,   1290.50,14-AUG-2025
ADANIPOWER,EQ,    254.20,29-MAY-2026,    105.65,23-JUN-2025
ADFFOODS,EQ,    320.00,22-JUN-2026,    153.10,27-MAR-2026
ADL,EQ,    109.90,10-OCT-2025,     50.26,30-MAR-2026
ADOR,EQ,   1262.90,22-JUN-2026,    848.00,07-APR-2026
ADROITINFO,EQ,     12.20,19-SEP-2025,      7.55,30-MAR-2026
ADSL,EQ,    209.53,17-SEP-2025,     86.27,30-MAR-2026
ADVAIT,EQ,   2485.00,17-JUN-2026,   1351.00,27-JAN-2026
ADVANCE,EQ,    154.00,27-OCT-2025,     84.10,30-MAR-2026
ADVANIHOTR,EQ,     68.39,21-AUG-2025,     47.00,30-MAR-2026
ADVENTHTL,EQ,    345.05,14-NOV-2025,    120.02,11-JUN-2026
ADVENZYMES,EQ,    419.00,11-MAY-2026,    251.95,30-MAR-2026
AEGISLOG,EQ,   1093.55,22-JUN-2026,    576.10,23-MAR-2026
AEGISVOPAK,EQ,    302.00,18-JUL-2025,    158.00,30-MAR-2026
AEPL,EQ,     20.25,10-APR-2026,     13.25,30-MAR-2026
AEQUS,EQ,    241.40,23-JUN-2026,    113.30,16-MAR-2026
AEROENTER,EQ,    149.55,23-JUN-2026,     62.20,23-MAR-2026
AEROFLEX,EQ,    521.90,22-JUN-2026,    158.00,23-JAN-2026
AERONEU,EQ,    125.37,10-SEP-2025,     63.21,19-MAR-2026
AETHER,EQ,   1275.10,04-MAY-2026,    726.45,19-SEP-2025
AFCONS,EQ,    479.40,10-OCT-2025,    265.80,23-MAR-2026
AFFLE,EQ,   2185.90,22-SEP-2025,   1251.30,23-MAR-2026
AFSL,EQ,    267.59,25-JUN-2025,    194.41,13-OCT-2025
AGARIND,EQ,   1006.00,24-SEP-2025,    360.00,30-APR-2026
AGARWALEYE,EQ,    568.00,16-OCT-2025,    385.35,23-JUN-2025
AGI,EQ,   1009.00,23-JUL-2025,    465.00,30-MAR-2026
AGIIL,EQ,    434.40,04-MAY-2026,    177.30,23-JUN-2025
AGROPHOS,EQ,     47.60,31-JUL-2025,     23.90,30-MAR-2026
AHCL,EQ,     17.28,28-NOV-2025,      9.08,03-SEP-2025
AHLADA,EQ,     74.85,23-JUN-2025,     31.22,30-MAR-2026
AHLEAST,EQ,    175.30,23-APR-2026,    127.25,21-JAN-2026
AHLUCONT,EQ,   1125.00,15-JUL-2025,    645.15,30-MAR-2026
AIAENG,EQ,   5060.00,23-JUN-2026,   3001.10,28-AUG-2025
AIIL,EQ,    683.00,13-JAN-2026,    400.00,09-MAR-2026
AIRAN,EQ,     32.55,02-JUL-2025,     12.63,30-MAR-2026
AIROLAM,EQ,    126.59,10-JUL-2025,     78.00,04-JUN-2026
AJANTPHARM,EQ,   3314.90,19-MAY-2026,   2329.90,30-SEP-2025
AJAXENGG,EQ,    730.10,14-AUG-2025,    394.80,30-MAR-2026
AJMERA,EQ,    221.40,03-NOV-2025,     98.03,30-MAR-2026
AJOONI,EQ,      6.60,24-JUN-2025,      3.40,08-JUN-2026
AKASH,EQ,     36.00,18-SEP-2025,     22.80,30-MAR-2026
AKCAPIT,EQ,   1832.90,22-JUN-2026,   1484.90,23-APR-2026
AKG,EQ,     16.82,04-JUL-2025,      9.08,30-MAR-2026
AKI,EQ,     16.05,11-JUL-2025,      3.80,27-MAR-2026
AKSHAR,EQ,       .76,13-OCT-2025,       .36,09-MAR-2026
AKSHARCHEM,EQ,    330.80,28-AUG-2025,    141.30,30-MAR-2026
AKUMS,EQ,    635.00,15-JUN-2026,    409.30,21-JAN-2026
ALANKIT,EQ,     18.08,11-JUL-2025,      6.80,30-MAR-2026
ALBERTDAVD,EQ,    957.50,07-JUL-2025,    579.90,30-MAR-2026
ALEMBICLTD,EQ,    125.54,30-JUN-2025,     70.46,30-MAR-2026
ALGOQUANT,EQ,     71.01,06-JAN-2026,     47.80,23-MAR-2026
ALICON,EQ,   1022.00,27-OCT-2025,    580.00,30-MAR-2026
ALIVUS,EQ,   1148.40,11-MAY-2026,    819.00,22-JAN-2026
ALKEM,EQ,   5933.50,13-JAN-2026,   4716.20,10-JUL-2025
ALKYLAMINE,EQ,   2438.80,07-JUL-2025,   1212.00,17-MAR-2026
ALLCARGO,EQ,     38.34,17-JUL-2025,      7.11,30-MAR-2026
ALLDIGI,EQ,   1084.00,06-AUG-2025,    700.00,30-MAR-2026
ALLTIME,EQ,    334.90,25-AUG-2025,    186.00,30-MAR-2026
ALMONDZ,EQ,     26.60,02-JUL-2025,     10.68,30-MAR-2026
ALOKINDS,EQ,     23.50,08-JUL-2025,     11.11,30-MAR-2026
ALPA,EQ,    108.30,03-JUL-2025,     46.10,30-MAR-2026
ALPHA,EQ,     53.60,04-MAR-2026,     42.00,30-MAR-2026
ALPHAETF,EQ,     27.00,23-JUN-2026,     21.80,02-APR-2026
ALPHAGEO,EQ,    298.00,16-JUL-2025,    164.80,30-MAR-2026
ALPL30IETF,EQ,     28.72,30-OCT-2025,     24.35,02-APR-2026
AMAGI,EQ,    557.95,23-JUN-2026,    310.20,07-APR-2026
AMBALALSA,EQ,     38.50,02-JUN-2026,     30.30,06-MAY-2026
AMBER,EQ,   8974.00,07-MAY-2026,   5400.50,27-JAN-2026
AMBICAAGAR,EQ,     30.80,05-AUG-2025,     20.00,23-MAR-2026
AMBIKCO,EQ,   1750.00,26-MAY-2026,   1101.00,21-JAN-2026
AMBUJACEM,EQ,    624.95,22-JUL-2025,    394.00,23-MAR-2026
AMDIND,EQ,     68.07,22-SEP-2025,     33.77,02-APR-2026
AMIRCHAND,EQ,    200.00,02-APR-2026,    117.02,15-APR-2026
AMJLAND,EQ,     67.26,30-JUN-2025,     30.30,30-MAR-2026
AMNPLST,EQ,    263.79,09-JUL-2025,    127.00,30-MAR-2026
AMRUTANJAN,EQ,    790.95,08-SEP-2025,    486.00,30-MAR-2026
ANANDRATHI,EQ,   1953.60,22-JUN-2026,   1010.00,27-JUN-2025
ANANTRAJ,EQ,    743.65,07-OCT-2025,    403.00,30-MAR-2026
ANDHRAPAP,EQ,     90.00,04-JUL-2025,     58.00,30-MAR-2026
ANDHRSUGAR,EQ,    107.23,06-MAY-2026,     66.50,21-JAN-2026
ANGELONE,EQ,    360.45,19-JUN-2026,    208.63,13-MAR-2026
ANMOL,EQ,     18.35,07-JUL-2025,      8.40,01-APR-2026
ANTELOPUS,EQ,    933.65,08-JUN-2026,    357.00,13-JAN-2026
ANTGRAPHIC,EQ,      1.40,26-JUN-2025,       .64,30-MAR-2026
ANTHEM,EQ,    873.50,18-SEP-2025,    579.15,02-FEB-2026
ANUHPHR,EQ,    114.84,08-JUL-2025,     67.00,30-MAR-2026
ANUP,EQ,   2954.90,09-JUL-2025,   1422.30,09-MAR-2026
ANURAS,EQ,   1415.00,07-MAY-2026,   1045.20,30-SEP-2025
AONEGOLD,EQ,     17.73,29-JAN-2026,     10.00,10-SEP-2025
AONELIQUID,EQ,   1094.59,08-JUN-2026,    983.60,27-JUN-2025
AONENIFTY,EQ,     11.06,06-JAN-2026,      9.00,15-APR-2026
AONESILVER,EQ,     12.00,02-MAR-2026,      7.68,23-MAR-2026
AONETMMQ50,EQ,     10.87,25-MAY-2026,      8.00,04-MAR-2026
AONETOTAL,EQ,     12.51,06-JAN-2026,      9.60,06-APR-2026
APARINDS,EQ,  16750.00,23-JUN-2026,   6801.00,21-JAN-2026
APCL,EQ,    155.00,30-JUL-2025,     98.35,30-MAR-2026
APCOTEXIND,EQ,    579.00,15-JUN-2026,    310.45,30-MAR-2026
APEX,EQ,    514.50,21-APR-2026,    208.74,01-SEP-2025
APLAPOLLO,EQ,   2301.40,12-FEB-2026,   1492.00,28-JUL-2025
APLLTD,EQ,   1107.90,30-JUN-2025,    635.80,23-MAR-2026
APOLLO,EQ,    446.90,03-JUN-2026,    162.34,28-JUL-2025
APOLLOHOSP,EQ,   8624.00,10-JUN-2026,   6696.50,23-JAN-2026
APOLLOPIPE,EQ,    554.00,21-MAY-2026,    252.10,21-JAN-2026
APOLLOTYRE,EQ,    540.50,14-NOV-2025,    365.30,20-MAY-2026
APOLSINHOT,EQ,   1605.00,15-JUL-2025,    950.00,30-MAR-2026
APTUS,EQ,    364.00,18-AUG-2025,    193.03,30-MAR-2026
AQYLON,EQ,    224.70,21-JAN-2026,     39.26,08-APR-2026
ARCHIDPLY,EQ,    120.40,28-JUL-2025,     60.00,30-MAR-2026
ARCHIES,EQ,     24.47,30-JUN-2025,     10.86,30-MAR-2026
ARE&M,EQ,   1057.85,16-SEP-2025,    670.00,30-MAR-2026
ARENTERP,EQ,     62.99,04-JUL-2025,     30.01,30-MAR-2026
ARFIN,EQ,    106.20,12-MAY-2026,     31.43,29-JUL-2025
ARIES,EQ,    459.90,25-AUG-2025,    285.35,20-JAN-2026
ARIHANT,EQ,   1100.00,20-APR-2026,    715.10,01-JUN-2026
ARIHANTCAP,EQ,    120.00,24-OCT-2025,     56.97,30-MAR-2026
ARIHANTSUP,EQ,    465.00,07-OCT-2025,    188.80,30-MAR-2026
ARIS,EQ,    208.50,25-JUN-2025,     82.18,09-FEB-2026
ARKADE,EQ,    213.69,18-JUL-2025,     92.62,30-MAR-2026
ARMANFIN,EQ,   1906.60,12-MAY-2026,   1270.00,14-AUG-2025
AROGRANITE,EQ,     45.63,19-SEP-2025,     18.67,30-MAR-2026
ARSSBL,EQ,    794.85,18-NOV-2025,    416.00,30-MAR-2026
ARTEMISMED,EQ,    297.50,18-NOV-2025,    203.35,30-MAR-2026
ARTNIRMAN,EQ,     66.97,27-OCT-2025,     29.39,30-MAR-2026
ARVEE,EQ,    290.78,19-DEC-2025,    129.11,30-MAR-2026
ARVIND,EQ,    527.85,23-JUN-2026,    274.80,28-AUG-2025
ARVINDFASN,EQ,    579.00,17-SEP-2025,    366.20,30-MAR-2026
ARVSMART,EQ,    692.10,30-JUN-2025,    486.80,09-MAR-2026
ASAHIINDIA,EQ,   1074.00,01-DEC-2025,    688.30,24-JUN-2025
ASAHISONG,EQ,    453.70,29-JUL-2025,    179.64,13-MAR-2026
ASAL,EQ,    654.65,26-SEP-2025,    374.50,30-MAR-2026
ASALCBR,EQ,   1277.00,03-NOV-2025,    660.65,30-MAR-2026
ASHAPURMIN,EQ,    924.90,07-JAN-2026,    405.80,23-JUN-2025
ASHIANA,EQ,    405.00,22-JUN-2026,    269.45,11-NOV-2025
ASHIKA,EQ,    413.10,17-JUN-2026,    339.95,01-JUN-2026
ASHIMASYN,EQ,     30.88,03-JUL-2025,     11.50,27-MAR-2026
ASHOKA,EQ,    218.44,01-JUL-2025,    101.00,30-MAR-2026
ASHOKAMET,EQ,     21.00,19-SEP-2025,     12.13,30-MAR-2026
ASHOKLEY,EQ,    215.42,11-FEB-2026,    114.96,11-AUG-2025
ASIANENE,EQ,    392.00,09-JUN-2026,    230.00,22-JAN-2026
ASIANHOTNR,EQ,    381.00,07-JUL-2025,    247.50,13-FEB-2026
ASIANPAINT,EQ,   2985.70,04-DEC-2025,   2115.00,23-MAR-2026
ASIANTILES,EQ,     79.06,21-APR-2026,     54.10,23-JUN-2026
ASKAUTOLTD,EQ,    578.50,24-SEP-2025,    375.30,09-MAR-2026
ASPINWALL,EQ,    315.00,24-JUL-2025,    200.25,23-MAR-2026
ASTAR,EQ,    723.00,13-MAY-2026,    555.05,21-APR-2026
ASTEC,EQ,    988.51,26-JUN-2025,    513.40,23-MAR-2026
ASTERDM,EQ,    836.50,12-JUN-2026,    519.10,04-FEB-2026
ASTRAL,EQ,   1768.70,11-MAR-2026,   1263.70,12-AUG-2025
ASTRAMICRO,EQ,   1735.50,19-JUN-2026,    851.00,30-MAR-2026
ASTRAZEN,EQ,   9849.50,03-NOV-2025,   7551.50,06-APR-2026
ATALREAL,EQ,     32.00,17-JUN-2026,     17.75,02-SEP-2025
ATAM,EQ,    114.20,30-JUN-2025,     48.50,30-MAR-2026
ATGL,EQ,    859.85,29-MAY-2026,    462.80,09-MAR-2026
ATHERENERG,EQ,   1069.00,08-JUN-2026,    314.40,23-JUN-2025
ATL,EQ,     37.86,25-SEP-2025,     18.20,30-MAR-2026
ATLANTAA,EQ,     73.39,07-OCT-2025,     29.41,29-AUG-2025
ATLANTAELE,EQ,   2152.60,04-JUN-2026,    707.60,27-JAN-2026
ATLASCYCLE,EQ,    144.60,02-JUL-2025,     76.15,23-MAR-2026
ATUL,EQ,   7788.00,07-JUL-2025,   5560.50,21-JAN-2026
ATULAUTO,EQ,    554.00,05-SEP-2025,    380.05,30-MAR-2026
AUBANK,EQ,   1079.55,24-APR-2026,    682.15,05-SEP-2025
AURIGROW,EQ,      1.00,24-DEC-2025,       .20,10-MAR-2026
AURIONPRO,EQ,   1665.90,16-JUL-2025,    719.60,30-MAR-2026
AUROPHARMA,EQ,   1550.00,21-MAY-2026,   1016.10,01-SEP-2025
AURUM,EQ,    225.70,23-JUL-2025,    151.90,30-MAR-2026
AUTOAXLES,EQ,   2115.00,04-FEB-2026,   1540.20,30-MAR-2026
AUTOBEES,EQ,    299.92,06-JAN-2026,    238.10,23-JUN-2025
AUTOIETF,EQ,     30.50,07-JAN-2026,     23.56,23-JUN-2025
AVALON,EQ,   1807.00,23-JUN-2026,    777.30,29-JAN-2026
AVANTEL,EQ,    215.00,10-OCT-2025,    117.05,23-MAR-2026
AVANTIFEED,EQ,   1593.80,21-APR-2026,    614.25,28-AUG-2025
AVG,EQ,    302.86,30-JUN-2025,    113.26,02-APR-2026
AVL,EQ,    648.05,22-JUN-2026,    351.00,23-JUN-2025
AVONMORE,EQ,     23.90,10-SEP-2025,      9.51,08-JUN-2026
AVROIND,EQ,     18.80,01-JUL-2025,      9.88,16-JUN-2026
AVTNPL,EQ,     83.80,13-AUG-2025,     53.50,30-MAR-2026
AWFIS,EQ,    671.60,24-JUN-2025,    229.05,30-MAR-2026
AWHCL,EQ,    693.00,03-JUL-2025,    372.50,30-MAR-2026
AWL,EQ,    286.00,18-JUL-2025,    171.19,16-MAR-2026
AXISBANK,EQ,   1418.30,03-FEB-2026,   1042.50,29-AUG-2025
AXISBNKETF,EQ,    647.82,19-FEB-2026,    512.51,02-APR-2026
AXISCADES,EQ,   2211.00,11-MAY-2026,   1063.30,22-JAN-2026
AXISCETF,EQ,    131.85,23-OCT-2025,    105.63,02-APR-2026
AXISGOLD,EQ,    150.00,29-JAN-2026,     79.33,30-JUN-2025
AXISHCETF,EQ,    164.17,23-JUN-2026,    135.20,01-APR-2026
AXISILVER,EQ,    390.01,29-JAN-2026,    103.12,30-JUN-2025
AXISNIFTY,EQ,    296.38,07-JAN-2026,    244.00,02-APR-2026
AXISTECETF,EQ,    439.67,24-DEC-2025,    294.02,19-JUN-2026
AXISVALUE,EQ,     39.00,18-JUN-2026,     22.84,21-AUG-2025
AXITA,EQ,     12.20,31-DEC-2025,      6.57,10-JUN-2026
AXSENSEX,EQ,     91.35,02-DEC-2025,     73.52,02-APR-2026
AYE,EQ,    173.00,17-JUN-2026,     88.22,02-APR-2026
AYMSYNTEX,EQ,    261.51,23-JUN-2025,    141.53,20-JAN-2026
AZAD,EQ,   2350.00,08-MAY-2026,   1360.00,23-MAR-2026
BAGFILMS,EQ,      8.00,23-OCT-2025,      3.61,30-MAR-2026
BAIDFIN,EQ,     13.96,17-JUL-2025,      8.80,30-MAR-2026
BAJAJ-AUTO,EQ,  10834.00,27-MAY-2026,   7858.50,07-AUG-2025
BAJAJCON,EQ,    632.60,19-JUN-2026,    168.27,23-JUN-2025
BAJAJELEC,EQ,    711.00,04-JUL-2025,    301.00,11-JUN-2026
BAJAJFINSV,EQ,   2195.00,23-OCT-2025,   1597.00,02-APR-2026
BAJAJHCARE,EQ,    552.60,15-JUL-2025,    272.35,18-MAY-2026
BAJAJHFL,EQ,    124.00,17-JUL-2025,     72.65,30-MAR-2026
BAJAJHIND,EQ,     29.64,09-JUL-2025,     14.85,25-FEB-2026
BAJAJHLDNG,EQ,  14763.00,18-AUG-2025,   8588.00,02-APR-2026
BAJAJINDEF,EQ,    580.25,04-JUL-2025,    207.25,27-MAR-2026
BAJAJST,EQ,    507.80,20-APR-2026,    350.05,12-JUN-2026
BAJEL,EQ,    263.90,18-JUL-2025,    135.10,30-MAR-2026
BAJFINANCE,EQ,   1102.50,23-OCT-2025,    787.90,23-MAR-2026
BALAJEE,EQ,     59.90,01-SEP-2025,     21.10,30-MAR-2026
BALAJITELE,EQ,    141.32,26-SEP-2025,     69.52,30-MAR-2026
BALAMINES,EQ,   2288.00,18-JUN-2026,    968.10,30-MAR-2026
BALKRISHNA,EQ,     25.97,25-SEP-2025,     12.00,10-MAR-2026
BALKRISIND,EQ,   2801.30,22-JUL-2025,   1970.00,11-JUN-2026
BALMLAWRIE,EQ,    238.20,15-SEP-2025,    148.36,30-MAR-2026
BALPHARMA,EQ,    104.50,04-JUL-2025,     60.00,30-MAR-2026
BALRAMCHIN,EQ,    627.80,16-JUL-2025,    393.55,21-JAN-2026
BALUFORGE,EQ,    719.00,01-JUL-2025,    341.05,29-JAN-2026
BANARBEADS,EQ,    164.70,30-OCT-2025,     96.05,10-JUN-2026
BANARISUG,EQ,   4022.60,30-JUN-2025,   3105.20,06-OCT-2025
BANCOINDIA,EQ,    879.80,06-OCT-2025,    502.00,30-MAR-2026
BANDHANBNK,EQ,    218.13,16-JUN-2026,    134.25,09-DEC-2025
BANG,EQ,     64.01,30-JUN-2025,     26.61,30-MAR-2026
BANK10ADD,EQ,     18.99,25-MAY-2026,     12.08,02-APR-2026
BANKADD,EQ,     62.90,18-FEB-2026,     51.01,02-APR-2026
BANKBARODA,EQ,    325.50,26-FEB-2026,    230.81,29-AUG-2025
BANKBEES,EQ,    638.99,19-FEB-2026,    515.98,02-APR-2026
BANKBETA,EQ,     73.70,17-FEB-2026,     51.30,02-APR-2026
BANKBETF,EQ,     62.46,18-FEB-2026,     50.71,02-APR-2026
BANKETF,EQ,    628.27,19-FEB-2026,    507.01,02-APR-2026
BANKIETF,EQ,     63.90,17-FEB-2026,     51.17,02-APR-2026
BANKINDIA,EQ,    178.36,27-FEB-2026,    108.81,01-AUG-2025
BANKNIFTY1,EQ,     65.29,18-FEB-2026,     51.71,02-APR-2026
BANKPSU,EQ,     99.52,27-FEB-2026,     67.59,29-AUG-2025
BANSALWIRE,EQ,    434.30,22-JUL-2025,    222.50,30-MAR-2026
BANSWRAS,EQ,    165.49,04-JUL-2025,     93.73,30-MAR-2026
BASF,EQ,   5260.00,18-JUL-2025,   3122.20,23-MAR-2026
BASML,EQ,     37.05,26-JUN-2025,     17.05,30-MAR-2026
BATAINDIA,EQ,   1284.90,10-JUL-2025,    605.00,30-MAR-2026
BATLIBOI,EQ,     97.45,23-JUN-2026,     71.21,08-JUN-2026
BAYERCROP,EQ,   6511.00,07-JUL-2025,   4150.00,22-JUN-2026
BBETF0432,EQ,   1346.89,09-JAN-2026,   1262.29,08-SEP-2025
BBL,EQ,   3411.00,16-OCT-2025,   2051.70,30-MAR-2026
BBNPNBETF,EQ,     62.77,25-FEB-2026,     50.03,30-MAR-2026
BBNPPGOLD,EQ,    184.05,29-JAN-2026,     93.25,30-JUN-2025
BBOX,EQ,   1103.00,05-JUN-2026,    435.05,05-SEP-2025
BBTC,EQ,   2135.00,23-OCT-2025,   1314.60,30-MAR-2026
BBTCL,EQ,    240.00,09-JUN-2026,    150.00,26-JUN-2025
BCG,EQ,     22.00,14-JUL-2025,      7.97,24-MAR-2026
BCLIND,EQ,     49.30,22-JUL-2025,     25.53,23-MAR-2026
BCONCEPTS,EQ,    449.00,24-SEP-2025,    171.00,17-JUN-2026
BCPL,EQ,     92.00,04-MAY-2026,     60.00,27-MAR-2026
BDL,EQ,   2013.50,04-JUL-2025,   1086.00,30-MAR-2026
BEARDSELL,EQ,     38.60,25-SEP-2025,     20.02,01-APR-2026
BECTORFOOD,EQ,    313.82,23-JUL-2025,    168.60,08-JUN-2026
BEDMUTHA,EQ,    164.90,06-AUG-2025,     94.55,01-APR-2026
BEEKAY,EQ,    471.85,29-APR-2026,    355.05,20-APR-2026
BEL,EQ,    473.45,06-MAR-2026,    361.20,28-AUG-2025
BELLACASA,EQ,    497.35,15-OCT-2025,    220.25,30-MAR-2026
BELRISE,EQ,    249.59,22-JUN-2026,     97.72,24-JUN-2025
BEML,EQ,   2437.40,23-JUN-2025,   1355.00,30-MAR-2026
BENGALASM,EQ,   7268.00,05-JUN-2026,   5845.85,20-APR-2026
BEPL,EQ,    119.44,30-JUN-2025,     74.20,09-MAR-2026
BERGEPAINT,EQ,    605.00,03-JUL-2025,    391.10,16-MAR-2026
BESTAGRO,EQ,     35.58,04-AUG-2025,     12.30,30-MAR-2026
BETA,EQ,   2250.00,23-JUN-2026,    990.10,25-FEB-2026
BFINVEST,EQ,    528.00,23-SEP-2025,    315.00,30-MAR-2026
BFSI,EQ,     29.94,16-FEB-2026,     24.03,02-APR-2026
BFUTILITIE,EQ,    898.70,23-SEP-2025,    368.70,30-MAR-2026
BHAGCHEM,EQ,    325.00,31-JUL-2025,    170.60,30-MAR-2026
BHARATCOAL,EQ,     45.09,19-JAN-2026,     29.74,30-MAR-2026
BHARATFORG,EQ,   2158.50,23-JUN-2026,   1100.50,29-AUG-2025
BHARATGEAR,EQ,    154.20,29-SEP-2025,     83.80,30-MAR-2026
BHARATRAS,EQ,   3000.00,13-AUG-2025,   1203.00,30-MAR-2026
BHARATSE,EQ,    239.45,17-OCT-2025,     98.61,23-JUN-2025
BHARATWIRE,EQ,    262.00,11-MAY-2026,    148.01,30-MAR-2026
BHARTIARTL,EQ,   2174.50,21-NOV-2025,   1740.50,13-MAY-2026
BHARTIHEXA,EQ,   2052.90,01-JUL-2025,   1431.00,18-JUN-2026
BHEL,EQ,    424.90,29-MAY-2026,    205.12,29-AUG-2025
BI,EQ,     75.00,08-MAY-2026,     51.62,18-MAY-2026
BIGBLOC,EQ,     80.00,01-JAN-2026,     38.00,30-MAR-2026
BIKAJI,EQ,    818.70,04-SEP-2025,    592.55,16-MAR-2026
BIL,EQ,    984.75,23-JUL-2025,    602.00,21-JAN-2026
BIMETAL,EQ,    666.00,29-MAY-2026,    537.90,18-MAY-2026
BIOCON,EQ,    440.40,26-MAY-2026,    331.00,11-AUG-2025
BIOFILCHEM,EQ,     48.50,30-JUN-2025,     25.60,30-MAR-2026
BIRLACORPN,EQ,   1535.30,30-JUL-2025,    769.60,16-MAR-2026
BIRLAMONEY,EQ,    201.32,30-JUN-2025,     95.00,30-MAR-2026
BIRLANU,EQ,   2425.00,15-JUL-2025,   1190.10,30-MAR-2026
BIRLAPREC,EQ,     49.99,27-MAY-2026,     32.25,24-APR-2026
BLACKBUCK,EQ,    748.00,21-OCT-2025,    426.35,23-JUN-2025
BLACKROSE,EQ,    129.90,23-JUN-2026,     80.05,22-APR-2026
BLAL,EQ,    233.80,09-SEP-2025,    155.50,30-MAR-2026
BLBLIMITED,EQ,     22.47,23-FEB-2026,     12.00,13-JAN-2026
BLIL,EQ,     79.50,07-MAY-2026,     67.00,12-JUN-2026
BLISSGVS,EQ,    493.75,19-JUN-2026,    118.00,10-NOV-2025
BLKASHYAP,EQ,     80.01,31-JUL-2025,     40.32,30-MAR-2026
BLS,EQ,    414.90,07-AUG-2025,    218.90,23-MAR-2026
BLSE,EQ,    237.50,17-JUN-2026,    124.30,09-MAR-2026
BLUEDART,EQ,   7080.00,02-JUL-2025,   4628.50,08-JUN-2026
BLUEJET,EQ,   1027.80,21-JUL-2025,    325.00,30-MAR-2026
BLUESTARCO,EQ,   2040.00,04-SEP-2025,   1450.00,02-APR-2026
BLUESTONE,EQ,    793.00,09-OCT-2025,    399.80,17-FEB-2026
BLUSPRING,EQ,    119.50,18-JUN-2026,     43.98,23-MAR-2026
BMWVENTLTD,EQ,     78.00,01-OCT-2025,     48.00,30-MAR-2026
BNALTD,EQ,    465.00,27-APR-2026,    310.40,01-JUN-2026
BOHRAIND,EQ,     35.58,13-AUG-2025,     14.52,21-JAN-2026
BOMDYEING,EQ,    196.75,24-JUL-2025,     92.00,30-MAR-2026
BONLON,EQ,     57.00,11-MAY-2026,     34.51,30-MAR-2026
BORANA,EQ,    420.00,26-FEB-2026,    211.00,04-SEP-2025
BOROLTD,EQ,    397.95,24-SEP-2025,    213.73,23-MAR-2026
BORORENEW,EQ,    721.00,12-NOV-2025,    374.40,30-MAR-2026
BOROSCI,EQ,    190.79,18-JUL-2025,     96.64,30-MAR-2026
BOSCH-HCIL,EQ,   1849.00,04-JUL-2025,   1021.30,30-MAR-2026
BOSCHLTD,EQ,  41945.00,10-SEP-2025,  28610.00,30-MAR-2026
BPCL,EQ,    391.65,05-FEB-2026,    266.60,02-APR-2026
BPL,EQ,     93.84,27-JUN-2025,     37.61,30-MAR-2026
BRIGADE,EQ,    881.25,24-JUN-2025,    450.75,23-MAR-2026
BRIGHOTEL,EQ,     91.77,19-AUG-2025,     54.36,30-MAR-2026
BRITANNIA,EQ,   6336.00,04-SEP-2025,   5035.00,04-JUN-2026
BRNL,EQ,     26.50,24-NOV-2025,     16.66,30-MAR-2026
BSE,EQ,   4446.80,27-MAY-2026,   2021.50,26-SEP-2025
BSE500IETF,EQ,     41.64,06-JAN-2026,     34.50,02-APR-2026
BSL,EQ,    208.00,02-SEP-2025,     98.00,30-MAR-2026
BSLGOLDETF,EQ,    155.99,29-JAN-2026,     83.60,30-JUN-2025
BSLNIFTY,EQ,     31.45,05-JAN-2026,     25.70,30-MAR-2026
BSLSENETFG,EQ,     87.82,05-DEC-2025,     71.70,02-APR-2026
BSOFT,EQ,    474.00,11-FEB-2026,    306.40,18-MAY-2026
BTML,EQ,     10.50,18-SEP-2025,      5.06,27-MAR-2026
BTTL,EQ,     39.00,19-MAY-2026,     30.00,27-MAY-2026
BUILDPRO,EQ,   1244.00,20-APR-2026,    636.00,27-JAN-2026
BUTTERFLY,EQ,    823.85,06-NOV-2025,    565.80,21-JAN-2026
BVCL,EQ,     69.99,09-SEP-2025,     31.20,30-MAR-2026
CAMLINFINE,EQ,    333.30,26-JUN-2025,     96.21,30-MAR-2026
CAMPUS,EQ,    304.40,18-JUL-2025,    215.20,30-MAR-2026
CAMS,EQ,    875.00,30-JUN-2025,    611.40,23-MAR-2026
CANBK,EQ,    162.89,26-FEB-2026,    103.55,29-AUG-2025
CANFINHOME,EQ,    971.50,26-DEC-2025,    708.60,29-AUG-2025
CANHLIFE,EQ,    159.00,16-FEB-2026,    106.00,17-OCT-2025
CANTABIL,EQ,    321.50,06-FEB-2026,    208.50,29-MAY-2026
CAPACITE,EQ,    339.65,27-JUN-2025,    180.00,16-MAR-2026
CAPILLARY,EQ,    798.95,26-NOV-2025,    464.25,27-MAR-2026
CAPITALSFB,EQ,    330.65,22-JUL-2025,    206.55,30-MAR-2026
CAPLIPOINT,EQ,   2560.00,19-JUN-2026,   1500.30,30-MAR-2026
CARBORUNIV,EQ,   1306.90,19-JUN-2026,    735.20,23-MAR-2026
CARERATING,EQ,   1932.00,04-JUL-2025,   1392.70,23-MAR-2026
CARRARO,EQ,    667.55,16-APR-2026,    402.80,23-JUN-2025
CARTRADE,EQ,   3290.50,17-NOV-2025,   1557.00,27-JUN-2025
CARYSIL,EQ,   1247.90,19-JUN-2026,    732.10,21-JAN-2026
CASHIETF,EQ,   1068.00,23-JUN-2026,   1001.71,06-AUG-2025
CASTROLIND,EQ,    232.43,14-JUL-2025,    170.10,24-MAR-2026
CCAVENUE,EQ,     23.42,25-JUN-2025,     12.92,30-MAR-2026
CCCL,EQ,     28.87,17-SEP-2025,     12.76,30-MAR-2026
CCHHL,EQ,     20.99,10-JUL-2025,     10.03,30-MAR-2026
CCL,EQ,   1236.20,10-JUN-2026,    779.95,23-JUN-2025
CDSL,EQ,   1814.00,02-JUL-2025,   1116.30,30-MAR-2026
CEATLTD,EQ,   4438.00,23-OCT-2025,   3000.50,26-AUG-2025
CEIGALL,EQ,    390.80,19-JUN-2026,    222.61,09-DEC-2025
CEINSYS,EQ,   1249.90,20-APR-2026,    855.00,09-MAR-2026
CELEBRITY,EQ,     15.35,14-JUL-2025,      5.65,30-MAR-2026
CELLO,EQ,    673.80,30-OCT-2025,    365.00,29-MAY-2026
CEMPRO,EQ,   1291.60,23-JUN-2026,    503.30,23-MAR-2026
CENTENKA,EQ,    577.60,22-MAY-2026,    371.20,30-MAR-2026
CENTEXT,EQ,     34.75,10-OCT-2025,     15.67,30-MAR-2026
CENTRALBK,EQ,     40.92,26-FEB-2026,     29.32,02-JUN-2026
CENTRUM,EQ,     41.90,16-JUL-2025,     19.66,13-MAR-2026
CENTUM,EQ,   3749.80,23-JUN-2026,   2044.20,12-JAN-2026
CENTURYPLY,EQ,    859.00,03-FEB-2026,    618.50,23-MAR-2026
CERA,EQ,   7100.00,17-JUL-2025,   4461.10,16-MAR-2026
CESC,EQ,    204.50,04-MAY-2026,    138.12,27-JAN-2026
CEWATER,EQ,    656.00,28-JUL-2025,    235.00,16-MAR-2026
CGCL,EQ,    225.99,19-JUN-2026,    151.10,04-MAR-2026
CGPOWER,EQ,    969.90,18-JUN-2026,    525.50,27-JAN-2026
CHALET,EQ,   1082.00,01-AUG-2025,    691.35,30-MAR-2026
CHAMBLFERT,EQ,    580.70,03-SEP-2025,    399.75,16-MAR-2026
CHEMCON,EQ,    295.00,25-SEP-2025,    125.00,30-MAR-2026
CHEMICAL,EQ,     31.00,09-JUN-2026,     24.50,30-MAR-2026
CHEMPLASTS,EQ,    477.75,23-JUL-2025,    193.11,11-JUN-2026
CHENNPETRO,EQ,   1249.00,10-JUN-2026,    620.85,18-AUG-2025
CHEVIOT,EQ,   1370.50,07-MAY-2026,    898.00,30-MAR-2026
CHOICEGOLD,EQ,    175.49,29-JAN-2026,    115.79,30-MAR-2026
CHOICEIN,EQ,    860.50,05-JAN-2026,    568.70,23-MAR-2026
CHOLAFIN,EQ,   1831.50,06-JAN-2026,   1299.40,02-APR-2026
CHOLAHLDNG,EQ,   2231.60,02-JUL-2025,   1305.00,23-MAR-2026
CIEINDIA,EQ,    526.00,23-FEB-2026,    381.10,29-AUG-2025
CIFL,EQ,     43.90,23-JUN-2025,     20.42,02-APR-2026
CINELINE,EQ,     97.99,31-JUL-2025,     73.35,30-MAR-2026
CINEVISTA,EQ,     22.80,25-SEP-2025,     12.16,30-MAR-2026
CIPLA,EQ,   1673.00,23-OCT-2025,   1165.70,02-APR-2026
CLEAN,EQ,   1521.90,25-JUN-2025,    652.00,30-MAR-2026
CLEANMAX,EQ,   1533.60,22-JUN-2026,    727.10,30-MAR-2026
CLSEL,EQ,    395.75,01-JUL-2025,    203.75,30-MAR-2026
CMPDI,EQ,    264.00,23-JUN-2026,    150.16,07-APR-2026
CMRGREEN,EQ,    268.96,10-JUN-2026,    231.30,16-JUN-2026
CMSINFO,EQ,    541.15,17-JUL-2025,    261.90,30-MAR-2026
CNL,EQ,    799.00,15-DEC-2025,    525.00,30-MAR-2026
COALINDIA,EQ,    491.25,30-APR-2026,    368.65,28-AUG-2025
COASTCORP,EQ,     66.70,15-MAY-2026,     30.01,01-SEP-2025
COCHINSHIP,EQ,   2278.00,24-JUN-2025,   1187.00,30-MAR-2026
COCKERILL,EQ,  10871.50,10-JUN-2026,   4955.00,20-APR-2026
COFORGE,EQ,   1994.00,08-JUL-2025,   1008.10,17-MAR-2026
COHANCE,EQ,   1121.15,17-JUL-2025,    266.70,09-MAR-2026
COLPAL,EQ,   2504.00,04-SEP-2025,   1782.00,30-MAR-2026
COMFINTE,EQ,      9.19,14-MAY-2026,      5.61,16-JUN-2026
COMMOIETF,EQ,    110.56,26-MAY-2026,     86.29,23-JUN-2025
COMPUSOFT,EQ,     23.50,16-JUL-2025,     12.00,12-MAR-2026
COMSYN,EQ,    199.90,24-FEB-2026,    123.30,09-JUL-2025
CONCOR,EQ,    629.20,10-JUL-2025,    421.45,23-MAR-2026
CONCORDBIO,EQ,   1980.00,24-JUL-2025,    987.00,02-APR-2026
CONFIPET,EQ,     80.57,04-JUN-2026,     28.06,09-MAR-2026
CONS,EQ,     13.20,04-SEP-2025,     10.20,04-MAR-2026
CONSOFINVT,EQ,    254.00,05-JUN-2026,    152.00,09-DEC-2025
CONSUMBEES,EQ,    144.38,21-OCT-2025,    114.00,30-MAR-2026
CONSUMER,EQ,     12.87,08-SEP-2025,      9.69,02-APR-2026
CONSUMIETF,EQ,    141.27,30-APR-2026,     94.65,30-APR-2026
CONTROLPR,EQ,    917.50,15-JUL-2025,    517.00,30-MAR-2026
CORALFINAC,EQ,     52.49,23-JUL-2025,     25.01,30-MAR-2026
COROMANDEL,EQ,   2718.90,31-JUL-2025,   1706.50,08-JUN-2026
CORONA,EQ,   2100.70,17-JUN-2026,   1336.60,23-DEC-2025
COSMOFIRST,EQ,   1307.20,23-JUN-2025,    560.80,02-FEB-2026
COUNCODOS,EQ,      8.89,05-SEP-2025,      3.71,25-MAR-2026
CPEDU,EQ,    338.75,29-OCT-2025,    141.00,30-MAR-2026
CPPLUS,EQ,   3740.00,22-JUN-2026,   1015.00,05-AUG-2025
CPSEETF,EQ,    112.00,18-JUN-2026,     85.67,29-AUG-2025
CRAFTSMAN,EQ,   9938.00,19-JUN-2026,   5100.00,23-JUN-2025
CRAMC,EQ,    353.40,27-OCT-2025,    214.20,09-MAR-2026
CREATIVEYE,EQ,     10.58,27-JUN-2025,      5.41,30-MAR-2026
CREDITACC,EQ,   1568.00,05-MAY-2026,   1113.00,23-MAR-2026
CREST,EQ,    420.65,25-JUN-2025,    298.15,30-MAR-2026
CRISIL,EQ,   6139.00,27-JUN-2025,   3686.00,02-APR-2026
CRIZAC,EQ,    387.95,08-SEP-2025,    173.35,30-MAR-2026
CROMPTON,EQ,    362.00,27-JUN-2025,    217.40,30-JAN-2026
CROWN,EQ,    196.66,23-JUN-2025,    100.62,30-MAR-2026
CSBBANK,EQ,    574.40,05-JAN-2026,    324.80,16-MAR-2026
CSLFINANCE,EQ,    349.00,01-JUL-2025,    214.15,30-MAR-2026
CTE,EQ,     59.93,31-OCT-2025,     20.51,24-MAR-2026
CUB,EQ,    243.08,03-FEB-2026,    140.29,23-JUN-2025
CUBEXTUB,EQ,    143.69,30-DEC-2025,     73.10,30-MAR-2026
CUMMINSIND,EQ,   6100.00,29-MAY-2026,   3218.60,23-JUN-2025
CUPID,EQ,    182.70,23-JUN-2026,     18.18,23-JUN-2025
CURAA,EQ,    337.00,25-AUG-2025,     71.87,28-JAN-2026
CYBERTECH,EQ,    274.80,03-OCT-2025,     95.30,09-MAR-2026
CYIENT,EQ,   1327.40,25-JUN-2025,    750.30,30-MAR-2026
CYIENTDLM,EQ,    505.50,08-JUL-2025,    265.20,30-MAR-2026
DABUR,EQ,    577.00,04-SEP-2025,    403.35,02-APR-2026
DAICHI,EQ,    345.00,23-JUN-2026,    229.90,10-JUN-2026
DALBHARAT,EQ,   2496.30,17-SEP-2025,   1605.00,11-JUN-2026
DALMIASUG,EQ,    419.90,27-JUN-2025,    261.40,21-JAN-2026
DAMCAPITAL,EQ,    286.00,07-NOV-2025,    119.22,16-MAR-2026
DAMODARIND,EQ,     41.49,01-JUL-2025,     20.00,01-APR-2026
DANGEE,EQ,      6.34,01-JUL-2025,      2.53,01-FEB-2026
DATAMATICS,EQ,   1120.00,07-AUG-2025,    593.95,23-JUN-2025
DATAPATTNS,EQ,   4955.90,19-JUN-2026,   2131.00,27-JAN-2026
DAVANGERE,EQ,      5.50,22-JAN-2026,      3.03,10-OCT-2025
DBCORP,EQ,    291.85,01-JUL-2025,    184.51,30-MAR-2026
DBL,EQ,    585.00,24-SEP-2025,    382.05,27-MAR-2026
DBSTOCKBRO,EQ,     36.33,25-JUN-2025,     23.15,19-FEB-2026
DCAL,EQ,    321.95,23-SEP-2025,    128.50,30-MAR-2026
DCBBANK,EQ,    205.90,27-APR-2026,    119.51,28-AUG-2025
DCMSHRIRAM,EQ,   1502.30,24-JUL-2025,    945.10,09-MAR-2026
DCMSRIND,EQ,    181.90,01-OCT-2025,     31.90,24-MAR-2026
DCW,EQ,     87.20,27-JUN-2025,     37.11,30-MAR-2026
DCXINDIA,EQ,    302.70,23-JUN-2025,    153.30,30-MAR-2026
DDEVPLSTIK,EQ,    360.00,06-OCT-2025,    185.15,30-MAR-2026
DECCANCE,EQ,   1164.90,11-SEP-2025,    538.00,30-MAR-2026
DECNGOLD,EQ,    235.00,22-JUN-2026,    114.80,12-MAY-2026
DEEPAKFERT,EQ,   1778.60,03-JUL-2025,    866.40,23-MAR-2026
DEEPAKNTR,EQ,   2012.00,02-JUL-2025,   1280.00,30-MAR-2026
DEEPINDS,EQ,    578.00,03-SEP-2025,    330.00,13-MAR-2026
DEFENCE,EQ,     82.32,23-JUN-2026,     58.91,30-MAR-2026
DELHIVERY,EQ,    491.70,22-JUN-2026,    355.10,23-JUN-2025
DELPHIFX,EQ,     18.25,13-FEB-2026,      7.29,10-JUN-2026
DELTACORP,EQ,     98.80,20-AUG-2025,     48.30,30-MAR-2026
DELTAMAGNT,EQ,     99.79,01-JUL-2025,     45.51,30-MAR-2026
DEN,EQ,     42.60,16-JUL-2025,     22.52,30-MAR-2026
DENORA,EQ,    994.50,30-JUL-2025,    559.00,01-FEB-2026
DENTA,EQ,    479.60,07-OCT-2025,    222.00,09-MAR-2026
DEVIT,EQ,     50.89,21-AUG-2025,     22.25,02-MAR-2026
DEVX,EQ,     64.05,17-SEP-2025,     29.95,30-MAR-2026
DEVYANI,EQ,    191.00,11-SEP-2025,     91.55,02-APR-2026
DGCONTENT,EQ,     51.00,07-JUL-2025,     21.61,30-MAR-2026
DHAMPURSUG,EQ,    167.25,05-MAY-2026,    110.00,21-JAN-2026
DHANBANK,EQ,     35.17,03-JUN-2026,     19.45,30-MAR-2026
DHANUKA,EQ,   1975.00,01-AUG-2025,    889.60,30-MAR-2026
DHARMAJ,EQ,    386.50,25-AUG-2025,    210.65,27-JAN-2026
DHUNINV,EQ,   1575.00,24-JUL-2025,    667.10,30-MAR-2026
DIACABS,EQ,    219.00,16-JUN-2026,    101.67,23-JUN-2025
DIAMINESQ,EQ,    457.95,30-JUN-2025,    208.01,24-MAR-2026
DIAMONDYD,EQ,   1223.40,01-JAN-2026,    858.90,27-MAR-2026
DICIND,EQ,    666.75,27-JUN-2025,    450.50,19-JAN-2026
DIFFNKG,EQ,    418.20,11-SEP-2025,    216.80,19-MAR-2026
DIGIDRIVE,EQ,     36.85,01-AUG-2025,     16.10,27-MAR-2026
DIGITIDE,EQ,    279.69,23-JUL-2025,     69.90,23-MAR-2026
DIGJAMLMTD,EQ,     59.75,15-SEP-2025,     32.83,27-JUN-2025
DISAQ,EQ,  12796.80,28-APR-2026,  10851.00,08-JUN-2026
DIVGIITTS,EQ,    896.00,16-JUN-2026,    572.30,23-JUN-2025
DIVIDEND,EQ,     38.03,28-JAN-2026,     33.15,23-MAR-2026
DIVISLAB,EQ,   7071.50,08-JUL-2025,   5636.50,29-SEP-2025
DIVOPPBEES,EQ,     87.09,11-FEB-2026,     72.13,01-APR-2026
DIXON,EQ,  18471.00,25-SEP-2025,   9600.00,30-MAR-2026
DJML,EQ,    126.96,17-JUL-2025,     52.00,11-DEC-2025
DLF,EQ,    868.70,24-JUN-2025,    489.40,02-APR-2026
DLINKINDIA,EQ,    589.55,09-JUL-2025,    367.65,23-JAN-2026
DMART,EQ,   4949.50,04-SEP-2025,   3529.00,01-FEB-2026
DMCC,EQ,    350.00,13-AUG-2025,    191.35,30-MAR-2026
DNAMEDIA,EQ,      5.86,07-AUG-2025,      2.33,30-MAR-2026
DODLA,EQ,   1525.00,15-JUL-2025,    964.10,16-MAR-2026
DOLATALGO,EQ,    103.60,30-JUN-2025,     65.00,30-MAR-2026
DOLLAR,EQ,    429.90,15-JUL-2025,    220.50,30-MAR-2026
DOLPHIN,EQ,    501.95,04-NOV-2025,    322.00,10-DEC-2025
DOMS,EQ,   2770.00,04-SEP-2025,   2023.90,09-MAR-2026
DONEAR,EQ,    119.55,08-JUL-2025,     77.60,27-JAN-2026
DPABHUSHAN,EQ,   1729.60,29-JUL-2025,    866.10,20-MAY-2026
DPWIRES,EQ,    306.95,08-SEP-2025,    125.02,30-MAR-2026
DRAGARWQ,EQ,   6059.70,21-MAY-2026,   4600.00,21-MAY-2026
DRCSYSTEMS,EQ,     23.68,11-SEP-2025,     11.50,16-MAR-2026
DREAMFOLKS,EQ,    239.00,01-JUL-2025,     56.00,30-MAR-2026
DREDGECORP,EQ,   1286.00,04-JUN-2026,    538.00,15-OCT-2025
DRREDDY,EQ,   1375.90,29-APR-2026,   1148.40,21-JAN-2026
DSSL,EQ,   1924.80,25-MAY-2026,    781.00,30-MAR-2026
DTIL,EQ,    213.79,10-JUL-2025,    102.00,30-MAR-2026
DVL,EQ,    386.00,11-AUG-2025,    186.99,30-MAR-2026
DWARKESH,EQ,     53.09,05-MAY-2026,     32.13,21-JAN-2026
DYCL,EQ,    526.75,11-JUL-2025,    236.80,30-MAR-2026
DYNAMATECH,EQ,  12875.00,08-MAY-2026,   6320.00,26-AUG-2025
DYNPRO,EQ,    415.80,25-AUG-2025,    190.80,30-MAR-2026
E2E,EQ,    469.40,23-JUN-2026,    183.36,12-JAN-2026
EASEMYTRIP,EQ,     11.11,17-JUL-2025,      5.77,30-MAR-2026
EBANKNIFTY,EQ,     69.39,04-MAR-2026,     50.05,02-APR-2026
EBBETF0430,EQ,   1625.02,16-JUN-2026,   1232.00,29-AUG-2025
EBBETF0431,EQ,   1434.49,22-JUN-2026,   1358.13,01-JUL-2025
EBBETF0433,EQ,   1316.98,22-JUN-2026,   1242.60,26-JUN-2025
EBGNG,EQ,    565.00,23-JUN-2026,    239.00,27-JAN-2026
ECAPINSURE,EQ,     25.88,19-FEB-2026,     20.50,30-MAR-2026
ECLERX,EQ,   2497.50,03-FEB-2026,   1321.00,11-JUN-2026
EDELWEISS,EQ,    133.90,23-JUN-2026,     91.78,11-AUG-2025
EFCIL,EQ,    350.00,20-AUG-2025,    171.55,15-MAY-2026
EGOLD,EQ,    184.95,29-JAN-2026,     94.85,01-JUL-2025
EICHERMOT,EQ,   8230.00,27-FEB-2026,   5353.00,29-JUL-2025
EIDPARRY,EQ,   1246.80,31-JUL-2025,    698.20,19-JUN-2026
EIEL,EQ,    306.40,18-JUL-2025,    134.71,09-MAR-2026
EIHAHOTELS,EQ,    434.90,09-SEP-2025,    266.65,30-MAR-2026
EIHOTEL,EQ,    434.80,09-SEP-2025,    271.15,02-APR-2026
EIMCOELECO,EQ,   3019.90,07-JUL-2025,   1405.50,30-MAR-2026
EKC,EQ,    156.79,14-AUG-2025,     90.25,30-MAR-2026
ELANTAS,EQ,  10965.00,04-JUN-2026,   8900.00,18-MAY-2026
ELCIDIN,EQ, 137000.00,20-APR-2026, 111670.00,05-JUN-2026
ELDEHSG,EQ,   1044.10,01-JAN-2026,    691.20,03-SEP-2025
ELECON,EQ,    683.00,11-JUL-2025,    352.00,30-MAR-2026
ELECTCAST,EQ,    138.75,26-JUN-2025,     60.15,09-MAR-2026
ELECTHERM,EQ,   1280.40,24-JUN-2025,    551.00,30-MAR-2026
ELGIEQUIP,EQ,    633.85,29-MAY-2026,    408.25,21-JAN-2026
ELGIRUBCO,EQ,     90.50,01-SEP-2025,     32.72,30-MAR-2026
ELIN,EQ,    234.00,23-SEP-2025,     93.65,30-MAR-2026
ELIQUID,EQ,   1043.00,18-MAR-2026,    996.00,13-OCT-2025
ELITECON,EQ,     46.40,21-APR-2026,     26.04,09-JUN-2026
ELLEN,EQ,    637.70,14-JUL-2025,    175.00,17-MAR-2026
ELM250,EQ,     19.20,09-SEP-2025,     14.43,02-APR-2026
ELPROINTL,EQ,    177.50,25-MAY-2026,     86.00,20-APR-2026
EMAMILTD,EQ,    634.20,21-AUG-2025,    376.40,08-JUN-2026
EMAMIPAP,EQ,    122.00,26-AUG-2025,     55.00,30-MAR-2026
EMBDL,EQ,    128.00,25-JUN-2025,     39.46,30-MAR-2026
EMCURE,EQ,   1902.70,23-JUN-2026,   1228.90,07-JUL-2025
EMIL,EQ,    168.50,22-SEP-2025,     84.90,27-JAN-2026
EMKAY,EQ,    409.90,24-SEP-2025,    186.00,30-MAR-2026
EMMBI,EQ,    117.00,23-JUL-2025,     60.30,30-MAR-2026
EMMVEE,EQ,    352.00,15-JUN-2026,    171.51,18-DEC-2025
EMSLIMITED,EQ,    655.00,21-JUL-2025,    256.05,10-MAR-2026
EMUDHRA,EQ,    836.55,25-JUL-2025,    364.55,30-MAR-2026
EMULTIMQ,EQ,     44.97,01-JUL-2025,     36.25,23-MAR-2026
ENDURANCE,EQ,   3079.90,09-SEP-2025,   2142.80,02-APR-2026
ENERGY,EQ,     42.82,29-MAY-2026,     29.00,25-MAR-2026
ENERGYDEV,EQ,     29.69,19-NOV-2025,     13.15,30-MAR-2026
ENEXT50,EQ,     73.70,29-MAY-2026,     68.59,11-JUN-2026
ENGINERSIN,EQ,    267.00,07-MAY-2026,    163.55,27-JAN-2026
ENIFTY,EQ,     27.99,27-APR-2026,     22.28,02-APR-2026
ENIL,EQ,    174.58,28-AUG-2025,     98.57,30-MAR-2026
ENRIN,EQ,   3968.00,29-MAY-2026,   2115.00,23-JAN-2026
ENTERO,EQ,   1390.00,25-MAY-2026,    944.00,29-DEC-2025
EPACK,EQ,    414.90,08-AUG-2025,    196.15,30-MAR-2026
EPACKPEB,EQ,    344.00,07-NOV-2025,    132.17,30-MAR-2026
EPIGRAL,EQ,   2114.00,30-JUL-2025,    807.00,30-MAR-2026
EPL,EQ,    251.00,01-JUL-2025,    176.40,16-MAR-2026
EQUAL200,EQ,     13.96,05-DEC-2025,     11.75,02-APR-2026
EQUAL50,EQ,    341.70,12-JAN-2026,    295.16,02-APR-2026
EQUAL50ADD,EQ,    361.00,27-MAR-2026,    304.78,02-APR-2026
EQUITASBNK,EQ,     80.14,16-JUN-2026,     50.00,01-SEP-2025
ERIS,EQ,   1885.00,30-JUL-2025,   1200.00,28-APR-2026
ESABINDIA,EQ,   7319.50,07-MAY-2026,   4710.00,07-NOV-2025
ESAFSFB,EQ,     37.20,22-JUN-2026,     19.78,30-MAR-2026
ESCORTS,EQ,   4180.00,04-SEP-2025,   2700.00,02-JUN-2026
ESENSEX,EQ,     88.05,27-NOV-2025,     71.87,02-APR-2026
ESG,EQ,     45.06,05-JAN-2026,     37.52,06-APR-2026
ESILVER,EQ,    375.00,29-JAN-2026,    105.83,27-JUN-2025
ESSARSHPNG,EQ,     43.26,30-OCT-2025,     21.60,30-MAR-2026
ESTER,EQ,    132.60,07-JUL-2025,     68.55,30-MAR-2026
ETERNAL,EQ,    368.45,16-OCT-2025,    212.60,16-MAR-2026
ETHOSLTD,EQ,   3245.90,27-NOV-2025,   1919.40,16-MAR-2026
EUREKAFORB,EQ,    668.30,28-NOV-2025,    403.20,09-MAR-2026
EUROBOND,EQ,    254.50,19-AUG-2025,    126.30,30-MAR-2026
EUROPRATIK,EQ,    390.00,17-NOV-2025,    205.10,30-JAN-2026
EVEREADY,EQ,    475.20,05-SEP-2025,    259.65,30-MAR-2026
EVERESTIND,EQ,    750.00,24-SEP-2025,    284.90,30-MAR-2026
EVIETF,EQ,     33.75,18-SEP-2025,     23.56,07-JUL-2025
EVINDIA,EQ,     32.56,09-JAN-2026,     26.20,30-MAR-2026
EXCELINDUS,EQ,   1440.00,30-JUL-2025,    800.05,30-MAR-2026
EXCELSOFT,EQ,    142.59,26-NOV-2025,     66.40,30-MAR-2026
EXICOM,EQ,    206.20,25-JUN-2025,     75.60,30-MAR-2026
EXIDEIND,EQ,    431.00,10-SEP-2025,    287.00,30-MAR-2026
EXPLEOSOL,EQ,   1370.90,01-JUL-2025,    640.00,30-MAR-2026
EXXARO,EQ,     10.33,07-NOV-2025,      6.00,15-APR-2026
FABTECH,EQ,    262.80,28-OCT-2025,    132.70,23-MAR-2026
FACT,EQ,   1058.60,16-JUN-2026,    652.10,09-MAR-2026
FAIRCHEMOR,EQ,   1102.70,30-JUN-2025,    428.05,30-MAR-2026
FAZE3Q,EQ,    747.95,24-JUL-2025,    322.10,09-JAN-2026
FCL,EQ,     47.18,23-JUN-2026,     19.10,30-MAR-2026
FDC,EQ,    527.80,19-SEP-2025,    312.95,30-MAR-2026
FEDDERSHOL,EQ,     41.00,18-JUN-2026,     32.06,27-MAY-2026
FEDERALBNK,EQ,    324.90,19-JUN-2026,    185.11,04-AUG-2025
FEDFINA,EQ,    178.48,14-JAN-2026,    113.01,23-JUN-2025
FERMENTA,EQ,    359.30,23-JUN-2026,    248.85,04-MAY-2026
FIBERWEB,EQ,     59.26,23-JUN-2025,     26.85,11-JUN-2026
FIEMIND,EQ,   2555.30,11-FEB-2026,   1794.00,11-AUG-2025
FILATEX,EQ,     66.10,04-NOV-2025,     36.26,30-MAR-2026
FINCABLES,EQ,   1203.90,22-JUN-2026,    700.80,30-JAN-2026
FINEORG,EQ,   5494.00,15-JUL-2025,   3856.00,27-JAN-2026
FINIETF,EQ,     33.82,08-MAY-2026,     27.40,02-APR-2026
FINKURVE,EQ,    134.90,06-OCT-2025,     48.02,30-MAR-2026
FINOPB,EQ,    339.00,21-OCT-2025,    110.03,25-MAR-2026
FINPIPE,EQ,    222.50,15-SEP-2025,    147.54,30-MAR-2026
FIRSTCRY,EQ,    438.70,08-SEP-2025,    207.05,19-FEB-2026
FISCHER,EQ,    124.70,24-SEP-2025,     31.05,09-JUN-2026
FIVESTAR,EQ,    795.00,30-JUN-2025,    338.15,23-MAR-2026
FLAIR,EQ,    357.00,30-JUL-2025,    245.00,23-JUN-2025
FLEXIADD,EQ,     11.90,16-OCT-2025,      8.73,30-MAR-2026
FLUOROCHEM,EQ,   3928.40,23-SEP-2025,   2916.60,28-JAN-2026
FMCGADD,EQ,     51.09,15-JUN-2026,     47.87,08-JUN-2026
FMCGIETF,EQ,     62.30,04-SEP-2025,     48.55,30-MAR-2026
FMGOETZE,EQ,    622.00,01-JUL-2025,    358.00,23-MAR-2026
FOCUS,EQ,    118.00,26-JUN-2025,     57.06,27-MAR-2026
FOODSIN,EQ,    128.45,26-JUN-2025,     44.00,30-MAR-2026
FORCEMOT,EQ,  26450.00,18-FEB-2026,  13627.00,24-JUN-2025
FORTIS,EQ,   1104.30,17-OCT-2025,    746.00,23-JUN-2025
FOSECOIND,EQ,   6846.00,08-SEP-2025,   4300.00,02-FEB-2026
FRACTAL,EQ,   1118.00,12-MAY-2026,    733.70,02-MAR-2026
FRONTSP,EQ,   1869.00,08-MAY-2026,   1376.00,19-JUN-2026
FSL,EQ,    403.80,25-JUN-2025,    202.00,02-MAR-2026
FUSION,EQ,    224.77,07-MAY-2026,    136.50,30-MAR-2026
GABRIEL,EQ,   1388.00,08-OCT-2025,    582.20,23-JUN-2025
GAEL,EQ,    177.92,11-MAY-2026,    101.20,14-OCT-2025
GAIL,EQ,    195.45,08-JUL-2025,    134.36,23-MAR-2026
GALAPREC,EQ,   1199.00,22-JUN-2026,    671.20,02-MAR-2026
GALAXYSURF,EQ,   2750.10,30-JUL-2025,   1510.00,30-MAR-2026
GALLANTT,EQ,    948.00,16-APR-2026,    494.90,23-JUN-2025
GANDHAR,EQ,    185.00,23-JUN-2026,    115.00,30-MAR-2026
GANDHITUBE,EQ,   1031.80,08-SEP-2025,    649.50,11-AUG-2025
GANECOS,EQ,   1581.00,16-JUL-2025,    653.55,30-JAN-2026
GANESHBE,EQ,    118.00,05-JUN-2026,     68.40,02-FEB-2026
GANESHCP,EQ,    309.95,06-OCT-2025,    152.00,16-MAR-2026
GANESHHOU,EQ,   1050.00,08-JUL-2025,    500.00,30-MAR-2026
GANGAFORGE,EQ,      4.15,15-OCT-2025,      2.03,04-JUN-2026
GANGESSECU,EQ,    178.15,17-OCT-2025,    103.31,30-MAR-2026
GARFIBRES,EQ,    970.00,23-JUL-2025,    579.75,30-MAR-2026
GARUDA,EQ,    249.30,07-NOV-2025,    119.00,23-JUN-2025
GATECH,EQ,      1.06,27-JUN-2025,       .40,30-MAR-2026
GATECHDVR,EQ,      1.10,27-JUN-2025,       .36,02-APR-2026
GATEWAY,EQ,     76.50,30-JUL-2025,     48.10,23-MAR-2026
GAYAHWS,EQ,      4.76,07-OCT-2025,      1.22,03-JUL-2025
GCSL,EQ,    443.40,15-JUN-2026,    213.15,20-OCT-2025
GEECEE,EQ,    394.90,23-JUN-2025,    215.85,30-MAR-2026
GEEKAYWIRE,EQ,     40.63,08-SEP-2025,     18.51,30-MAR-2026
GEMAROMA,EQ,    349.60,26-AUG-2025,    133.00,09-DEC-2025
GENCON,EQ,     59.96,25-FEB-2026,     36.35,11-JUN-2026
GENESYS,EQ,    674.15,11-JUL-2025,    198.05,18-MAY-2026
GENUSPAPER,EQ,     22.01,02-JUL-2025,      8.67,30-MAR-2026
GENUSPOWER,EQ,    394.00,05-AUG-2025,    210.40,04-FEB-2026
GEOJITFSL,EQ,     87.71,01-JUL-2025,     50.86,30-MAR-2026
GESHIP,EQ,   1798.00,19-MAY-2026,    913.10,01-AUG-2025
GFLLIMITED,EQ,     81.00,21-OCT-2025,     37.25,30-MAR-2026
GHCL,EQ,    667.20,30-OCT-2025,    416.60,11-JUN-2026
GHCLTEXTIL,EQ,    103.37,27-MAY-2026,     65.26,30-MAR-2026
GICHSGFIN,EQ,    206.00,17-JUL-2025,    130.05,30-MAR-2026
GICL,EQ,     52.40,23-FEB-2026,     20.39,09-JUN-2026
GICRE,EQ,    417.95,16-APR-2026,    346.70,17-JUN-2026
GILLANDERS,EQ,    151.90,01-AUG-2025,     76.00,23-MAR-2026
GILLETTE,EQ,  11500.00,15-JUL-2025,   7206.00,30-MAR-2026
GILT10BETA,EQ,     26.99,06-JAN-2026,     25.10,19-FEB-2026
GILT5BETA,EQ,     66.43,23-MAR-2026,     61.51,22-SEP-2025
GILT5YBEES,EQ,     66.31,02-MAR-2026,     61.45,06-NOV-2025
GINNIFILA,EQ,     57.80,11-AUG-2025,     31.50,30-MAR-2026
GIPCL,EQ,    223.90,09-JUL-2025,    119.90,30-MAR-2026
GKENERGY,EQ,    239.60,23-OCT-2025,     87.20,02-APR-2026
GKSL,EQ,    148.34,25-MAY-2026,     98.36,23-JAN-2026
GKWLIMITED,EQ,   2168.80,31-JUL-2025,   1375.00,30-MAR-2026
GLAND,EQ,   2396.00,25-MAY-2026,   1573.60,16-MAR-2026
GLAXO,EQ,   3500.00,27-JUN-2025,   2088.10,12-JUN-2026
GLENMARK,EQ,   2474.00,29-APR-2026,   1630.10,23-JUN-2025
GLOBAL,EQ,    121.90,08-MAY-2026,     55.30,15-OCT-2025
GLOBALVECT,EQ,    280.50,26-JUN-2025,    129.00,30-MAR-2026
GLOBE,EQ,      3.29,05-JAN-2026,      1.86,30-MAR-2026
GLOBUSSPR,EQ,   1303.20,31-JUL-2025,    800.05,30-MAR-2026
GLOSTERLTD,EQ,    830.00,02-JUL-2025,    495.00,24-MAR-2026
GMBREW,EQ,   1328.80,06-JAN-2026,    666.05,29-AUG-2025
GMDCLTD,EQ,    771.90,17-APR-2026,    374.80,14-JUL-2025
GMMPFAUDLR,EQ,   1418.00,01-AUG-2025,    735.00,11-JUN-2026
GMRAIRPORT,EQ,    111.15,18-JUN-2026,     80.38,23-JUN-2025
GMRP&UI,EQ,    136.95,16-SEP-2025,     89.00,30-MAR-2026
GNA,EQ,    470.00,09-FEB-2026,    291.80,28-AUG-2025
GNFC,EQ,    616.00,22-JUN-2026,    365.00,30-MAR-2026
GNRL,EQ,    105.05,07-MAY-2026,     83.52,22-JUN-2026
GOACARBON,EQ,    511.90,27-JUN-2025,    272.85,30-MAR-2026
GOCLCORP,EQ,    459.90,22-JUN-2026,    223.35,23-MAR-2026
GOCOLORS,EQ,    919.90,04-JUL-2025,    237.05,18-MAR-2026
GODAVARIB,EQ,    353.00,24-APR-2026,    227.42,09-DEC-2025
GODFRYPHLP,EQ,   3947.00,16-SEP-2025,   1832.10,23-MAR-2026
GODIGIT,EQ,    381.40,24-SEP-2025,    290.80,10-JUN-2026
GODREJAGRO,EQ,    876.35,24-JUL-2025,    506.10,27-JAN-2026
GODREJCP,EQ,   1309.00,04-SEP-2025,    967.05,02-APR-2026
GODREJIND,EQ,   1358.30,23-JUN-2025,    744.20,30-MAR-2026
GODREJPROP,EQ,   2450.90,24-JUN-2025,   1434.00,02-APR-2026
GOKEX,EQ,    975.00,08-JUL-2025,    531.00,27-JAN-2026
GOKUL,EQ,     46.39,25-JUN-2025,     31.00,13-FEB-2026
GOKULAGRO,EQ,    249.92,05-MAY-2026,    142.50,07-AUG-2025
GOLD1,EQ,    158.00,09-MAR-2026,     78.35,30-JUN-2025
GOLD360,EQ,    178.00,29-JAN-2026,     87.85,12-SEP-2025
GOLDADD,EQ,    181.00,29-JAN-2026,     92.49,07-JUL-2025
GOLDBEES,EQ,    148.14,29-JAN-2026,     79.00,09-JUL-2025
GOLDBETA,EQ,    149.35,29-JAN-2026,     79.10,10-JUL-2025
GOLDBND,EQ,    180.16,29-JAN-2026,    127.96,15-DEC-2025
GOLDCASE,EQ,     27.94,29-JAN-2026,     14.72,01-JUL-2025
GOLDETF,EQ,    173.50,29-JAN-2026,     93.30,30-JUN-2025
GOLDIAM,EQ,    507.45,18-JUN-2026,    265.00,30-MAR-2026
GOLDIETF,EQ,    158.00,29-JAN-2026,     81.26,09-JUL-2025
GOLDTECH,EQ,     80.44,01-JUL-2025,     29.68,30-MAR-2026
GOODLUCK,EQ,   1516.00,22-JUN-2026,    915.00,23-MAR-2026
GOODYEAR,EQ,    834.00,21-APR-2026,    711.25,03-JUN-2026
GOPAL,EQ,    398.00,10-SEP-2025,    247.55,27-MAR-2026
GOYALALUM,EQ,     11.37,07-JAN-2026,      5.34,30-MAR-2026
GPIL,EQ,    320.00,20-MAY-2026,    175.37,23-JUN-2025
GPPL,EQ,    200.09,08-JAN-2026,    141.55,30-MAR-2026
GPTHEALTH,EQ,    185.00,05-AUG-2025,    115.00,01-APR-2026
GPTINFRA,EQ,    150.00,23-JUN-2026,     96.22,30-MAR-2026
GRADIENTE,EQ,      9.40,08-MAY-2026,      2.08,16-JUN-2026
GRANDOAK,EQ,     55.76,23-JUN-2026,     24.00,03-JUN-2026
GRANULES,EQ,    804.30,29-MAY-2026,    432.60,06-AUG-2025
GRAPHITE,EQ,    802.40,15-MAY-2026,    505.80,29-AUG-2025
GRASIM,EQ,   3200.00,17-JUN-2026,   2502.50,23-MAR-2026
GRAUWEIL,EQ,     81.00,26-MAY-2026,     62.09,20-MAY-2026
GRAVISSHO,EQ,     35.60,15-MAY-2026,     25.20,20-APR-2026
GRAVITA,EQ,   1949.00,30-JUL-2025,   1266.90,02-APR-2026
GREAVESCOT,EQ,    244.30,31-JUL-2025,    119.99,30-MAR-2026
GREENLAM,EQ,    278.63,16-SEP-2025,    197.59,30-MAR-2026
GREENPANEL,EQ,    335.20,28-JUL-2025,    163.01,30-MAR-2026
GREENPLY,EQ,    351.95,24-JUL-2025,    176.42,30-MAR-2026
GREENPOWER,EQ,     15.69,11-JUL-2025,      7.98,30-MAR-2026
GRINDWELL,EQ,   2177.00,23-JUN-2026,   1329.00,23-MAR-2026
GRINFRA,EQ,   1413.00,27-JUN-2025,    785.00,30-MAR-2026
GRMOVER,EQ,    185.45,24-DEC-2025,     81.95,11-JUN-2026
GROBTEA,EQ,   1236.20,23-SEP-2025,    805.00,30-MAR-2026
GROWW,EQ,    227.20,29-APR-2026,    112.00,12-NOV-2025
GROWWCAPM,EQ,     12.66,11-MAY-2026,      8.02,04-MAR-2026
GROWWCHEM,EQ,     30.95,08-MAY-2026,     24.64,30-MAR-2026
GROWWDEFNC,EQ,     99.44,23-JUN-2026,     71.78,30-MAR-2026
GROWWEV,EQ,     32.38,05-JAN-2026,     24.00,07-JUL-2025
GROWWGOLD,EQ,     18.00,29-JAN-2026,      9.36,27-JUN-2025
GROWWHOSPI,EQ,     54.00,15-JUN-2026,     43.35,23-MAR-2026
GROWWLIQID,EQ,    110.90,22-APR-2026,    102.89,01-SEP-2025
GROWWLOVOL,EQ,     11.50,26-JUN-2025,      9.39,06-APR-2026
GROWWMC150,EQ,    245.00,01-JUN-2026,    193.60,02-APR-2026
GROWWMETAL,EQ,     13.45,29-MAY-2026,     10.03,30-DEC-2025
GROWWMOM50,EQ,     11.71,30-JUN-2025,      9.12,30-MAR-2026
GROWWN200,EQ,     12.14,05-JAN-2026,      9.91,30-MAR-2026
GROWWNET,EQ,     12.14,23-JUL-2025,      7.94,30-MAR-2026
GROWWNIFTY,EQ,     11.88,03-FEB-2026,      8.93,02-APR-2026
GROWWNXT50,EQ,     73.65,23-JUN-2026,     60.01,02-APR-2026
GROWWPOWER,EQ,     13.20,20-APR-2026,      7.75,23-JAN-2026
GROWWPSE,EQ,    109.85,06-MAY-2026,     93.20,06-APR-2026
GROWWPSUBK,EQ,     91.19,22-APR-2026,     78.06,02-APR-2026
GROWWRAIL,EQ,     39.26,01-JUL-2025,     27.80,30-MAR-2026
GROWWRLTY,EQ,     11.30,12-NOV-2025,      7.17,02-APR-2026
GROWWSC250,EQ,     10.58,23-JUN-2026,      8.00,30-MAR-2026
GROWWSLVR,EQ,     36.30,29-JAN-2026,     10.40,25-JUN-2025
GRPLTD,EQ,   2833.60,30-JUN-2025,   1500.00,27-JAN-2026
GRSE,EQ,   3538.40,23-JUN-2025,   1963.70,30-MAR-2026
GRWRHITECH,EQ,   7085.50,23-JUN-2026,   2681.00,28-AUG-2025
GSEC10ABSL,EQ,    111.90,16-FEB-2026,    107.65,01-SEP-2025
GSEC10IETF,EQ,    265.36,18-JUL-2025,    252.23,20-MAY-2026
GSEC10YEAR,EQ,     30.80,06-AUG-2025,     28.37,23-JUN-2025
GSEC5IETF,EQ,     66.70,01-AUG-2025,     62.00,23-SEP-2025
GSFC,EQ,    220.59,04-SEP-2025,    138.83,30-MAR-2026
GSLSU,EQ,    139.67,19-NOV-2025,     43.36,23-JUN-2026
GSPCROP,EQ,    476.00,16-JUN-2026,    328.00,24-MAR-2026
GTL,EQ,     11.78,25-JUN-2025,      4.91,30-MAR-2026
GTLINFRA,EQ,      1.99,25-JUN-2025,       .96,30-MAR-2026
GTPL,EQ,    127.49,23-JUL-2025,     55.01,26-FEB-2026
GUFICBIO,EQ,    407.85,30-JUL-2025,    268.00,09-MAR-2026
GUJALKALI,EQ,    815.00,06-MAY-2026,    409.15,16-MAR-2026
GUJAPOLLO,EQ,    556.00,26-AUG-2025,    347.05,04-MAR-2026
GUJGASLTD,EQ,    508.70,03-JUL-2025,    301.50,02-APR-2026
GUJRAFFIA,EQ,     88.00,27-OCT-2025,     35.10,17-MAR-2026
GUJTHEM,EQ,    479.00,27-OCT-2025,    225.05,30-MAR-2026
GULFOILLUB,EQ,   1331.90,01-JUL-2025,    865.00,23-MAR-2026
GULPOLY,EQ,    221.75,09-JUN-2026,    121.50,02-FEB-2026
GVPIL,EQ,   1084.00,22-JUN-2026,    270.90,27-JAN-2026
GVPTECH,EQ,     12.00,30-JUN-2025,      5.22,18-MAR-2026
GVT&D,EQ,   5650.00,23-JUN-2026,   2265.00,14-JUL-2025
HAL,EQ,   5065.00,09-JUL-2025,   3479.10,30-MAR-2026
HALDER,EQ,    294.00,29-JAN-2026,    210.00,18-MAY-2026
HALEOSLABS,EQ,   1774.00,11-MAY-2026,   1067.00,13-AUG-2025
HAPPSTMNDS,EQ,    660.85,01-JUL-2025,    330.20,09-MAR-2026
HAPPYFORGE,EQ,   1590.40,23-JUN-2026,    862.05,05-SEP-2025
HARDWYN,EQ,     28.28,01-JUN-2026,     10.87,16-OCT-2025
HARIOMPIPE,EQ,    572.20,22-SEP-2025,    268.05,13-APR-2026
HARRMALAYA,EQ,    237.90,24-APR-2026,    153.66,02-FEB-2026
HARSHA,EQ,    469.00,07-MAY-2026,    313.30,30-MAR-2026
HATHWAY,EQ,     17.98,16-JUL-2025,      8.76,30-MAR-2026
HATSUN,EQ,   1179.00,28-OCT-2025,    855.30,30-JAN-2026
HAVELLS,EQ,   1621.10,17-SEP-2025,   1123.60,02-JUN-2026
HAVISHA,EQ,      2.68,07-JUL-2025,      1.03,30-MAR-2026
HAWKINCOOK,EQ,   7949.50,22-JUN-2026,   7109.00,15-MAY-2026
HBESD,EQ,     95.90,07-MAY-2026,     61.05,06-MAY-2026
HBLENGINE,EQ,   1122.00,10-NOV-2025,    551.60,29-JUL-2025
HCC,EQ,     28.50,23-JUN-2026,     13.65,30-MAR-2026
HCG,EQ,    796.68,24-OCT-2025,    513.30,30-MAR-2026
HCL-INSYS,EQ,     17.51,24-JUN-2025,      9.01,30-MAR-2026
HCLTECH,EQ,   1780.10,03-FEB-2026,   1089.50,11-JUN-2026
HDBFS,EQ,    891.90,03-JUL-2025,    555.30,30-MAR-2026
HDFCAMC,EQ,   2967.25,16-OCT-2025,   2205.60,30-MAR-2026
HDFCBANK,EQ,   1020.50,23-OCT-2025,    726.65,02-APR-2026
HDFCBSE500,EQ,     40.00,22-JUN-2026,     32.65,01-APR-2026
HDFCGOLD,EQ,    152.30,29-JAN-2026,     81.19,11-JUL-2025
HDFCGROWTH,EQ,    133.30,07-JAN-2026,    107.86,02-APR-2026
HDFCLIFE,EQ,    820.75,30-JUN-2025,    543.00,11-JUN-2026
HDFCLIQUID,EQ,   1072.72,02-JUN-2026,   1009.91,23-DEC-2025
HDFCLOWVOL,EQ,     22.28,20-FEB-2026,     18.35,30-MAR-2026
HDFCMID150,EQ,     23.61,18-JUN-2026,     19.42,30-MAR-2026
HDFCMOMENT,EQ,     33.23,23-OCT-2025,     27.13,02-APR-2026
HDFCNEXT50,EQ,     75.97,18-JUN-2026,     59.99,01-APR-2026
HDFCNIF100,EQ,     29.00,19-SEP-2025,     22.00,19-AUG-2025
HDFCNIFBAN,EQ,     65.54,23-FEB-2026,     51.20,02-APR-2026
HDFCNIFIT,EQ,     42.30,24-DEC-2025,     28.20,15-MAY-2026
HDFCNIFTY,EQ,    301.88,02-DEC-2025,    247.56,06-APR-2026
HDFCPSUBK,EQ,    101.25,24-FEB-2026,     67.98,29-AUG-2025
HDFCPVTBAN,EQ,     30.17,19-FEB-2026,     24.31,02-APR-2026
HDFCQUAL,EQ,     61.87,13-FEB-2026,     51.91,30-MAR-2026
HDFCSENSEX,EQ,     98.48,08-DEC-2025,     80.90,02-APR-2026
HDFCSILVER,EQ,    359.00,29-JAN-2026,    101.66,27-JUN-2025
HDFCSML250,EQ,    183.18,11-JUL-2025,    142.70,23-MAR-2026
HDFCVALUE,EQ,    147.05,23-MAR-2026,    120.00,02-APR-2026
HEADSUP,EQ,     12.95,09-OCT-2025,      5.69,30-MAR-2026
HEALTHADD,EQ,    163.16,18-MAY-2026,    135.43,02-APR-2026
HEALTHCARE,EQ,     21.17,20-MAY-2026,     17.18,02-APR-2026
HEALTHIETF,EQ,    166.20,15-MAY-2026,    138.65,02-FEB-2026
HEALTHX,EQ,    363.00,13-JAN-2026,    252.50,30-MAR-2026
HEALTHY,EQ,     16.98,03-FEB-2026,     13.58,13-FEB-2026
HECPROJECT,EQ,    184.10,25-JUN-2025,     92.10,30-MAR-2026
HEG,EQ,    690.00,29-APR-2026,    459.80,29-AUG-2025
HEIDELBERG,EQ,    224.80,19-AUG-2025,    136.10,30-MAR-2026
HEMIPROP,EQ,    190.69,03-OCT-2025,    111.20,30-MAR-2026
HERANBA,EQ,    403.70,31-JUL-2025,    155.38,30-MAR-2026
HERITGFOOD,EQ,    540.00,18-SEP-2025,    292.55,30-MAR-2026
HEROMOTOCO,EQ,   6388.50,05-DEC-2025,   4190.00,11-JUL-2025
HESTERBIO,EQ,   2350.00,04-AUG-2025,   1239.30,30-MAR-2026
HEXATRADEX,EQ,    195.85,03-JUL-2025,    147.26,03-FEB-2026
HEXT,EQ,    900.00,09-JUL-2025,    400.20,12-MAR-2026
HFCL,EQ,    220.09,22-JUN-2026,     59.82,27-JAN-2026
HGINFRA,EQ,   1143.00,11-JUL-2025,    429.50,30-MAR-2026
HGM,EQ,     82.40,15-SEP-2025,     43.60,16-MAR-2026
HGS,EQ,    628.70,17-JUL-2025,    342.05,09-MAR-2026
HIKAL,EQ,    372.70,25-JUN-2025,    146.25,30-MAR-2026
HIMATSEIDE,EQ,    164.40,07-JUL-2025,     72.01,30-MAR-2026
HINDALCO,EQ,   1176.00,29-MAY-2026,    640.15,23-JUN-2025
HINDCOMPOS,EQ,    550.00,16-APR-2026,    347.10,30-MAR-2026
HINDCOPPER,EQ,    760.05,29-JAN-2026,    226.70,28-AUG-2025
HINDOILEXP,EQ,    188.65,09-JUN-2026,    117.50,30-MAR-2026
HINDPETRO,EQ,    508.45,05-JAN-2026,    316.20,23-MAR-2026
HINDUNILVR,EQ,   2750.00,04-SEP-2025,   2022.50,02-APR-2026
HINDWAREAP,EQ,    392.70,17-OCT-2025,    170.50,30-MAR-2026
HINDZINC,EQ,    733.00,27-JAN-2026,    413.50,01-AUG-2025
HIRECT,EQ,   1212.10,29-MAY-2026,    565.20,27-JAN-2026
HISARMETAL,EQ,    224.10,24-JUL-2025,    124.99,30-MAR-2026
HITECH,EQ,    127.50,22-SEP-2025,     70.14,30-MAR-2026
HLEGLAS,EQ,    661.95,03-NOV-2025,    250.00,30-MAR-2026
HLVLTD,EQ,     14.19,26-JUN-2025,      5.60,30-MAR-2026
HMAAGRO,EQ,     34.35,26-JUN-2025,     21.25,10-APR-2026
HMVL,EQ,    100.00,04-AUG-2025,     55.20,30-MAR-2026
HNDFDS,EQ,    584.90,09-JUL-2025,    442.00,30-JAN-2026
HNGSNGBEES,EQ,    579.92,06-OCT-2025,    375.05,23-JUN-2025
HOMEFIRST,EQ,   1519.00,25-JUL-2025,    893.70,30-MAR-2026
HONASA,EQ,    438.35,11-JUN-2026,    248.40,11-DEC-2025
HONAUT,EQ,  41450.00,03-JUL-2025,  26220.00,30-MAR-2026
HONDAPOWER,EQ,   3256.00,10-JUL-2025,   1816.60,30-MAR-2026
HPAL,EQ,     53.70,30-JUN-2025,     26.52,30-MAR-2026
HPIL,EQ,    175.88,31-JUL-2025,    107.00,24-MAR-2026
HPL,EQ,    639.90,15-JUL-2025,    255.55,30-MAR-2026
HSBCGOLD,EQ,    146.40,30-MAR-2026,    121.36,30-MAR-2026
HSCL,EQ,    718.00,18-JUN-2026,    418.50,24-NOV-2025
HTMEDIA,EQ,     28.64,06-OCT-2025,     17.52,30-MAR-2026
HUBTOWN,EQ,    365.70,25-AUG-2025,    168.15,30-MAR-2026
HUDCO,EQ,    246.85,18-NOV-2025,    159.00,30-MAR-2026
HUHTAMAKI,EQ,    272.65,23-OCT-2025,    148.60,30-MAR-2026
HYUNDAI,EQ,   2890.00,22-SEP-2025,   1658.00,06-APR-2026
ICDSLTD,EQ,     62.32,29-SEP-2025,     36.40,09-MAR-2026
ICEMAKE,EQ,    920.00,26-MAY-2026,    660.30,30-MAR-2026
ICICIAMC,EQ,   3611.00,29-MAY-2026,   2530.00,22-DEC-2025
ICICIB22,EQ,    131.00,02-MAR-2026,    103.60,29-AUG-2025
ICICIBANK,EQ,   1500.00,25-JUL-2025,   1187.60,02-APR-2026
ICICIGI,EQ,   2068.70,01-JUL-2025,   1629.50,02-APR-2026
ICICIPRULI,EQ,    706.80,13-JAN-2026,    459.50,11-JUN-2026
ICIL,EQ,    410.50,18-JUN-2026,    216.90,23-MAR-2026
ICRA,EQ,   7130.00,16-JUL-2025,   4965.50,02-APR-2026
IDBI,EQ,    118.38,05-JAN-2026,     61.01,30-MAR-2026
IDEA,EQ,     15.34,15-JUN-2026,      6.12,14-AUG-2025
IDFCFIRSTB,EQ,     87.00,02-JAN-2026,     58.08,02-APR-2026
IDFNIFTYET,EQ,    340.80,15-DEC-2025,    244.32,02-APR-2026
IEX,EQ,    211.75,09-JUL-2025,    114.60,30-MAR-2026
IFBIND,EQ,   2019.80,31-OCT-2025,    883.20,30-MAR-2026
IFCI,EQ,     95.80,17-JUN-2026,     46.23,18-DEC-2025
IFGLEXPOR,EQ,    338.00,06-OCT-2025,    119.68,30-MAR-2026
IGARASHI,EQ,    665.00,06-AUG-2025,    271.05,30-MAR-2026
IGCL,EQ,    122.00,22-JUL-2025,     49.46,27-MAR-2026
IGIL,EQ,    442.00,30-JUL-2025,    287.00,27-JAN-2026
IGL,EQ,    229.00,08-JUL-2025,    141.74,02-APR-2026
IGPL,EQ,    519.80,21-JUL-2025,    315.00,09-MAR-2026
IIFL,EQ,    675.00,06-JAN-2026,    409.10,27-APR-2026
IIFLCAPS,EQ,    411.30,07-JAN-2026,    240.40,30-MAR-2026
IITL,EQ,    216.00,30-SEP-2025,    108.00,02-MAR-2026
IKIO,EQ,    252.90,21-AUG-2025,    103.53,30-MAR-2026
IKS,EQ,   1777.00,24-DEC-2025,   1262.00,23-MAR-2026
IMAGICAA,EQ,     71.73,26-JUN-2025,     36.84,27-MAR-2026
IMFA,EQ,   1679.90,29-APR-2026,    700.05,07-AUG-2025
IMPAL,EQ,   1184.50,17-JUL-2025,    928.00,30-MAR-2026
INA,EQ,    161.81,28-APR-2026,     79.75,30-MAR-2026
INCREDIBLE,EQ,     52.87,08-SEP-2025,     28.10,30-MAR-2026
INDBANK,EQ,     47.15,07-OCT-2025,     28.25,30-MAR-2026
INDGN,EQ,    596.80,17-SEP-2025,    414.00,23-MAR-2026
INDHOTEL,EQ,    811.95,21-AUG-2025,    565.00,02-APR-2026
INDIACEM,EQ,    485.80,08-JAN-2026,    306.10,23-JUN-2025
INDIAGLYCO,EQ,   1222.00,20-NOV-2025,    792.50,27-JAN-2026
INDIAMART,EQ,   2799.00,14-JUL-2025,   1911.00,18-MAY-2026
INDIANB,EQ,   1000.90,15-APR-2026,    606.00,31-JUL-2025
INDIANCARD,EQ,    362.50,24-JUN-2025,    153.00,30-MAR-2026
INDIANHUME,EQ,    479.00,04-JUL-2025,    279.80,11-JUN-2026
INDIASHLTR,EQ,   1011.75,21-JUL-2025,    653.20,09-MAR-2026
INDIGO,EQ,   6232.50,18-AUG-2025,   3895.20,23-MAR-2026
INDIGOPNTS,EQ,   1345.90,18-NOV-2025,    708.05,30-MAR-2026
INDIQUBE,EQ,    243.80,22-SEP-2025,    131.15,27-MAR-2026
INDNIPPON,EQ,   1099.90,08-OCT-2025,    675.00,30-MAR-2026
INDOAMIN,EQ,    176.25,07-JUL-2025,     81.90,23-MAR-2026
INDOBORAX,EQ,    423.10,23-JUN-2026,    197.10,23-JUN-2025
INDOCO,EQ,    349.80,16-JUL-2025,    162.19,30-MAR-2026
INDOFARM,EQ,    271.69,20-OCT-2025,    110.70,30-MAR-2026
INDORAMA,EQ,     75.00,03-NOV-2025,     29.00,23-MAR-2026
INDOSTAR,EQ,    366.30,01-JUL-2025,    179.03,23-MAR-2026
INDOTHAI,EQ,    466.35,19-NOV-2025,    143.65,03-SEP-2025
INDOUS,EQ,    206.00,21-JUL-2025,     87.90,17-JUN-2026
INDPRUD,EQ,   7052.50,30-APR-2026,   5750.50,08-JUN-2026
INDRAMEDCO,EQ,    640.85,06-NOV-2025,    342.00,27-JAN-2026
INDSWFTLAB,EQ,    201.50,23-JUN-2026,     87.15,31-DEC-2025
INDTERRAIN,EQ,     43.75,24-JUL-2025,     24.56,30-MAR-2026
INDUSINDBK,EQ,    968.85,26-FEB-2026,    710.60,26-SEP-2025
INDUSTOWER,EQ,    481.50,19-FEB-2026,    312.55,03-SEP-2025
INFOBEAN,EQ,    257.50,07-JAN-2026,     91.45,14-JUL-2025
INFOMEDIA,EQ,      8.59,23-JUN-2025,      4.50,16-FEB-2026
INFRA,EQ,     13.27,23-JUN-2026,     10.14,02-APR-2026
INFRABEES,EQ,   1018.30,05-JAN-2026,    871.35,02-APR-2026
INFRAIETF,EQ,    101.00,23-FEB-2026,     86.80,02-APR-2026
INFY,EQ,   1728.00,03-FEB-2026,   1026.00,23-JUN-2026
INGERRAND,EQ,   4756.20,19-JUN-2026,   3063.30,21-JAN-2026
INNOVACAP,EQ,    978.00,15-JUN-2026,    622.00,02-MAR-2026
INNOVANA,EQ,    649.50,10-JUL-2025,    292.80,09-JUN-2026
INNOVISION,EQ,    470.00,23-MAR-2026,    281.05,11-JUN-2026
INOXGREEN,EQ,    279.00,03-NOV-2025,    132.58,23-MAR-2026
INOXINDIA,EQ,   2099.00,23-JUN-2026,   1065.00,18-AUG-2025
INOXWIND,EQ,    179.21,04-JUL-2025,     75.05,30-MAR-2026
INSECTICID,EQ,   1098.00,01-AUG-2025,    518.60,30-MAR-2026
INTELLECT,EQ,   1244.60,03-NOV-2025,    595.20,30-MAR-2026
INTENTECH,EQ,    149.90,23-SEP-2025,     66.30,30-MAR-2026
INTERARCH,EQ,   2762.60,10-NOV-2025,   1600.00,18-MAY-2026
INTERNET,EQ,     16.12,10-JUL-2025,     10.72,16-MAR-2026
INTLCONV,EQ,    114.54,07-OCT-2025,     60.00,30-MAR-2026
INVENTURE,EQ,      1.78,09-JUL-2025,       .81,30-MAR-2026
INVPRECQ,EQ,    803.15,22-JUN-2026,    551.00,05-MAY-2026
IOB,EQ,     41.80,23-OCT-2025,     31.20,30-MAR-2026
IOC,EQ,    188.96,27-FEB-2026,    130.22,02-APR-2026
IOLCP,EQ,    139.99,04-JUN-2026,     67.19,16-MAR-2026
IONEXCHANG,EQ,    580.75,17-JUL-2025,    312.70,23-MAR-2026
IPCALAB,EQ,   1678.30,20-MAY-2026,   1251.60,24-OCT-2025
IPL,EQ,    245.84,21-AUG-2025,    125.00,30-MAR-2026
IRB,EQ,     25.22,27-JUN-2025,     19.15,02-MAR-2026
IRCON,EQ,    207.79,27-JUN-2025,    114.50,23-MAR-2026
IRCTC,EQ,    798.60,09-JUL-2025,    492.65,30-MAR-2026
IREDA,EQ,    174.60,01-JUL-2025,    108.65,30-MAR-2026
IRFC,EQ,    143.15,01-JUL-2025,     87.00,30-MAR-2026
IRIS,EQ,    426.95,14-JUL-2025,    203.00,02-MAR-2026
IRISDOREME,EQ,     41.37,18-JUN-2026,     26.35,30-MAR-2026
IRMENERGY,EQ,    393.00,23-SEP-2025,    165.40,30-MAR-2026
ISFT,EQ,    119.07,19-SEP-2025,     54.05,30-MAR-2026
ISGEC,EQ,   1249.00,01-JUL-2025,    683.95,27-JAN-2026
ISHANCH,EQ,     83.37,13-OCT-2025,     44.52,23-JUN-2025
IT,EQ,     44.49,03-FEB-2026,     29.52,19-JUN-2026
ITADD,EQ,     41.92,03-FEB-2026,     28.27,19-JUN-2026
ITBEES,EQ,     44.27,03-FEB-2026,     29.66,19-JUN-2026
ITBETA,EQ,    409.94,24-DEC-2025,    280.60,19-JUN-2026
ITC,EQ,    427.00,04-SEP-2025,    275.05,04-JUN-2026
ITCHOTELS,EQ,    261.62,21-JUL-2025,    137.30,30-MAR-2026
ITDC,EQ,    712.80,06-OCT-2025,    368.00,30-MAR-2026
ITETF,EQ,     42.02,03-FEB-2026,     28.26,19-JUN-2026
ITI,EQ,    372.85,08-OCT-2025,    237.00,30-MAR-2026
ITIETF,EQ,     44.30,03-FEB-2026,     29.65,19-JUN-2026
IVALUE,EQ,    340.00,20-NOV-2025,    207.35,23-MAR-2026
IVC,EQ,      9.88,17-NOV-2025,      6.02,23-MAR-2026
IVP,EQ,    206.99,01-JUL-2025,    110.00,30-MAR-2026
IVZINGOLD,EQ,    156.00,29-JAN-2026,     83.32,30-JUN-2025
IVZINNIFTY,EQ,   3150.00,23-FEB-2026,   2511.00,23-MAR-2026
IWP,EQ,     39.15,04-MAY-2026,     28.00,20-APR-2026
IXIGO,EQ,    339.15,16-OCT-2025,    151.27,08-JUN-2026
IZMO,EQ,   1374.70,29-SEP-2025,    348.05,23-JUN-2025
J&KBANK,EQ,    167.15,18-JUN-2026,     97.35,30-DEC-2025
JAGRAN,EQ,     78.90,03-JUN-2026,     59.50,27-MAR-2026
JAGSNPHARM,EQ,    301.65,28-JUL-2025,    155.00,22-JAN-2026
JAICORPLTD,EQ,    178.24,08-SEP-2025,     88.00,30-MAR-2026
JAINREC,EQ,    593.95,08-MAY-2026,    247.57,01-OCT-2025
JAIPURKURT,EQ,     50.59,23-JUN-2025,     24.40,30-MAR-2026
JAMNAAUTO,EQ,    152.60,16-FEB-2026,     87.75,07-AUG-2025
JARO,EQ,    890.00,30-SEP-2025,    383.50,30-MAR-2026
JASH,EQ,    622.90,18-JUL-2025,    327.10,30-MAR-2026
JAYAGROGN,EQ,    271.10,11-AUG-2025,    147.26,30-MAR-2026
JAYBARMARU,EQ,    178.89,19-JUN-2026,     71.01,29-JUL-2025
JAYKAY,EQ,    219.70,03-DEC-2025,    115.52,30-MAR-2026
JAYNECOIND,EQ,    117.00,08-MAY-2026,     34.90,22-JUL-2025
JAYSREETEA,EQ,    117.80,17-JUL-2025,     70.55,30-MAR-2026
JBCHEPHARM,EQ,   2300.00,12-JUN-2026,   1603.50,11-JUL-2025
JBMA,EQ,    790.00,23-SEP-2025,    477.00,16-MAR-2026
JETFREIGHT,EQ,     24.50,05-JUN-2026,     11.90,25-SEP-2025
JGCHEM,EQ,    558.00,21-JUL-2025,    298.40,27-JAN-2026
JHS,EQ,     13.90,27-OCT-2025,      6.26,30-MAR-2026
JINDALPHOT,EQ,   1616.60,10-DEC-2025,    796.00,14-AUG-2025
JINDALPOLY,EQ,   1026.45,19-MAR-2026,    365.00,21-JAN-2026
JINDALSAW,EQ,    269.91,19-JUN-2026,    153.00,09-DEC-2025
JINDALSTEL,EQ,   1306.20,21-APR-2026,    892.00,23-JUN-2025
JINDRILL,EQ,    693.50,19-MAY-2026,    440.10,02-MAR-2026
JINDWORLD,EQ,     64.24,30-JUN-2025,     17.85,30-MAR-2026
JIOFIN,EQ,    338.60,05-AUG-2025,    223.30,30-MAR-2026
JISLDVREQS,EQ,     35.48,18-SEP-2025,     18.50,10-MAR-2026
JISLJALEQS,EQ,     60.40,26-JUN-2025,     27.10,23-MAR-2026
JITFINFRA,EQ,    478.00,09-SEP-2025,    222.35,27-JAN-2026
JKCEMENT,EQ,   7565.50,20-AUG-2025,   4671.50,12-JUN-2026
JKIL,EQ,    758.40,25-JUL-2025,    425.00,30-MAR-2026
JKLAKSHMI,EQ,   1021.20,22-JUL-2025,    549.95,30-MAR-2026
JKPAPER,EQ,    444.80,03-OCT-2025,    304.85,30-MAR-2026
JKTYRE,EQ,    611.90,11-FEB-2026,    311.00,14-AUG-2025
JLHL,EQ,   1625.00,30-OCT-2025,   1178.00,06-APR-2026
JMA,EQ,    104.90,01-JUL-2025,     70.25,20-JAN-2026
JMFINANCIL,EQ,    199.80,22-AUG-2025,    112.00,30-MAR-2026
JNKINDIA,EQ,    519.00,15-JUN-2026,    200.92,28-JAN-2026
JPOLYINVST,EQ,   1487.70,10-MAR-2026,    716.05,28-AUG-2025
JPPOWER,EQ,     27.70,14-JUL-2025,     13.15,09-MAR-2026
JSFB,EQ,    518.80,25-JUN-2025,    330.00,23-MAR-2026
JSL,EQ,    884.00,07-JAN-2026,    652.25,11-JUN-2026
JSLL,EQ,    849.50,23-SEP-2025,    415.00,23-JUN-2025
JSWCEMENT,EQ,    162.15,04-SEP-2025,    106.65,04-DEC-2025
JSWDULUX,EQ,   3915.50,24-JUL-2025,   2658.70,01-FEB-2026
JSWENERGY,EQ,    617.35,29-MAY-2026,    427.75,27-JAN-2026
JSWHL,EQ,  23650.00,01-JUL-2025,  11250.00,30-MAR-2026
JSWINFRA,EQ,    349.00,24-SEP-2025,    233.42,07-APR-2026
JSWSTEEL,EQ,   1328.00,27-MAY-2026,    983.50,23-JUN-2025
JTEKTINDIA,EQ,    188.50,09-SEP-2025,    117.01,30-MAR-2026
JTLIND,EQ,     85.99,11-JUL-2025,     40.25,30-MAR-2026
JUBLCPL,EQ,   3013.40,02-SEP-2025,   1460.00,30-MAR-2026
JUBLFOOD,EQ,    718.95,01-JUL-2025,    408.80,07-APR-2026
JUBLINGREA,EQ,    851.80,17-JUL-2025,    537.30,09-MAR-2026
JUBLPHARMA,EQ,   1248.00,30-JUL-2025,    786.05,09-MAR-2026
JUNIORBEES,EQ,    789.97,23-JUN-2026,    632.34,01-APR-2026
JUNIPER,EQ,    329.90,18-JUL-2025,    188.50,30-MAR-2026
JUSTDIAL,EQ,    957.90,15-JUL-2025,    480.50,30-MAR-2026
JWL,EQ,    393.60,01-JUL-2025,    235.65,30-MAR-2026
JYOTHYLAB,EQ,    364.80,07-JUL-2025,    196.15,30-MAR-2026
JYOTICNC,EQ,   1147.90,24-JUN-2025,    580.10,02-JUN-2026
JYOTISTRUC,EQ,     20.65,15-JUL-2025,      7.94,21-JAN-2026
KABRAEXTRU,EQ,    329.90,14-JUL-2025,    180.00,20-JAN-2026
KAJARIACER,EQ,   1321.90,08-AUG-2025,    869.60,02-FEB-2026
KALAMANDIR,EQ,    223.03,28-OCT-2025,     89.76,30-MAR-2026
KALPATARU,EQ,    457.40,09-JUL-2025,    258.00,30-MAR-2026
KALYANIFRG,EQ,    849.65,09-OCT-2025,    523.60,23-MAR-2026
KALYANKJIL,EQ,    617.70,24-JUL-2025,    327.05,11-JUN-2026
KAMAHOLD,EQ,   2737.80,12-MAY-2026,   2461.00,21-APR-2026
KAMATHOTEL,EQ,    329.80,24-SEP-2025,    140.20,30-MAR-2026
KAMOPAINTS,EQ,     11.18,24-JUN-2025,      3.60,30-MAR-2026
KANANIIND,EQ,      2.27,01-SEP-2025,      1.02,30-MAR-2026
KANPRPLA,EQ,    247.00,10-SEP-2025,    151.25,23-MAR-2026
KANSAINER,EQ,    264.00,24-DEC-2025,    157.91,23-MAR-2026
KAPSTON,EQ,    363.80,29-MAY-2026,    153.93,23-JUN-2025
KARMAENG,EQ,     74.10,25-JUN-2025,     34.38,30-MAR-2026
KARURVYSYA,EQ,    343.45,25-FEB-2026,    201.82,04-SEP-2025
KAUSHALYA,EQ,   1841.90,04-SEP-2025,    750.00,16-MAR-2026
KAVDEFENCE,EQ,    162.87,01-OCT-2025,     42.93,23-JUN-2025
KAYA,EQ,    487.90,23-SEP-2025,    224.01,04-JUN-2026
KAYNES,EQ,   7705.00,07-OCT-2025,   2995.00,20-MAY-2026
KCP,EQ,    229.32,22-JUL-2025,    125.00,30-MAR-2026
KCPSUGIND,EQ,     37.10,26-JUN-2025,     21.75,23-FEB-2026
KDDL,EQ,   3280.00,22-JUN-2026,   1990.00,30-MAR-2026
KEC,EQ,    947.00,26-JUN-2025,    466.00,19-MAY-2026
KEEPLEARN,EQ,      3.62,30-JUN-2025,      1.54,30-MAR-2026
KEI,EQ,   5708.00,23-JUN-2026,   3525.30,23-JUN-2025
KELLTONTEC,EQ,     33.15,25-JUL-2025,     13.00,30-MAR-2026
KENNAMET,EQ,   3400.30,08-MAY-2026,   2405.20,24-APR-2026
KERNEX,EQ,   2145.00,18-JUN-2026,    850.00,30-MAR-2026
KEYFINSERV,EQ,    382.10,06-NOV-2025,    220.00,30-MAR-2026
KFINTECH,EQ,   1388.50,25-JUN-2025,    784.95,18-MAY-2026
KHANDSE,EQ,     29.00,13-AUG-2025,     12.20,30-MAR-2026
KICL,EQ,   6554.90,28-OCT-2025,   4011.00,30-MAR-2026
KILITCH,EQ,    250.00,15-JUL-2025,    117.25,30-MAR-2026
KIMS,EQ,    818.00,19-JUN-2026,    575.80,27-JAN-2026
KINGFA,EQ,   5699.40,29-MAY-2026,   3023.90,23-JUN-2025
KIOCL,EQ,    634.55,06-OCT-2025,    280.30,23-JUN-2025
KIRANVYPAR,EQ,    211.45,24-APR-2026,    148.27,03-JUN-2026
KIRIINDUS,EQ,    779.00,01-JAN-2026,    333.80,30-MAR-2026
KIRLFER,EQ,    513.00,22-JUN-2026,    408.00,11-JUN-2026
KIRLOSBROS,EQ,   2475.00,27-JUN-2025,   1335.00,30-MAR-2026
KIRLOSENG,EQ,   2720.00,23-JUN-2026,    828.15,23-JUN-2025
KIRLOSIND,EQ,   4726.00,21-JUL-2025,   2463.00,30-MAR-2026
KIRLPNU,EQ,   2197.10,22-JUN-2026,    990.10,09-DEC-2025
KISSHT,EQ,    302.50,22-JUN-2026,    190.00,08-MAY-2026
KITEX,EQ,    303.95,09-JUL-2025,    138.20,21-JAN-2026
KKCL,EQ,    595.00,23-SEP-2025,    408.35,23-MAR-2026
KLBRENG-B,EQ,    544.85,21-APR-2026,    455.50,11-JUN-2026
KMEW,EQ,   2398.00,23-JUN-2026,    762.95,01-JUL-2025
KMSUGAR,EQ,     33.73,06-MAY-2026,     23.00,01-FEB-2026
KNAGRI,EQ,    273.50,21-JUL-2025,    148.30,18-FEB-2026
KNRCON,EQ,    245.00,26-JUN-2025,    108.65,27-MAR-2026
KOHINOOR,EQ,     38.00,03-JUL-2025,     19.20,30-MAR-2026
KOKUYOCMLN,EQ,    137.90,25-JUN-2025,     71.05,30-MAR-2026
KOLTEPATIL,EQ,    497.55,02-JUL-2025,    292.25,30-MAR-2026
KOTAKBANK,EQ,    453.20,20-OCT-2025,    345.50,02-APR-2026
KOTARISUG,EQ,     38.65,26-JUN-2025,     22.50,30-MAR-2026
KOTHARIPET,EQ,    187.80,25-JUN-2025,     94.75,30-MAR-2026
KOTHARIPRO,EQ,    109.00,17-SEP-2025,     58.00,30-MAR-2026
KOTIC,EQ,    223.70,24-APR-2026,    142.15,04-JUN-2026
KOVAI,EQ,   6340.00,23-JUN-2026,   5275.50,08-JUN-2026
KPEL,EQ,    554.90,21-JUL-2025,    237.90,09-MAR-2026
KPIGREEN,EQ,    563.00,16-JUL-2025,    335.65,09-MAR-2026
KPIL,EQ,   1479.60,23-JUN-2026,   1007.10,23-MAR-2026
KPITTECH,EQ,   1412.90,23-JUN-2025,    624.90,17-MAR-2026
KPL,EQ,   2600.00,10-JUN-2026,   1561.00,21-APR-2026
KPRMILL,EQ,   1257.00,24-JUL-2025,    796.10,12-MAR-2026
KRBL,EQ,    495.00,22-AUG-2025,    274.65,20-MAR-2026
KREBSBIO,EQ,     91.90,27-JUN-2025,     38.33,30-MAR-2026
KRISHANA,EQ,    718.50,22-MAY-2026,    411.95,07-JUL-2025
KRISHIVAL,EQ,    483.81,23-OCT-2025,    282.30,09-MAR-2026
KRISHNADEF,EQ,   1400.00,23-JUN-2026,    665.00,18-DEC-2025
KRITIKA,EQ,     11.10,01-SEP-2025,      4.50,30-MAR-2026
KRONOX,EQ,    207.49,07-JUL-2025,     96.00,30-MAR-2026
KROSS,EQ,    237.60,18-SEP-2025,    150.52,02-APR-2026
KRSNAA,EQ,    894.40,24-SEP-2025,    515.00,30-MAR-2026
KRYSTAL,EQ,    729.50,03-SEP-2025,    500.00,08-JAN-2026
KSB,EQ,   1028.30,28-APR-2026,    666.65,27-JAN-2026
KSCL,EQ,   1275.10,23-JUN-2025,    705.10,05-MAR-2026
KSHINTL,EQ,    908.90,16-JUN-2026,    330.00,01-FEB-2026
KSL,EQ,    988.80,01-JUL-2025,    574.00,30-MAR-2026
KSOLVES,EQ,    402.00,18-JUL-2025,    245.75,30-MAR-2026
KSR,EQ,     39.10,25-MAY-2026,     14.04,29-DEC-2025
KTKBANK,EQ,    282.95,15-JUN-2026,    169.12,28-AUG-2025
KUANTUM,EQ,    135.00,24-JUL-2025,     65.01,30-MAR-2026
KWIL,EQ,     39.45,15-JUN-2026,     22.24,30-MAR-2026
LAGNAM,EQ,    111.79,08-JUL-2025,     58.60,24-MAR-2026
LAHOTIOV,EQ,     53.90,04-MAY-2026,     34.06,20-MAY-2026
LAL,EQ,     12.95,23-JUN-2025,      5.56,16-MAR-2026
LALPATHLAB,EQ,   1803.00,16-JUN-2026,   1272.60,23-MAR-2026
LAMBODHARA,EQ,    162.00,15-SEP-2025,     81.80,30-MAR-2026
LANCORHOL,EQ,     33.80,10-NOV-2025,     18.12,17-MAR-2026
LANDMARK,EQ,    662.80,18-SEP-2025,    339.50,12-MAR-2026
LANDSMILL,EQ,      1.74,17-SEP-2025,       .74,18-MAY-2026
LAOPALA,EQ,    287.00,25-JUL-2025,    162.10,30-MAR-2026
LASA,EQ,     14.08,16-SEP-2025,      5.67,01-APR-2026
LATENTVIEW,EQ,    517.50,08-DEC-2025,    248.00,23-MAR-2026
LAURUSLABS,EQ,   1486.00,23-JUN-2026,    647.00,23-JUN-2025
LAXMICOT,EQ,     33.00,08-JUL-2025,     11.70,01-APR-2026
LAXMIDENTL,EQ,    509.95,21-JUL-2025,    155.88,30-MAR-2026
LCCINFOTEC,EQ,      5.89,09-JAN-2026,      3.64,22-JUL-2025
LEMERITE,EQ,    107.57,12-DEC-2025,     23.68,12-JUN-2026
LEMONTREE,EQ,    180.68,08-SEP-2025,     99.61,16-MAR-2026
LENSKART,EQ,    557.65,15-APR-2026,    356.10,10-NOV-2025
LEXUS,EQ,     39.25,05-MAR-2026,     14.17,11-JUN-2026
LFIC,EQ,    240.90,03-SEP-2025,    111.00,30-MAR-2026
LGBBROSLTD,EQ,   2048.00,12-FEB-2026,   1208.30,23-JUN-2025
LGEINDIA,EQ,   1749.00,14-OCT-2025,   1304.10,02-APR-2026
LGHL,EQ,    399.58,24-SEP-2025,    220.00,23-JUN-2026
LIBAS,EQ,     15.70,26-JUN-2025,      9.02,30-MAR-2026
LIBERTSHOE,EQ,    413.90,25-JUN-2025,    210.50,30-MAR-2026
LICHSGFIN,EQ,    646.50,18-JUL-2025,    458.90,23-MAR-2026
LICI,EQ,    490.00,30-JUN-2025,    360.75,02-APR-2026
LICMFGOLD,EQ,    162.00,29-JAN-2026,     86.46,30-JUN-2025
LICNETFGSC,EQ,     30.05,14-JAN-2026,     27.42,29-AUG-2025
LICNETFN50,EQ,    295.00,15-DEC-2025,    248.17,02-APR-2026
LICNETFSEN,EQ,    974.02,13-NOV-2025,    803.00,02-APR-2026
LICNFNHGP,EQ,    296.41,12-FEB-2026,    248.02,02-APR-2026
LICNMID100,EQ,     67.50,01-SEP-2025,     52.30,02-APR-2026
LINC,EQ,    158.99,02-JUL-2025,     85.01,30-MAR-2026
LINCOLN,EQ,    770.00,27-MAY-2026,    440.00,30-JAN-2026
LINDEINDIA,EQ,   8049.00,07-MAY-2026,   5673.00,18-NOV-2025
LIQGRWBEES,EQ,   1056.29,09-MAR-2026,    995.55,27-JAN-2026
LIQUID,EQ,   1024.98,02-JAN-2026,    997.15,23-DEC-2025
LIQUID1,EQ,   1136.66,16-JUN-2026,   1030.28,04-AUG-2025
LIQUIDADD,EQ,   1151.22,18-MAR-2026,   1052.08,06-AUG-2025
LIQUIDBEES,EQ,   1029.99,29-OCT-2025,    969.99,04-MAY-2026
LIQUIDBETF,EQ,   1116.24,02-JAN-2026,   1009.94,02-JAN-2026
LIQUIDCASE,EQ,    114.67,23-JUN-2026,    102.00,25-AUG-2025
LIQUIDETF,EQ,   1025.00,15-MAY-2026,    997.55,03-JUN-2026
LIQUIDIETF,EQ,   1041.19,02-JUN-2026,    969.99,11-DEC-2025
LIQUIDPLUS,EQ,   1091.54,23-JUN-2026,   1018.24,06-AUG-2025
LIQUIDSBI,EQ,   1029.99,16-JUL-2025,    970.23,01-FEB-2026
LIQUIDSHRI,EQ,   1109.86,23-JUN-2026,   1058.46,23-JUN-2025
LLOYDSENGG,EQ,     91.99,22-JUN-2026,     37.40,30-MAR-2026
LLOYDSENT,EQ,     88.44,04-JUL-2025,     40.69,30-MAR-2026
LLOYDSME,EQ,   1888.60,27-MAY-2026,   1042.90,02-FEB-2026
LMW,EQ,  17063.00,15-JUL-2025,  11920.00,30-MAR-2026
LODHA,EQ,   1509.80,24-JUN-2025,    650.80,02-APR-2026
LORDSCHLO,EQ,    241.99,23-JUL-2025,    108.00,30-MAR-2026
LOTUSDEV,EQ,    218.49,11-AUG-2025,    102.20,30-MAR-2026
LOTUSEYE,EQ,    147.00,30-JAN-2026,     69.36,23-JUN-2025
LOVABLE,EQ,    106.20,16-JUL-2025,     55.00,30-MAR-2026
LOWVOL,EQ,    219.10,07-JAN-2026,    183.58,06-APR-2026
LOWVOL1,EQ,     22.90,01-DEC-2025,     18.77,30-MAR-2026
LOWVOLIETF,EQ,     26.81,27-JAN-2026,     19.84,02-APR-2026
LPDC,EQ,      9.46,26-NOV-2025,      5.23,01-APR-2026
LT,EQ,   4440.00,24-FEB-2026,   3288.10,23-MAR-2026
LTF,EQ,    329.45,06-JAN-2026,    188.00,23-JUN-2025
LTFOODS,EQ,    518.55,17-JUL-2025,    333.15,20-JAN-2026
LTGILTBEES,EQ,     30.15,22-JUN-2026,     27.93,29-AUG-2025
LTGILTCASE,EQ,     30.94,16-MAR-2026,     28.71,28-OCT-2025
LTM,EQ,   6429.50,19-JAN-2026,   3737.30,23-JUN-2026
LTTS,EQ,   4726.00,04-DEC-2025,   3010.00,13-MAR-2026
LUMAXIND,EQ,   6934.50,11-FEB-2026,   3139.70,23-JUN-2025
LUMAXTECH,EQ,   1898.00,15-APR-2026,    954.10,08-AUG-2025
LUPIN,EQ,   2494.00,07-MAY-2026,   1836.80,06-AUG-2025
LUXIND,EQ,   1823.35,24-APR-2026,    824.05,30-MAR-2026
LXCHEM,EQ,    241.00,15-SEP-2025,    107.60,30-MAR-2026
LYKALABS,EQ,    121.44,01-AUG-2025,     44.10,30-MAR-2026
LYPSAGEMS,EQ,      8.34,27-JUN-2025,      4.10,30-MAR-2026
M&M,EQ,   3839.90,05-JAN-2026,   2896.00,16-MAR-2026
M&MFIN,EQ,    412.20,23-DEC-2025,    246.35,29-JUL-2025
MAANALU,EQ,    184.74,18-DEC-2025,    100.00,28-AUG-2025
MACPOWER,EQ,   1250.00,08-MAY-2026,    761.00,10-NOV-2025
MADHAV,EQ,     50.70,26-JUN-2025,     29.00,30-MAR-2026
MADHAVIPL,EQ,      9.90,27-APR-2026,      8.00,15-MAY-2026
MADRASFERT,EQ,     97.40,30-JUL-2025,     52.56,30-MAR-2026
MAFANG,EQ,    208.38,03-JUN-2026,    132.03,23-JUN-2025
MAFATIND,EQ,    146.35,07-MAY-2026,    124.07,18-MAY-2026
MAGADSUGAR,EQ,    686.00,27-JUN-2025,    417.00,30-JAN-2026
MAGNUM,EQ,     30.25,10-SEP-2025,     16.25,24-MAR-2026
MAHABANK,EQ,     91.20,18-JUN-2026,     51.71,01-SEP-2025
MAHAPEXLTD,EQ,     75.64,18-MAR-2026,     37.32,09-DEC-2025
MAHASTEEL,EQ,   1050.00,12-MAR-2026,    312.20,13-AUG-2025
MAHEPC,EQ,    185.12,20-AUG-2025,     91.91,30-MAR-2026
MAHKTECH,EQ,     35.59,06-OCT-2025,     20.51,16-JUL-2025
MAHLIFE,EQ,    427.05,01-DEC-2025,    286.80,30-MAR-2026
MAHLOG,EQ,    450.00,24-APR-2026,    275.05,21-JAN-2026
MAHSCOOTER,EQ,  18538.00,15-SEP-2025,  10901.00,02-APR-2026
MAHSEAMLES,EQ,    773.80,27-JUN-2025,    500.70,27-JAN-2026
MAITHANALL,EQ,   1264.00,30-JUN-2025,    831.20,30-MAR-2026
MAJESAUT,EQ,    349.90,22-JUN-2026,    274.00,04-MAY-2026
MAKEINDIA,EQ,    167.77,08-MAY-2026,    120.00,07-JUL-2025
MALLCOM,EQ,   1520.00,21-OCT-2025,    929.00,30-MAR-2026
MALUPAPER,EQ,     46.30,07-JUL-2025,     27.00,30-MAR-2026
MAMATA,EQ,    541.00,30-JUL-2025,    297.00,30-MAR-2026
MANAKALUCO,EQ,     68.12,20-JAN-2026,     21.73,30-MAR-2026
MANAKCOAT,EQ,    182.82,27-OCT-2025,     94.20,30-MAR-2026
MANAKSIA,EQ,     85.60,23-JUL-2025,     42.10,30-MAR-2026
MANALIPETC,EQ,     81.10,18-JUL-2025,     39.13,30-MAR-2026
MANAPPURAM,EQ,    334.00,25-MAY-2026,    245.15,23-MAR-2026
MANBA,EQ,    159.50,25-JUN-2025,     98.00,30-MAR-2026
MANCREDIT,EQ,    231.00,15-JUN-2026,    152.06,21-JAN-2026
MANGALAM,EQ,     95.00,22-JUL-2025,     22.80,29-DEC-2025
MANGLMCEM,EQ,    953.80,22-APR-2026,    679.35,27-NOV-2025
MANINDS,EQ,    623.70,18-JUN-2026,    302.05,02-FEB-2026
MANINFRA,EQ,    190.83,04-JUL-2025,     77.12,30-MAR-2026
MANKIND,EQ,   2716.50,15-JUL-2025,   1909.70,23-MAR-2026
MANOMAY,EQ,    259.88,28-NOV-2025,    154.10,12-AUG-2025
MANORAMA,EQ,   1760.00,28-JUL-2025,   1060.60,22-JAN-2026
MANUFGBEES,EQ,    171.58,01-APR-2026,    138.60,02-APR-2026
MANYAVAR,EQ,    848.00,04-JUL-2025,    329.20,16-MAR-2026
MAPMYINDIA,EQ,   1998.00,14-OCT-2025,    795.00,30-MAR-2026
MARATHON,EQ,    769.45,17-JUL-2025,    368.30,30-MAR-2026
MARICO,EQ,    848.80,11-MAY-2026,    687.55,23-JUN-2025
MARINE,EQ,    282.48,29-MAY-2026,    150.86,30-MAR-2026
MARKOLINES,EQ,    188.00,14-OCT-2025,    131.65,21-JAN-2026
MARKSANS,EQ,    269.90,23-JUN-2026,    155.00,30-MAR-2026
MARSONS,EQ,    175.40,07-MAY-2026,    109.25,11-JUN-2026
MARUTI,EQ,  17370.00,05-JAN-2026,  12201.00,30-MAR-2026
MASFIN,EQ,    358.85,04-MAY-2026,    277.35,30-MAR-2026
MASPTOP50,EQ,     82.78,22-MAY-2026,     52.90,23-JUN-2025
MASTEK,EQ,   2818.00,21-JUL-2025,   1334.20,30-MAR-2026
MASTERTR,EQ,    170.42,25-JUL-2025,     55.60,30-MAR-2026
MATRIMONY,EQ,    589.80,01-AUG-2025,    364.05,16-MAR-2026
MAXESTATES,EQ,    564.30,21-JUL-2025,    305.45,30-MAR-2026
MAXHEALTH,EQ,   1314.30,04-JUL-2025,    903.00,07-APR-2026
MAXIND,EQ,    241.57,25-SEP-2025,    120.00,30-MAR-2026
MAYURUNIQ,EQ,    849.15,10-JUN-2026,    471.20,12-JAN-2026
MAZDA,EQ,    337.77,07-JUL-2025,    159.20,30-MAR-2026
MAZDOCK,EQ,   3369.00,04-JUL-2025,   2057.40,30-MAR-2026
MBAPL,EQ,    585.00,08-MAY-2026,    373.15,30-SEP-2025
MBEL,EQ,    535.90,10-NOV-2025,    223.05,30-MAR-2026
MCCHRLS-B,EQ,    779.95,04-MAY-2026,    580.00,09-JUN-2026
MCL,EQ,     93.20,21-JAN-2026,     42.00,25-NOV-2025
MCLOUD,EQ,    105.42,17-JUL-2025,     19.40,30-MAR-2026
MCX,EQ,   3480.00,21-MAY-2026,   1460.80,29-AUG-2025
MEDANTA,EQ,   1456.50,08-AUG-2025,    956.00,30-MAR-2026
MEDIASSIST,EQ,    594.10,12-AUG-2025,    293.00,30-MAR-2026
MEDICAMEQ,EQ,    447.65,25-NOV-2025,    216.95,30-MAR-2026
MEDICO,EQ,     56.88,24-DEC-2025,     30.22,30-MAR-2026
MEDPLUS,EQ,   1022.20,21-MAY-2026,    732.00,03-OCT-2025
MEESHO,EQ,    254.40,18-DEC-2025,    125.56,16-MAR-2026
MEGASTAR,EQ,    350.00,23-JUN-2026,    203.00,01-OCT-2025
MENNPIS,EQ,     72.45,23-JUN-2026,     52.35,09-JUN-2026
MENONBE,EQ,    183.00,10-JUN-2026,    101.50,18-DEC-2025
MERCANTILE,EQ,     31.90,12-MAY-2026,     19.00,20-APR-2026
METAL,EQ,     13.97,27-MAY-2026,      8.70,30-OCT-2025
METALIETF,EQ,     14.17,04-JUN-2026,      8.98,19-AUG-2025
METROBRAND,EQ,   1340.40,17-SEP-2025,    883.00,30-MAR-2026
METROGLOBL,EQ,    149.00,11-MAY-2026,    110.00,27-APR-2026
METROPOLIS,EQ,    600.00,14-MAY-2026,    412.25,02-APR-2026
MFML,EQ,     36.99,09-SEP-2025,     19.66,02-MAR-2026
MFSL,EQ,   1892.50,23-FEB-2026,   1433.60,02-APR-2026
MGL,EQ,   1586.90,04-JUL-2025,    900.00,23-MAR-2026
MHLXMIRU,EQ,    244.65,14-NOV-2025,    149.07,22-JUN-2026
MHRIL,EQ,    382.00,24-JUL-2025,    208.22,04-JUN-2026
MICEL,EQ,     82.97,09-SEP-2025,     29.97,30-MAR-2026
MID150,EQ,     24.75,14-AUG-2025,     18.97,22-APR-2026
MID150BEES,EQ,    239.89,23-JUN-2026,    190.43,27-MAR-2026
MID150CASE,EQ,     13.00,09-JUN-2026,      9.63,02-APR-2026
MIDCAP,EQ,     18.55,22-JUN-2026,     15.01,08-JUN-2026
MIDCAPADD,EQ,     25.50,31-DEC-2025,     19.27,02-APR-2026
MIDCAPBETA,EQ,    236.00,22-JUN-2026,    192.50,02-APR-2026
MIDCAPETF,EQ,     23.96,29-MAY-2026,     19.60,02-APR-2026
MIDCAPIETF,EQ,     24.18,22-JUN-2026,     19.89,02-APR-2026
MIDHANI,EQ,    469.00,24-JUN-2025,    266.65,30-MAR-2026
MIDQ50ADD,EQ,    264.64,17-JUL-2025,    209.98,30-MAR-2026
MIDSELIETF,EQ,     20.00,11-NOV-2025,     14.55,30-MAR-2026
MIDSMALL,EQ,     52.62,02-JUL-2025,     42.41,23-MAR-2026
MIDWESTLTD,EQ,   1859.90,08-JAN-2026,   1048.50,28-OCT-2025
MINDACORP,EQ,    679.85,15-JUN-2026,    445.05,11-AUG-2025
MINDTECK,EQ,    307.68,20-OCT-2025,    145.13,30-MAR-2026
MIRZAINT,EQ,     44.00,19-SEP-2025,     24.95,30-MAR-2026
MITTAL,EQ,      1.83,07-JUL-2025,       .70,30-MAR-2026
MKPL,EQ,      8.85,22-SEP-2025,      3.56,30-MAR-2026
MMFL,EQ,    526.95,22-APR-2026,    288.10,21-OCT-2025
MMP,EQ,    319.98,05-MAY-2026,    185.20,30-MAR-2026
MMTC,EQ,     78.35,17-JUN-2026,     50.10,30-MAR-2026
MNC,EQ,     35.54,07-MAY-2026,     27.83,30-MAR-2026
MOALPHA50,EQ,     55.97,22-JUN-2026,     42.10,30-MAR-2026
MOBANK10,EQ,     17.97,19-JUN-2026,     15.75,03-JUN-2026
MOBIKWIK,EQ,    334.00,08-SEP-2025,    151.46,30-MAR-2026
MOCAPITAL,EQ,     57.16,27-MAY-2026,     41.15,29-AUG-2025
MODEFENCE,EQ,    107.99,23-JUN-2026,     77.80,30-MAR-2026
MODIRUBBER,EQ,    167.50,26-DEC-2025,     98.41,18-DEC-2025
MODIS,EQ,    415.10,04-MAY-2026,    276.00,16-MAR-2026
MODTHREAD,EQ,     62.00,22-AUG-2025,     35.61,04-MAR-2026
MOENERGY,EQ,     43.00,02-JUN-2026,     33.00,27-JAN-2026
MOGOLD,EQ,    175.00,29-JAN-2026,     96.30,21-AUG-2025
MOGSEC,EQ,     66.49,10-APR-2026,     60.18,02-SEP-2025
MOHEALTH,EQ,     49.80,23-JUN-2026,     40.79,02-APR-2026
MOHITIND,EQ,     40.19,14-AUG-2025,     18.60,30-MAR-2026
MOIL,EQ,    404.90,06-OCT-2025,    242.35,17-MAR-2026
MOINFRA,EQ,     66.00,05-MAY-2026,     54.60,23-MAR-2026
MOIPO,EQ,     53.00,21-NOV-2025,     36.50,27-MAR-2026
MOKSH,EQ,     16.65,19-DEC-2025,      8.11,30-MAR-2026
MOL,EQ,    106.30,30-JUL-2025,     36.50,30-MAR-2026
MOLDTECH,EQ,    221.00,16-OCT-2025,    101.10,30-MAR-2026
MOLDTKPAC,EQ,    892.90,30-JUL-2025,    464.90,30-MAR-2026
MOLOWVOL,EQ,     43.07,25-FEB-2026,     33.52,30-MAR-2026
MOM100,EQ,     69.20,09-MAR-2026,     56.15,02-APR-2026
MOM30IETF,EQ,     33.61,26-JUN-2025,     26.00,20-FEB-2026
MOM50,EQ,    279.33,01-JAN-2026,    231.11,02-APR-2026
MOMENTUM,EQ,     33.00,10-MAR-2026,     27.05,30-MAR-2026
MOMENTUM30,EQ,     37.38,17-OCT-2025,     26.91,02-APR-2026
MOMENTUM50,EQ,     56.90,01-JUL-2025,     44.96,24-MAR-2026
MOMGF,EQ,    182.16,22-SEP-2025,    137.90,02-APR-2026
MOMIDMTM,EQ,     70.00,22-JUN-2026,     54.78,02-APR-2026
MOMNC,EQ,     35.80,01-FEB-2026,     27.03,30-MAR-2026
MOMOMENTUM,EQ,     66.37,02-JUL-2025,     54.32,02-APR-2026
MON100,EQ,    342.55,05-JUN-2026,    179.11,23-JUN-2025
MON50EQUAL,EQ,     34.88,24-FEB-2026,     29.43,23-MAR-2026
MONARCH,EQ,    398.80,24-JUL-2025,    235.45,30-MAR-2026
MONEXT50,EQ,     74.47,22-JUN-2026,     59.43,30-MAR-2026
MONEYBOXX,EQ,     91.50,20-OCT-2025,     44.02,23-JAN-2026
MONIFTY100,EQ,     27.97,28-OCT-2025,     22.38,27-MAR-2026
MONIFTY500,EQ,     24.88,12-FEB-2026,     20.75,30-MAR-2026
MONQ50,EQ,    147.03,08-JUN-2026,     71.26,24-JUN-2025
MONTECARLO,EQ,    860.95,20-NOV-2025,    464.00,30-MAR-2026
MOPSE,EQ,    114.70,29-JAN-2026,     92.55,29-AUG-2025
MOQUALITY,EQ,    225.60,16-FEB-2026,    176.15,23-MAR-2026
MOREALTY,EQ,    102.90,26-JUN-2025,     64.00,02-APR-2026
MOREPENLAB,EQ,     66.40,07-JUL-2025,     33.05,30-MAR-2026
MOSCHIP,EQ,    288.45,08-OCT-2025,    146.80,30-MAR-2026
MOSERVICE,EQ,     35.37,01-DEC-2025,     28.30,02-APR-2026
MOSILVER,EQ,    385.00,29-JAN-2026,    112.32,20-AUG-2025
MOSMALL250,EQ,     19.38,06-FEB-2026,     14.22,30-MAR-2026
MOTHERSON,EQ,    151.77,29-MAY-2026,     89.70,11-AUG-2025
MOTILALOFS,EQ,   1097.10,28-OCT-2025,    614.90,23-MAR-2026
MOTISONS,EQ,     24.02,08-JUL-2025,     10.62,27-JAN-2026
MOTOUR,EQ,     97.20,17-JUL-2025,     64.00,30-MAR-2026
MOVALUE,EQ,    128.77,26-FEB-2026,     98.10,01-SEP-2025
MPHASIS,EQ,   3037.20,18-SEP-2025,   2013.00,30-MAR-2026
MPSLTD,EQ,   2975.00,15-JUL-2025,   1336.10,09-MAR-2026
MRF,EQ, 163600.00,24-OCT-2025, 122000.00,29-MAY-2026
MRPL,EQ,    212.31,06-MAR-2026,    120.40,07-AUG-2025
MSCI360,EQ,     11.60,03-JUN-2026,      9.60,11-JUN-2026
MSCIADD,EQ,     33.82,01-DEC-2025,     26.40,02-APR-2026
MSCIINDIA,EQ,     32.14,04-NOV-2025,     26.50,30-MAR-2026
MSPL,EQ,     46.12,22-JUN-2026,     26.25,30-MAR-2026
MSTCLTD,EQ,    724.40,16-JUN-2026,    362.15,30-MAR-2026
MSUMI,EQ,     53.59,06-JAN-2026,     35.70,23-MAR-2026
MTARTECH,EQ,   8714.00,19-JUN-2026,   1390.50,29-AUG-2025
MTNL,EQ,     58.20,25-JUN-2025,     21.26,30-MAR-2026
MUFIN,EQ,    133.50,19-JUN-2026,     70.00,24-JUN-2025
MUFTI,EQ,    177.02,21-JUL-2025,     63.06,30-MAR-2026
MUKANDLTD,EQ,    162.00,24-JUL-2025,    113.00,23-JUN-2025
MUKKA,EQ,     31.23,10-SEP-2025,     18.27,30-MAR-2026
MULTICAP,EQ,     17.50,02-JUN-2026,     14.20,02-APR-2026
MUNJALAU,EQ,    114.55,30-SEP-2025,     67.20,30-MAR-2026
MUNJALSHOW,EQ,    157.50,09-JUL-2025,    110.30,30-MAR-2026
MURUDCERA,EQ,     48.25,22-JUL-2025,     25.16,30-MAR-2026
MUTHOOTCAP,EQ,    366.30,16-JUL-2025,    175.25,23-MAR-2026
MUTHOOTFIN,EQ,   4149.50,29-JAN-2026,   2476.60,13-AUG-2025
MUTHOOTMF,EQ,    217.99,07-MAY-2026,    125.15,23-JUN-2025
MVGJL,EQ,    266.00,23-JUN-2025,    129.10,30-MAR-2026
MWL,EQ,    395.50,02-JUN-2026,    158.00,07-JUL-2025
NACLIND,EQ,    311.42,01-AUG-2025,    112.62,09-MAR-2026
NAGREEKEXP,EQ,     40.00,17-SEP-2025,     17.50,30-MAR-2026
NAHARCAP,EQ,    354.25,01-JUL-2025,    191.00,30-MAR-2026
NAHARINDUS,EQ,    139.22,01-JUL-2025,     83.05,30-MAR-2026
NAHARPOLY,EQ,    369.00,07-JUL-2025,    200.00,30-MAR-2026
NAM-INDIA,EQ,   1194.00,22-JUN-2026,    753.35,23-JUN-2025
NARMADA,EQ,     45.17,10-JUN-2026,     16.06,23-JUN-2025
NATCAPSUQ,EQ,    296.00,26-SEP-2025,    136.36,27-MAR-2026
NATCOPHARM,EQ,   1226.80,12-MAY-2026,    789.00,30-SEP-2025
NATHBIOGEN,EQ,    238.69,10-JUL-2025,    126.15,30-MAR-2026
NATIONALUM,EQ,    445.15,27-APR-2026,    179.93,04-AUG-2025
NATIONSTD,EQ,   1519.95,20-APR-2026,   1000.10,19-MAY-2026
NAUKRI,EQ,   1537.20,27-JUN-2025,    908.30,25-MAY-2026
NAVA,EQ,    739.40,11-MAY-2026,    501.65,25-NOV-2025
NAVINFLUOR,EQ,   7639.00,22-JUN-2026,   4498.50,29-SEP-2025
NAVKARCORP,EQ,    140.20,30-JUL-2025,     74.05,30-MAR-2026
NAVNETEDUL,EQ,    168.50,04-SEP-2025,    121.50,30-MAR-2026
NAZARA,EQ,    363.25,13-AUG-2025,    215.70,23-MAR-2026
NBCC,EQ,    125.85,29-DEC-2025,     77.18,30-MAR-2026
NBIFIN,EQ,   3089.00,26-JUN-2025,   1539.00,30-MAR-2026
NCC,EQ,    236.89,01-JUL-2025,    130.00,30-MAR-2026
NCLIND,EQ,    239.39,30-JUN-2025,    147.50,30-MAR-2026
NDGL,EQ,   4487.00,02-JUL-2025,   2100.00,27-MAR-2026
NDL,EQ,      4.20,10-JUL-2025,      1.80,30-MAR-2026
NDLVENTURE,EQ,    140.00,21-APR-2026,     62.21,08-AUG-2025
NDRAUTO,EQ,   1220.00,18-JUL-2025,    605.05,30-MAR-2026
NDTV,EQ,    134.50,22-SEP-2025,     58.75,30-MAR-2026
NEAGI,EQ,   3459.20,07-MAY-2026,   3026.00,11-JUN-2026
NECCLTD,EQ,     25.65,03-JUL-2025,     10.55,01-APR-2026
NELCAST,EQ,    180.90,01-AUG-2025,     85.98,30-JAN-2026
NELCO,EQ,   1117.85,25-JUN-2025,    500.10,30-MAR-2026
NEOGEN,EQ,   2090.00,16-JUN-2026,    966.70,10-DEC-2025
NEPHROPLUS,EQ,    769.75,12-JUN-2026,    446.00,19-DEC-2025
NESCO,EQ,   1638.90,11-SEP-2025,    996.00,30-MAR-2026
NESTLEIND,EQ,   1498.10,11-MAY-2026,   1084.70,14-AUG-2025
NETF,EQ,    292.90,03-FEB-2026,    240.66,02-APR-2026
NETWEB,EQ,   5244.00,19-JUN-2026,   1734.40,23-JUN-2025
NETWORK18,EQ,     65.29,16-JUL-2025,     27.38,30-MAR-2026
NEULANDLAB,EQ,  19747.00,10-NOV-2025,  11500.00,23-MAR-2026
NEWGEN,EQ,   1237.40,26-JUN-2025,    401.05,30-MAR-2026
NEXT30ADD,EQ,     45.90,22-JUN-2026,     36.98,02-APR-2026
NEXT50,EQ,    753.43,23-JUN-2026,    617.00,02-APR-2026
NEXT50ADD,EQ,     81.00,01-FEB-2026,     56.25,15-APR-2026
NEXT50BETA,EQ,     79.44,22-JUN-2026,     64.34,30-MAR-2026
NEXT50ETF,EQ,     74.97,23-JUN-2026,     60.15,02-APR-2026
NEXT50IETF,EQ,     77.61,29-MAY-2026,     62.60,30-MAR-2026
NEXTMEDIA,EQ,      8.48,30-OCT-2025,      3.42,30-MAR-2026
NFL,EQ,    104.36,25-JUL-2025,     63.35,30-MAR-2026
NGLFINE,EQ,   3232.00,23-JUN-2026,    995.00,23-JUN-2025
NH,EQ,   2370.20,27-JUN-2025,   1589.00,02-APR-2026
NHPC,EQ,     89.75,14-JUL-2025,     71.62,11-JUN-2026
NIACL,EQ,    218.00,22-JUN-2026,    116.97,30-MAR-2026
NIBE,EQ,   1848.00,22-JUN-2026,    809.60,30-MAR-2026
NIBL,EQ,     40.80,31-DEC-2025,     21.62,01-AUG-2025
NIF100BEES,EQ,    290.00,23-OCT-2025,    240.00,02-APR-2026
NIF100IETF,EQ,     30.88,01-JAN-2026,     25.34,02-APR-2026
NIFTY1,EQ,    320.00,21-AUG-2025,    244.80,02-APR-2026
NIFTY100EW,EQ,     41.41,20-FEB-2026,     29.84,02-APR-2026
NIFTYADD,EQ,    300.00,16-OCT-2025,    232.64,02-APR-2026
NIFTYBEES,EQ,    302.25,09-DEC-2025,    251.70,02-APR-2026
NIFTYBETA,EQ,    297.48,01-DEC-2025,    244.90,02-APR-2026
NIFTYBETF,EQ,    279.99,19-MAR-2026,    227.01,30-MAR-2026
NIFTYCASE,EQ,     10.97,21-OCT-2025,      8.84,02-APR-2026
NIFTYETF,EQ,    289.05,02-JAN-2026,    239.81,02-APR-2026
NIFTYIETF,EQ,    328.24,08-SEP-2025,    250.40,02-APR-2026
NIFTYQLITY,EQ,     23.03,08-JAN-2026,     18.95,02-APR-2026
NIITLTD,EQ,    133.85,30-JUN-2025,     49.00,30-MAR-2026
NIITMTS,EQ,    443.90,26-DEC-2025,    203.30,29-MAY-2026
NILAINFRA,EQ,     13.78,11-JUL-2025,      5.90,30-MAR-2026
NILASPACES,EQ,     20.47,26-SEP-2025,     11.17,27-JUN-2025
NILE,EQ,   1933.00,26-MAY-2026,   1605.05,24-APR-2026
NILKAMAL,EQ,   1865.00,25-JUL-2025,   1050.50,30-MAR-2026
NIPPOBATRY,EQ,    505.90,04-SEP-2025,    257.00,30-MAR-2026
NIRAJISPAT,EQ,    612.50,14-JUL-2025,    155.00,30-JAN-2026
NIRLON,EQ,    634.80,26-MAY-2026,    516.03,20-APR-2026
NITCO,EQ,    163.95,03-JUL-2025,     64.00,13-MAR-2026
NITINSPIN,EQ,    573.90,19-JUN-2026,    302.20,21-JAN-2026
NITIRAJ,EQ,    236.98,16-SEP-2025,    168.00,09-JUN-2026
NITTAGELA,EQ,   1870.00,04-JUN-2026,    837.05,20-APR-2026
NIVABUPA,EQ,     92.90,17-JUL-2025,     67.50,24-MAR-2026
NKIND,EQ,     87.78,16-SEP-2025,     54.54,09-MAR-2026
NLCINDIA,EQ,    387.80,14-MAY-2026,    220.71,08-JUL-2025
NMDC,EQ,     97.49,03-JUN-2026,     67.00,02-JUL-2025
NOCIL,EQ,    204.50,23-JUN-2026,    125.31,27-JAN-2026
NORBTEAEXP,EQ,     99.35,02-JAN-2026,     30.50,22-JUL-2025
NORTHARC,EQ,    321.70,11-MAY-2026,    206.00,30-MAR-2026
NOVARTIND,EQ,   1589.20,01-JUN-2026,    950.00,24-APR-2026
NPBET,EQ,    307.00,10-FEB-2026,    246.26,06-APR-2026
NPST,EQ,   2388.30,22-AUG-2025,    846.60,16-MAR-2026
NRAIL,EQ,    519.00,06-MAY-2026,    325.00,24-JUN-2025
NRBBEARING,EQ,    455.80,10-JUN-2026,    212.55,30-MAR-2026
NSIL,EQ,   8730.00,17-OCT-2025,   4700.00,30-MAR-2026
NSLNISP,EQ,     53.75,02-JUN-2026,     33.01,30-MAR-2026
NTPC,EQ,    414.40,27-APR-2026,    315.55,09-DEC-2025
NTPCGREEN,EQ,    119.95,27-APR-2026,     84.00,02-MAR-2026
NUCLEUS,EQ,   1242.40,24-JUN-2025,    690.00,08-JUN-2026
NURECA,EQ,    343.00,20-OCT-2025,    204.00,30-MAR-2026
NUVAMA,EQ,   1779.00,18-JUN-2026,   1096.90,23-MAR-2026
NUVOCO,EQ,    477.50,04-SEP-2025,    276.25,24-MAR-2026
NV20,EQ,     16.87,01-FEB-2026,     12.62,08-JUN-2026
NV20BEES,EQ,    160.00,01-APR-2026,    122.02,15-SEP-2025
NV20IETF,EQ,     16.00,21-JAN-2026,     12.50,12-FEB-2026
NYKAA,EQ,    308.95,23-JUN-2026,    194.60,23-JUN-2025
OAL,EQ,    422.00,17-JUL-2025,    228.00,30-MAR-2026
OBCL,EQ,     64.84,25-AUG-2025,     49.00,03-JUN-2026
OBEROIRLTY,EQ,   2005.00,25-JUN-2025,   1391.20,23-MAR-2026
ODIGMA,EQ,     56.09,22-SEP-2025,     20.00,11-JUN-2026
OFSS,EQ,  10584.50,29-MAY-2026,   6234.50,17-MAR-2026
OIL,EQ,    531.00,14-MAY-2026,    384.60,29-AUG-2025
OILIETF,EQ,     14.00,02-MAR-2026,      9.80,30-MAR-2026
OLAELEC,EQ,     71.25,04-SEP-2025,     22.25,16-MAR-2026
OLECTRA,EQ,   1714.20,23-SEP-2025,    866.60,16-MAR-2026
OMAXE,EQ,    110.00,18-JUL-2025,     62.50,09-DEC-2025
OMFREIGHT,EQ,    107.40,18-NOV-2025,     58.95,30-MAR-2026
OMINFRAL,EQ,    146.12,26-JUN-2025,     71.50,27-JAN-2026
OMNI,EQ,    548.00,04-JUN-2026,    176.25,09-MAR-2026
OMPOWER,EQ,    206.00,21-APR-2026,    167.00,03-JUN-2026
ONEPOINT,EQ,     65.85,29-MAY-2026,     40.58,30-MAR-2026
ONESOURCE,EQ,   2231.90,01-JUL-2025,   1057.00,30-JAN-2026
ONGC,EQ,    307.50,29-APR-2026,    228.61,17-DEC-2025
ONMOBILE,EQ,     75.09,27-OCT-2025,     40.21,30-MAR-2026
ONWARDTEC,EQ,    385.00,17-JUL-2025,    208.25,30-MAR-2026
OPTIEMUS,EQ,    713.00,25-SEP-2025,    288.00,30-MAR-2026
ORBTEXP,EQ,    265.00,08-OCT-2025,    135.00,30-MAR-2026
ORCHASP,EQ,      4.16,16-OCT-2025,      1.56,17-JUN-2026
ORCHPHARMA,EQ,   1094.00,16-JUN-2026,    480.00,30-MAR-2026
ORICONENT,EQ,     73.12,15-APR-2026,     42.55,27-JUN-2025
ORIENTALTL,EQ,     15.49,08-JUL-2025,      4.40,30-MAR-2026
ORIENTBELL,EQ,    364.00,25-MAY-2026,    238.75,28-AUG-2025
ORIENTCEM,EQ,    267.80,28-JUL-2025,    122.32,30-MAR-2026
ORIENTCER,EQ,     56.64,02-JAN-2026,     34.00,30-MAR-2026
ORIENTELEC,EQ,    229.41,17-JUL-2025,    149.05,30-MAR-2026
ORIENTHOT,EQ,    168.99,17-JUL-2025,     80.00,16-MAR-2026
ORIENTLTD,EQ,    102.00,12-AUG-2025,     53.72,30-MAR-2026
ORIENTPPR,EQ,     31.05,07-JUL-2025,     13.25,30-MAR-2026
ORIENTTECH,EQ,    466.73,07-OCT-2025,    220.80,30-MAR-2026
ORISSAMINE,EQ,   6138.90,06-OCT-2025,   3100.50,30-MAR-2026
ORKLAINDIA,EQ,    760.00,06-NOV-2025,    533.25,17-FEB-2026
OSWALGREEN,EQ,     49.10,24-JUN-2025,     19.76,30-MAR-2026
OSWALPUMPS,EQ,    888.40,21-AUG-2025,    283.10,16-MAR-2026
OSWALSEEDS,EQ,     20.28,26-DEC-2025,      9.67,01-APR-2026
PACEDIGITK,EQ,    231.95,10-OCT-2025,    139.81,30-MAR-2026
PAGEIND,EQ,  50590.00,27-JUN-2025,  29805.00,16-MAR-2026
PAISALO,EQ,     61.00,10-JUN-2026,     29.41,23-JUN-2025
PAKKA,EQ,    226.78,27-JUN-2025,     74.12,13-MAR-2026
PALASHSECU,EQ,    134.80,09-SEP-2025,     79.01,30-MAR-2026
PANACEABIO,EQ,    647.00,09-JUN-2026,    292.40,30-MAR-2026
PANACHE,EQ,    472.15,08-OCT-2025,    191.78,25-JUN-2025
PANAMAPET,EQ,    512.05,22-JUN-2026,    229.00,30-MAR-2026
PANSARI,EQ,    352.30,19-NOV-2025,    218.00,30-JUN-2025
PAR,EQ,    122.43,18-SEP-2025,     78.05,30-MAR-2026
PARACABLES,EQ,     74.80,22-JUN-2026,     28.30,30-MAR-2026
PARADEEP,EQ,    234.39,29-JUL-2025,     99.70,09-MAR-2026
PARAGMILK,EQ,    376.95,13-NOV-2025,    177.84,30-MAR-2026
PARAS,EQ,   1443.00,19-JUN-2026,    580.50,23-MAR-2026
PARASPETRO,EQ,      3.23,02-FEB-2026,      1.53,14-JAN-2026
PARKHOSPS,EQ,    297.00,10-JUN-2026,    138.10,18-DEC-2025
PARKHOTELS,EQ,    168.49,17-JUL-2025,     95.10,30-MAR-2026
PASHUPATI,EQ,    118.35,17-APR-2026,     65.04,10-JUL-2025
PATANJALI,EQ,    653.93,22-JUL-2025,    408.15,05-JUN-2026
PATELENG,EQ,     41.13,19-SEP-2025,     22.00,30-MAR-2026
PATELRMART,EQ,    305.00,26-AUG-2025,    150.25,30-MAR-2026
PAUSHAKLTD,EQ,    633.05,16-DEC-2025,    342.50,30-MAR-2026
PAYTM,EQ,   1381.80,02-DEC-2025,    862.00,23-JUN-2025
PCBL,EQ,    437.30,10-JUL-2025,    226.50,24-MAR-2026
PCJEWELLER,EQ,     19.65,07-JUL-2025,      7.47,30-MAR-2026
PDMJEPAPER,EQ,    148.39,25-AUG-2025,     65.00,30-MAR-2026
PDSL,EQ,    433.90,08-JUL-2025,    246.05,23-MAR-2026
PENIND,EQ,    279.90,07-NOV-2025,    129.10,30-MAR-2026
PERSISTENT,EQ,   6599.00,23-DEC-2025,   4449.10,02-MAR-2026
PETRONET,EQ,    326.40,27-FEB-2026,    235.35,23-MAR-2026
PFC,EQ,    486.50,28-APR-2026,    329.90,18-DEC-2025
PFIZER,EQ,   5896.00,08-JUL-2025,   4396.70,05-JUN-2026
PFS,EQ,     43.99,15-JUL-2025,     23.85,30-MAR-2026
PGEL,EQ,    836.45,17-JUL-2025,    436.55,06-APR-2026
PGHH,EQ,  14540.00,30-JUL-2025,   8883.50,16-JUN-2026
PGHL,EQ,   6739.00,29-AUG-2025,   4707.00,06-APR-2026
PGIL,EQ,   1993.30,13-NOV-2025,   1178.10,05-SEP-2025
PHARMABEES,EQ,     26.52,23-JAN-2026,     21.46,30-SEP-2025
PHOENIXLTD,EQ,   1993.00,12-JAN-2026,   1402.50,11-AUG-2025
PICCADIL,EQ,    805.50,22-SEP-2025,    515.00,30-MAR-2026
PIDILITIND,EQ,   1599.30,23-JUN-2026,   1259.00,06-APR-2026
PIGL,EQ,    189.70,29-SEP-2025,     88.05,01-JUN-2026
PIIND,EQ,   4330.00,30-JUL-2025,   2657.20,02-JUN-2026
PILANIINVS,EQ,   5980.00,23-OCT-2025,   4092.20,30-MAR-2026
PINELABS,EQ,    284.00,14-NOV-2025,    134.73,27-MAY-2026
PIONEEREMB,EQ,     45.44,08-JUL-2025,     19.61,30-MAR-2026
PIONRINV,EQ,    135.44,29-MAY-2026,     88.00,16-JUN-2026
PIRAMALFIN,EQ,   2175.00,22-JUN-2026,   1260.00,07-NOV-2025
PITTIENG,EQ,   1044.40,22-JUL-2025,    675.00,21-JAN-2026
PIXTRANS,EQ,   1706.00,22-MAY-2026,   1220.10,12-AUG-2025
PKTEA,EQ,    998.00,26-DEC-2025,    567.20,11-AUG-2025
PLASTIBLEN,EQ,    217.62,07-JUL-2025,    121.01,30-MAR-2026
PLATIND,EQ,    342.40,17-SEP-2025,    183.50,30-MAR-2026
PML,EQ,    645.00,20-APR-2026,    491.25,19-JUN-2026
PNB,EQ,    135.15,19-JAN-2026,     98.50,18-MAY-2026
PNBGILTS,EQ,    119.80,24-JUL-2025,     58.60,30-MAR-2026
PNBHOUSING,EQ,   1136.00,27-JUN-2025,    729.60,09-MAR-2026
PNC,EQ,     40.64,03-SEP-2025,     16.00,30-MAR-2026
PNCINFRA,EQ,    331.80,17-JUL-2025,    158.17,30-MAR-2026
PNGJL,EQ,    736.40,08-MAY-2026,    503.00,04-MAR-2026
PNGSREVA,EQ,    476.75,29-APR-2026,    324.25,30-MAR-2026
POCL,EQ,   1619.00,14-MAY-2026,    689.00,23-JUN-2025
PODDARMENT,EQ,    334.80,25-JUN-2025,    201.10,30-MAR-2026
POKARNA,EQ,   1146.20,05-FEB-2026,    692.60,02-FEB-2026
POLICYBZR,EQ,   1974.00,04-SEP-2025,   1364.00,09-MAR-2026
POLYCAB,EQ,  10126.00,22-JUN-2026,   5975.00,23-JUN-2025
POLYMED,EQ,   2316.60,02-JUL-2025,   1182.00,30-MAR-2026
POLYPLEX,EQ,   1269.80,25-JUN-2025,    740.00,30-MAR-2026
PONNIERODE,EQ,    359.00,05-JUN-2026,    252.40,05-FEB-2026
POONAWALLA,EQ,    570.40,06-OCT-2025,    361.20,30-MAR-2026
POWERGRID,EQ,    324.95,27-APR-2026,    250.00,02-FEB-2026
POWERICA,EQ,    651.35,23-JUN-2026,    365.10,02-APR-2026
POWERINDIA,EQ,  38785.00,01-JUN-2026,  16111.00,16-JAN-2026
POWERMECH,EQ,   3415.00,10-JUL-2025,   1717.70,30-MAR-2026
PPAP,EQ,    294.79,29-OCT-2025,    176.00,30-MAR-2026
PPL,EQ,    408.95,27-JUN-2025,    163.21,30-MAR-2026
PPLPHARMA,EQ,    220.85,17-JUL-2025,    132.30,23-MAR-2026
PRABHA,EQ,    306.70,16-JUL-2025,    142.20,21-JAN-2026
PRADPME,EQ,    553.50,23-JUN-2026,    357.05,22-APR-2026
PRAENG,EQ,     33.88,31-OCT-2025,     17.00,30-MAR-2026
PRAJIND,EQ,    513.80,01-JUL-2025,    273.00,27-JAN-2026
PRAKASH,EQ,    190.90,05-AUG-2025,    110.24,27-JAN-2026
PRAKASHSTL,EQ,      6.57,30-DEC-2025,      3.84,01-APR-2026
PRAVEG,EQ,    325.00,29-APR-2026,    210.40,11-JUN-2026
PRECAM,EQ,    262.00,09-SEP-2025,    103.98,30-MAR-2026
PRECOT,EQ,    861.25,29-MAY-2026,    300.05,21-JAN-2026
PRECWIRE,EQ,    467.50,25-MAY-2026,    168.51,11-AUG-2025
PREMCO,EQ,    484.90,08-MAY-2026,    360.00,08-JUN-2026
PREMEXPLN,EQ,    798.90,19-JUN-2026,    378.40,30-MAR-2026
PREMIERENE,EQ,   1136.40,15-JUL-2025,    660.00,01-FEB-2026
PRESTIGE,EQ,   1814.00,22-JUL-2025,   1090.00,02-APR-2026
PRICOLLTD,EQ,    694.20,05-JAN-2026,    415.10,11-AUG-2025
PRIMESECU,EQ,    325.00,18-NOV-2025,    244.50,29-AUG-2025
PRIMO,EQ,     31.39,24-JUL-2025,     16.10,24-MAR-2026
PRINCEPIPE,EQ,    376.20,11-JUL-2025,    205.00,30-MAR-2026
PRIVISCL,EQ,   3720.10,23-JUN-2026,   2173.20,05-AUG-2025
PROSTARM,EQ,    253.49,30-JUL-2025,    114.64,30-MAR-2026
PROTEAN,EQ,    945.50,03-SEP-2025,    444.00,30-MAR-2026
PROZONER,EQ,     72.77,29-OCT-2025,     34.42,24-JUN-2025
PRSMJOHNSN,EQ,    176.00,18-SEP-2025,    117.32,27-JAN-2026
PRUDENT,EQ,   3160.10,23-JUN-2026,   2121.00,09-MAR-2026
PSB,EQ,     33.55,01-JUL-2025,     20.50,30-MAR-2026
PSPPROJECT,EQ,   1029.90,14-NOV-2025,    569.20,30-MAR-2026
PSUBANK,EQ,   1010.00,17-FEB-2026,    662.59,29-AUG-2025
PSUBANKADD,EQ,     99.88,26-FEB-2026,     67.20,01-AUG-2025
PSUBNKBEES,EQ,    110.40,26-FEB-2026,     73.82,04-AUG-2025
PSUBNKIETF,EQ,    104.00,24-FEB-2026,     67.86,10-SEP-2025
PTC,EQ,    229.51,07-MAY-2026,    149.59,21-JAN-2026
PTCIL,EQ,  19851.00,03-JUN-2026,  13251.00,20-AUG-2025
PTL,EQ,     47.40,02-JUL-2025,     36.10,30-MAR-2026
PUNJABCHEM,EQ,   1666.00,30-JUL-2025,    876.60,30-MAR-2026
PURVA,EQ,    305.00,02-SEP-2025,    160.69,30-MAR-2026
PVP,EQ,     39.41,25-NOV-2025,     18.30,08-JUL-2025
PVRINOX,EQ,   1249.70,30-OCT-2025,    907.40,30-MAR-2026
PVSL,EQ,    163.00,16-OCT-2025,     82.41,16-MAR-2026
PVTBANIETF,EQ,     30.32,19-FEB-2026,     24.18,02-APR-2026
PVTBANKADD,EQ,     31.88,13-APR-2026,     24.02,02-APR-2026
PVTBKGROWW,EQ,     28.83,23-JUN-2026,     25.45,08-JUN-2026
PWL,EQ,    161.99,18-NOV-2025,     77.72,04-MAR-2026
PYRAMID,EQ,    189.19,26-JUN-2025,    131.80,30-MAR-2026
QGOLDHALF,EQ,    149.69,29-JAN-2026,     78.43,08-JUL-2025
QMSMEDI,EQ,    114.00,22-JUN-2026,     68.95,17-MAR-2026
QNIFTY,EQ,    291.19,05-JAN-2026,    243.20,02-APR-2026
QUADFUTURE,EQ,    531.00,21-JUL-2025,    248.55,18-DEC-2025
QUAL30IETF,EQ,     23.00,18-FEB-2026,     18.00,26-NOV-2025
QUALITY30,EQ,     23.18,03-FEB-2026,     18.09,23-MAR-2026
QUESS,EQ,    320.90,17-JUL-2025,    166.30,30-MAR-2026
QUINT,EQ,     47.69,04-MAY-2026,     33.45,22-APR-2026
RACLGEAR,EQ,   1691.90,17-FEB-2026,    805.00,18-AUG-2025
RADAAN,EQ,      4.57,08-JUL-2025,      2.35,30-MAR-2026
RADHIKAJWE,EQ,    111.50,30-JUL-2025,     50.01,30-MAR-2026
RADIANTCMS,EQ,     64.59,01-JUL-2025,     32.33,30-MAR-2026
RADICO,EQ,   3806.20,22-JUN-2026,   2500.00,02-MAR-2026
RADIOCITY,EQ,      9.75,15-JUL-2025,      4.50,30-MAR-2026
RAILTEL,EQ,    436.50,25-JUN-2025,    245.00,30-MAR-2026
RAIN,EQ,    214.17,15-JUN-2026,     99.90,09-DEC-2025
RAINBOW,EQ,   1645.70,24-JUL-2025,   1084.00,23-MAR-2026
RAJMET,EQ,      5.48,28-JUL-2025,      2.72,24-MAR-2026
RAJOOENG,EQ,    145.88,16-JUL-2025,     46.00,30-MAR-2026
RAJPALAYAM,EQ,    875.00,02-JUN-2026,    745.00,20-APR-2026
RAJRATAN,EQ,    540.00,08-JAN-2026,    305.55,08-OCT-2025
RAJSREESUG,EQ,     50.49,27-JUN-2025,     24.65,23-MAR-2026
RAJTV,EQ,     46.90,17-DEC-2025,     11.41,10-JUN-2026
RALLIS,EQ,    385.90,30-JUL-2025,    215.50,30-MAR-2026
RAMANEWS,EQ,     42.00,11-MAR-2026,     27.05,07-NOV-2025
RAMAPHO,EQ,    217.19,10-NOV-2025,    103.50,30-MAR-2026
RAMASTEEL,EQ,     12.69,11-JUL-2025,      3.43,30-MAR-2026
RAMCOCEM,EQ,   1214.50,09-FEB-2026,    838.30,10-JUN-2026
RAMCOIND,EQ,    398.05,22-SEP-2025,    230.65,30-MAR-2026
RAMCOSYS,EQ,    682.35,12-DEC-2025,    342.10,30-MAR-2026
RAMKY,EQ,    705.00,07-OCT-2025,    410.05,11-JUN-2026
RAMRAT,EQ,    520.00,27-MAY-2026,    268.00,20-JAN-2026
RANASUG,EQ,     16.70,27-JUN-2025,     10.21,27-JAN-2026
RANEHOLDIN,EQ,   1798.00,06-OCT-2025,    981.00,30-MAR-2026
RATEGAIN,EQ,    901.60,18-JUN-2026,    417.60,07-AUG-2025
RATNAMANI,EQ,   3345.00,11-MAY-2026,   1936.50,11-FEB-2026
RATNAVEER,EQ,    197.00,18-JUN-2026,    130.50,30-MAR-2026
RAYMOND,EQ,    783.90,02-JUL-2025,    320.00,30-MAR-2026
RAYMONDLSL,EQ,   1411.90,30-JUN-2025,    696.25,29-MAY-2026
RAYMONDREL,EQ,   1050.00,01-JUL-2025,    349.00,16-MAR-2026
RBA,EQ,     87.65,18-SEP-2025,     57.15,30-MAR-2026
RBLBANK,EQ,    381.70,22-JUN-2026,    224.03,23-JUN-2025
RBZJEWEL,EQ,    179.00,12-NOV-2025,    100.00,30-MAR-2026
RCF,EQ,    164.49,04-SEP-2025,    106.00,30-MAR-2026
RECLTD,EQ,    409.80,27-JUN-2025,    304.05,30-MAR-2026
REDINGTON,EQ,    334.80,30-JUN-2025,    191.31,02-APR-2026
REDTAPE,EQ,    163.50,19-SEP-2025,    107.53,27-JAN-2026
REFEX,EQ,    475.80,26-JUN-2025,    188.00,23-MAR-2026
REGENCERAM,EQ,     54.99,23-OCT-2025,     35.31,24-JUN-2025
RELAXO,EQ,    526.00,04-SEP-2025,    236.50,30-MAR-2026
RELCHEMQ,EQ,    205.00,10-JUL-2025,    105.01,30-MAR-2026
RELIABLE,EQ,    175.00,04-FEB-2026,     71.21,08-JUL-2025
RELIANCE,EQ,   1611.80,05-JAN-2026,   1253.20,11-JUN-2026
RELIGARE,EQ,    295.00,24-JUL-2025,    196.51,09-MAR-2026
RELTD,EQ,    188.01,22-SEP-2025,    114.77,01-JUN-2026
REMSONSIND,EQ,    157.00,30-JUN-2025,     77.15,30-MAR-2026
RENUKA,EQ,     34.07,07-JUL-2025,     21.05,03-JUN-2026
REPCOHOME,EQ,    464.45,16-JUL-2025,    333.60,23-MAR-2026
REPRO,EQ,    590.15,17-JUL-2025,    307.05,30-MAR-2026
RESPONIND,EQ,    251.00,04-JUL-2025,    117.25,02-APR-2026
RETAIL,EQ,     44.13,21-AUG-2025,     15.81,30-MAR-2026
RGL,EQ,    147.90,26-FEB-2026,     85.00,23-MAR-2026
RHETAN,EQ,     32.41,12-JUN-2026,     20.32,26-SEP-2025
RHIM,EQ,    537.70,01-AUG-2025,    323.05,30-MAR-2026
RHL,EQ,    314.00,10-JUL-2025,    160.98,30-MAR-2026
RICOAUTO,EQ,    157.00,22-JUN-2026,     65.73,12-AUG-2025
RIIL,EQ,    993.00,26-JUN-2025,    617.35,30-MAR-2026
RISHABH,EQ,    597.00,23-JUN-2026,    272.30,29-JUL-2025
RITCO,EQ,    317.10,18-JUL-2025,    167.10,02-APR-2026
RITES,EQ,    299.80,02-JUL-2025,    175.00,30-MAR-2026
RKDL,EQ,     32.48,17-SEP-2025,     16.30,05-MAR-2026
RKEC,EQ,     84.99,27-JUN-2025,     23.90,17-JUN-2026
RKFORGE,EQ,    691.50,30-JUN-2025,    460.15,23-MAR-2026
RKSWAMY,EQ,    198.00,25-JUN-2025,     67.15,30-MAR-2026
RMC,EQ,    530.00,23-APR-2026,    285.00,11-JUN-2026
RMDRIP,EQ,     72.22,25-FEB-2026,     14.81,04-JUN-2026
RML,EQ,   1169.00,22-JUN-2026,    608.50,30-MAR-2026
RNBDENIMS,EQ,     67.67,25-FEB-2026,      9.03,10-JUN-2026
ROHLTD,EQ,    593.40,02-SEP-2025,    269.40,30-MAR-2026
ROLEXRINGS,EQ,    176.00,22-APR-2026,     99.79,24-NOV-2025
ROML,EQ,     63.89,03-JUL-2025,     35.11,30-MAR-2026
ROSSARI,EQ,    766.00,15-JUL-2025,    375.00,30-MAR-2026
ROSSELLIND,EQ,     75.80,10-JUL-2025,     40.00,27-JAN-2026
ROSSTECH,EQ,   1122.00,03-JUN-2026,    393.40,23-JUN-2025
ROTO,EQ,    109.50,11-JUL-2025,     47.50,30-MAR-2026
ROUTE,EQ,   1039.90,30-JUN-2025,    410.70,30-MAR-2026
RPEL,EQ,   1234.00,19-JUN-2026,    561.30,30-MAR-2026
RPGLIFE,EQ,   2725.00,07-JUL-2025,   1733.00,23-MAR-2026
RPOWER,EQ,     70.90,01-JUL-2025,     20.17,30-MAR-2026
RPPINFRA,EQ,    169.90,02-SEP-2025,     55.04,30-MAR-2026
RPPL,EQ,     28.95,04-JUL-2025,     14.25,30-MAR-2026
RPSGVENT,EQ,   1179.00,07-APR-2026,    551.90,23-MAR-2026
RPTECH,EQ,    784.65,22-JUN-2026,    275.60,11-AUG-2025
RRIL,EQ,     21.50,22-MAY-2026,     15.25,21-APR-2026
RRKABEL,EQ,   2427.50,23-JUN-2026,   1165.00,29-AUG-2025
RSDFIN,EQ,    106.90,22-MAY-2026,     73.00,09-JUN-2026
RSL,EQ,    144.90,11-MAY-2026,    101.70,30-MAR-2026
RSYSTEMS,EQ,    496.90,22-AUG-2025,    229.25,30-MAR-2026
RTNINDIA,EQ,     69.70,09-JUL-2025,     24.40,09-MAR-2026
RTNPOWER,EQ,     16.92,11-JUL-2025,      7.52,30-MAR-2026
RUBFILA,EQ,     92.20,16-JUL-2025,     57.31,30-MAR-2026
RUBICON,EQ,   1415.00,22-JUN-2026,    570.75,24-OCT-2025
RUCHINFRA,EQ,      8.25,24-SEP-2025,      4.05,30-MAR-2026
RUCHIRA,EQ,    173.00,18-SEP-2025,     95.17,30-MAR-2026
RUPA,EQ,    232.90,16-JUL-2025,    109.21,30-MAR-2026
RUSHIL,EQ,     33.99,17-SEP-2025,     12.49,30-MAR-2026
RUSTOMJEE,EQ,    697.00,02-JUL-2025,    358.80,23-MAR-2026
RVHL,EQ,     71.36,17-SEP-2025,     28.50,30-MAR-2026
RVNL,EQ,    405.50,27-JUN-2025,    221.55,11-JUN-2026
RVTH,EQ,   1300.00,24-SEP-2025,    491.10,16-MAR-2026
S&SPOWER,EQ,    468.90,16-SEP-2025,    193.50,09-DEC-2025
SAATVIKGL,EQ,    567.00,10-OCT-2025,    328.00,09-MAR-2026
SADBHAV,EQ,     17.85,25-AUG-2025,      6.05,06-FEB-2026
SAFARI,EQ,   2507.10,26-NOV-2025,   1363.10,06-MAY-2026
SAGARDEEP,EQ,     33.65,26-JUN-2025,     20.81,30-MAR-2026
SAGCEM,EQ,    299.40,05-SEP-2025,    148.70,24-MAR-2026
SAGILITY,EQ,     57.89,30-OCT-2025,     35.83,23-MAR-2026
SAHLIBHFI,EQ,     86.89,20-APR-2026,     70.05,26-MAY-2026
SAHYADRI,EQ,    338.40,11-MAY-2026,    200.10,30-MAR-2026
SAIL,EQ,    209.70,14-MAY-2026,    118.10,28-AUG-2025
SAILIFE,EQ,   1249.00,23-JUN-2026,    736.50,24-JUN-2025
SAIPARENT,EQ,    622.80,23-JUN-2026,    400.00,02-APR-2026
SAKAR,EQ,    889.95,16-JUN-2026,    311.00,20-AUG-2025
SAKHTISUG,EQ,     27.41,08-JUL-2025,     13.52,23-MAR-2026
SAKSOFT,EQ,    253.99,11-JUL-2025,    107.59,30-MAR-2026
SALASAR,EQ,     10.99,30-OCT-2025,      5.59,30-MAR-2026
SALONA,EQ,    320.00,02-JUN-2026,    221.00,28-JAN-2026
SALZERELEC,EQ,    964.70,08-AUG-2025,    488.80,30-MAR-2026
SAMBHAAV,EQ,     11.53,24-NOV-2025,      5.07,30-MAR-2026
SAMBHV,EQ,    149.40,22-JUL-2025,     81.42,27-JAN-2026
SAMHI,EQ,    254.50,22-JUL-2025,    127.00,30-MAR-2026
SAMMAANCAP,EQ,    192.95,03-NOV-2025,    114.10,11-AUG-2025
SAMPANN,EQ,     43.44,06-NOV-2025,     23.75,30-MAR-2026
SANATHAN,EQ,    560.20,21-JUL-2025,    352.60,30-MAR-2026
SANDESH,EQ,   1438.50,12-AUG-2025,    811.00,30-MAR-2026
SANDHAR,EQ,    763.20,12-JUN-2026,    405.20,14-AUG-2025
SANDUMA,EQ,    273.00,05-JAN-2026,    141.37,28-AUG-2025
SANGAMIND,EQ,    576.95,23-APR-2026,    341.55,28-AUG-2025
SANGHVIMOV,EQ,    442.60,22-JUN-2026,    223.80,16-MAR-2026
SANOFI,EQ,   6410.00,30-JUN-2025,   3054.00,29-MAY-2026
SANOFICONR,EQ,   5894.50,30-JUN-2025,   3975.00,24-FEB-2026
SANSERA,EQ,   3158.00,23-JUN-2026,   1216.30,11-AUG-2025
SANSTAR,EQ,    125.79,23-JUN-2026,     74.30,02-APR-2026
SAPPHIRE,EQ,    368.00,18-JUL-2025,    139.91,02-APR-2026
SAPPL,EQ,    330.00,28-APR-2026,    255.00,17-JUN-2026
SARDAEN,EQ,    639.75,16-SEP-2025,    420.75,23-JUN-2025
SAREGAMA,EQ,    526.35,23-JUN-2025,    307.05,09-MAR-2026
SARLAPOLY,EQ,    127.50,22-JUL-2025,     68.40,30-MAR-2026
SASKEN,EQ,   2780.20,19-JUN-2026,    991.00,16-MAR-2026
SATIA,EQ,     97.50,24-JUN-2025,     50.80,30-MAR-2026
SATIN,EQ,    247.00,04-JUN-2026,    133.01,28-AUG-2025
SAURASHCEM,EQ,    128.40,31-JUL-2025,     47.65,30-MAR-2026
SAYAJIHOTL,EQ,    323.95,29-MAY-2026,    265.50,03-JUN-2026
SBC,EQ,     45.00,19-JUN-2026,     14.22,24-JUN-2025
SBCL,EQ,    789.00,26-MAY-2026,    368.60,30-MAR-2026
SBFC,EQ,    123.00,03-NOV-2025,     79.60,30-MAR-2026
SBGLP,EQ,     46.39,04-JUL-2025,     18.35,30-MAR-2026
SBIBPB,EQ,     58.27,27-FEB-2026,     38.53,29-AUG-2025
SBICARD,EQ,   1015.00,27-JUN-2025,    565.45,11-JUN-2026
SBIETFCON,EQ,    133.97,21-OCT-2025,    100.00,16-MAR-2026
SBIETFIT,EQ,    439.27,03-FEB-2026,    295.31,19-JUN-2026
SBIETFPB,EQ,    304.58,05-MAR-2026,    244.18,02-APR-2026
SBIETFQLTY,EQ,    247.28,12-JUN-2026,    194.00,30-MAR-2026
SBILIFE,EQ,   2132.00,23-FEB-2026,   1700.40,12-JUN-2026
SBILIQETF,EQ,   1087.09,21-APR-2026,    984.99,08-SEP-2025
SBIMIDMOM,EQ,     67.74,19-JUN-2026,     53.86,30-MAR-2026
SBIN,EQ,   1234.70,24-FEB-2026,    786.55,04-AUG-2025
SBINEQWETF,EQ,     35.25,01-APR-2026,     29.64,02-APR-2026
SBINMID150,EQ,     23.81,29-MAY-2026,     19.81,06-APR-2026
SBISILVER,EQ,    362.00,29-JAN-2026,    103.80,27-JUN-2025
SBISMLETF,EQ,     18.17,22-JUN-2026,     16.53,11-JUN-2026
SBIVALETF,EQ,     17.70,15-JUN-2026,     14.43,26-MAY-2026
SCANSTL,EQ,     43.50,15-JUN-2026,     31.35,20-APR-2026
SCHAEFFLER,EQ,   4467.70,06-MAR-2026,   3518.40,22-JAN-2026
SCHAND,EQ,    242.00,24-JUN-2025,    130.05,30-MAR-2026
SCHNEIDER,EQ,   1448.50,23-JUN-2026,    571.85,21-JAN-2026
SCI,EQ,    368.75,11-MAY-2026,    195.55,27-JAN-2026
SCILAL,EQ,     58.70,17-JUL-2025,     34.30,30-MAR-2026
SCODATUBES,EQ,    230.85,14-JUL-2025,    110.00,16-MAR-2026
SCPL,EQ,    524.90,15-JUN-2026,    190.03,09-DEC-2025
SDBL,EQ,    173.03,27-JUN-2025,     61.80,30-MAR-2026
SEAMECLTD,EQ,   1709.20,19-MAY-2026,    752.55,06-AUG-2025
SECMARK,EQ,    158.92,23-JUN-2025,     95.05,21-JAN-2026
SECURKLOUD,EQ,     34.18,24-NOV-2025,     16.01,17-NOV-2025
SEDEMAC,EQ,   2948.40,22-JUN-2026,   1413.10,12-MAR-2026
SEIL,EQ,    221.45,22-JUN-2026,    172.90,21-APR-2026
SELECTIPO,EQ,     57.75,14-AUG-2025,     37.80,02-APR-2026
SELMC,EQ,     43.36,23-OCT-2025,     26.33,27-JAN-2026
SENCO,EQ,    404.85,08-SEP-2025,    276.00,30-MAR-2026
SENORES,EQ,   1360.00,18-JUN-2026,    515.00,23-JUN-2025
SENSEXADD,EQ,     88.20,01-DEC-2025,     73.27,02-APR-2026
SENSEXBETA,EQ,    952.91,30-DEC-2025,    785.00,30-MAR-2026
SENSEXETF,EQ,     88.70,06-JAN-2026,     73.33,02-APR-2026
SENSEXIETF,EQ,    999.84,25-NOV-2025,    731.00,07-MAY-2026
SEPC,EQ,     14.40,10-JUL-2025,      4.65,23-MAR-2026
SERVOTECH,EQ,    154.48,25-JUN-2025,     57.51,30-JAN-2026
SESHAPAPER,EQ,    318.00,23-JUN-2025,    211.59,27-JAN-2026
SETF10GILT,EQ,    266.10,17-MAR-2026,    250.37,05-SEP-2025
SETFGOLD,EQ,    153.95,28-JAN-2026,     79.79,30-JUN-2025
SETFNIF50,EQ,    287.33,06-JAN-2026,    237.90,02-APR-2026
SETFNIFBK,EQ,    646.11,19-FEB-2026,    465.64,15-OCT-2025
SETFNN50,EQ,    840.00,30-JAN-2026,    636.01,30-MAR-2026
SETL,EQ,    212.40,23-JUN-2026,    104.56,30-MAR-2026
SFL,EQ,    769.90,25-JUN-2025,    456.80,30-MAR-2026
SGFIN,EQ,    650.00,07-MAY-2026,    323.00,02-FEB-2026
SGIL,EQ,    633.25,08-SEP-2025,    420.00,12-FEB-2026
SGL,EQ,     20.79,23-SEP-2025,      8.40,30-MAR-2026
SGMART,EQ,    638.10,21-MAY-2026,    313.10,21-JAN-2026
SHADOWFAX,EQ,    230.00,15-JUN-2026,     98.55,30-JAN-2026
SHAH,EQ,      5.82,07-MAY-2026,      3.07,21-AUG-2025
SHAHALLOYS,EQ,     83.85,06-NOV-2025,     53.10,30-MAR-2026
SHAILY,EQ,   3233.90,10-JUN-2026,   1535.90,08-AUG-2025
SHAKTIPUMP,EQ,    984.00,24-JUN-2025,    456.35,30-MAR-2026
SHALBY,EQ,    274.70,22-SEP-2025,    125.82,30-MAR-2026
SHALPAINTS,EQ,     99.49,10-JUL-2025,     35.21,30-MAR-2026
SHANTI,EQ,     17.57,23-JUN-2025,      4.70,30-MAR-2026
SHANTIGEAR,EQ,    619.80,24-JUL-2025,    395.00,22-JAN-2026
SHANTIGOLD,EQ,    274.10,21-AUG-2025,    155.00,30-MAR-2026
SHARDACROP,EQ,   1297.00,13-FEB-2026,    755.55,10-NOV-2025
SHARDAMOTR,EQ,   1248.00,07-JUL-2025,    700.00,30-MAR-2026
SHARDUL,EQ,     33.82,11-MAY-2026,     24.21,19-JUN-2026
SHAREINDIA,EQ,    211.00,20-OCT-2025,    115.36,30-MAR-2026
SHARIABEES,EQ,    537.63,02-JUL-2025,    433.68,25-MAR-2026
SHBAJRG,EQ,    212.00,09-JUN-2026,    150.50,26-MAY-2026
SHILCTECH,EQ,   5399.00,28-APR-2026,   2852.50,27-JAN-2026
SHILPAMED,EQ,    598.90,23-JUN-2026,    259.50,27-JAN-2026
SHINDL,EQ,    179.70,07-MAY-2026,    140.15,21-APR-2026
SHIVATEX,EQ,    217.92,06-NOV-2025,    126.06,30-MAR-2026
SHIVAUM,EQ,    407.00,23-JUN-2026,    275.00,17-MAR-2026
SHK,EQ,    275.50,04-SEP-2025,    111.98,30-MAR-2026
SHOPERSTOP,EQ,    588.75,17-JUL-2025,    275.95,02-MAR-2026
SHRADHA,EQ,     70.00,07-JUL-2025,     26.34,30-MAR-2026
SHREDIGCEM,EQ,    107.70,25-AUG-2025,     53.90,30-MAR-2026
SHREECEM,EQ,  32490.00,23-JUL-2025,  22550.00,23-MAR-2026
SHREEJISPG,EQ,    505.65,22-JUN-2026,    222.00,09-OCT-2025
SHREEPUSHK,EQ,    476.00,23-SEP-2025,    272.45,23-MAR-2026
SHREERAMA,EQ,     71.99,02-JAN-2026,     39.32,02-JUL-2025
SHREYANIND,EQ,    250.00,24-JUL-2025,    122.00,30-MAR-2026
SHRIKRISH,EQ,     56.00,28-APR-2026,     35.00,21-APR-2026
SHRINGARMS,EQ,    266.50,19-FEB-2026,    166.00,30-MAR-2026
SHRIPISTON,EQ,   3889.90,23-JUN-2026,   2301.20,04-AUG-2025
SHRIRAMFIN,EQ,   1108.00,26-FEB-2026,    566.50,29-AUG-2025
SHRIRAMPPS,EQ,    105.58,25-JUN-2025,     60.57,30-MAR-2026
SHYAMCENT,EQ,      9.75,02-SEP-2025,      3.68,30-MAR-2026
SHYAMMETL,EQ,   1014.00,04-JUN-2026,    746.00,16-MAR-2026
SICAGEN,EQ,     61.50,29-MAY-2026,     50.56,23-JUN-2026
SIEMENS,EQ,   3937.30,29-MAY-2026,   2826.00,21-JAN-2026
SIGIND,EQ,     66.89,02-JUL-2025,     40.66,23-MAR-2026
SIGMA,EQ,     65.50,03-OCT-2025,     35.46,30-MAR-2026
SIGNATURE,EQ,   1294.00,10-JUL-2025,    705.20,02-APR-2026
SIGNPOST,EQ,    310.00,25-AUG-2025,    181.10,23-JUN-2025
SIKA,EQ,   1199.80,08-MAY-2026,    870.10,18-MAY-2026
SIKKO,EQ,      6.83,24-OCT-2025,      3.20,23-SEP-2025
SIL,EQ,     21.71,24-JUL-2025,     11.70,30-MAR-2026
SILGO,EQ,     86.20,29-MAY-2026,     49.00,02-JUL-2025
SILINV,EQ,    767.00,17-OCT-2025,    380.00,30-MAR-2026
SILLYMONKS,EQ,     28.45,06-NOV-2025,     14.61,19-MAY-2026
SILVER,EQ,    371.89,29-JAN-2026,    104.82,27-JUN-2025
SILVER1,EQ,     38.80,29-JAN-2026,     10.27,30-JUN-2025
SILVER360,EQ,    358.00,29-JAN-2026,    103.00,01-JUL-2025
SILVERADD,EQ,    390.00,29-JAN-2026,    101.80,27-JUN-2025
SILVERAG,EQ,    380.00,29-JAN-2026,    102.98,30-JUN-2025
SILVERBEES,EQ,    360.00,29-JAN-2026,    101.35,27-JUN-2025
SILVERBETA,EQ,    379.66,29-JAN-2026,    102.55,04-JUL-2025
SILVERBND,EQ,    389.00,29-JAN-2026,    180.00,12-DEC-2025
SILVERCASE,EQ,     38.01,29-JAN-2026,     10.23,24-JUN-2025
SILVERIETF,EQ,    373.50,29-JAN-2026,    105.15,02-JUL-2025
SILVERTUC,EQ,    212.70,16-JUN-2026,     66.19,03-SEP-2025
SIMPLEXINF,EQ,    330.00,16-SEP-2025,    137.00,30-MAR-2026
SINCLAIR,EQ,    114.75,11-SEP-2025,     68.82,16-MAR-2026
SINDHUTRAD,EQ,     39.29,07-JUL-2025,     17.64,27-JAN-2026
SINGERIND,EQ,     80.00,17-APR-2026,     57.15,30-MAR-2026
SINTERCOM,EQ,    153.84,18-JUL-2025,     62.99,30-MAR-2026
SIRCA,EQ,    539.00,19-NOV-2025,    368.00,02-JUL-2025
SIS,EQ,    444.30,11-JUN-2026,    257.05,23-MAR-2026
SIYSIL,EQ,    848.80,04-NOV-2025,    433.35,30-MAR-2026
SJS,EQ,   2286.70,17-JUN-2026,   1131.30,07-AUG-2025
SJVN,EQ,    102.30,25-JUN-2025,     63.02,30-MAR-2026
SKFINDIA,EQ,   5074.00,14-OCT-2025,   1404.00,30-MAR-2026
SKFINDUS,EQ,   2945.00,23-JUN-2026,   1994.10,13-MAY-2026
SKIPPER,EQ,    588.00,08-SEP-2025,    327.05,09-MAR-2026
SKMEGGPROD,EQ,    257.40,08-JUN-2026,    120.00,27-JUN-2025
SKYGOLD,EQ,    590.00,04-JUN-2026,    246.05,06-AUG-2025
SMALL250,EQ,     19.95,15-JUN-2026,     14.16,23-MAR-2026
SMALLADD,EQ,     18.20,23-JUN-2026,     14.01,27-MAR-2026
SMALLCAP,EQ,     54.50,23-OCT-2025,     37.34,23-MAR-2026
SMALLGROWW,EQ,     48.65,18-JUN-2026,     46.00,23-JUN-2026
SMARTWORKS,EQ,    619.00,04-NOV-2025,    361.50,30-MAR-2026
SMCGLOBAL,EQ,     94.90,02-JAN-2026,     54.44,30-MAR-2026
SML100CASE,EQ,     11.74,11-MAY-2026,      8.50,23-MAR-2026
SMLMAH,EQ,   5348.00,18-FEB-2026,   1738.50,24-JUN-2025
SMLT,EQ,    133.99,08-JUL-2025,     56.61,30-MAR-2026
SMSPHARMA,EQ,    447.80,15-APR-2026,    207.99,07-AUG-2025
SNOWMAN,EQ,     64.05,28-JUL-2025,     30.50,30-MAR-2026
SNXT30BEES,EQ,     43.75,08-MAY-2026,     36.83,30-MAR-2026
SNXT50BETA,EQ,    102.25,17-SEP-2025,     77.87,01-APR-2026
SOBHA,EQ,   1732.50,22-JUL-2025,   1130.00,02-APR-2026
SOLARA,EQ,    734.40,25-JUL-2025,    422.00,30-MAR-2026
SOLARINDS,EQ,  18874.00,29-MAY-2026,  11646.00,18-DEC-2025
SOLARWORLD,EQ,    388.50,30-SEP-2025,    139.19,30-MAR-2026
SOLEX,EQ,   1985.00,21-NOV-2025,    795.45,04-MAR-2026
SOMANYCERA,EQ,    609.80,08-JUL-2025,    332.00,10-MAR-2026
SOMATEX,EQ,    161.25,06-NOV-2025,     41.76,02-JUL-2025
SOMICONVEY,EQ,    172.78,27-JUN-2025,     85.50,03-FEB-2026
SONACOMS,EQ,    626.35,22-JUN-2026,    402.30,29-SEP-2025
SONAL,EQ,    104.75,28-APR-2026,     87.40,26-MAY-2026
SONAMLTD,EQ,     63.00,01-JUN-2026,     37.40,28-JAN-2026
SONATSOFTW,EQ,    452.80,08-JUL-2025,    207.15,30-MAR-2026
SOTL,EQ,    624.00,18-JUN-2026,    285.80,30-MAR-2026
SOUTHBANK,EQ,     49.79,18-JUN-2026,     28.11,05-SEP-2025
SOUTHWEST,EQ,    275.00,01-JUN-2026,    121.00,15-OCT-2025
SPAL,EQ,   1084.00,19-JUN-2026,    600.00,20-JAN-2026
SPANDANA,EQ,    306.29,15-JUL-2025,    181.10,30-MAR-2026
SPARC,EQ,    253.17,18-JUN-2026,    108.00,23-MAR-2026
SPCENET,EQ,     11.24,28-OCT-2025,      3.00,12-JUN-2026
SPECIALITY,EQ,    154.00,07-OCT-2025,     82.70,30-MAR-2026
SPECTRUM,EQ,   1853.00,19-JUN-2026,   1050.00,12-JAN-2026
SPENCERS,EQ,     66.00,27-JUN-2025,     24.38,30-MAR-2026
SPIC,EQ,    128.20,03-SEP-2025,     55.10,30-MAR-2026
SPLIL,EQ,     46.40,02-JUL-2025,     20.20,30-MAR-2026
SPLPETRO,EQ,    979.00,29-SEP-2025,    462.30,21-JAN-2026
SPMLINFRA,EQ,    323.40,01-AUG-2025,    151.01,30-MAR-2026
SPORTKING,EQ,    198.50,01-JUN-2026,     78.17,21-JAN-2026
SRD,EQ,     91.00,02-SEP-2025,     37.30,09-JUN-2026
SREEL,EQ,    258.00,17-SEP-2025,    165.25,30-MAR-2026
SRF,EQ,   3325.00,10-JUL-2025,   2355.00,06-APR-2026
SRGHFL,EQ,    335.00,04-AUG-2025,    224.40,24-MAR-2026
SRHHYPOLTD,EQ,    716.50,17-JUL-2025,    382.40,30-MAR-2026
SRM,EQ,    649.95,17-NOV-2025,    361.35,12-MAR-2026
SRTL,EQ,     73.36,04-MAR-2026,     39.00,23-JUN-2026
SSDL,EQ,    102.59,18-JUL-2025,     46.15,30-MAR-2026
SSWL,EQ,    280.00,01-JUL-2025,    169.00,30-MAR-2026
STALLION,EQ,    359.15,17-OCT-2025,     62.71,23-JUN-2025
STANLEY,EQ,    356.00,27-JUN-2025,    123.00,30-MAR-2026
STAR,EQ,   1231.00,12-MAY-2026,    768.65,29-JAN-2026
STARCEMENT,EQ,    308.95,02-SEP-2025,    196.53,09-MAR-2026
STARHEALTH,EQ,    597.40,23-JUN-2026,    412.60,01-JUL-2025
STARPAPER,EQ,    188.80,25-AUG-2025,    119.05,30-MAR-2026
STARTECK,EQ,    355.80,08-AUG-2025,    215.10,30-MAR-2026
STCINDIA,EQ,    153.89,24-JUN-2025,     97.04,30-MAR-2026
STEELCAS,EQ,    320.00,29-APR-2026,    176.02,30-JAN-2026
STEELCITY,EQ,    116.90,27-JUN-2025,     71.26,30-MAR-2026
STEELXIND,EQ,     13.95,22-JUN-2026,      7.00,30-MAR-2026
STEL,EQ,    657.30,16-JUN-2026,    380.00,10-OCT-2025
STERTOOLS,EQ,    384.00,21-JUL-2025,    155.00,30-MAR-2026
STOVEKRAFT,EQ,    813.95,03-NOV-2025,    447.05,30-MAR-2026
STUDDS,EQ,    600.00,18-NOV-2025,    427.55,18-MAY-2026
STYL,EQ,    437.45,30-SEP-2025,    209.11,30-MAR-2026
STYLAMIND,EQ,   3357.30,18-JUN-2026,   1593.70,24-JUN-2025
STYRENIX,EQ,   3316.50,24-JUN-2025,   1780.00,30-MAR-2026
SUBROS,EQ,   1213.70,29-SEP-2025,    622.10,30-MAR-2026
SUDARCOLOR,EQ,    620.85,17-JUL-2025,    268.25,30-MAR-2026
SUDARSCHEM,EQ,   1603.00,24-SEP-2025,    726.40,30-MAR-2026
SUDEEPPHRM,EQ,    882.40,17-JUN-2026,    524.05,21-JAN-2026
SUKHJITS,EQ,    231.10,27-FEB-2026,    137.30,30-MAR-2026
SULA,EQ,    309.80,01-JUL-2025,    138.60,30-MAR-2026
SUMEETINDS,EQ,     34.91,23-OCT-2025,     10.63,23-JUN-2025
SUMICHEM,EQ,    665.00,04-AUG-2025,    362.60,30-MAR-2026
SUMMITSEC,EQ,   2495.00,23-OCT-2025,   1312.00,30-MAR-2026
SUNCLAY,EQ,   2125.00,25-JUN-2025,   1112.80,27-JAN-2026
SUNDARAM,EQ,      2.38,20-AUG-2025,      1.11,30-MAR-2026
SUNDARMFIN,EQ,   5642.00,04-MAR-2026,   4000.00,08-JUN-2026
SUNDRMFAST,EQ,   1080.00,07-JUL-2025,    730.10,02-APR-2026
SUNDROP,EQ,    939.60,22-JUL-2025,    556.00,30-MAR-2026
SUNFLAG,EQ,    428.00,07-MAY-2026,    192.15,30-MAR-2026
SUNPHARMA,EQ,   1916.60,19-MAY-2026,   1548.00,26-SEP-2025
SUNTECK,EQ,    473.00,08-SEP-2025,    270.75,30-MAR-2026
SUNTV,EQ,    660.70,20-APR-2026,    480.20,23-JAN-2026
SUPERHOUSE,EQ,    201.95,18-SEP-2025,    128.55,23-MAR-2026
SUPRAJIT,EQ,    517.65,24-SEP-2025,    389.95,16-MAR-2026
SUPREME,EQ,     97.84,13-OCT-2025,     43.20,30-MAR-2026
SUPREMEIND,EQ,   4664.90,25-AUG-2025,   3182.00,11-DEC-2025
SUPREMEINF,EQ,    130.25,07-JUL-2025,     58.11,02-APR-2026
SUPRIYA,EQ,   1085.00,01-JUN-2026,    545.50,24-MAR-2026
SURAJEST,EQ,    382.75,26-JUN-2025,    171.30,30-MAR-2026
SURAJLTD,EQ,    424.40,25-JUN-2025,    205.00,30-MAR-2026
SURAKSHA,EQ,    352.50,25-JUN-2025,    224.10,30-MAR-2026
SURANASOL,EQ,     39.08,08-SEP-2025,     18.31,30-MAR-2026
SURANAT&P,EQ,     29.27,09-SEP-2025,     15.50,30-MAR-2026
SURYALA,EQ,    508.00,01-JUN-2026,    330.30,30-APR-2026
SURYALAXMI,EQ,     82.40,04-JUL-2025,     43.00,30-MAR-2026
SURYAROSNI,EQ,    359.00,25-JUN-2025,    187.35,30-MAR-2026
SURYODAY,EQ,    190.78,13-MAY-2026,    115.41,24-FEB-2026
SUTLEJTEX,EQ,     51.70,14-JUL-2025,     24.00,30-MAR-2026
SUVEN,EQ,    299.99,15-JUL-2025,    124.11,24-MAR-2026
SUVIDHAA,EQ,      6.57,17-JUL-2025,      2.21,30-MAR-2026
SUYOG,EQ,    929.20,22-JUL-2025,    526.50,01-FEB-2026
SUZLON,EQ,     68.30,16-JUL-2025,     38.19,09-MAR-2026
SWANCORP,EQ,    526.70,16-JUL-2025,    295.65,30-MAR-2026
SWARAJENG,EQ,   4720.00,16-JUL-2025,   3301.30,30-MAR-2026
SWELECTES,EQ,    977.00,10-OCT-2025,    483.10,30-MAR-2026
SWIGGY,EQ,    474.00,19-SEP-2025,    236.80,11-JUN-2026
SWSOLAR,EQ,    341.00,15-JUL-2025,    148.00,30-MAR-2026
SYMPHONY,EQ,   1200.50,17-JUL-2025,    656.00,11-JUN-2026
SYNCOMF,EQ,     20.13,25-JUN-2025,     10.21,30-MAR-2026
SYNGENE,EQ,    728.60,30-JUL-2025,    380.00,06-APR-2026
SYRMA,EQ,   1422.00,23-JUN-2026,    500.00,23-JUN-2025
TAALTECH,EQ,   3949.90,29-MAY-2026,   2616.10,19-MAY-2026
TAINWALCHM,EQ,    274.99,22-JUL-2025,    155.00,12-DEC-2025
TAJGVK,EQ,    512.65,09-SEP-2025,    281.35,23-MAR-2026
TALBROAUTO,EQ,    385.85,15-JUN-2026,    219.90,24-MAR-2026
TAMBOLIIN,EQ,    216.00,23-JUN-2026,    141.50,21-APR-2026
TANLA,EQ,    766.00,19-SEP-2025,    365.90,30-MAR-2026
TARACHAND,EQ,    103.67,14-OCT-2025,     53.00,30-MAR-2026
TARAPUR,EQ,     39.99,17-NOV-2025,     17.50,04-JUN-2026
TARC,EQ,    206.10,16-JUL-2025,    109.10,30-MAR-2026
TARIL,EQ,    578.50,05-AUG-2025,    224.05,02-FEB-2026
TARMAT,EQ,     73.90,27-FEB-2026,     46.26,13-JAN-2026
TARSONS,EQ,    402.85,01-JUL-2025,    164.45,30-MAR-2026
TASTYBITE,EQ,  11958.00,07-AUG-2025,   6430.00,23-MAR-2026
TATACAP,EQ,    379.95,19-JUN-2026,    296.00,02-JUN-2026
TATACHEM,EQ,   1026.65,17-SEP-2025,    580.30,30-MAR-2026
TATACOMM,EQ,   2110.00,22-JUN-2026,   1322.50,02-APR-2026
TATACONSUM,EQ,   1282.70,12-MAY-2026,   1007.20,02-APR-2026
TATAELXSI,EQ,   6439.50,16-JUL-2025,   3926.10,19-JUN-2026
TATAGOLD,EQ,     17.70,29-JAN-2026,      8.00,29-JUL-2025
TATAINVEST,EQ,   1184.70,03-OCT-2025,    538.85,30-MAR-2026
TATAPOWER,EQ,    464.90,28-APR-2026,    342.50,27-JAN-2026
TATASTEEL,EQ,    224.40,15-MAY-2026,    150.48,23-JUN-2025
TATATECH,EQ,    784.00,09-JUN-2026,    507.40,30-MAR-2026
TATSILV,EQ,     35.10,29-JAN-2026,     10.11,30-JUN-2025
TATVA,EQ,   1610.00,18-NOV-2025,    905.00,23-JUN-2025
TBOTEK,EQ,   1764.80,21-NOV-2025,   1004.20,23-MAR-2026
TBZ,EQ,    217.95,06-AUG-2025,    110.50,30-MAR-2026
TCC,EQ,    526.40,25-FEB-2026,    310.00,23-MAR-2026
TCI,EQ,   1289.00,18-JUL-2025,    868.05,18-MAY-2026
TCIEXP,EQ,    780.00,24-SEP-2025,    447.55,27-MAR-2026
TCPLPACK,EQ,   3950.00,17-JUL-2025,   2200.00,23-MAR-2026
TCS,EQ,   3489.90,02-JUL-2025,   2055.00,23-JUN-2026
TDPOWERSYS,EQ,   1379.60,27-MAY-2026,    453.10,28-JUL-2025
TEAMGTY,EQ,    332.55,08-DEC-2025,    165.10,07-JUL-2025
TEAMLEASE,EQ,   2100.00,01-AUG-2025,   1065.20,16-MAR-2026
TECH,EQ,     49.41,22-JAN-2026,     29.10,22-JUN-2026
TECHM,EQ,   1854.00,03-FEB-2026,   1304.10,09-MAR-2026
TECHNOE,EQ,   1654.00,10-JUL-2025,    870.00,27-JAN-2026
TECHNVISN,EQ,   6198.00,29-APR-2026,   4825.00,13-MAY-2026
TECILCHEM,EQ,     22.87,12-SEP-2025,     10.60,17-JUN-2026
TEGA,EQ,   2125.00,17-SEP-2025,   1467.00,26-JUN-2025
TEJASNET,EQ,    731.90,26-JUN-2025,    294.00,27-JAN-2026
TEMBO,EQ,    837.00,11-NOV-2025,    433.35,30-MAR-2026
TENNIND,EQ,    657.00,06-MAY-2026,    438.05,18-DEC-2025
TERASOFT,EQ,    598.00,17-NOV-2025,    260.05,23-JUN-2025
TEXINFRA,EQ,    116.43,22-JUN-2026,     82.50,16-MAR-2026
TEXMOPIPES,EQ,     68.99,10-JUL-2025,     33.00,30-MAR-2026
TEXRAIL,EQ,    189.00,26-JUN-2025,     78.05,30-MAR-2026
TFCILTD,EQ,     84.61,08-MAY-2026,     45.23,26-JUN-2025
TFL,EQ,     21.50,04-JUL-2025,     10.72,30-MAR-2026
TGBHOTELS,EQ,     13.89,22-JUL-2025,      7.50,30-MAR-2026
THAKDEV,EQ,    148.99,14-MAY-2026,    115.10,15-JUN-2026
THANGAMAYL,EQ,   5764.20,08-JUN-2026,   1750.10,28-JUL-2025
THEINVEST,EQ,    184.17,24-JUL-2025,     89.00,30-MAR-2026
THEJO,EQ,   2485.80,30-JUL-2025,   1443.60,02-APR-2026
THELEELA,EQ,    511.00,22-JUN-2026,    384.00,23-JUN-2025
THEMISMED,EQ,    148.00,25-SEP-2025,     64.95,30-MAR-2026
THERMAX,EQ,   5075.00,29-MAY-2026,   2742.70,08-DEC-2025
THOMASCOOK,EQ,    188.29,23-JUL-2025,     86.35,17-MAR-2026
THOMASCOTT,EQ,    459.80,13-NOV-2025,    230.00,30-MAR-2026
THYROCARE,EQ,    578.25,09-JUN-2026,    318.07,24-JUN-2025
TI,EQ,    549.70,31-OCT-2025,    337.00,11-JUL-2025
TICL,EQ,     34.41,24-JUL-2025,     18.92,18-JUN-2026
TIIL,EQ,   3383.00,28-JUL-2025,   1868.50,21-JAN-2026
TIINDIA,EQ,   3419.90,16-SEP-2025,   2164.90,27-JAN-2026
TIJARIA,EQ,     10.35,03-JUL-2025,      3.55,27-JAN-2026
TIL,EQ,    409.00,04-JUL-2025,    161.25,30-MAR-2026
TIMETECHNO,EQ,    249.15,23-SEP-2025,    154.00,23-MAR-2026
TIMEX,EQ,    522.90,19-JUN-2026,    312.00,20-APR-2026
TIMKEN,EQ,   3925.00,22-JUN-2026,   2800.50,28-NOV-2025
TINNARUBR,EQ,   1068.60,08-OCT-2025,    527.45,30-MAR-2026
TIPSFILMS,EQ,    632.50,30-JUN-2025,    276.75,27-MAR-2026
TIPSMUSIC,EQ,    726.75,05-JUN-2026,    481.15,30-MAR-2026
TIRUMALCHM,EQ,    328.80,17-SEP-2025,    158.00,09-MAR-2026
TITAGARH,EQ,    971.00,18-JUN-2026,    568.70,30-MAR-2026
TITAN,EQ,   4605.00,08-MAY-2026,   3303.10,26-SEP-2025
TMB,EQ,    798.25,18-JUN-2026,    411.80,05-SEP-2025
TMCV,EQ,    509.00,27-FEB-2026,    306.30,14-NOV-2025
TMPV,EQ,    739.70,03-OCT-2025,    294.30,30-MAR-2026
TNIDETF,EQ,    103.26,23-DEC-2025,     74.50,30-MAR-2026
TNPETRO,EQ,    129.89,03-NOV-2025,     78.67,17-MAR-2026
TNPL,EQ,    190.77,07-JUL-2025,    121.51,30-MAR-2026
TNTELE,EQ,     26.00,14-JUL-2025,      7.81,18-MAR-2026
TOLINS,EQ,    202.00,12-SEP-2025,     83.04,30-MAR-2026
TOP100CASE,EQ,     11.57,05-JAN-2026,      9.48,02-APR-2026
TOP10ADD,EQ,    103.43,01-JUL-2025,     83.05,02-APR-2026
TOP15IETF,EQ,     11.36,30-MAR-2026,      9.15,30-MAR-2026
TOP20,EQ,      9.99,28-JAN-2026,      8.00,09-APR-2026
TORNTPHARM,EQ,   4712.90,25-MAY-2026,   3140.10,23-JUN-2025
TORNTPOWER,EQ,   1824.10,27-APR-2026,   1188.00,06-OCT-2025
TOTAL,EQ,     87.89,04-DEC-2025,     45.56,30-MAR-2026
TOUCHWOOD,EQ,    130.00,27-JUN-2025,     63.00,30-MAR-2026
TPHQ,EQ,       .93,16-JUL-2025,       .44,30-MAR-2026
TPLPLASTEH,EQ,     83.44,01-JUL-2025,     50.01,30-MAR-2026
TRACXN,EQ,     63.89,10-JUL-2025,     25.39,30-MAR-2026
TRANSPEK,EQ,   1269.00,20-MAY-2026,    961.00,11-JUN-2026
TRANSRAILL,EQ,    855.80,13-AUG-2025,    450.05,27-JAN-2026
TRAVELFOOD,EQ,   1445.00,27-NOV-2025,   1008.50,04-AUG-2025
TREEHOUSE,EQ,     11.00,26-FEB-2026,      6.19,31-JUL-2025
TREJHARA,EQ,    284.85,02-DEC-2025,    130.38,09-JUN-2026
TREL,EQ,     36.90,17-JUL-2025,     21.47,11-MAR-2026
TRENT,EQ,   4174.00,30-JUN-2025,   2183.67,30-MAR-2026
TRF,EQ,    405.00,18-SEP-2025,    215.50,24-MAR-2026
TRIDENT,EQ,     33.66,25-JUL-2025,     21.98,17-MAR-2026
TRIGYN,EQ,    102.40,22-SEP-2025,     37.55,30-MAR-2026
TRITURBINE,EQ,    787.60,29-MAY-2026,    428.35,23-MAR-2026
TRIVENI,EQ,    435.00,23-APR-2026,    317.55,21-JAN-2026
TRU,EQ,     20.84,11-JUL-2025,      4.55,30-MAR-2026
TRUALT,EQ,    549.00,03-OCT-2025,    310.20,27-JAN-2026
TSFINV,EQ,    701.50,14-OCT-2025,    331.70,30-MAR-2026
TTKHLTCARE,EQ,   1398.90,14-JUL-2025,    735.00,30-MAR-2026
TTKPRESTIG,EQ,    771.20,28-OCT-2025,    423.00,30-MAR-2026
TTL,EQ,     15.60,27-JUN-2025,      6.42,27-JAN-2026
TTML,EQ,     69.75,26-JUN-2025,     31.22,30-MAR-2026
TVSELECT,EQ,    739.35,27-OCT-2025,    336.20,05-MAR-2026
TVSHLTD,EQ,  16297.00,18-NOV-2025,  10652.00,23-JUN-2025
TVSMOTOR,EQ,   3970.00,26-FEB-2026,   2728.70,25-JUL-2025
TVSSCS,EQ,    142.30,22-JUN-2026,     90.32,30-MAR-2026
TVSSRICHAK,EQ,   4775.80,25-NOV-2025,   2780.10,12-AUG-2025
TVTODAY,EQ,    182.60,25-JUN-2025,     93.50,23-MAR-2026
TVVISION,EQ,     12.40,19-DEC-2025,      4.26,08-JUN-2026
TWCGOLDETF,EQ,    187.98,29-JAN-2026,    123.31,23-MAR-2026
UBL,EQ,   2110.00,23-JUL-2025,   1276.00,02-JUN-2026
UCAL,EQ,    166.00,01-JUL-2025,     77.00,30-MAR-2026
UCOBANK,EQ,     34.20,31-OCT-2025,     22.22,30-MAR-2026
UDS,EQ,    303.95,17-JUL-2025,    125.10,30-MAR-2026
UEL,EQ,    220.00,12-FEB-2026,     84.43,28-JUL-2025
UFBL,EQ,    709.00,23-JUN-2026,    172.34,30-JAN-2026
UFLEX,EQ,    620.45,26-JUN-2025,    330.00,30-MAR-2026
UFO,EQ,     92.97,20-NOV-2025,     53.75,30-MAR-2026
UGARSUGAR,EQ,     52.50,30-JUN-2025,     33.75,27-FEB-2026
UGROCAP,EQ,    192.50,06-OCT-2025,     80.12,30-MAR-2026
UJJIVANSFB,EQ,     68.00,23-JAN-2026,     41.32,14-AUG-2025
ULTRACEMCO,EQ,  13110.00,10-FEB-2026,  10325.00,23-MAR-2026
ULTRAMAR,EQ,    443.00,11-MAY-2026,    364.10,18-JUN-2026
UMIYA-MRO,EQ,    110.90,17-OCT-2025,     67.34,23-JUN-2025
UNICHEMLAB,EQ,    657.95,23-JUL-2025,    278.20,30-MAR-2026
UNIECOM,EQ,    155.80,04-SEP-2025,     78.51,30-MAR-2026
UNIENTER,EQ,    168.50,23-JUL-2025,     87.51,30-MAR-2026
UNIMECH,EQ,   1350.00,24-JUN-2025,    695.00,30-MAR-2026
UNIONBANK,EQ,    205.49,27-FEB-2026,    124.64,29-AUG-2025
UNIONGOLD,EQ,    177.00,29-JAN-2026,     93.75,04-AUG-2025
UNIPARTS,EQ,    705.80,19-JUN-2026,    335.00,08-AUG-2025
UNITDSPR,EQ,   1488.00,31-OCT-2025,   1210.80,07-APR-2026
UNITECH,EQ,      9.43,26-JUN-2025,      3.10,30-MAR-2026
UNITEDTEA,EQ,    590.00,13-APR-2026,    412.00,10-NOV-2025
UNIVASTU,EQ,    106.67,14-JUL-2025,     56.02,30-MAR-2026
UNIVCABLES,EQ,   1391.00,22-JUN-2026,    576.00,16-MAR-2026
UNOMINDA,EQ,   1382.00,07-OCT-2025,    994.00,16-MAR-2026
UPL,EQ,    812.20,02-JAN-2026,    565.15,30-MAR-2026
URAVIDEF,EQ,    553.95,17-JUL-2025,    108.03,30-MAR-2026
URBANCO,EQ,    201.18,22-SEP-2025,    100.70,04-MAR-2026
URJA,EQ,     16.18,08-JUL-2025,      8.00,30-MAR-2026
USHAMART,EQ,    527.50,04-JUN-2026,    308.85,23-JUN-2025
USK,EQ,     39.78,30-JUN-2025,     18.97,01-APR-2026
UTIAMC,EQ,   1494.80,22-JUL-2025,    896.50,23-MAR-2026
UTKARSHBNK,EQ,     22.03,24-OCT-2025,     10.12,30-MAR-2026
UTLSOLAR,EQ,    365.00,05-JUN-2026,    172.00,05-MAR-2026
UTTAMSUGAR,EQ,    306.90,25-JUN-2025,    181.10,16-MAR-2026
UYFINCORP,EQ,     23.30,03-JUL-2025,     11.16,29-AUG-2025
V2RETAIL,EQ,    259.25,04-JUN-2026,    158.56,10-SEP-2025
VADILALIND,EQ,   6400.00,23-JUN-2026,   3996.00,27-JAN-2026
VAIBHAVGBL,EQ,    293.25,30-OCT-2025,    174.13,30-MAR-2026
VAKRANGEE,EQ,     10.60,01-JUL-2025,      4.61,30-MAR-2026
VAL30IETF,EQ,     17.70,25-FEB-2026,     12.27,01-SEP-2025
VALUE,EQ,     19.69,17-APR-2026,     14.83,02-APR-2026
VARDHACRLC,EQ,     54.25,18-JUL-2025,     27.01,30-MAR-2026
VARDMNPOLY,EQ,     12.45,25-JUN-2025,      5.10,12-JAN-2026
VARROC,EQ,    694.70,01-DEC-2025,    462.00,30-MAR-2026
VASWANI,EQ,     69.99,13-NOV-2025,     42.50,23-JUN-2025
VBL,EQ,    555.80,17-JUN-2026,    381.00,23-MAR-2026
VCL,EQ,      2.66,10-DEC-2025,       .80,04-JUL-2025
VEDL,EQ,    795.00,21-APR-2026,    268.70,30-APR-2026
VEEDOL,EQ,   2035.00,19-SEP-2025,   1238.20,30-MAR-2026
VELJAN,EQ,   1350.00,22-JUN-2026,    812.00,06-MAY-2026
VENKEYS,EQ,   1800.00,13-MAY-2026,   1165.00,30-MAR-2026
VENTIVE,EQ,    838.20,21-JUL-2025,    542.60,30-MAR-2026
VENUSPIPES,EQ,   1699.50,23-JUN-2026,    890.00,30-MAR-2026
VERANDA,EQ,    272.50,28-OCT-2025,    130.02,19-MAR-2026
VESUVIUS,EQ,    607.90,20-FEB-2026,    430.30,30-MAR-2026
VGL,EQ,     98.48,21-AUG-2025,     43.70,30-MAR-2026
VGUARD,EQ,    409.75,24-JUL-2025,    290.00,02-MAR-2026
VHL,EQ,   4275.00,27-OCT-2025,   2870.00,30-MAR-2026
VIDHIING,EQ,    437.20,01-JUL-2025,    258.60,30-MAR-2026
VIDYAWIRES,EQ,    117.35,29-MAY-2026,     42.51,01-FEB-2026
VIJAYA,EQ,   1427.80,05-JUN-2026,    848.00,30-MAR-2026
VIKASECO,EQ,      2.63,02-JUL-2025,       .99,30-MAR-2026
VIKASLIFE,EQ,      2.64,01-JUL-2025,      1.05,30-MAR-2026
VIKRAN,EQ,    118.40,20-NOV-2025,     51.10,30-MAR-2026
VIMTALABS,EQ,    902.65,05-SEP-2025,    376.05,30-MAR-2026
VINATIORGA,EQ,   2040.00,08-JUL-2025,   1203.00,13-APR-2026
VINCOFE,EQ,    179.85,08-JAN-2026,    118.56,23-JUN-2025
VINDHYATEL,EQ,   2484.90,22-JUN-2026,    963.90,30-MAR-2026
VINNY,EQ,      1.53,11-DEC-2025,       .94,12-MAY-2026
VINYLINDIA,EQ,    328.90,14-JUL-2025,    161.00,30-MAR-2026
VIPIND,EQ,    492.30,15-JUL-2025,    278.25,18-MAY-2026
VIPULLTD,EQ,     13.69,02-MAR-2026,      7.38,03-DEC-2025
VIRINCHI,EQ,     32.69,18-SEP-2025,     13.81,30-MAR-2026
VISAKAIND,EQ,     98.10,01-JUL-2025,     50.20,30-MAR-2026
VISHNU,EQ,    652.00,02-JUN-2026,    443.70,30-SEP-2025
VISHWARAJ,EQ,     10.20,02-SEP-2025,      4.14,30-MAR-2026
VIVIDHA,EQ,       .91,29-SEP-2025,       .43,30-MAR-2026
VIYASH,EQ,    278.90,23-JUN-2026,    166.00,04-AUG-2025
VLSFINANCE,EQ,    339.00,05-DEC-2025,    198.81,12-NOV-2025
VMART,EQ,    945.00,23-JUN-2025,    457.90,30-MAR-2026
VMM,EQ,    157.60,26-AUG-2025,     98.77,23-MAR-2026
VOLTAMP,EQ,  12863.00,04-MAY-2026,   6666.00,27-JAN-2026
VOLTAS,EQ,   1582.50,27-FEB-2026,   1186.80,02-APR-2026
VRAJ,EQ,    183.00,30-JUN-2025,     93.00,30-MAR-2026
VRLLOG,EQ,    324.50,17-JUL-2025,    225.00,02-APR-2026
VSSL,EQ,    324.00,28-OCT-2025,    206.40,30-MAR-2026
VSTIND,EQ,    319.10,02-JUL-2025,    200.00,30-MAR-2026
VSTL,EQ,    204.99,08-JUL-2025,    100.80,02-MAR-2026
VSTTILLERS,EQ,   6374.00,01-JAN-2026,   3611.10,23-JUN-2025
VTL,EQ,    670.05,19-JUN-2026,    383.70,11-AUG-2025
WAAREEENER,EQ,   3865.00,12-SEP-2025,   2403.00,21-JAN-2026
WAAREEINDO,EQ,    725.00,13-OCT-2025,    191.07,23-JUN-2025
WAAREERTL,EQ,   1358.00,27-OCT-2025,    779.50,30-MAR-2026
WABAG,EQ,   2126.00,23-JUN-2026,   1033.00,27-JAN-2026
WAKEFIT,EQ,    224.00,12-FEB-2026,    111.40,08-JUN-2026
WALCHANNAG,EQ,    315.80,19-JUN-2026,    131.15,30-MAR-2026
WANBURY,EQ,    315.20,29-MAY-2026,    161.50,27-JAN-2026
WCIL,EQ,    147.29,22-SEP-2025,     77.02,30-MAR-2026
WEALTH,EQ,   1387.95,25-JUN-2025,    774.95,05-FEB-2026
WEBELSOLAR,EQ,    157.30,12-AUG-2025,     50.40,09-MAR-2026
WEIZMANIND,EQ,    128.90,01-JUL-2025,     65.21,30-MAR-2026
WEL,EQ,    184.00,10-JUL-2025,     75.01,06-APR-2026
WELCORP,EQ,   1439.00,23-JUN-2026,    710.00,02-FEB-2026
WELENT,EQ,    587.70,23-JUN-2026,    412.00,30-MAR-2026
WELSPLSOL,EQ,     63.25,18-JUN-2026,     36.00,20-APR-2026
WELSPUNLIV,EQ,    165.50,18-JUN-2026,    107.10,30-MAR-2026
WENDT,EQ,  12990.00,21-JUL-2025,   5841.50,30-MAR-2026
WESTLIFE,EQ,    819.20,09-JUL-2025,    398.40,23-MAR-2026
WEWORK,EQ,    678.90,18-JUN-2026,    420.00,30-MAR-2026
WHEELS,EQ,   1744.00,22-MAY-2026,    705.85,27-JAN-2026
WHIRLPOOL,EQ,   1473.80,23-JUL-2025,    756.85,02-FEB-2026
WILLAMAGOR,EQ,     41.00,09-JUL-2025,     21.11,30-MAR-2026
WINDLAS,EQ,   1097.90,19-AUG-2025,    697.40,16-MAR-2026
WINDMACHIN,EQ,    400.50,27-JUN-2025,    200.65,30-MAR-2026
WIPL,EQ,    193.20,30-OCT-2025,    133.10,20-JAN-2026
WIPRO,EQ,    273.10,22-DEC-2025,    174.00,23-JUN-2026
WOCKPHARMA,EQ,   2422.30,01-JUN-2026,   1086.70,23-MAR-2026
WONDERLA,EQ,    680.70,23-JUL-2025,    455.00,02-MAR-2026
WORTHPERI,EQ,    186.00,24-JUL-2025,    109.00,27-MAR-2026
WPIL,EQ,    500.95,23-JUN-2026,    383.55,15-MAY-2026
WSI,EQ,    101.49,04-JUL-2025,     59.25,16-MAR-2026
WSTCSTPAPR,EQ,    583.00,18-JUL-2025,    375.00,09-MAR-2026
XCHANGING,EQ,    103.00,30-OCT-2025,     47.50,30-MAR-2026
XELPMOC,EQ,    155.50,19-NOV-2025,     79.01,15-JUN-2026
XPROINDIA,EQ,   1492.90,17-JUN-2026,    788.05,16-MAR-2026
XTGLOBAL,EQ,     46.25,17-SEP-2025,     25.20,27-JAN-2026
YASHO,EQ,   3025.00,23-JUN-2026,   1130.00,09-JAN-2026
YATHARTH,EQ,    889.90,25-MAY-2026,    485.00,23-JUN-2025
YATRA,EQ,    202.00,17-NOV-2025,     81.80,08-JUL-2025
YESBANK,EQ,     25.78,18-JUN-2026,     17.20,30-MAR-2026
YUKEN,EQ,   1193.30,27-JUN-2025,    584.10,30-MAR-2026
ZAGGLE,EQ,    431.95,17-JUL-2025,    186.05,30-MAR-2026
ZEEL,EQ,    151.70,04-JUL-2025,     68.00,23-MAR-2026
ZEEMEDIA,EQ,     16.46,24-JUN-2025,      6.65,30-MAR-2026
ZENITHEXPO,EQ,    351.65,04-SEP-2025,    174.00,17-MAR-2026
ZENITHSTL,EQ,     10.33,23-OCT-2025,      4.41,29-JAN-2026
ZENSARTECH,EQ,    881.00,02-JUL-2025,    438.40,11-JUN-2026
ZENTEC,EQ,   2065.00,24-JUN-2025,   1223.00,14-JAN-2026
ZFCVINDIA,EQ,  16665.00,16-FEB-2026,  12302.00,06-NOV-2025
ZFSTEERING,EQ,    894.98,22-APR-2026,    620.65,03-JUN-2026
ZODIACLOTH,EQ,    119.45,16-SEP-2025,     58.50,30-MAR-2026
ZOTA,EQ,   1740.00,21-NOV-2025,    925.30,23-JUN-2025
ZSARACOM,EQ,  10489.60,21-APR-2026,   9000.00,05-JUN-2026
ZUARI,EQ,    393.55,21-AUG-2025,    175.10,30-MAR-2026
ZUARIIND,EQ,    416.00,25-SEP-2025,    210.00,30-MAR-2026
ZYDUSLIFE,EQ,   1124.50,23-JUN-2026,    835.50,02-APR-2026
ZYDUSWELL,EQ,    552.40,13-APR-2026,    367.55,02-MAR-2026
