"Disclaimer - The Data provided in the adjusted 52 week high and adjusted 52 week low columns  are adjusted for corporate actions (bonus, splits & rights).For actual (unadjusted) 52 week high & low prices, kindly refer bhavcopy."
"Effective for 24-Jun-2026"
"SYMBOL","SERIES","Adjusted_52_Week_High","52_Week_High_Date","Adjusted_52_Week_Low","52_Week_Low_DT"
"1STCUS$","EQ","-","-","-","-"
"20MICRONS","EQ","    283.93","23-JUL-2025","    129.61","30-MAR-2026"
"21STCENMGM","EQ","     67.00","23-JUN-2025","     28.25","06-APR-2026"
"360ONE","EQ","   1273.80","07-JUL-2025","    906.05","07-APR-2026"
"3BBLACKBIO","EQ","   1441.50","10-JUN-2026","   1085.00","02-JUN-2026"
"3BFILMS$","ST","-","-","-","-"
"3CIT$","SM","-","-","-","-"
"3IINFOLTD","EQ","     24.95","17-JUL-2025","     12.68","16-MAR-2026"
"3MINDIA","EQ","  38030.00","10-FEB-2026","  28275.00","24-JUN-2025"
"3PLAND","EQ","     52.99","24-JUN-2025","     28.51","30-MAR-2026"
"4THGEN$","BE","-","-","-","-"
"5PAISA","EQ","    432.50","07-JUL-2025","    245.50","30-MAR-2026"
"63MOONS","EQ","   1130.00","17-JUL-2025","    467.00","30-MAR-2026"
"7NR$","BE","-","-","-","-"
"7SEASL$","EQ","-","-","-","-"
"7TEC$","EQ","-","-","-","-"
"A1L$","EQ","-","-","-","-"
"A2ZINFRA","EQ","     23.25","22-JUL-2025","     13.12","21-JAN-2026"
"AAATECH","EQ","    136.00","07-OCT-2025","     76.11","26-SEP-2025"
"AADHARHFC","EQ","    547.80","24-SEP-2025","    411.30","24-JUN-2025"
"AAIL$","EQ","-","-","-","-"
"AAKAAR","SM","    105.00","21-JUL-2025","     46.00","27-MAR-2026"
"AAKASH","EQ","     13.79","24-JUN-2025","      7.21","30-JAN-2026"
"AANANDALA$","BE","-","-","-","-"
"AANCHALIS$","BE","-","-","-","-"
"AAPLUSTRA$","SM","-","-","-","-"
"AARADHYA","SM","    182.00","13-OCT-2025","     72.00","17-JUN-2026"
"AARCON$","BE","-","-","-","-"
"AAREYDRUGS","BE","    100.00","06-NOV-2025","     50.31","30-MAR-2026"
"AARNAV","EQ","     30.45","20-MAR-2026","     21.00","30-MAR-2026"
"AARON","EQ","    258.00","25-AUG-2025","    106.80","30-MAR-2026"
"AARTECH","EQ","     76.24","10-JUL-2025","     33.51","30-MAR-2026"
"AARTIDRUGS","EQ","    564.05","21-JUL-2025","    318.95","30-MAR-2026"
"AARTIIND","EQ","    523.10","04-MAY-2026","    338.05","21-JAN-2026"
"AARTIPHARM","EQ","    971.00","16-JUL-2025","    585.00","30-MAR-2026"
"AARTISURF","EQ","    587.40","17-JUL-2025","    316.00","30-MAR-2026"
"AARVI","EQ","    154.70","15-JUN-2026","     96.99","11-AUG-2025"
"AASHKA$","SM","-","-","-","-"
"AASTAFIN$","EQ","-","-","-","-"
"AATMAJ","SM","     25.50","22-DEC-2025","     16.95","16-MAR-2026"
"AAVAS","EQ","   2152.90","30-JUN-2025","   1060.40","23-MAR-2026"
"AAYUSH$","EQ","-","-","-","-"
"AAYUSHBUL$","SM","-","-","-","-"
"AB10BKINAV","EQ","-","-","-","-"
"ABANSENT","BE","     48.85","05-MAY-2026","     22.30","20-APR-2026"
"ABATEAS$","EQ","-","-","-","-"
"ABB","EQ","   7822.50","22-APR-2026","   4637.50","21-JAN-2026"
"ABBOTINDIA","EQ","  37000.00","27-JUN-2025","  25150.00","24-APR-2026"
"ABCAPITAL","EQ","    394.40","23-JUN-2026","    243.00","31-JUL-2025"
"ABCINDQ$","EQ","-","-","-","-"
"ABCOTS","EQ","    504.00","24-SEP-2025","    197.69","10-JUN-2026"
"ABDL","EQ","    696.80","04-NOV-2025","    382.10","23-MAR-2026"
"ABFRL","EQ","     94.95","22-SEP-2025","     53.51","30-MAR-2026"
"ABGSEC","EQ","    113.99","22-JUN-2026","    108.00","13-AUG-2025"
"ABGSECINAV","EQ","-","-","-","-"
"ABHAPOWER","SM","     55.25","21-AUG-2025","     23.55","30-MAR-2026"
"ABHICAP$","EQ","-","-","-","-"
"ABHIFIN$","BE","-","-","-","-"
"ABHIINFRA$","EQ","-","-","-","-"
"ABINFRA","EQ","     23.56","23-FEB-2026","      8.82","11-JUN-2026"
"ABIRAFN$","BE","-","-","-","-"
"ABLBL","EQ","    175.00","23-JUN-2025","     87.91","30-MAR-2026"
"ABMINTLLTD","EQ","     78.21","02-JUL-2025","     34.00","02-FEB-2026"
"ABMKNO","EQ","    254.90","23-APR-2026","    197.00","12-JUN-2026"
"ABREL","EQ","   2460.50","01-JUL-2025","   1080.10","16-MAR-2026"
"ABRFL$","SM","-","-","-","-"
"ABRIL$","SM","-","-","-","-"
"ABSL10BANK","EQ","    214.42","04-MAR-2026","    150.00","30-MAR-2026"
"ABSLAMC","EQ","   1224.90","22-JUN-2026","    708.00","25-NOV-2025"
"ABSLBAINAV","EQ","-","-","-","-"
"ABSLBANETF","EQ","     64.94","17-FEB-2026","     50.97","02-APR-2026"
"ABSLLIQUID","EQ","   1044.99","10-FEB-2026","    999.56","06-APR-2026"
"ABSLLQINAV","EQ","-","-","-","-"
"ABSLMSCIN","EQ","     35.34","22-JUN-2026","     26.34","02-APR-2026"
"ABSLNN50ET","EQ","     76.54","22-JUN-2026","     63.02","02-APR-2026"
"ABSLNNINAV","EQ","-","-","-","-"
"ABSLPSE","EQ","     11.60","04-MAY-2026","      9.21","04-MAR-2026"
"ABSMARINE","ST","    315.50","22-MAY-2026","    143.05","04-FEB-2026"
"ABSMSCINAV","EQ","-","-","-","-"
"ABSPSEINAV","EQ","-","-","-","-"
"ABVL$","EQ","-","-","-","-"
"ACC","EQ","   2028.80","11-JUL-2025","   1251.70","30-MAR-2026"
"ACCEDERE$","EQ","-","-","-","-"
"ACCEL$","EQ","-","-","-","-"
"ACCELERAT$","SM","-","-","-","-"
"ACCELYA","EQ","   1527.00","21-OCT-2025","   1012.40","30-MAR-2026"
"ACCENTMIC","SM","    487.40","09-JUN-2026","    216.00","23-JUN-2025"
"ACCORD","ST","    120.95","23-JUN-2026","     19.85","04-NOV-2025"
"ACCORDTS$","SM","-","-","-","-"
"ACCPL","ST","    153.75","18-JUN-2026","     53.80","14-OCT-2025"
"ACCURACY","EQ","      9.61","24-JUN-2025","      3.40","27-MAR-2026"
"ACE","EQ","   1236.00","30-JUN-2025","    745.10","30-MAR-2026"
"ACEALPHA$","SM","-","-","-","-"
"ACEEDU$","BE","-","-","-","-"
"ACEENGITE$","BE","-","-","-","-"
"ACEINTEG","EQ","     29.94","10-SEP-2025","     14.20","30-MAR-2026"
"ACEMEN$","EQ","-","-","-","-"
"ACESOFT$","EQ","-","-","-","-"
"ACETEC","SM","    164.00","23-MAR-2026","    111.80","09-MAR-2026"
"ACFSL$","ST","-","-","-","-"
"ACGL$","EQ","-","-","-","-"
"ACHYUT$","EQ","-","-","-","-"
"ACI","EQ","    727.60","13-AUG-2025","    483.00","12-DEC-2025"
"ACIIN$","EQ","-","-","-","-"
"ACKNIT$","EQ","-","-","-","-"
"ACL","EQ","    109.99","08-SEP-2025","     40.50","30-MAR-2026"
"ACLD$","SM","-","-","-","-"
"ACME$","BE","-","-","-","-"
"ACMESOLAR","EQ","    364.80","08-JUN-2026","    195.90","27-JAN-2026"
"ACML$","SM","-","-","-","-"
"ACROW$","EQ","-","-","-","-"
"ACSTECH","EQ","     42.20","23-APR-2026","     31.71","04-JUN-2026"
"ACTIVE$","EQ","-","-","-","-"
"ACTIVEINFR","SM","    190.00","09-OCT-2025","    170.00","22-JUN-2026"
"ACUTAAS","EQ","   3444.30","08-JUN-2026","   1059.00","26-JUN-2025"
"ADANIENSOL","EQ","   1614.80","08-JUN-2026","    744.90","05-SEP-2025"
"ADANIENT","EQ","   3091.70","23-JUN-2026","   1753.00","30-MAR-2026"
"ADANIGREEN","EQ","   1557.00","23-JUN-2026","    765.00","23-JAN-2026"
"ADANIPORTS","EQ","   1857.80","10-JUN-2026","   1290.50","14-AUG-2025"
"ADANIPOWER","EQ","    254.20","29-MAY-2026","    105.65","23-JUN-2025"
"ADARSHPL$","EQ","-","-","-","-"
"ADCON$","BE","-","-","-","-"
"ADCOUNTY$","SM","-","-","-","-"
"ADDICTIVE","SM","    167.75","16-JUL-2025","     43.35","19-JUN-2026"
"ADDIND$","EQ","-","-","-","-"
"ADESHWAR$","SM","-","-","-","-"
"ADFFOODS","EQ","    320.00","22-JUN-2026","    153.10","27-MAR-2026"
"ADHBHUTIN$","EQ","-","-","-","-"
"ADHHATA$","BE","-","-","-","-"
"ADINATH$","BE","-","-","-","-"
"ADISHAKTI$","SM","-","-","-","-"
"ADISOFT","SM","    280.00","02-JUN-2026","    188.00","27-MAY-2026"
"ADITYASP$","EQ","-","-","-","-"
"ADJIA$","ST","-","-","-","-"
"ADL","EQ","    109.90","10-OCT-2025","     50.26","30-MAR-2026"
"ADLINE$","BE","-","-","-","-"
"ADMACH$","ST","-","-","-","-"
"ADMANUM$","EQ","-","-","-","-"
"ADOR","EQ","   1262.90","22-JUN-2026","    848.00","07-APR-2026"
"ADROITINFO","EQ","     12.20","19-SEP-2025","      7.55","30-MAR-2026"
"ADSL","EQ","    209.53","17-SEP-2025","     86.27","30-MAR-2026"
"ADTECH$","EQ","-","-","-","-"
"ADVAIT","EQ","   2485.00","17-JUN-2026","   1351.00","27-JAN-2026"
"ADVANCE","EQ","    154.00","27-OCT-2025","     84.10","30-MAR-2026"
"ADVANIHOTR","EQ","     68.39","21-AUG-2025","     47.00","30-MAR-2026"
"ADVENTHTL","EQ","    345.05","14-NOV-2025","    120.02","11-JUN-2026"
"ADVENZYMES","EQ","    419.00","11-MAY-2026","    251.95","30-MAR-2026"
"ADVIKCA$","EQ","-","-","-","-"
"ADVIKLA$","BE","-","-","-","-"
"ADVLIFE$","EQ","-","-","-","-"
"ADVPETR-B$","BE","-","-","-","-"
"AEGISLOG","EQ","   1093.55","22-JUN-2026","    576.10","23-MAR-2026"
"AEGISVOPAK","EQ","    302.00","18-JUL-2025","    158.00","30-MAR-2026"
"AEIM$","EQ","-","-","-","-"
"AEL$","EQ","-","-","-","-"
"AEONXDIGI$","EQ","-","-","-","-"
"AEPL","EQ","     20.25","10-APR-2026","     13.25","30-MAR-2026"
"AEQUS","EQ","    241.40","23-JUN-2026","    113.30","16-MAR-2026"
"AEROENTER","EQ","    149.55","23-JUN-2026","     62.20","23-MAR-2026"
"AEROFLEX","EQ","    521.90","22-JUN-2026","    158.00","23-JAN-2026"
"AERON","SM","    142.00","25-JUN-2025","     70.00","30-MAR-2026"
"AERONEU","EQ","    125.37","10-SEP-2025","     63.21","19-MAR-2026"
"AERPACE$","EQ","-","-","-","-"
"AESTHETIK","SM","    155.60","25-SEP-2025","     59.60","30-MAR-2026"
"AETHER","EQ","   1275.10","04-MAY-2026","    726.45","19-SEP-2025"
"AFCOM$","SM","-","-","-","-"
"AFCONS","EQ","    479.40","10-OCT-2025","    265.80","23-MAR-2026"
"AFEL$","BE","-","-","-","-"
"AFFLE","EQ","   2185.90","22-SEP-2025","   1251.30","23-MAR-2026"
"AFFORDABLE","BE","    534.40","17-JUL-2025","    119.71","30-MAR-2026"
"AFIL","BE","     11.10","22-JUN-2026","      3.92","02-FEB-2026"
"AFLTD$","SM","-","-","-","-"
"AFSL","EQ","    267.59","25-JUN-2025","    194.41","13-OCT-2025"
"AGARIND","EQ","   1006.00","24-SEP-2025","    360.00","30-APR-2026"
"AGARWALEYE","EQ","    568.00","16-OCT-2025","    385.35","23-JUN-2025"
"AGARWALFT","ST","     71.25","05-SEP-2025","     21.85","30-MAR-2026"
"AGARWALTUF","SM","    174.05","24-SEP-2025","     81.00","02-APR-2026"
"AGI","EQ","   1009.00","23-JUL-2025","    465.00","30-MAR-2026"
"AGIIL","EQ","    434.40","04-MAY-2026","    177.30","23-JUN-2025"
"AGNI","SM","     43.35","04-SEP-2025","     13.60","23-MAR-2026"
"AGOL$","EQ","-","-","-","-"
"AGRIBIO$","EQ","-","-","-","-"
"AGRITECH","BE","    187.19","17-DEC-2025","     92.52","30-MAR-2026"
"AGROPHOS","EQ","     47.60","31-JUL-2025","     23.90","30-MAR-2026"
"AGUL","SM","     86.00","19-FEB-2026","     47.90","26-JUN-2025"
"AHASOLAR$","SM","-","-","-","-"
"AHCL","EQ","     17.28","28-NOV-2025","      9.08","03-SEP-2025"
"AHIMSA","ST","     26.05","18-FEB-2026","     22.60","20-JAN-2026"
"AHLADA","EQ","     74.85","23-JUN-2025","     31.22","30-MAR-2026"
"AHLEAST","EQ","    175.30","23-APR-2026","    127.25","21-JAN-2026"
"AHLUCONT","EQ","   1125.00","15-JUL-2025","    645.15","30-MAR-2026"
"AHLWEST","BE","    751.40","22-MAY-2026","    137.00","06-APR-2026"
"AHMDSTE$","BE","-","-","-","-"
"AIAENG","EQ","   5060.00","23-JUN-2026","   3001.10","28-AUG-2025"
"AICHAMP$","EQ","-","-","-","-"
"AIHL$","EQ","-","-","-","-"
"AIIL","EQ","    683.00","13-JAN-2026","    400.00","09-MAR-2026"
"AIKPIPES$","ST","-","-","-","-"
"AILIMITED","ST","     71.00","23-JUN-2025","     23.75","06-FEB-2026"
"AIML$","EQ","-","-","-","-"
"AIMTRON","SM","   1343.00","03-JUN-2026","    562.20","23-JUN-2025"
"AIRAN","EQ","     32.55","02-JUL-2025","     12.63","30-MAR-2026"
"AIRFLOA$","SM","-","-","-","-"
"AIRLTD$","EQ","-","-","-","-"
"AIROLAM","EQ","    126.59","10-JUL-2025","     78.00","04-JUN-2026"
"AISL","SM","    112.95","16-JUL-2025","     49.00","02-JUN-2026"
"AJANTPHARM","EQ","   3314.90","19-MAY-2026","   2329.90","30-SEP-2025"
"AJANTSOY$","EQ","-","-","-","-"
"AJAXENGG","EQ","    730.10","14-AUG-2025","    394.80","30-MAR-2026"
"AJCJEWEL$","SM","-","-","-","-"
"AJCON$","EQ","-","-","-","-"
"AJMERA","EQ","    221.40","03-NOV-2025","     98.03","30-MAR-2026"
"AJOONI","EQ","      6.60","24-JUN-2025","      3.40","08-JUN-2026"
"AJWAFUN$","BE","-","-","-","-"
"AKANKSHA","ST","    111.00","04-MAY-2026","     57.00","30-MAR-2026"
"AKASH","EQ","     36.00","18-SEP-2025","     22.80","30-MAR-2026"
"AKCAPIT","EQ","   1832.90","22-JUN-2026","   1484.90","23-APR-2026"
"AKG","EQ","     16.82","04-JUL-2025","      9.08","30-MAR-2026"
"AKI","EQ","     16.05","11-JUL-2025","      3.80","27-MAR-2026"
"AKIKO","ST","    304.80","23-JUN-2026","     62.00","22-JUL-2025"
"AKSHAR","EQ","       .76","13-OCT-2025","       .36","09-MAR-2026"
"AKSHARCHEM","EQ","    330.80","28-AUG-2025","    141.30","30-MAR-2026"
"AKSHOPTFBR","BE","      9.56","30-JUN-2025","      3.82","30-MAR-2026"
"AKUMS","EQ","    635.00","15-JUN-2026","    409.30","21-JAN-2026"
"ALANKIT","EQ","     18.08","11-JUL-2025","      6.80","30-MAR-2026"
"ALANSCOTT$","EQ","-","-","-","-"
"ALBERTDAVD","EQ","    957.50","07-JUL-2025","    579.90","30-MAR-2026"
"ALCHCORP$","BE","-","-","-","-"
"ALCODIS","ST","    160.00","22-JUL-2025","     49.00","30-MAR-2026"
"ALEMBICLTD","EQ","    125.54","30-JUN-2025","     70.46","30-MAR-2026"
"ALFAICA$","EQ","-","-","-","-"
"ALFAVIO$","EQ","-","-","-","-"
"ALFREDHE$","EQ","-","-","-","-"
"ALGOQUANT","EQ","     71.01","06-JAN-2026","     47.80","23-MAR-2026"
"ALICON","EQ","   1022.00","27-OCT-2025","    580.00","30-MAR-2026"
"ALIVUS","EQ","   1148.40","11-MAY-2026","    819.00","22-JAN-2026"
"ALKALI","BE","    107.38","09-OCT-2025","     46.80","30-MAR-2026"
"ALKEM","EQ","   5933.50","13-JAN-2026","   4716.20","10-JUL-2025"
"ALKOSIGN$","SM","-","-","-","-"
"ALKYLAMINE","EQ","   2438.80","07-JUL-2025","   1212.00","17-MAR-2026"
"ALLCARGO","EQ","     38.34","17-JUL-2025","      7.11","30-MAR-2026"
"ALLDIGI","EQ","   1084.00","06-AUG-2025","    700.00","30-MAR-2026"
"ALLETEC","ST","    390.00","25-JUN-2025","    115.80","30-MAR-2026"
"ALLTIME","EQ","    334.90","25-AUG-2025","    186.00","30-MAR-2026"
"ALMONDZ","EQ","     26.60","02-JUL-2025","     10.68","30-MAR-2026"
"ALNATRD$","BE","-","-","-","-"
"ALOKINDS","EQ","     23.50","08-JUL-2025","     11.11","30-MAR-2026"
"ALPA","EQ","    108.30","03-JUL-2025","     46.10","30-MAR-2026"
"ALPEXSOLAR","SM","   1449.70","12-AUG-2025","    660.00","02-FEB-2026"
"ALPHA","EQ","     53.60","04-MAR-2026","     42.00","30-MAR-2026"
"ALPHAETF","EQ","     27.00","23-JUN-2026","     21.80","02-APR-2026"
"ALPHAGEO","EQ","    298.00","16-JUL-2025","    164.80","30-MAR-2026"
"ALPHAINAV","EQ","-","-","-","-"
"ALPHAIND$","SM","-","-","-","-"
"ALPHALOGI$","BE","-","-","-","-"
"ALPINEHOU$","EQ","-","-","-","-"
"ALPL30IETF","EQ","     28.72","30-OCT-2025","     24.35","02-APR-2026"
"ALSL$","EQ","-","-","-","-"
"ALUFLUOR$","EQ","-","-","-","-"
"ALUWIND","SM","     95.80","22-SEP-2025","     45.15","13-MAY-2026"
"AMAGI","EQ","    557.95","23-JUN-2026","    310.20","07-APR-2026"
"AMAL$","EQ","-","-","-","-"
"AMANAYA$","SM","-","-","-","-"
"AMANTA","BE","    164.00","11-JUN-2026","     92.00","16-MAR-2026"
"AMARJOTHI$","EQ","-","-","-","-"
"AMARNATH$","EQ","-","-","-","-"
"AMBAAUTO","SM","    137.50","05-MAY-2026","     63.60","03-JUN-2026"
"AMBALALSA","EQ","     38.50","02-JUN-2026","     30.30","06-MAY-2026"
"AMBANIORGO","SM","    143.90","26-MAY-2026","     94.90","20-JAN-2026"
"AMBARPIL$","EQ","-","-","-","-"
"AMBER","EQ","   8974.00","07-MAY-2026","   5400.50","27-JAN-2026"
"AMBICAAGAR","EQ","     30.80","05-AUG-2025","     20.00","23-MAR-2026"
"AMBIKCO","EQ","   1750.00","26-MAY-2026","   1101.00","21-JAN-2026"
"AMBOAGRI$","SM","-","-","-","-"
"AMBUJACEM","EQ","    624.95","22-JUL-2025","    394.00","23-MAR-2026"
"AMCL","SM","    554.00","19-MAY-2026","    161.70","25-AUG-2025"
"AMCOIND$","EQ","-","-","-","-"
"AMDIND","EQ","     68.07","22-SEP-2025","     33.77","02-APR-2026"
"AMEENJI$","SM","-","-","-","-"
"AMEYA","SM","    128.45","12-MAY-2026","     86.00","12-FEB-2026"
"AMFORG$","EQ","-","-","-","-"
"AMIABLE","SM","     98.50","01-JAN-2026","     52.50","22-MAY-2026"
"AMIC$","SM","-","-","-","-"
"AMINTAN$","BE","-","-","-","-"
"AMIRCHAND","EQ","    200.00","02-APR-2026","    117.02","15-APR-2026"
"AMITINT$","BE","-","-","-","-"
"AMITSEC$","EQ","-","-","-","-"
"AMJLAND","EQ","     67.26","30-JUN-2025","     30.30","30-MAR-2026"
"AMKAY$","SM","-","-","-","-"
"AMNPLST","EQ","    263.79","09-JUL-2025","    127.00","30-MAR-2026"
"AMRAFIN$","ST","-","-","-","-"
"AMRAPLIN$","BE","-","-","-","-"
"AMRUTANJAN","EQ","    790.95","08-SEP-2025","    486.00","30-MAR-2026"
"AMS$","BE","-","-","-","-"
"AMTL$","EQ","-","-","-","-"
"AMWILL$","SM","-","-","-","-"
"ANANDPROJ$","BE","-","-","-","-"
"ANANDRATHI","EQ","   1953.60","22-JUN-2026","   1010.00","27-JUN-2025"
"ANANTAM","IV","    117.00","21-JAN-2026","    100.10","09-MAR-2026"
"ANANTRAJ","EQ","    743.65","07-OCT-2025","    403.00","30-MAR-2026"
"ANDHRAPAP","EQ","     90.00","04-JUL-2025","     58.00","30-MAR-2026"
"ANDHRSUGAR","EQ","    107.23","06-MAY-2026","     66.50","21-JAN-2026"
"ANG$","EQ","-","-","-","-"
"ANGEL$","SM","-","-","-","-"
"ANGELONE","EQ","    360.45","19-JUN-2026","    208.63","13-MAR-2026"
"ANIKINDS","BE","    116.90","02-JUL-2025","     32.50","30-MAR-2026"
"ANJANI$","EQ","-","-","-","-"
"ANJANIFIN$","EQ","-","-","-","-"
"ANJANIFOO$","EQ","-","-","-","-"
"ANKIN$","BE","-","-","-","-"
"ANKITMETAL","BZ","      2.15","23-JUN-2025","      1.29","30-MAR-2026"
"ANL$","ST","-","-","-","-"
"ANLON","ST","    748.00","15-JUN-2026","    335.00","27-MAR-2026"
"ANMOL","EQ","     18.35","07-JUL-2025","      8.40","01-APR-2026"
"ANNAINFRA$","EQ","-","-","-","-"
"ANNAPURNA","SM","    308.00","18-JUL-2025","    127.55","18-MAY-2026"
"ANONDITA","SM","   1316.00","05-JUN-2026","    261.75","01-SEP-2025"
"ANSALAPI","BZ","      5.97","25-JUL-2025","      2.84","04-FEB-2026"
"ANSALBU$","EQ","-","-","-","-"
"ANSINDUS$","EQ","-","-","-","-"
"ANTARIKSH$","BE","-","-","-","-"
"ANTELOPUS","EQ","    933.65","08-JUN-2026","    357.00","13-JAN-2026"
"ANTGRAPHIC","EQ","      1.40","26-JUN-2025","       .64","30-MAR-2026"
"ANTHEM","EQ","    873.50","18-SEP-2025","    579.15","02-FEB-2026"
"ANUHPHR","EQ","    114.84","08-JUL-2025","     67.00","30-MAR-2026"
"ANUP","EQ","   2954.90","09-JUL-2025","   1422.30","09-MAR-2026"
"ANUPAM$","EQ","-","-","-","-"
"ANURAS","EQ","   1415.00","07-MAY-2026","   1045.20","30-SEP-2025"
"ANUROOP$","EQ","-","-","-","-"
"ANVRDHI$","EQ","-","-","-","-"
"ANYA","SM","     27.50","27-JUN-2025","     14.60","19-JUN-2026"
"ANZEN","IV","    131.00","26-MAY-2026","    108.25","22-AUG-2025"
"AOGOLDINAV","EQ","-","-","-","-"
"AONE50INAV","EQ","-","-","-","-"
"AONEGOLD","EQ","     17.73","29-JAN-2026","     10.00","10-SEP-2025"
"AONELIINAV","EQ","-","-","-","-"
"AONELIQUID","EQ","   1094.59","08-JUN-2026","    983.60","27-JUN-2025"
"AONENFINAV","EQ","-","-","-","-"
"AONENIFTY","EQ","     11.06","06-JAN-2026","      9.00","15-APR-2026"
"AONESIINAV","EQ","-","-","-","-"
"AONESILVER","EQ","     12.00","02-MAR-2026","      7.68","23-MAR-2026"
"AONETMMQ50","EQ","     10.87","25-MAY-2026","      8.00","04-MAR-2026"
"AONETOINAV","EQ","-","-","-","-"
"AONETOTAL","EQ","     12.51","06-JAN-2026","      9.60","06-APR-2026"
"APARINDS","EQ","  16750.00","23-JUN-2026","   6801.00","21-JAN-2026"
"APCL","EQ","    155.00","30-JUL-2025","     98.35","30-MAR-2026"
"APCOTEXIND","EQ","    579.00","15-JUN-2026","    310.45","30-MAR-2026"
"APEX","EQ","    514.50","21-APR-2026","    208.74","01-SEP-2025"
"APEXECO","ST","    258.95","23-JUN-2026","    102.05","10-NOV-2025"
"APIL$","BE","-","-","-","-"
"APIS$","EQ","-","-","-","-"
"APL$","SM","-","-","-","-"
"APLAB$","BE","-","-","-","-"
"APLAPOLLO","EQ","   2301.40","12-FEB-2026","   1492.00","28-JUL-2025"
"APLLTD","EQ","   1107.90","30-JUN-2025","    635.80","23-MAR-2026"
"APMIN$","EQ","-","-","-","-"
"APOLLO","EQ","    446.90","03-JUN-2026","    162.34","28-JUL-2025"
"APOLLOFI$","EQ","-","-","-","-"
"APOLLOHOSP","EQ","   8624.00","10-JUN-2026","   6696.50","23-JAN-2026"
"APOLLOPIPE","EQ","    554.00","21-MAY-2026","    252.10","21-JAN-2026"
"APOLLOTYRE","EQ","    540.50","14-NOV-2025","    365.30","20-MAY-2026"
"APOLSINHOT","EQ","   1605.00","15-JUL-2025","    950.00","30-MAR-2026"
"APOORVA$","EQ","-","-","-","-"
"APRAMEYA","SM","    360.00","21-NOV-2025","    140.25","29-MAY-2026"
"APS","SM","    599.90","29-JUL-2025","    261.00","30-MAR-2026"
"APSISAERO","ST","    343.75","26-MAY-2026","    147.20","18-MAR-2026"
"APSISAERO","ST","-","-","-","-"
"APTECHT","BE","    159.90","27-JUN-2025","     69.10","30-MAR-2026"
"APTPACK$","BE","-","-","-","-"
"APTUS","EQ","    364.00","18-AUG-2025","    193.03","30-MAR-2026"
"AQYLON","EQ","    224.70","21-JAN-2026","     39.26","08-APR-2026"
"ARABIAN","SM","     92.95","27-JUN-2025","     63.20","23-JUN-2026"
"ARAVALIS$","EQ","-","-","-","-"
"ARCEEIN$","BE","-","-","-","-"
"ARCFIN$","EQ","-","-","-","-"
"ARCHIDPLY","EQ","    120.40","28-JUL-2025","     60.00","30-MAR-2026"
"ARCHIES","EQ","     24.47","30-JUN-2025","     10.86","30-MAR-2026"
"ARCHITORG$","EQ","-","-","-","-"
"ARCIIL","ST","    145.00","29-AUG-2025","     38.60","30-MAR-2026"
"ARCL$","EQ","-","-","-","-"
"ARE&M","EQ","   1057.85","16-SEP-2025","    670.00","30-MAR-2026"
"ARENTERP","EQ","     62.99","04-JUL-2025","     30.01","30-MAR-2026"
"AREXMIS$","EQ","-","-","-","-"
"ARFIN","EQ","    106.20","12-MAY-2026","     31.43","29-JUL-2025"
"ARHAM","SM","    161.00","07-JAN-2026","     70.80","06-AUG-2025"
"ARIES","EQ","    459.90","25-AUG-2025","    285.35","20-JAN-2026"
"ARIGATO$","BE","-","-","-","-"
"ARIHANT","EQ","   1100.00","20-APR-2026","    715.10","01-JUN-2026"
"ARIHANTACA","SM","    555.00","30-MAR-2026","    270.00","04-JUL-2025"
"ARIHANTCAP","EQ","    120.00","24-OCT-2025","     56.97","30-MAR-2026"
"ARIHANTSUP","EQ","    465.00","07-OCT-2025","    188.80","30-MAR-2026"
"ARIS","EQ","    208.50","25-JUN-2025","     82.18","09-FEB-2026"
"ARISE$","EQ","-","-","-","-"
"ARISINT$","BE","-","-","-","-"
"ARISTO","ST","    143.55","04-JUL-2025","     74.30","02-APR-2026"
"ARITAS$","ST","-","-","-","-"
"ARKADE","EQ","    213.69","18-JUL-2025","     92.62","30-MAR-2026"
"ARL$","EQ","-","-","-","-"
"ARMAN$","EQ","-","-","-","-"
"ARMANFIN","EQ","   1906.60","12-MAY-2026","   1270.00","14-AUG-2025"
"ARMOUR","SM","     45.60","22-JAN-2026","     18.00","30-MAR-2026"
"ARNOLD$","EQ","-","-","-","-"
"AROGRANITE","EQ","     45.63","19-SEP-2025","     18.67","30-MAR-2026"
"ARROWGREEN","BE","    817.95","30-JUL-2025","    341.95","16-MAR-2026"
"ARROWHEAD$","SM","-","-","-","-"
"ARSHIYA","BZ","      3.24","22-JUL-2025","      1.02","17-JUN-2026"
"ARSSBL","EQ","    794.85","18-NOV-2025","    416.00","30-MAR-2026"
"ARTEFACT$","EQ","-","-","-","-"
"ARTEMISMED","EQ","    297.50","18-NOV-2025","    203.35","30-MAR-2026"
"ARTNIRMAN","EQ","     66.97","27-OCT-2025","     29.39","30-MAR-2026"
"ARTSON$","EQ","-","-","-","-"
"ARUNAHTEL$","EQ","-","-","-","-"
"ARUNAYA","ST","     32.45","23-JUN-2025","     13.90","30-MAR-2026"
"ARVEE","EQ","    290.78","19-DEC-2025","    129.11","30-MAR-2026"
"ARVIND","EQ","    527.85","23-JUN-2026","    274.80","28-AUG-2025"
"ARVINDFASN","EQ","    579.00","17-SEP-2025","    366.20","30-MAR-2026"
"ARVINDPORT","ST","     71.25","31-OCT-2025","     24.40","15-JUN-2026"
"ARVSMART","EQ","    692.10","30-JUN-2025","    486.80","09-MAR-2026"
"ARYACAPM$","EQ","-","-","-","-"
"ARYAMAN$","EQ","-","-","-","-"
"ARYAVAN$","EQ","-","-","-","-"
"ASAHIINDIA","EQ","   1074.00","01-DEC-2025","    688.30","24-JUN-2025"
"ASAHISONG","EQ","    453.70","29-JUL-2025","    179.64","13-MAR-2026"
"ASAL","EQ","    654.65","26-SEP-2025","    374.50","30-MAR-2026"
"ASALCBR","EQ","   1277.00","03-NOV-2025","    660.65","30-MAR-2026"
"ASARFI$","SM","-","-","-","-"
"ASCENSIVE$","SM","-","-","-","-"
"ASCOM","ST","    285.00","24-APR-2026","     86.05","30-JUN-2025"
"ASGARD$","EQ","-","-","-","-"
"ASHAI$","BE","-","-","-","-"
"ASHALOG","SM","     92.60","16-SEP-2025","     50.00","30-MAR-2026"
"ASHAPURMIN","EQ","    924.90","07-JAN-2026","    405.80","23-JUN-2025"
"ASHCAP$","EQ","-","-","-","-"
"ASHIANA","EQ","    405.00","22-JUN-2026","    269.45","11-NOV-2025"
"ASHIKA","EQ","    413.10","17-JUN-2026","    339.95","01-JUN-2026"
"ASHIMASYN","EQ","     30.88","03-JUL-2025","     11.50","27-MAR-2026"
"ASHIS$","BE","-","-","-","-"
"ASHISHPO$","EQ","-","-","-","-"
"ASHNI$","EQ","-","-","-","-"
"ASHNOOR$","EQ","-","-","-","-"
"ASHOKA","EQ","    218.44","01-JUL-2025","    101.00","30-MAR-2026"
"ASHOKAMET","EQ","     21.00","19-SEP-2025","     12.13","30-MAR-2026"
"ASHOKLEY","EQ","    215.42","11-FEB-2026","    114.96","11-AUG-2025"
"ASHOKRE$","BE","-","-","-","-"
"ASHSI$","EQ","-","-","-","-"
"ASHWINI","SM","    184.40","23-JUN-2026","    120.00","20-FEB-2026"
"ASIAN$","EQ","-","-","-","-"
"ASIANENE","EQ","    392.00","09-JUN-2026","    230.00","22-JAN-2026"
"ASIANHOTNR","EQ","    381.00","07-JUL-2025","    247.50","13-FEB-2026"
"ASIANPAINT","EQ","   2985.70","04-DEC-2025","   2115.00","23-MAR-2026"
"ASIANTILES","EQ","     79.06","21-APR-2026","     54.10","23-JUN-2026"
"ASIANTNE$","EQ","-","-","-","-"
"ASIAPAK$","EQ","-","-","-","-"
"ASIIL$","EQ","-","-","-","-"
"ASINPET$","EQ","-","-","-","-"
"ASITCFIN$","EQ","-","-","-","-"
"ASKAUTOLTD","EQ","    578.50","24-SEP-2025","    375.30","09-MAR-2026"
"ASMS","BE","     17.60","09-SEP-2025","      6.95","11-JUN-2026"
"ASMTEC$","EQ","-","-","-","-"
"ASPINWALL","EQ","    315.00","24-JUL-2025","    200.25","23-MAR-2026"
"ASPIRE","SM","     36.65","23-JUN-2025","     10.20","30-MAR-2026"
"ASRL$","EQ","-","-","-","-"
"ASSAMENT$","EQ","-","-","-","-"
"ASSOCER$","EQ","-","-","-","-"
"ASSOCIATE$","SM","-","-","-","-"
"ASTALLTD$","EQ","-","-","-","-"
"ASTAR","EQ","    723.00","13-MAY-2026","    555.05","21-APR-2026"
"ASTEC","EQ","    988.51","26-JUN-2025","    513.40","23-MAR-2026"
"ASTERDM","EQ","    836.50","12-JUN-2026","    519.10","04-FEB-2026"
"ASTRAL","EQ","   1768.70","11-MAR-2026","   1263.70","12-AUG-2025"
"ASTRAMICRO","EQ","   1735.50","19-JUN-2026","    851.00","30-MAR-2026"
"ASTRAZEN","EQ","   9849.50","03-NOV-2025","   7551.50","06-APR-2026"
"ASTRON","BE","     18.89","08-SEP-2025","      3.26","01-APR-2026"
"ASTRONMUL$","ST","-","-","-","-"
"ASYL$","BE","-","-","-","-"
"ATALREAL","EQ","     32.00","17-JUN-2026","     17.75","02-SEP-2025"
"ATAM","EQ","    114.20","30-JUN-2025","     48.50","30-MAR-2026"
"ATCENERGY","ST","     91.00","14-JUL-2025","     19.35","19-MAR-2026"
"ATCENERGY","ST","-","-","-","-"
"ATENPAPER$","ST","-","-","-","-"
"ATGL","EQ","    859.85","29-MAY-2026","    462.80","09-MAR-2026"
"ATHCON$","SM","-","-","-","-"
"ATHERENERG","EQ","   1069.00","08-JUN-2026","    314.40","23-JUN-2025"
"ATIL$","SM","-","-","-","-"
"ATISHAY$","EQ","-","-","-","-"
"ATL","EQ","     37.86","25-SEP-2025","     18.20","30-MAR-2026"
"ATLANTAA","EQ","     73.39","07-OCT-2025","     29.41","29-AUG-2025"
"ATLANTAELE","EQ","   2152.60","04-JUN-2026","    707.60","27-JAN-2026"
"ATLASCYCLE","EQ","    144.60","02-JUL-2025","     76.15","23-MAR-2026"
"ATMASTCO","ST","    268.00","21-AUG-2025","     98.00","30-MAR-2026"
"ATUL","EQ","   7788.00","07-JUL-2025","   5560.50","21-JAN-2026"
"ATULAUTO","EQ","    554.00","05-SEP-2025","    380.05","30-MAR-2026"
"ATVOENT$","BE","-","-","-","-"
"ATVPR$","EQ","-","-","-","-"
"AUBANK","EQ","   1079.55","24-APR-2026","    682.15","05-SEP-2025"
"AUDROC$","BE","-","-","-","-"
"AUREATE$","SM","-","-","-","-"
"AURIGROW","EQ","      1.00","24-DEC-2025","       .20","10-MAR-2026"
"AURIONPRO","EQ","   1665.90","16-JUL-2025","    719.60","30-MAR-2026"
"AUROIMPEX","SM","     60.00","08-JUL-2025","     21.25","30-MAR-2026"
"AUROLAB$","EQ","-","-","-","-"
"AUROPHARMA","EQ","   1550.00","21-MAY-2026","   1016.10","01-SEP-2025"
"AURUM","EQ","    225.70","23-JUL-2025","    151.90","30-MAR-2026"
"AUSL","SM","     48.30","18-JUL-2025","     17.35","30-MAR-2026"
"AUSOMENT","BE","    178.00","19-JAN-2026","     93.00","07-OCT-2025"
"AUSTENG$","EQ","-","-","-","-"
"AUSTERE$","SM","-","-","-","-"
"AUTOAXLES","EQ","   2115.00","04-FEB-2026","   1540.20","30-MAR-2026"
"AUTOBEES","EQ","    299.92","06-JAN-2026","    238.10","23-JUN-2025"
"AUTOBEINAV","EQ","-","-","-","-"
"AUTOIETF","EQ","     30.50","07-JAN-2026","     23.56","23-JUN-2025"
"AUTOIND","BE","     93.14","19-MAY-2026","     48.35","30-MAR-2026"
"AUTOINT$","EQ","-","-","-","-"
"AUTOPINS$","BE","-","-","-","-"
"AUTOPRD$","BE","-","-","-","-"
"AVADHSUGAR","BE","    531.90","08-MAY-2026","    306.05","21-JAN-2026"
"AVALON","EQ","   1807.00","23-JUN-2026","    777.30","29-JAN-2026"
"AVANA","ST","    159.00","25-MAY-2026","     60.10","20-MAR-2026"
"AVANCE$","EQ","-","-","-","-"
"AVANTEL","EQ","    215.00","10-OCT-2025","    117.05","23-MAR-2026"
"AVANTIFEED","EQ","   1593.80","21-APR-2026","    614.25","28-AUG-2025"
"AVATAR","ST","    157.80","23-JUN-2026","     40.05","03-JUL-2025"
"AVAX$","ST","-","-","-","-"
"AVEER$","EQ","-","-","-","-"
"AVG","EQ","    302.86","30-JUN-2025","    113.26","02-APR-2026"
"AVIANSH","SM","    123.50","14-JAN-2026","     95.00","25-SEP-2025"
"AVIVA$","EQ","-","-","-","-"
"AVL","EQ","    648.05","22-JUN-2026","    351.00","23-JUN-2025"
"AVONMORE","EQ","     23.90","10-SEP-2025","      9.51","08-JUN-2026"
"AVPINFRA","SM","    218.00","28-JUL-2025","     65.55","02-JUN-2026"
"AVROIND","EQ","     18.80","01-JUL-2025","      9.88","16-JUN-2026"
"AVSL","ST","    131.25","07-AUG-2025","    119.70","18-MAY-2026"
"AVTNPL","EQ","     83.80","13-AUG-2025","     53.50","30-MAR-2026"
"AWFIS","EQ","    671.60","24-JUN-2025","    229.05","30-MAR-2026"
"AWHCL","EQ","    693.00","03-JUL-2025","    372.50","30-MAR-2026"
"AWL","EQ","    286.00","18-JUL-2025","    171.19","16-MAR-2026"
"AXELPOLY$","EQ","-","-","-","-"
"AXENTRA$","BE","-","-","-","-"
"AXISBANK","EQ","   1418.30","03-FEB-2026","   1042.50","29-AUG-2025"
"AXISBNINAV","EQ","-","-","-","-"
"AXISBNKETF","EQ","    647.82","19-FEB-2026","    512.51","02-APR-2026"
"AXISCADES","EQ","   2211.00","11-MAY-2026","   1063.30","22-JAN-2026"
"AXISCEINAV","EQ","-","-","-","-"
"AXISCETF","EQ","    131.85","23-OCT-2025","    105.63","02-APR-2026"
"AXISGOINAV","EQ","-","-","-","-"
"AXISGOLD","EQ","    150.00","29-JAN-2026","     79.33","30-JUN-2025"
"AXISHCETF","EQ","    164.17","23-JUN-2026","    135.20","01-APR-2026"
"AXISHCINAV","EQ","-","-","-","-"
"AXISILINAV","EQ","-","-","-","-"
"AXISILVER","EQ","    390.01","29-JAN-2026","    103.12","30-JUN-2025"
"AXISNIFTY","EQ","    296.38","07-JAN-2026","    244.00","02-APR-2026"
"AXISNIINAV","EQ","-","-","-","-"
"AXISOL$","BE","-","-","-","-"
"AXISTECETF","EQ","    439.67","24-DEC-2025","    294.02","19-JUN-2026"
"AXISTEINAV","EQ","-","-","-","-"
"AXISVAINAV","EQ","-","-","-","-"
"AXISVALUE","EQ","     39.00","18-JUN-2026","     22.84","21-AUG-2025"
"AXITA","EQ","     12.20","31-DEC-2025","      6.57","10-JUN-2026"
"AXSENSEX","EQ","     91.35","02-DEC-2025","     73.52","02-APR-2026"
"AXSNSXINAV","EQ","-","-","-","-"
"AXTEL$","EQ","-","-","-","-"
"AYE","EQ","    173.00","17-JUN-2026","     88.22","02-APR-2026"
"AYMSYNTEX","EQ","    261.51","23-JUN-2025","    141.53","20-JAN-2026"
"AZAD","EQ","   2350.00","08-MAY-2026","   1360.00","23-MAR-2026"
"AZADIND$","EQ","-","-","-","-"
"AZTEC$","SM","-","-","-","-"
"B2BSOFT$","EQ","-","-","-","-"
"BABA$","EQ","-","-","-","-"
"BABAFP","SM","     44.75","01-AUG-2025","     17.65","16-JUN-2026"
"BACPHAR$","EQ","-","-","-","-"
"BAFNAPH","BE","    213.36","09-JUN-2026","     73.01","23-JUN-2025"
"BAGDIGITAL","SM","    139.00","23-DEC-2025","     95.75","10-OCT-2025"
"BAGFILMS","EQ","      8.00","23-OCT-2025","      3.61","30-MAR-2026"
"BAGMANE","RR","    104.90","19-MAY-2026","    102.25","23-JUN-2026"
"BAHETI","SM","    743.95","22-JUN-2026","    478.00","23-MAR-2026"
"BAIDFIN","EQ","     13.96","17-JUL-2025","      8.80","30-MAR-2026"
"BAIKAKAJI$","SM","-","-","-","-"
"BAJAJ-AUTO","EQ","  10834.00","27-MAY-2026","   7858.50","07-AUG-2025"
"BAJAJCON","EQ","    632.60","19-JUN-2026","    168.27","23-JUN-2025"
"BAJAJELEC","EQ","    711.00","04-JUL-2025","    301.00","11-JUN-2026"
"BAJAJFINSV","EQ","   2195.00","23-OCT-2025","   1597.00","02-APR-2026"
"BAJAJHCARE","EQ","    552.60","15-JUL-2025","    272.35","18-MAY-2026"
"BAJAJHFL","EQ","    124.00","17-JUL-2025","     72.65","30-MAR-2026"
"BAJAJHIND","EQ","     29.64","09-JUL-2025","     14.85","25-FEB-2026"
"BAJAJHLDNG","EQ","  14763.00","18-AUG-2025","   8588.00","02-APR-2026"
"BAJAJINDEF","EQ","    580.25","04-JUL-2025","    207.25","27-MAR-2026"
"BAJAJST","EQ","    507.80","20-APR-2026","    350.05","12-JUN-2026"
"BAJEL","EQ","    263.90","18-JUL-2025","    135.10","30-MAR-2026"
"BAJFINANCE","EQ","   1102.50","23-OCT-2025","    787.90","23-MAR-2026"
"BAJGLOB$","BE","-","-","-","-"
"BALAJEE","EQ","     59.90","01-SEP-2025","     21.10","30-MAR-2026"
"BALAJIPHOS","SM","    184.70","03-SEP-2025","     78.80","21-MAY-2026"
"BALAJITELE","EQ","    141.32","26-SEP-2025","     69.52","30-MAR-2026"
"BALAMINES","EQ","   2288.00","18-JUN-2026","    968.10","30-MAR-2026"
"BALAXI","BE","     54.70","27-JUN-2025","     15.20","27-MAR-2026"
"BALCO","ST","     36.55","28-JUL-2025","     13.40","30-MAR-2026"
"BALGOPAL$","EQ","-","-","-","-"
"BALKRISHNA","EQ","     25.97","25-SEP-2025","     12.00","10-MAR-2026"
"BALKRISIND","EQ","   2801.30","22-JUL-2025","   1970.00","11-JUN-2026"
"BALMLAWRIE","EQ","    238.20","15-SEP-2025","    148.36","30-MAR-2026"
"BALPHARMA","EQ","    104.50","04-JUL-2025","     60.00","30-MAR-2026"
"BALRAMCHIN","EQ","    627.80","16-JUL-2025","    393.55","21-JAN-2026"
"BALTE$","EQ","-","-","-","-"
"BALUFORGE","EQ","    719.00","01-JUL-2025","    341.05","29-JAN-2026"
"BAMBINO$","EQ","-","-","-","-"
"BAMPSL$","EQ","-","-","-","-"
"BANARBEADS","EQ","    164.70","30-OCT-2025","     96.05","10-JUN-2026"
"BANARISUG","EQ","   4022.60","30-JUN-2025","   3105.20","06-OCT-2025"
"BANASFN$","EQ","-","-","-","-"
"BANCOINDIA","EQ","    879.80","06-OCT-2025","    502.00","30-MAR-2026"
"BANDARAM$","EQ","-","-","-","-"
"BANDHANBNK","EQ","    218.13","16-JUN-2026","    134.25","09-DEC-2025"
"BANG","EQ","     64.01","30-JUN-2025","     26.61","30-MAR-2026"
"BANK10ADD","EQ","     18.99","25-MAY-2026","     12.08","02-APR-2026"
"BANKA","BE","     97.88","17-SEP-2025","     41.00","30-MAR-2026"
"BANKADD","EQ","     62.90","18-FEB-2026","     51.01","02-APR-2026"
"BANKBARODA","EQ","    325.50","26-FEB-2026","    230.81","29-AUG-2025"
"BANKBEES","EQ","    638.99","19-FEB-2026","    515.98","02-APR-2026"
"BANKBENAV","EQ","-","-","-","-"
"BANKBETA","EQ","     73.70","17-FEB-2026","     51.30","02-APR-2026"
"BANKBETF","EQ","     62.46","18-FEB-2026","     50.71","02-APR-2026"
"BANKBINAV","EQ","-","-","-","-"
"BANKETF","EQ","    628.27","19-FEB-2026","    507.01","02-APR-2026"
"BANKIETF","EQ","     63.90","17-FEB-2026","     51.17","02-APR-2026"
"BANKINDIA","EQ","    178.36","27-FEB-2026","    108.81","01-AUG-2025"
"BANKNIFTY1","EQ","     65.29","18-FEB-2026","     51.71","02-APR-2026"
"BANKPSU","EQ","     99.52","27-FEB-2026","     67.59","29-AUG-2025"
"BANSALWIRE","EQ","    434.30","22-JUL-2025","    222.50","30-MAR-2026"
"BANSTEA$","BE","-","-","-","-"
"BANSWRAS","EQ","    165.49","04-JUL-2025","     93.73","30-MAR-2026"
"BAPACK$","EQ","-","-","-","-"
"BARFLEX","SM","     82.40","22-SEP-2025","     53.00","13-MAR-2026"
"BARODARY$","EQ","-","-","-","-"
"BAROEXT$","EQ","-","-","-","-"
"BARONINF$","BE","-","-","-","-"
"BASANTGL$","EQ","-","-","-","-"
"BASF","EQ","   5260.00","18-JUL-2025","   3122.20","23-MAR-2026"
"BASILIC","SM","    509.80","10-SEP-2025","    166.25","30-MAR-2026"
"BASML","EQ","     37.05","26-JUN-2025","     17.05","30-MAR-2026"
"BATAINDIA","EQ","   1284.90","10-JUL-2025","    605.00","30-MAR-2026"
"BATLIBOI","EQ","     97.45","23-JUN-2026","     71.21","08-JUN-2026"
"BAWEJA","ST","     75.70","25-JUL-2025","     21.10","30-MAR-2026"
"BAYERCROP","EQ","   6511.00","07-JUL-2025","   4150.00","22-JUN-2026"
"BAZELINTE$","EQ","-","-","-","-"
"BBETF0432","EQ","   1346.89","09-JAN-2026","   1262.29","08-SEP-2025"
"BBETF0INAV","EQ","-","-","-","-"
"BBL","EQ","   3411.00","16-OCT-2025","   2051.70","30-MAR-2026"
"BBNPNBETF","EQ","     62.77","25-FEB-2026","     50.03","30-MAR-2026"
"BBNPNBINAV","EQ","-","-","-","-"
"BBNPPGOLD","EQ","    184.05","29-JAN-2026","     93.25","30-JUN-2025"
"BBOX","EQ","   1103.00","05-JUN-2026","    435.05","05-SEP-2025"
"BBTC","EQ","   2135.00","23-OCT-2025","   1314.60","30-MAR-2026"
"BBTCL","EQ","    240.00","09-JUN-2026","    150.00","26-JUN-2025"
"BCCFUBA$","BE","-","-","-","-"
"BCCL$","SM","-","-","-","-"
"BCG","EQ","     22.00","14-JUL-2025","      7.97","24-MAR-2026"
"BCLIND","EQ","     49.30","22-JUL-2025","     25.53","23-MAR-2026"
"BCONCEPTS","EQ","    449.00","24-SEP-2025","    171.00","17-JUN-2026"
"BCPL","EQ","     92.00","04-MAY-2026","     60.00","27-MAR-2026"
"BDH$","EQ","-","-","-","-"
"BDI$","SM","-","-","-","-"
"BDL","EQ","   2013.50","04-JUL-2025","   1086.00","30-MAR-2026"
"BEACON","ST","    124.80","08-MAY-2026","     50.00","03-OCT-2025"
"BEARDSELL","EQ","     38.60","25-SEP-2025","     20.02","01-APR-2026"
"BECTORFOOD","EQ","    313.82","23-JUL-2025","    168.60","08-JUN-2026"
"BEDMUTHA","EQ","    164.90","06-AUG-2025","     94.55","01-APR-2026"
"BEEKAY","EQ","    471.85","29-APR-2026","    355.05","20-APR-2026"
"BEEYU$","EQ","-","-","-","-"
"BEEZAASAN$","ST","-","-","-","-"
"BEL","EQ","    473.45","06-MAR-2026","    361.20","28-AUG-2025"
"BELDING$","EQ","-","-","-","-"
"BELLACASA","EQ","    497.35","15-OCT-2025","    220.25","30-MAR-2026"
"BELRISE","EQ","    249.59","22-JUN-2026","     97.72","24-JUN-2025"
"BEMHY$","EQ","-","-","-","-"
"BEML","EQ","   2437.40","23-JUN-2025","   1355.00","30-MAR-2026"
"BENARA$","ST","-","-","-","-"
"BENARAS$","EQ","-","-","-","-"
"BENCHMARK$","ST","-","-","-","-"
"BENGALASM","EQ","   7268.00","05-JUN-2026","   5845.85","20-APR-2026"
"BENGALS$","BE","-","-","-","-"
"BENGALT$","EQ","-","-","-","-"
"BENTCOM$","BE","-","-","-","-"
"BEPL","EQ","    119.44","30-JUN-2025","     74.20","09-MAR-2026"
"BERGEPAINT","EQ","    605.00","03-JUL-2025","    391.10","16-MAR-2026"
"BERLDRG$","EQ","-","-","-","-"
"BERVINL$","EQ","-","-","-","-"
"BERYLSE$","BE","-","-","-","-"
"BESTAGRO","EQ","     35.58","04-AUG-2025","     12.30","30-MAR-2026"
"BESTEAST$","EQ","-","-","-","-"
"BETA","EQ","   2250.00","23-JUN-2026","    990.10","25-FEB-2026"
"BETXIND$","EQ","-","-","-","-"
"BEWLTD","SM","    175.60","08-AUG-2025","     57.30","22-MAY-2026"
"BFINVEST","EQ","    528.00","23-SEP-2025","    315.00","30-MAR-2026"
"BFSI","EQ","     29.94","16-FEB-2026","     24.03","02-APR-2026"
"BFUTILITIE","EQ","    898.70","23-SEP-2025","    368.70","30-MAR-2026"
"BGDL$","EQ","-","-","-","-"
"BGIL$","EQ","-","-","-","-"
"BGRENERGY","BE","    490.80","24-OCT-2025","     94.00","29-JUL-2025"
"BGWTATO$","EQ","-","-","-","-"
"BHADORA","SM","    128.85","15-SEP-2025","     49.50","30-MAR-2026"
"BHAGCHEM","EQ","    325.00","31-JUL-2025","    170.60","30-MAR-2026"
"BHAGERIA","BE","    244.60","24-OCT-2025","    127.51","30-MAR-2026"
"BHAGYANGR","BE","    415.20","23-JUN-2026","     76.84","02-JUL-2025"
"BHANDARI","BE","      5.20","04-JUL-2025","      2.00","30-MAR-2026"
"BHANDERI$","ST","-","-","-","-"
"BHARAT$","EQ","-","-","-","-"
"BHARATAGR$","EQ","-","-","-","-"
"BHARATCOAL","EQ","     45.09","19-JAN-2026","     29.74","30-MAR-2026"
"BHARATFORG","EQ","   2158.50","23-JUN-2026","   1100.50","29-AUG-2025"
"BHARATGEAR","EQ","    154.20","29-SEP-2025","     83.80","30-MAR-2026"
"BHARATRAS","EQ","   3000.00","13-AUG-2025","   1203.00","30-MAR-2026"
"BHARATROH$","SM","-","-","-","-"
"BHARATSE","EQ","    239.45","17-OCT-2025","     98.61","23-JUN-2025"
"BHARATWIRE","EQ","    262.00","11-MAY-2026","    148.01","30-MAR-2026"
"BHARTIARTL","EQ","   2174.50","21-NOV-2025","   1740.50","13-MAY-2026"
"BHARTIHEXA","EQ","   2052.90","01-JUL-2025","   1431.00","18-JUN-2026"
"BHASKAGR$","EQ","-","-","-","-"
"BHATEXT$","BE","-","-","-","-"
"BHATIA$","EQ","-","-","-","-"
"BHAVIK$","SM","-","-","-","-"
"BHEL","EQ","    424.90","29-MAY-2026","    205.12","29-AUG-2025"
"BHILSPIN$","EQ","-","-","-","-"
"BHUDEVI$","BE","-","-","-","-"
"BI","EQ","     75.00","08-MAY-2026","     51.62","18-MAY-2026"
"BIBCL$","EQ","-","-","-","-"
"BIGBLOC","EQ","     80.00","01-JAN-2026","     38.00","30-MAR-2026"
"BIHSPONG$","EQ","-","-","-","-"
"BIJHANS$","BE","-","-","-","-"
"BIKAJI","EQ","    818.70","04-SEP-2025","    592.55","16-MAR-2026"
"BIKEWO","ST","     35.00","15-JUN-2026","     13.65","06-OCT-2025"
"BIL","EQ","    984.75","23-JUL-2025","    602.00","21-JAN-2026"
"BILLWIN$","SM","-","-","-","-"
"BILVYAPAR","BE","     14.89","21-JUL-2025","      3.82","16-JUN-2026"
"BIMETAL","EQ","    666.00","29-MAY-2026","    537.90","18-MAY-2026"
"BINDALEXP$","ST","-","-","-","-"
"BINNYMILL$","BE","-","-","-","-"
"BIOCON","EQ","    440.40","26-MAY-2026","    331.00","11-AUG-2025"
"BIOFILCHEM","EQ","     48.50","30-JUN-2025","     25.60","30-MAR-2026"
"BIOGEN$","EQ","-","-","-","-"
"BIOPOL","SM","    133.75","15-MAY-2026","     84.75","02-MAR-2026"
"BIRDYS","ST","    154.00","17-JUL-2025","     95.80","19-JUN-2026"
"BIRET","RR","    375.69","27-FEB-2026","    304.90","23-JUN-2025"
"BIRLACABLE","BE","    241.00","05-JUN-2026","    104.00","30-MAR-2026"
"BIRLACORPN","EQ","   1535.30","30-JUL-2025","    769.60","16-MAR-2026"
"BIRLAMONEY","EQ","    201.32","30-JUN-2025","     95.00","30-MAR-2026"
"BIRLANU","EQ","   2425.00","15-JUL-2025","   1190.10","30-MAR-2026"
"BIRLAPREC","EQ","     49.99","27-MAY-2026","     32.25","24-APR-2026"
"BITS$","EQ","-","-","-","-"
"BIZOTIC$","ST","-","-","-","-"
"BJDUP$","BE","-","-","-","-"
"BKV$","EQ","-","-","-","-"
"BLACKBUCK","EQ","    748.00","21-OCT-2025","    426.35","23-JUN-2025"
"BLACKROSE","EQ","    129.90","23-JUN-2026","     80.05","22-APR-2026"
"BLAL","EQ","    233.80","09-SEP-2025","    155.50","30-MAR-2026"
"BLBLIMITED","EQ","     22.47","23-FEB-2026","     12.00","13-JAN-2026"
"BLIL","EQ","     79.50","07-MAY-2026","     67.00","12-JUN-2026"
"BLISSGVS","EQ","    493.75","19-JUN-2026","    118.00","10-NOV-2025"
"BLKASHYAP","EQ","     80.01","31-JUL-2025","     40.32","30-MAR-2026"
"BLOIN$","EQ","-","-","-","-"
"BLOOM$","BE","-","-","-","-"
"BLS","EQ","    414.90","07-AUG-2025","    218.90","23-MAR-2026"
"BLSE","EQ","    237.50","17-JUN-2026","    124.30","09-MAR-2026"
"BLT$","ST","-","-","-","-"
"BLUECHIPT$","EQ","-","-","-","-"
"BLUECLOUD$","EQ","-","-","-","-"
"BLUECOAST","BE","     86.31","19-AUG-2025","     18.57","30-MAR-2026"
"BLUEDART","EQ","   7080.00","02-JUL-2025","   4628.50","08-JUN-2026"
"BLUEGOD$","BE","-","-","-","-"
"BLUEJET","EQ","   1027.80","21-JUL-2025","    325.00","30-MAR-2026"
"BLUEPEBBLE","SM","    218.00","30-JUN-2025","     68.00","11-JUN-2026"
"BLUESTARCO","EQ","   2040.00","04-SEP-2025","   1450.00","02-APR-2026"
"BLUESTONE","EQ","    793.00","09-OCT-2025","    399.80","17-FEB-2026"
"BLUEWATER","ST","    345.00","18-JUN-2026","    125.40","03-JUL-2025"
"BLUSPRING","EQ","    119.50","18-JUN-2026","     43.98","23-MAR-2026"
"BMAL$","SM","-","-","-","-"
"BMBMUMG$","EQ","-","-","-","-"
"BMETRICS","SM","     56.90","15-OCT-2025","     34.10","04-MAR-2026"
"BMLL","SM","    142.00","18-JUN-2026","    101.50","03-JUN-2026"
"BMW$","EQ","-","-","-","-"
"BMWVENTLTD","EQ","     78.00","01-OCT-2025","     48.00","30-MAR-2026"
"BNAGROCHEM","BE","    394.80","01-JUN-2026","    224.00","24-APR-2026"
"BNALTD","EQ","    465.00","27-APR-2026","    310.40","01-JUN-2026"
"BNGOLDINAV","EQ","-","-","-","-"
"BNK10DINAV","EQ","-","-","-","-"
"BNKETFINAV","EQ","-","-","-","-"
"BNKPSUINAV","EQ","-","-","-","-"
"BNRSEC$","EQ","-","-","-","-"
"BNRUDY$","EQ","-","-","-","-"
"BODALCHEM","BE","     81.90","21-MAY-2026","     42.81","16-MAR-2026"
"BODHTREE$","EQ","-","-","-","-"
"BOHRAIND","EQ","     35.58","13-AUG-2025","     14.52","21-JAN-2026"
"BOMBCYC$","EQ","-","-","-","-"
"BOMBWIR$","EQ","-","-","-","-"
"BOMDYEING","EQ","    196.75","24-JUL-2025","     92.00","30-MAR-2026"
"BOMOXY-B1$","EQ","-","-","-","-"
"BOMTALKIE$","EQ","-","-","-","-"
"BONDADA$","SM","-","-","-","-"
"BONLON","EQ","     57.00","11-MAY-2026","     34.51","30-MAR-2026"
"BORANA","EQ","    420.00","26-FEB-2026","    211.00","04-SEP-2025"
"BOROLTD","EQ","    397.95","24-SEP-2025","    213.73","23-MAR-2026"
"BORORENEW","EQ","    721.00","12-NOV-2025","    374.40","30-MAR-2026"
"BOROSCI","EQ","    190.79","18-JUL-2025","     96.64","30-MAR-2026"
"BOSCH-HCIL","EQ","   1849.00","04-JUL-2025","   1021.30","30-MAR-2026"
"BOSCHLTD","EQ","  41945.00","10-SEP-2025","  28610.00","30-MAR-2026"
"BOSS","SM","     51.55","26-JUN-2025","     33.95","17-JUN-2026"
"BOSTON$","BE","-","-","-","-"
"BPAGRI$","EQ","-","-","-","-"
"BPCAP$","BE","-","-","-","-"
"BPCL","EQ","    391.65","05-FEB-2026","    266.60","02-APR-2026"
"BPL","EQ","     93.84","27-JUN-2025","     37.61","30-MAR-2026"
"BPLPHARMA$","EQ","-","-","-","-"
"BRACEPORT","SM","     98.80","26-DEC-2025","     42.90","30-MAR-2026"
"BRADYM$","EQ","-","-","-","-"
"BRAHMINFR$","EQ","-","-","-","-"
"BRANDMAN","ST","    243.80","23-FEB-2026","    109.35","30-MAR-2026"
"BRGIL$","SM","-","-","-","-"
"BRIDGESE$","EQ","-","-","-","-"
"BRIGADE","EQ","    881.25","24-JUN-2025","    450.75","23-MAR-2026"
"BRIGHOTEL","EQ","     91.77","19-AUG-2025","     54.36","30-MAR-2026"
"BRIGHT$","SM","-","-","-","-"
"BRIGHTBR$","EQ","-","-","-","-"
"BRIPORT$","EQ","-","-","-","-"
"BRISK$","SM","-","-","-","-"
"BRITANNIA","EQ","   6336.00","04-SEP-2025","   5035.00","04-JUN-2026"
"BRNL","EQ","     26.50","24-NOV-2025","     16.66","30-MAR-2026"
"BROACH$","SM","-","-","-","-"
"BROOKS","BE","    164.02","14-AUG-2025","     36.30","30-MAR-2026"
"BRPL$","EQ","-","-","-","-"
"BRRL$","SM","-","-","-","-"
"BSE","EQ","   4446.80","27-MAY-2026","   2021.50","26-SEP-2025"
"BSE500IETF","EQ","     41.64","06-JAN-2026","     34.50","02-APR-2026"
"BSHSL","BE","    150.00","26-AUG-2025","     59.16","30-MAR-2026"
"BSL","EQ","    208.00","02-SEP-2025","     98.00","30-MAR-2026"
"BSLGOLDETF","EQ","    155.99","29-JAN-2026","     83.60","30-JUN-2025"
"BSLGOLINAV","EQ","-","-","-","-"
"BSLNIFINAV","EQ","-","-","-","-"
"BSLNIFTY","EQ","     31.45","05-JAN-2026","     25.70","30-MAR-2026"
"BSLSENETFG","EQ","     87.82","05-DEC-2025","     71.70","02-APR-2026"
"BSLSENINAV","EQ","-","-","-","-"
"BSOFT","EQ","    474.00","11-FEB-2026","    306.40","18-MAY-2026"
"BTML","EQ","     10.50","18-SEP-2025","      5.06","27-MAR-2026"
"BTTL","EQ","     39.00","19-MAY-2026","     30.00","27-MAY-2026"
"BUILDPRO","EQ","   1244.00","20-APR-2026","    636.00","27-JAN-2026"
"BULKCORP","SM","     94.60","22-JUL-2025","     38.05","27-MAY-2026"
"BUTTERFLY","EQ","    823.85","06-NOV-2025","    565.80","21-JAN-2026"
"BVCL","EQ","     69.99","09-SEP-2025","     31.20","30-MAR-2026"
"BYKE","BE","     86.50","24-JUN-2025","     26.25","30-MAR-2026"
"BYLD$","BE","-","-","-","-"
"C2C","SM","    888.00","01-SEP-2025","    310.00","09-MAR-2026"
"CADSYS","ST","     75.50","26-JUN-2025","     35.60","09-DEC-2025"
"CALCOM$","EQ","-","-","-","-"
"CALSOFT","BE","     27.83","13-MAY-2026","     10.90","06-APR-2026"
"CAMEXLTD$","EQ","-","-","-","-"
"CAMLINFINE","EQ","    333.30","26-JUN-2025","     96.21","30-MAR-2026"
"CAMPUS","EQ","    304.40","18-JUL-2025","    215.20","30-MAR-2026"
"CAMS","EQ","    875.00","30-JUN-2025","    611.40","23-MAR-2026"
"CANARYS","SM","     36.90","01-AUG-2025","     14.60","30-MAR-2026"
"CANBK","EQ","    162.89","26-FEB-2026","    103.55","29-AUG-2025"
"CANDOUR$","EQ","-","-","-","-"
"CANFINHOME","EQ","    971.50","26-DEC-2025","    708.60","29-AUG-2025"
"CANHLIFE","EQ","    159.00","16-FEB-2026","    106.00","17-OCT-2025"
"CANTABIL","EQ","    321.50","06-FEB-2026","    208.50","29-MAY-2026"
"CAPACITE","EQ","    339.65","27-JUN-2025","    180.00","16-MAR-2026"
"CAPFIN$","BE","-","-","-","-"
"CAPILLARY","EQ","    798.95","26-NOV-2025","    464.25","27-MAR-2026"
"CAPINVIT","IV","     85.00","21-JUL-2025","     67.00","27-MAR-2026"
"CAPITALSFB","EQ","    330.65","22-JUL-2025","    206.55","30-MAR-2026"
"CAPLIPOINT","EQ","   2560.00","19-JUN-2026","   1500.30","30-MAR-2026"
"CAPPIPES$","EQ","-","-","-","-"
"CAPRICORN$","BE","-","-","-","-"
"CAPRO$","EQ","-","-","-","-"
"CAPTRUST","BE","     52.94","23-JUN-2025","     10.98","30-MAR-2026"
"CARBORUNIV","EQ","   1306.90","19-JUN-2026","    735.20","23-MAR-2026"
"CARERATING","EQ","   1932.00","04-JUL-2025","   1392.70","23-MAR-2026"
"CARGOSOL$","SM","-","-","-","-"
"CARGOTRAN$","SM","-","-","-","-"
"CARNATIN$","BE","-","-","-","-"
"CARRARO","EQ","    667.55","16-APR-2026","    402.80","23-JUN-2025"
"CARTRADE","EQ","   3290.50","17-NOV-2025","   1557.00","27-JUN-2025"
"CARYSIL","EQ","   1247.90","19-JUN-2026","    732.10","21-JAN-2026"
"CASHIEINAV","EQ","-","-","-","-"
"CASHIETF","EQ","   1068.00","23-JUN-2026","   1001.71","06-AUG-2025"
"CASPIAN$","BE","-","-","-","-"
"CASTORA$","BE","-","-","-","-"
"CASTROLIND","EQ","    232.43","14-JUL-2025","    170.10","24-MAR-2026"
"CATVISION$","EQ","-","-","-","-"
"CBAZAAR","SM","      8.00","04-JUL-2025","      3.05","12-NOV-2025"
"CBPL$","SM","-","-","-","-"
"CCAL$","ST","-","-","-","-"
"CCAVENUE","EQ","     23.42","25-JUN-2025","     12.92","30-MAR-2026"
"CCCL","EQ","     28.87","17-SEP-2025","     12.76","30-MAR-2026"
"CCDL$","EQ","-","-","-","-"
"CCHHL","EQ","     20.99","10-JUL-2025","     10.03","30-MAR-2026"
"CCL","EQ","   1236.20","10-JUN-2026","    779.95","23-JUN-2025"
"CCLINTER$","EQ","-","-","-","-"
"CCME$","BE","-","-","-","-"
"CDG$","BE","-","-","-","-"
"CDSL","EQ","   1814.00","02-JUL-2025","   1116.30","30-MAR-2026"
"CEATLTD","EQ","   4438.00","23-OCT-2025","   3000.50","26-AUG-2025"
"CEDAAR","SM","    136.30","11-JUL-2025","     18.85","02-APR-2026"
"CEEJAY$","EQ","-","-","-","-"
"CEENIK$","EQ","-","-","-","-"
"CEETAIN$","EQ","-","-","-","-"
"CEIGALL","EQ","    390.80","19-JUN-2026","    222.61","09-DEC-2025"
"CEINSYS","EQ","   1249.90","20-APR-2026","    855.00","09-MAR-2026"
"CELEBRITY","EQ","     15.35","14-JUL-2025","      5.65","30-MAR-2026"
"CELLA$","BE","-","-","-","-"
"CELLECOR","ST","     43.85","11-MAY-2026","     21.80","30-MAR-2026"
"CELLO","EQ","    673.80","30-OCT-2025","    365.00","29-MAY-2026"
"CELLPOINT","SM","     21.15","03-JUL-2025","     11.70","30-MAR-2026"
"CEMAINFRA$","EQ","-","-","-","-"
"CEMPRO","EQ","   1291.60","23-JUN-2026","    503.30","23-MAR-2026"
"CENLUB$","EQ","-","-","-","-"
"CENTENKA","EQ","    577.60","22-MAY-2026","    371.20","30-MAR-2026"
"CENTEXT","EQ","     34.75","10-OCT-2025","     15.67","30-MAR-2026"
"CENTRALBK","EQ","     40.92","26-FEB-2026","     29.32","02-JUN-2026"
"CENTRUM","EQ","     41.90","16-JUL-2025","     19.66","13-MAR-2026"
"CENTUM","EQ","   3749.80","23-JUN-2026","   2044.20","12-JAN-2026"
"CENTUPLE$","EQ","-","-","-","-"
"CENTURYPLY","EQ","    859.00","03-FEB-2026","    618.50","23-MAR-2026"
"CERA","EQ","   7100.00","17-JUL-2025","   4461.10","16-MAR-2026"
"CEREBRAINT","BZ","     10.08","17-OCT-2025","      2.98","21-MAY-2026"
"CESC","EQ","    204.50","04-MAY-2026","    138.12","27-JAN-2026"
"CEWATER","EQ","    656.00","28-JUL-2025","    235.00","16-MAR-2026"
"CFEL$","EQ","-","-","-","-"
"CFF$","SM","-","-","-","-"
"CFL$","BE","-","-","-","-"
"CGCL","EQ","    225.99","19-JUN-2026","    151.10","04-MAR-2026"
"CGFL$","EQ","-","-","-","-"
"CGPOWER","EQ","    969.90","18-JUN-2026","    525.50","27-JAN-2026"
"CGRAPHICS","SM","    259.00","02-SEP-2025","    122.00","22-MAY-2026"
"CGVAK$","EQ","-","-","-","-"
"CHADPAP$","EQ","-","-","-","-"
"CHALET","EQ","   1082.00","01-AUG-2025","    691.35","30-MAR-2026"
"CHALLANI$","EQ","-","-","-","-"
"CHAMBLFERT","EQ","    580.70","03-SEP-2025","    399.75","16-MAR-2026"
"CHAMUNDA","SM","     59.00","18-NOV-2025","     38.00","01-JUN-2026"
"CHANDAN","SM","    358.00","18-NOV-2025","    184.50","30-JUN-2025"
"CHANDNIMA$","EQ","-","-","-","-"
"CHANDRAP$","BE","-","-","-","-"
"CHANDRIMA$","EQ","-","-","-","-"
"CHATHA$","SM","-","-","-","-"
"CHAVDA","SM","    137.00","09-DEC-2025","     80.60","30-MAR-2026"
"CHCL$","ST","-","-","-","-"
"CHEMBOND","BE","    234.99","26-JUN-2025","    105.15","30-MAR-2026"
"CHEMBONDCH","BE","    244.99","25-AUG-2025","    104.85","30-MAR-2026"
"CHEMCON","EQ","    295.00","25-SEP-2025","    125.00","30-MAR-2026"
"CHEMCRUX$","EQ","-","-","-","-"
"CHEMFAB","BE","    849.60","03-JUL-2025","    290.35","30-MAR-2026"
"CHEMICAL","EQ","     31.00","09-JUN-2026","     24.50","30-MAR-2026"
"CHEMIESYN$","BE","-","-","-","-"
"CHEMINAV","EQ","-","-","-","-"
"CHEMKART$","ST","-","-","-","-"
"CHEMPLASTS","EQ","    477.75","23-JUL-2025","    193.11","11-JUN-2026"
"CHEMTECH$","EQ","-","-","-","-"
"CHENFERRO$","EQ","-","-","-","-"
"CHENNPETRO","EQ","   1249.00","10-JUN-2026","    620.85","18-AUG-2025"
"CHETANA","ST","     92.00","10-JUL-2025","     30.10","30-MAR-2026"
"CHEVIOT","EQ","   1370.50","07-MAY-2026","    898.00","30-MAR-2026"
"CHGOLDINAV","EQ","-","-","-","-"
"CHIRAHARI$","ST","-","-","-","-"
"CHLLTD$","EQ","-","-","-","-"
"CHLOGIST$","EQ","-","-","-","-"
"CHOICEGOLD","EQ","    175.49","29-JAN-2026","    115.79","30-MAR-2026"
"CHOICEIN","EQ","    860.50","05-JAN-2026","    568.70","23-MAR-2026"
"CHOKSI$","BE","-","-","-","-"
"CHOKSILA$","BE","-","-","-","-"
"CHOLAFIN","EQ","   1831.50","06-JAN-2026","   1299.40","02-APR-2026"
"CHOLAHLDNG","EQ","   2231.60","02-JUL-2025","   1305.00","23-MAR-2026"
"CHORDIA$","EQ","-","-","-","-"
"CHOTHANI$","SM","-","-","-","-"
"CHROME$","EQ","-","-","-","-"
"CHRTEDCA$","EQ","-","-","-","-"
"CHTR$","ST","-","-","-","-"
"CIANAGRO$","BE","-","-","-","-"
"CIEINDIA","EQ","    526.00","23-FEB-2026","    381.10","29-AUG-2025"
"CIFL","EQ","     43.90","23-JUN-2025","     20.42","02-APR-2026"
"CIL$","BE","-","-","-","-"
"CILSEC$","EQ","-","-","-","-"
"CINDHO$","EQ","-","-","-","-"
"CINELINE","EQ","     97.99","31-JUL-2025","     73.35","30-MAR-2026"
"CINEVISTA","EQ","     22.80","25-SEP-2025","     12.16","30-MAR-2026"
"CIPLA","EQ","   1673.00","23-OCT-2025","   1165.70","02-APR-2026"
"CITADEL$","EQ","-","-","-","-"
"CITICHEM$","SM","-","-","-","-"
"CITIPOR$","EQ","-","-","-","-"
"CITIUSINVT","IV","    107.70","30-APR-2026","    101.50","25-MAY-2026"
"CITURGIA$","EQ","-","-","-","-"
"CITYMAN$","EQ","-","-","-","-"
"CITYONLIN$","BE","-","-","-","-"
"CITYSQUAR$","ST","-","-","-","-"
"CKKRETAIL","SM","    265.25","19-FEB-2026","    112.20","14-MAY-2026"
"CLARA$","SM","-","-","-","-"
"CLASELE$","BE","-","-","-","-"
"CLASSICEIL","ST","    113.90","25-SEP-2025","     34.75","30-MAR-2026"
"CLEAN","EQ","   1521.90","25-JUN-2025","    652.00","30-MAR-2026"
"CLEANMAX","EQ","   1533.60","22-JUN-2026","    727.10","30-MAR-2026"
"CLEDUCATE","BE","    120.80","22-AUG-2025","     35.48","02-MAR-2026"
"CLENON$","BE","-","-","-","-"
"CLFL$","EQ","-","-","-","-"
"CLIOINFO$","BE","-","-","-","-"
"CLN$","SM","-","-","-","-"
"CLSEL","EQ","    395.75","01-JUL-2025","    203.75","30-MAR-2026"
"CLSL","SM","     62.80","10-SEP-2025","     39.05","01-JUN-2026"
"CMBL$","EQ","-","-","-","-"
"CMMHOSP$","EQ","-","-","-","-"
"CMNL","SM","    183.90","10-NOV-2025","     90.00","30-MAR-2026"
"CMPDI","EQ","    264.00","23-JUN-2026","    150.16","07-APR-2026"
"CMRGREEN","EQ","    268.96","10-JUN-2026","    231.30","16-JUN-2026"
"CMRSL","SM","     96.75","26-SEP-2025","     52.45","30-MAR-2026"
"CMSINFO","EQ","    541.15","17-JUL-2025","    261.90","30-MAR-2026"
"CMXLTD$","EQ","-","-","-","-"
"CNCRD$","SM","-","-","-","-"
"CNINFOTEC$","SM","-","-","-","-"
"CNL","EQ","    799.00","15-DEC-2025","    525.00","30-MAR-2026"
"COALINDIA","EQ","    491.25","30-APR-2026","    368.65","28-AUG-2025"
"COARO$","BE","-","-","-","-"
"COASTCORP","EQ","     66.70","15-MAY-2026","     30.01","01-SEP-2025"
"COCHINM$","EQ","-","-","-","-"
"COCHINSHIP","EQ","   2278.00","24-JUN-2025","   1187.00","30-MAR-2026"
"COCHMAL$","EQ","-","-","-","-"
"COCKERILL","EQ","  10871.50","10-JUN-2026","   4955.00","20-APR-2026"
"COFFEEDAY","BE","     51.46","01-SEP-2025","     21.00","30-MAR-2026"
"COFORGE","EQ","   1994.00","08-JUL-2025","   1008.10","17-MAR-2026"
"COHANCE","EQ","   1121.15","17-JUL-2025","    266.70","09-MAR-2026"
"COLAB$","EQ","-","-","-","-"
"COLINZ$","BE","-","-","-","-"
"COLORCHIP$","EQ","-","-","-","-"
"COLPAL","EQ","   2504.00","04-SEP-2025","   1782.00","30-MAR-2026"
"COMCL$","BE","-","-","-","-"
"COMFINCAP$","EQ","-","-","-","-"
"COMFINTE","EQ","      9.19","14-MAY-2026","      5.61","16-JUN-2026"
"COMMAND$","ST","-","-","-","-"
"COMMITTED","ST","    319.00","23-JUN-2026","    174.25","22-JAN-2026"
"COMMOIETF","EQ","    110.56","26-MAY-2026","     86.29","23-JUN-2025"
"COMPEAU$","EQ","-","-","-","-"
"COMPINFO","BZ","      2.96","21-JUL-2025","       .91","30-MAR-2026"
"COMPUPN$","EQ","-","-","-","-"
"COMPUSOFT","EQ","     23.50","16-JUL-2025","     12.00","12-MAR-2026"
"COMRADE$","SM","-","-","-","-"
"COMSYN","EQ","    199.90","24-FEB-2026","    123.30","09-JUL-2025"
"CONART$","EQ","-","-","-","-"
"CONCOR","EQ","    629.20","10-JUL-2025","    421.45","23-MAR-2026"
"CONCORD$","EQ","-","-","-","-"
"CONCORDBIO","EQ","   1980.00","24-JUL-2025","    987.00","02-APR-2026"
"CONFIPET","EQ","     80.57","04-JUN-2026","     28.06","09-MAR-2026"
"CONNPLEX","SM","    311.90","11-MAY-2026","    177.00","21-AUG-2025"
"CONS","EQ","     13.20","04-SEP-2025","     10.20","04-MAR-2026"
"CONSOFINVT","EQ","    254.00","05-JUN-2026","    152.00","09-DEC-2025"
"CONSTRONI$","EQ","-","-","-","-"
"CONSUMBEES","EQ","    144.38","21-OCT-2025","    114.00","30-MAR-2026"
"CONSUMER","EQ","     12.87","08-SEP-2025","      9.69","02-APR-2026"
"CONSUMIETF","EQ","    141.27","30-APR-2026","     94.65","30-APR-2026"
"CONSUMINAV","EQ","-","-","-","-"
"CONTAINE$","ST","-","-","-","-"
"CONTAINER$","EQ","-","-","-","-"
"CONTCHM$","EQ","-","-","-","-"
"CONTI","SM","     31.95","04-JUL-2025","     12.05","18-JUN-2026"
"CONTICON$","EQ","-","-","-","-"
"CONTILI$","EQ","-","-","-","-"
"CONTPTR$","EQ","-","-","-","-"
"CONTROLPR","EQ","    917.50","15-JUL-2025","    517.00","30-MAR-2026"
"COOLCAPS","ST","     99.50","23-SEP-2025","     20.80","04-JUN-2026"
"CORAGRO$","BE","-","-","-","-"
"CORALAB$","EQ","-","-","-","-"
"CORALFINAC","EQ","     52.49","23-JUL-2025","     25.01","30-MAR-2026"
"CORDSCABLE","BE","    259.40","29-MAY-2026","    127.01","30-MAR-2026"
"COROENGG$","EQ","-","-","-","-"
"COROMANDEL","EQ","   2718.90","31-JUL-2025","   1706.50","08-JUN-2026"
"CORONA","EQ","   2100.70","17-JUN-2026","   1336.60","23-DEC-2025"
"COSCO$","EQ","-","-","-","-"
"COSMICCRF$","ST","-","-","-","-"
"COSMOFIRST","EQ","   1307.20","23-JUN-2025","    560.80","02-FEB-2026"
"COSPOWER$","ST","-","-","-","-"
"COSYN$","EQ","-","-","-","-"
"COTFAB$","SM","-","-","-","-"
"COUNCODOS","EQ","      8.89","05-SEP-2025","      3.71","25-MAR-2026"
"COVANCE$","BE","-","-","-","-"
"CPCAP","BE","    174.25","09-JUL-2025","     73.51","30-MAR-2026"
"CPEDU","EQ","    338.75","29-OCT-2025","    141.00","30-MAR-2026"
"CPL$","EQ","-","-","-","-"
"CPML$","SM","-","-","-","-"
"CPPLUS","EQ","   3740.00","22-JUN-2026","   1015.00","05-AUG-2025"
"CPS","SM","   1349.25","10-FEB-2026","    660.00","12-AUG-2025"
"CPSEETF","EQ","    112.00","18-JUN-2026","     85.67","29-AUG-2025"
"CPSEETFNAV","EQ","-","-","-","-"
"CRAFTROOT$","BE","-","-","-","-"
"CRAFTSMAN","EQ","   9938.00","19-JUN-2026","   5100.00","23-JUN-2025"
"CRAMC","EQ","    353.40","27-OCT-2025","    214.20","09-MAR-2026"
"CRANEINFR$","EQ","-","-","-","-"
"CRANESSOF$","BE","-","-","-","-"
"CRANEX$","EQ","-","-","-","-"
"CRAVATEX$","EQ","-","-","-","-"
"CRAYONS","SM","     70.00","16-JUL-2025","     23.60","27-MAR-2026"
"CREATIVE$","EQ","-","-","-","-"
"CREATIVEYE","EQ","     10.58","27-JUN-2025","      5.41","30-MAR-2026"
"CREDITACC","EQ","   1568.00","05-MAY-2026","   1113.00","23-MAR-2026"
"CRESANTO$","BE","-","-","-","-"
"CRESCENTI$","EQ","-","-","-","-"
"CREST","EQ","    420.65","25-JUN-2025","    298.15","30-MAR-2026"
"CRIMSON$","BE","-","-","-","-"
"CRISIL","EQ","   6139.00","27-JUN-2025","   3686.00","02-APR-2026"
"CRIZAC","EQ","    387.95","08-SEP-2025","    173.35","30-MAR-2026"
"CROISSANC$","EQ","-","-","-","-"
"CROMPTON","EQ","    362.00","27-JUN-2025","    217.40","30-JAN-2026"
"CROPSTER$","EQ","-","-","-","-"
"CROWN","EQ","    196.66","23-JUN-2025","    100.62","30-MAR-2026"
"CRSL$","EQ","-","-","-","-"
"CRSTCHM$","BE","-","-","-","-"
"CRYOGENIC$","ST","-","-","-","-"
"CSBBANK","EQ","    574.40","05-JAN-2026","    324.80","16-MAR-2026"
"CSL$","EQ","-","-","-","-"
"CSLFINANCE","EQ","    349.00","01-JUL-2025","    214.15","30-MAR-2026"
"CSSL","SM","    164.00","01-FEB-2026","     89.50","13-MAY-2026"
"CSURGSU$","EQ","-","-","-","-"
"CTCL$","SM","-","-","-","-"
"CTE","EQ","     59.93","31-OCT-2025","     20.51","24-MAR-2026"
"CTL$","EQ","-","-","-","-"
"CTLLAB$","SM","-","-","-","-"
"CUB","EQ","    243.08","03-FEB-2026","    140.29","23-JUN-2025"
"CUBEINVIT","IV","    152.00","24-APR-2026","    126.00","26-JUN-2025"
"CUBEXTUB","EQ","    143.69","30-DEC-2025","     73.10","30-MAR-2026"
"CUDML","ST","    191.00","11-JUN-2026","     84.95","30-MAR-2026"
"CUMMINSIND","EQ","   6100.00","29-MAY-2026","   3218.60","23-JUN-2025"
"CUPID","EQ","    182.70","23-JUN-2026","     18.18","23-JUN-2025"
"CUPIDALBV$","BE","-","-","-","-"
"CURAA","EQ","    337.00","25-AUG-2025","     71.87","28-JAN-2026"
"CURIS","SM","    147.90","14-NOV-2025","     83.60","23-MAR-2026"
"CURRENT","SM","    163.00","18-SEP-2025","    100.50","18-JUN-2026"
"CWD$","SM","-","-","-","-"
"CYBELEIND$","EQ","-","-","-","-"
"CYBERMEDIA","BE","     22.81","12-SEP-2025","     11.30","30-MAR-2026"
"CYBERTECH","EQ","    274.80","03-OCT-2025","     95.30","09-MAR-2026"
"CYIENT","EQ","   1327.40","25-JUN-2025","    750.30","30-MAR-2026"
"CYIENTDLM","EQ","    505.50","08-JUL-2025","    265.20","30-MAR-2026"
"DABUR","EQ","    577.00","04-SEP-2025","    403.35","02-APR-2026"
"DACHEPALL$","ST","-","-","-","-"
"DAICHI","EQ","    345.00","23-JUN-2026","    229.90","10-JUN-2026"
"DAL$","EQ","-","-","-","-"
"DALBHARAT","EQ","   2496.30","17-SEP-2025","   1605.00","11-JUN-2026"
"DALMIASUG","EQ","    419.90","27-JUN-2025","    261.40","21-JAN-2026"
"DAMCAPITAL","EQ","    286.00","07-NOV-2025","    119.22","16-MAR-2026"
"DAMODARIND","EQ","     41.49","01-JUL-2025","     20.00","01-APR-2026"
"DANGEE","EQ","      6.34","01-JUL-2025","      2.53","01-FEB-2026"
"DANISH","SM","   1189.00","24-JUN-2025","    550.50","30-MAR-2026"
"DANLAW$","BE","-","-","-","-"
"DANUBE$","EQ","-","-","-","-"
"DAPS$","ST","-","-","-","-"
"DARJEELIN$","BE","-","-","-","-"
"DARSHANOR$","EQ","-","-","-","-"
"DATAMATICS","EQ","   1120.00","07-AUG-2025","    593.95","23-JUN-2025"
"DATAPATTNS","EQ","   4955.90","19-JUN-2026","   2131.00","27-JAN-2026"
"DATIWARE$","BE","-","-","-","-"
"DAULAT$","EQ","-","-","-","-"
"DAVANGERE","EQ","      5.50","22-JAN-2026","      3.03","10-OCT-2025"
"DAVIN$","SM","-","-","-","-"
"DBCORP","EQ","    291.85","01-JUL-2025","    184.51","30-MAR-2026"
"DBEIL","BE","     18.56","29-SEP-2025","      5.15","30-MAR-2026"
"DBL","EQ","    585.00","24-SEP-2025","    382.05","27-MAR-2026"
"DBOL","BE","    130.73","04-MAY-2026","     69.00","19-NOV-2025"
"DBREALTY","BE","    252.67","09-JUL-2025","     83.50","30-MAR-2026"
"DBSTOCKBRO","EQ","     36.33","25-JUN-2025","     23.15","19-FEB-2026"
"DCAL","EQ","    321.95","23-SEP-2025","    128.50","30-MAR-2026"
"DCBBANK","EQ","    205.90","27-APR-2026","    119.51","28-AUG-2025"
"DCCL","SM","     65.00","11-JUL-2025","     33.00","01-APR-2026"
"DCG","SM","     80.40","18-JUL-2025","     47.00","30-MAR-2026"
"DCI","BE","    475.00","08-APR-2026","    201.35","31-JUL-2025"
"DCM","BE","    136.00","11-JUL-2025","     55.00","30-MAR-2026"
"DCMFINSERV","BE","      8.55","17-MAR-2026","      3.70","09-MAR-2026"
"DCMNVL","BE","    203.80","01-AUG-2025","     95.60","30-MAR-2026"
"DCMSHRIRAM","EQ","   1502.30","24-JUL-2025","    945.10","09-MAR-2026"
"DCMSIL","BE","    105.27","19-MAR-2026","     49.50","17-FEB-2026"
"DCMSRIND","EQ","    181.90","01-OCT-2025","     31.90","24-MAR-2026"
"DCW","EQ","     87.20","27-JUN-2025","     37.11","30-MAR-2026"
"DCXINDIA","EQ","    302.70","23-JUN-2025","    153.30","30-MAR-2026"
"DDEVPLSTIK","EQ","    360.00","06-OCT-2025","    185.15","30-MAR-2026"
"DECCAN$","BE","-","-","-","-"
"DECCANCE","EQ","   1164.90","11-SEP-2025","    538.00","30-MAR-2026"
"DECCANTRAN","SM","     42.95","20-AUG-2025","     16.25","30-MAR-2026"
"DECNGOLD","EQ","    235.00","22-JUN-2026","    114.80","12-MAY-2026"
"DECOMIC$","EQ","-","-","-","-"
"DECPO$","EQ","-","-","-","-"
"DEEDEV","BE","    760.00","18-JUN-2026","    183.00","27-JAN-2026"
"DEEM","SM","     65.80","12-AUG-2025","     29.35","30-MAR-2026"
"DEEP$","EQ","-","-","-","-"
"DEEPAI$","EQ","-","-","-","-"
"DEEPAKCHE$","SM","-","-","-","-"
"DEEPAKFERT","EQ","   1778.60","03-JUL-2025","    866.40","23-MAR-2026"
"DEEPAKNTR","EQ","   2012.00","02-JUL-2025","   1280.00","30-MAR-2026"
"DEEPAKSP$","EQ","-","-","-","-"
"DEEPINDS","EQ","    578.00","03-SEP-2025","    330.00","13-MAR-2026"
"DEFENCE","EQ","     82.32","23-JUN-2026","     58.91","30-MAR-2026"
"DEFENCINAV","EQ","-","-","-","-"
"DEFRAIL$","SM","-","-","-","-"
"DELAPLEX","SM","    194.85","03-OCT-2025","     81.15","30-MAR-2026"
"DELHIVERY","EQ","    491.70","22-JUN-2026","    355.10","23-JUN-2025"
"DELPHIFX","EQ","     18.25","13-FEB-2026","      7.29","10-JUN-2026"
"DELTACORP","EQ","     98.80","20-AUG-2025","     48.30","30-MAR-2026"
"DELTAMAGNT","EQ","     99.79","01-JUL-2025","     45.51","30-MAR-2026"
"DELTIC","ST","     83.95","30-JUL-2025","     28.05","30-MAR-2026"
"DEN","EQ","     42.60","16-JUL-2025","     22.52","30-MAR-2026"
"DENEERS","SM","    354.25","24-JUN-2025","    132.00","20-NOV-2025"
"DENISCHEM$","EQ","-","-","-","-"
"DENORA","EQ","    994.50","30-JUL-2025","    559.00","01-FEB-2026"
"DENTA","EQ","    479.60","07-OCT-2025","    222.00","09-MAR-2026"
"DENTALKART","SM","    690.00","04-AUG-2025","    322.50","25-MAR-2026"
"DESCO$","ST","-","-","-","-"
"DESHRAK$","BE","-","-","-","-"
"DESIFARMS$","EQ","-","-","-","-"
"DESTINY","SM","    143.00","15-OCT-2025","     83.05","23-JUN-2025"
"DEVIT","EQ","     50.89","21-AUG-2025","     22.25","02-MAR-2026"
"DEVITRD$","BE","-","-","-","-"
"DEVX","EQ","     64.05","17-SEP-2025","     29.95","30-MAR-2026"
"DEVYANI","EQ","    191.00","11-SEP-2025","     91.55","02-APR-2026"
"DFL$","EQ","-","-","-","-"
"DFPL$","ST","-","-","-","-"
"DGCONTENT","EQ","     51.00","07-JUL-2025","     21.61","30-MAR-2026"
"DGL$","ST","-","-","-","-"
"DHABRIYA$","EQ","-","-","-","-"
"DHAMPURE$","EQ","-","-","-","-"
"DHAMPURSUG","EQ","    167.25","05-MAY-2026","    110.00","21-JAN-2026"
"DHANBANK","EQ","     35.17","03-JUN-2026","     19.45","30-MAR-2026"
"DHANCOT$","BE","-","-","-","-"
"DHANFAB$","EQ","-","-","-","-"
"DHANLAXMI","SM","     53.50","07-JUL-2025","     20.05","30-MAR-2026"
"DHANROTO$","EQ","-","-","-","-"
"DHANSA","ST","     48.30","01-AUG-2025","     16.20","01-APR-2026"
"DHANSAFAL$","EQ","-","-","-","-"
"DHANUKA","EQ","   1975.00","01-AUG-2025","    889.60","30-MAR-2026"
"DHARAN","BZ","       .61","29-SEP-2025","       .11","25-MAY-2026"
"DHARARAIL","SM","    172.50","10-JUN-2026","     90.05","30-MAR-2026"
"DHARIWAL","SM","     48.30","05-MAR-2026","     14.24","16-JUL-2025"
"DHARMAJ","EQ","    386.50","25-AUG-2025","    210.65","27-JAN-2026"
"DHARNI$","SM","-","-","-","-"
"DHATRE$","EQ","-","-","-","-"
"DHENUBUIL$","BE","-","-","-","-"
"DHILLON$","SM","-","-","-","-"
"DHINDIA$","BE","-","-","-","-"
"DHOOTIN$","EQ","-","-","-","-"
"DHPIND$","EQ","-","-","-","-"
"DHRUV","BE","     75.00","10-JUL-2025","     22.22","20-FEB-2026"
"DHRUVCA$","BE","-","-","-","-"
"DHTL","SM","    125.20","03-NOV-2025","     36.90","12-SEP-2025"
"DHUNINV","EQ","   1575.00","24-JUL-2025","    667.10","30-MAR-2026"
"DHYAANITR$","SM","-","-","-","-"
"DIACABS","EQ","    219.00","16-JUN-2026","    101.67","23-JUN-2025"
"DIAMANT$","BE","-","-","-","-"
"DIAMINESQ","EQ","    457.95","30-JUN-2025","    208.01","24-MAR-2026"
"DIAMONDYD","EQ","   1223.40","01-JAN-2026","    858.90","27-MAR-2026"
"DIANATEA$","EQ","-","-","-","-"
"DICIND","EQ","    666.75","27-JUN-2025","    450.50","19-JAN-2026"
"DIDL$","EQ","-","-","-","-"
"DIFFNKG","EQ","    418.20","11-SEP-2025","    216.80","19-MAR-2026"
"DIGIDRIVE","EQ","     36.85","01-AUG-2025","     16.10","27-MAR-2026"
"DIGIKORE","SM","    100.00","03-NOV-2025","     45.35","22-MAY-2026"
"DIGILOGIC$","SM","-","-","-","-"
"DIGISPICE","BE","     35.50","16-SEP-2025","     14.82","30-MAR-2026"
"DIGITIDE","EQ","    279.69","23-JUL-2025","     69.90","23-MAR-2026"
"DIGJAMLMTD","EQ","     59.75","15-SEP-2025","     32.83","27-JUN-2025"
"DIKSAT$","ST","-","-","-","-"
"DILIGENT$","EQ","-","-","-","-"
"DIRL","SM","     31.05","01-JUL-2025","      8.90","19-MAR-2026"
"DISAQ","EQ","  12796.80","28-APR-2026","  10851.00","08-JUN-2026"
"DISHTV","BE","      6.54","21-JUL-2025","      1.82","30-MAR-2026"
"DITCO$","EQ","-","-","-","-"
"DIVGIITTS","EQ","    896.00","16-JUN-2026","    572.30","23-JUN-2025"
"DIVIDEINAV","EQ","-","-","-","-"
"DIVIDEND","EQ","     38.03","28-JAN-2026","     33.15","23-MAR-2026"
"DIVINEHIRA","ST","    346.50","11-MAY-2026","     50.10","25-JUN-2025"
"DIVISLAB","EQ","   7071.50","08-JUL-2025","   5636.50","29-SEP-2025"
"DIVOPPBEES","EQ","     87.09","11-FEB-2026","     72.13","01-APR-2026"
"DIVSHKT$","EQ","-","-","-","-"
"DIVYADHAN","ST","     62.40","11-JUL-2025","     18.25","12-MAR-2026"
"DIXON","EQ","  18471.00","25-SEP-2025","   9600.00","30-MAR-2026"
"DJML","EQ","    126.96","17-JUL-2025","     52.00","11-DEC-2025"
"DJSSS$","EQ","-","-","-","-"
"DKEGL","SM","     89.60","26-DEC-2025","     61.10","12-JUN-2026"
"DKUAL$","SM","-","-","-","-"
"DLCL$","SM","-","-","-","-"
"DLF","EQ","    868.70","24-JUN-2025","    489.40","02-APR-2026"
"DLINKINDIA","EQ","    589.55","09-JUL-2025","    367.65","23-JAN-2026"
"DLTNCBL$","EQ","-","-","-","-"
"DMART","EQ","   4949.50","04-SEP-2025","   3529.00","01-FEB-2026"
"DMCC","EQ","    350.00","13-AUG-2025","    191.35","30-MAR-2026"
"DML$","ST","-","-","-","-"
"DMR$","SM","-","-","-","-"
"DNAMEDIA","EQ","      5.86","07-AUG-2025","      2.33","30-MAR-2026"
"DODLA","EQ","   1525.00","15-JUL-2025","    964.10","16-MAR-2026"
"DOLATALGO","EQ","    103.60","30-JUN-2025","     65.00","30-MAR-2026"
"DOLFIN$","EQ","-","-","-","-"
"DOLLAR","EQ","    429.90","15-JUL-2025","    220.50","30-MAR-2026"
"DOLLEX","SM","     44.25","09-JUL-2025","     26.00","27-MAR-2026"
"DOLPHIN","EQ","    501.95","04-NOV-2025","    322.00","10-DEC-2025"
"DOLPHMED$","BE","-","-","-","-"
"DOMS","EQ","   2770.00","04-SEP-2025","   2023.90","09-MAR-2026"
"DONEAR","EQ","    119.55","08-JUL-2025","     77.60","27-JAN-2026"
"DPABHUSHAN","EQ","   1729.60","29-JUL-2025","    866.10","20-MAY-2026"
"DPEL","SM","    547.80","14-MAY-2026","    123.00","13-AUG-2025"
"DPL$","SM","-","-","-","-"
"DPSCLTD","BE","     14.90","10-JUL-2025","      7.00","24-MAR-2026"
"DPWIRES","EQ","    306.95","08-SEP-2025","    125.02","30-MAR-2026"
"DRA$","SM","-","-","-","-"
"DRAGARWQ","EQ","   6059.70","21-MAY-2026","   4600.00","21-MAY-2026"
"DRCSYSTEMS","EQ","     23.68","11-SEP-2025","     11.50","16-MAR-2026"
"DREAMFOLKS","EQ","    239.00","01-JUL-2025","     56.00","30-MAR-2026"
"DREDGECORP","EQ","   1286.00","04-JUN-2026","    538.00","15-OCT-2025"
"DRL$","BE","-","-","-","-"
"DRONACHRY$","SM","-","-","-","-"
"DRONE","ST","    115.70","24-JUN-2025","     36.00","30-MAR-2026"
"DRREDDY","EQ","   1375.90","29-APR-2026","   1148.40","21-JAN-2026"
"DRSCARGO","SM","     55.40","14-OCT-2025","     20.80","20-MAR-2026"
"DRSDILIP","SM","    119.50","25-MAR-2026","     52.25","29-JAN-2026"
"DSFCL","BE","     52.50","17-FEB-2026","     17.28","30-MAR-2026"
"DSINVEST$","BE","-","-","-","-"
"DSPBNKINAV","EQ","-","-","-","-"
"DSPGOINAV","EQ","-","-","-","-"
"DSPN50INAV","EQ","-","-","-","-"
"DSPNEWINAV","EQ","-","-","-","-"
"DSPNITINAV","EQ","-","-","-","-"
"DSPPSBINAV","EQ","-","-","-","-"
"DSPPVBINAV","EQ","-","-","-","-"
"DSPQ50INAV","EQ","-","-","-","-"
"DSPSENINAV","EQ","-","-","-","-"
"DSPSILINAV","EQ","-","-","-","-"
"DSSL","EQ","   1924.80","25-MAY-2026","    781.00","30-MAR-2026"
"DTIL","EQ","    213.79","10-JUL-2025","    102.00","30-MAR-2026"
"DTL","SM","    178.00","03-NOV-2025","     82.05","07-APR-2026"
"DUCOL","SM","    209.50","12-NOV-2025","     90.00","30-MAR-2026"
"DUCON","BE","      6.91","14-JUL-2025","      2.22","30-MAR-2026"
"DUGLOBAL","ST","     50.00","07-JUL-2025","     26.50","28-JAN-2026"
"DUNCANENG$","EQ","-","-","-","-"
"DURLAX","ST","     64.35","26-MAY-2026","     28.03","20-JAN-2026"
"DUROPACK$","EQ","-","-","-","-"
"DUROPLY$","EQ","-","-","-","-"
"DUTRON$","EQ","-","-","-","-"
"DVL","EQ","    386.00","11-AUG-2025","    186.99","30-MAR-2026"
"DWARKESH","EQ","     53.09","05-MAY-2026","     32.13","21-JAN-2026"
"DYCL","EQ","    526.75","11-JUL-2025","    236.80","30-MAR-2026"
"DYNAMATECH","EQ","  12875.00","08-MAY-2026","   6320.00","26-AUG-2025"
"DYNAMIC","ST","    174.90","23-JUN-2026","     84.70","30-MAR-2026"
"DYNAMICP$","EQ","-","-","-","-"
"DYNAMIND$","EQ","-","-","-","-"
"DYNAVSN$","EQ","-","-","-","-"
"DYNPRO","EQ","    415.80","25-AUG-2025","    190.80","30-MAR-2026"
"E2E","EQ","    469.40","23-JUN-2026","    183.36","12-JAN-2026"
"E2ERAIL","ST","    347.10","02-JAN-2026","    171.00","23-MAR-2026"
"EARKART$","SM","-","-","-","-"
"EARTH$","SM","-","-","-","-"
"EASEMYTRIP","EQ","     11.11","17-JUL-2025","      5.77","30-MAR-2026"
"EASTBUILD$","EQ","-","-","-","-"
"EASTINDIA$","BE","-","-","-","-"
"EASTRED$","EQ","-","-","-","-"
"EASTSILK","BE","     99.25","08-DEC-2025","     24.00","18-AUG-2025"
"EASTWEST$","BE","-","-","-","-"
"EBANKNIFTY","EQ","     69.39","04-MAR-2026","     50.05","02-APR-2026"
"EBB433INAV","EQ","-","-","-","-"
"EBBE30INAV","EQ","-","-","-","-"
"EBBE32INAV","EQ","-","-","-","-"
"EBBETF0430","EQ","   1625.02","16-JUN-2026","   1232.00","29-AUG-2025"
"EBBETF0431","EQ","   1434.49","22-JUN-2026","   1358.13","01-JUL-2025"
"EBBETF0433","EQ","   1316.98","22-JUN-2026","   1242.60","26-JUN-2025"
"EBGNG","EQ","    565.00","23-JUN-2026","    239.00","27-JAN-2026"
"EBIX$","BE","-","-","-","-"
"EBNKNFINAV","EQ","-","-","-","-"
"ECAPININAV","EQ","-","-","-","-"
"ECAPINSURE","EQ","     25.88","19-FEB-2026","     20.50","30-MAR-2026"
"ECLERX","EQ","   2497.50","03-FEB-2026","   1321.00","11-JUN-2026"
"ECOHOTELS$","BE","-","-","-","-"
"ECOLINE","ST","    216.00","23-JUN-2026","    111.00","05-MAY-2026"
"ECOPLAST$","EQ","-","-","-","-"
"ECORECO$","BE","-","-","-","-"
"ECOSMOBLTY","BE","    358.40","23-JUL-2025","    103.94","30-MAR-2026"
"ECS$","BE","-","-","-","-"
"ECSTSTL$","BE","-","-","-","-"
"EDELWEISS","EQ","    133.90","23-JUN-2026","     91.78","11-AUG-2025"
"EDVENSWA$","BE","-","-","-","-"
"EENTER$","BE","-","-","-","-"
"EEPL","SM","    267.90","25-JUN-2025","     94.00","02-JUN-2026"
"EFACTOR","SM","    348.00","05-DEC-2025","    160.10","24-MAR-2026"
"EFCIL","EQ","    350.00","20-AUG-2025","    171.55","15-MAY-2026"
"EFFWA","ST","    380.00","23-JUN-2026","    165.00","30-MAR-2026"
"EFORCE","SM","     54.50","14-JUL-2025","     16.15","30-MAR-2026"
"EFORU$","EQ","-","-","-","-"
"EGOLD","EQ","    184.95","29-JAN-2026","     94.85","01-JUL-2025"
"EGOLDINAV","EQ","-","-","-","-"
"EICHERMOT","EQ","   8230.00","27-FEB-2026","   5353.00","29-JUL-2025"
"EIDPARRY","EQ","   1246.80","31-JUL-2025","    698.20","19-JUN-2026"
"EIEL","EQ","    306.40","18-JUL-2025","    134.71","09-MAR-2026"
"EIFFL","BE","    381.96","22-JUN-2026","    204.98","09-DEC-2025"
"EIGHTY$","ST","-","-","-","-"
"EIHAHOTELS","EQ","    434.90","09-SEP-2025","    266.65","30-MAR-2026"
"EIHOTEL","EQ","    434.80","09-SEP-2025","    271.15","02-APR-2026"
"EIKO$","EQ","-","-","-","-"
"EIMCOELECO","EQ","   3019.90","07-JUL-2025","   1405.50","30-MAR-2026"
"EKANSH$","EQ","-","-","-","-"
"EKC","EQ","    156.79","14-AUG-2025","     90.25","30-MAR-2026"
"EKENNIS$","ST","-","-","-","-"
"EKI$","EQ","-","-","-","-"
"ELAND$","EQ","-","-","-","-"
"ELANTAS","EQ","  10965.00","04-JUN-2026","   8900.00","18-MAY-2026"
"ELCIDIN","EQ"," 137000.00","20-APR-2026"," 111670.00","05-JUN-2026"
"ELDEHSG","EQ","   1044.10","01-JAN-2026","    691.20","03-SEP-2025"
"ELECON","EQ","    683.00","11-JUL-2025","    352.00","30-MAR-2026"
"ELECTCAST","EQ","    138.75","26-JUN-2025","     60.15","09-MAR-2026"
"ELECTHERM","EQ","   1280.40","24-JUN-2025","    551.00","30-MAR-2026"
"ELEFLOR$","EQ","-","-","-","-"
"ELEMARB$","EQ","-","-","-","-"
"ELFIN$","ST","-","-","-","-"
"ELFORGE$","EQ","-","-","-","-"
"ELGIEQUIP","EQ","    633.85","29-MAY-2026","    408.25","21-JAN-2026"
"ELGIRUBCO","EQ","     90.50","01-SEP-2025","     32.72","30-MAR-2026"
"ELGNZ","SM","    163.00","19-SEP-2025","     52.00","30-MAR-2026"
"ELIN","EQ","    234.00","23-SEP-2025","     93.65","30-MAR-2026"
"ELIQUID","EQ","   1043.00","18-MAR-2026","    996.00","13-OCT-2025"
"ELIQUIINAV","EQ","-","-","-","-"
"ELITECON","EQ","     46.40","21-APR-2026","     26.04","09-JUN-2026"
"ELIXIR$","EQ","-","-","-","-"
"ELLEN","EQ","    637.70","14-JUL-2025","    175.00","17-MAR-2026"
"ELM250","EQ","     19.20","09-SEP-2025","     14.43","02-APR-2026"
"ELM250INAV","EQ","-","-","-","-"
"ELPROINTL","EQ","    177.50","25-MAY-2026","     86.00","20-APR-2026"
"EMAINDIA$","BE","-","-","-","-"
"EMAMILTD","EQ","    634.20","21-AUG-2025","    376.40","08-JUN-2026"
"EMAMIPAP","EQ","    122.00","26-AUG-2025","     55.00","30-MAR-2026"
"EMAMIREAL","BE","    129.00","26-AUG-2025","     48.20","23-MAR-2026"
"EMAPARTNER","SM","    112.00","21-AUG-2025","     65.25","27-MAR-2026"
"EMBASSY","RR","    462.00","11-FEB-2026","    377.11","26-AUG-2025"
"EMBDL","EQ","    128.00","25-JUN-2025","     39.46","30-MAR-2026"
"EMCURE","EQ","   1902.70","23-JUN-2026","   1228.90","07-JUL-2025"
"EMERALD$","EQ","-","-","-","-"
"EMERALL$","EQ","-","-","-","-"
"EMERGENT$","BE","-","-","-","-"
"EMIAC$","SM","-","-","-","-"
"EMIL","EQ","    168.50","22-SEP-2025","     84.90","27-JAN-2026"
"EMKAY","EQ","    409.90","24-SEP-2025","    186.00","30-MAR-2026"
"EMKAYTOOLS","SM","    259.50","07-JUL-2025","     83.10","30-MAR-2026"
"EMLTMQINAV","EQ","-","-","-","-"
"EMMBI","EQ","    117.00","23-JUL-2025","     60.30","30-MAR-2026"
"EMMESSA$","EQ","-","-","-","-"
"EMMFORCE$","SM","-","-","-","-"
"EMMIL","SM","    243.50","23-JUL-2025","    110.00","30-MAR-2026"
"EMMVEE","EQ","    352.00","15-JUN-2026","    171.51","18-DEC-2025"
"EMPIND$","EQ","-","-","-","-"
"EMPOWER","BE","      2.82","13-MAY-2026","      1.30","20-APR-2026"
"EMROCK$","BE","-","-","-","-"
"EMSLIMITED","EQ","    655.00","21-JUL-2025","    256.05","10-MAR-2026"
"EMUDHRA","EQ","    836.55","25-JUL-2025","    364.55","30-MAR-2026"
"EMULTIMQ","EQ","     44.97","01-JUL-2025","     36.25","23-MAR-2026"
"ENBETRD$","EQ","-","-","-","-"
"ENCASH$","ST","-","-","-","-"
"ENCOMPAS","SM","    302.90","13-APR-2026","    167.35","17-DEC-2025"
"ENDURANCE","EQ","   3079.90","09-SEP-2025","   2142.80","02-APR-2026"
"ENERGY","EQ","     42.82","29-MAY-2026","     29.00","25-MAR-2026"
"ENERGYDEV","EQ","     29.69","19-NOV-2025","     13.15","30-MAR-2026"
"ENERGYINAV","EQ","-","-","-","-"
"ENEXT50","EQ","     73.70","29-MAY-2026","     68.59","11-JUN-2026"
"ENEXTINAV","EQ","-","-","-","-"
"ENFUSE","SM","    284.00","26-AUG-2025","    150.00","30-MAR-2026"
"ENGINERSIN","EQ","    267.00","07-MAY-2026","    163.55","27-JAN-2026"
"ENIFTY","EQ","     27.99","27-APR-2026","     22.28","02-APR-2026"
"ENIFTYINAV","EQ","-","-","-","-"
"ENIL","EQ","    174.58","28-AUG-2025","     98.57","30-MAR-2026"
"ENKEIWHEL$","EQ","-","-","-","-"
"ENRIN","EQ","   3968.00","29-MAY-2026","   2115.00","23-JAN-2026"
"ENSER","ST","     23.25","10-SEP-2025","      7.80","30-MAR-2026"
"ENTERO","EQ","   1390.00","25-MAY-2026","    944.00","29-DEC-2025"
"ENTRINT$","EQ","-","-","-","-"
"ENVIRO","SM","    173.00","11-SEP-2025","     70.55","12-JUN-2026"
"EPACK","EQ","    414.90","08-AUG-2025","    196.15","30-MAR-2026"
"EPACKPEB","EQ","    344.00","07-NOV-2025","    132.17","30-MAR-2026"
"EPBIO$","SM","-","-","-","-"
"EPIC$","EQ","-","-","-","-"
"EPIGRAL","EQ","   2114.00","30-JUL-2025","    807.00","30-MAR-2026"
"EPL","EQ","    251.00","01-JUL-2025","    176.40","16-MAR-2026"
"EPUJA$","EQ","-","-","-","-"
"EPWINDIA","ST","    173.60","23-JUN-2026","     98.00","29-JAN-2026"
"EQUA50INAV","EQ","-","-","-","-"
"EQUAL200","EQ","     13.96","05-DEC-2025","     11.75","02-APR-2026"
"EQUAL50","EQ","    341.70","12-JAN-2026","    295.16","02-APR-2026"
"EQUAL50ADD","EQ","    361.00","27-MAR-2026","    304.78","02-APR-2026"
"EQUILATER$","EQ","-","-","-","-"
"EQUIPPP","BE","     23.97","29-DEC-2025","     13.85","20-MAY-2026"
"EQUITASBNK","EQ","     80.14","16-JUN-2026","     50.00","01-SEP-2025"
"ERIS","EQ","   1885.00","30-JUL-2025","   1200.00","28-APR-2026"
"ERPSOFT$","EQ","-","-","-","-"
"ESABINDIA","EQ","   7319.50","07-MAY-2026","   4710.00","07-NOV-2025"
"ESAFSFB","EQ","     37.20","22-JUN-2026","     19.78","30-MAR-2026"
"ESARIND$","EQ","-","-","-","-"
"ESCONET","ST","    280.00","06-OCT-2025","     91.25","30-MAR-2026"
"ESCORP$","EQ","-","-","-","-"
"ESCORTS","EQ","   4180.00","04-SEP-2025","   2700.00","02-JUN-2026"
"ESENSEINAV","EQ","-","-","-","-"
"ESENSEX","EQ","     88.05","27-NOV-2025","     71.87","02-APR-2026"
"ESFL","ST","    500.00","06-AUG-2025","    109.95","30-MAR-2026"
"ESG","EQ","     45.06","05-JAN-2026","     37.52","06-APR-2026"
"ESHAMEDIA$","BE","-","-","-","-"
"ESILINAV","EQ","-","-","-","-"
"ESILVER","EQ","    375.00","29-JAN-2026","    105.83","27-JUN-2025"
"ESPIRE$","EQ","-","-","-","-"
"ESPRIT","SM","    117.95","25-JUN-2025","     52.00","30-MAR-2026"
"ESSARSHPNG","EQ","     43.26","30-OCT-2025","     21.60","30-MAR-2026"
"ESSENTIA","BE","      2.15","25-JUN-2025","       .95","30-MAR-2026"
"ESSEX$","ST","-","-","-","-"
"ESTER","EQ","    132.60","07-JUL-2025","     68.55","30-MAR-2026"
"ETERNAL","EQ","    368.45","16-OCT-2025","    212.60","16-MAR-2026"
"ETHOSLTD","EQ","   3245.90","27-NOV-2025","   1919.40","16-MAR-2026"
"ETIL$","EQ","-","-","-","-"
"ETL","SM","   1235.00","30-JUL-2025","    721.10","23-OCT-2025"
"ETML","SM","    152.55","28-AUG-2025","     72.50","30-MAR-2026"
"EUPHORIAI$","SM","-","-","-","-"
"EUREKAFORB","EQ","    668.30","28-NOV-2025","    403.20","09-MAR-2026"
"EUROBOND","EQ","    254.50","19-AUG-2025","    126.30","30-MAR-2026"
"EUROLED$","EQ","-","-","-","-"
"EUROPRATIK","EQ","    390.00","17-NOV-2025","    205.10","30-JAN-2026"
"EUROTEXIND","BE","     23.80","11-JUN-2026","     11.83","27-JAN-2026"
"EVANS$","SM","-","-","-","-"
"EVEREADY","EQ","    475.20","05-SEP-2025","    259.65","30-MAR-2026"
"EVERESTIND","EQ","    750.00","24-SEP-2025","    284.90","30-MAR-2026"
"EVERESTO$","EQ","-","-","-","-"
"EVERFIN$","EQ","-","-","-","-"
"EVEXIA$","BE","-","-","-","-"
"EVIETF","EQ","     33.75","18-SEP-2025","     23.56","07-JUL-2025"
"EVIETFINAV","EQ","-","-","-","-"
"EVINDIA","EQ","     32.56","09-JAN-2026","     26.20","30-MAR-2026"
"EVINDINAV","EQ","-","-","-","-"
"EVOQ$","ST","-","-","-","-"
"EXATO$","SM","-","-","-","-"
"EXCELINDUS","EQ","   1440.00","30-JUL-2025","    800.05","30-MAR-2026"
"EXCELLENT","ST","    200.10","18-JUN-2026","     36.90","19-NOV-2025"
"EXCELLENT","ST","-","-","-","-"
"EXCELSOFT","EQ","    142.59","26-NOV-2025","     66.40","30-MAR-2026"
"EXHICON$","SM","-","-","-","-"
"EXICOM","EQ","    206.20","25-JUN-2025","     75.60","30-MAR-2026"
"EXIDEIND","EQ","    431.00","10-SEP-2025","    287.00","30-MAR-2026"
"EXIMROUTES","SM","    281.90","09-JAN-2026","     90.00","12-JUN-2026"
"EXPLEOSOL","EQ","   1370.90","01-JUL-2025","    640.00","30-MAR-2026"
"EXPOEAPL$","EQ","-","-","-","-"
"EXXARO","EQ","     10.33","07-NOV-2025","      6.00","15-APR-2026"
"EY$","BE","-","-","-","-"
"FAALCON$","SM","-","-","-","-"
"FABCLEAN$","ST","-","-","-","-"
"FABINO$","ST","-","-","-","-"
"FABTECH","EQ","    262.80","28-OCT-2025","    132.70","23-MAR-2026"
"FACORALL$","BE","-","-","-","-"
"FACT","EQ","   1058.60","16-JUN-2026","    652.10","09-MAR-2026"
"FAIRCHEMOR","EQ","   1102.70","30-JUN-2025","    428.05","30-MAR-2026"
"FALCONTECH","SM","     22.30","25-JUN-2025","      9.93","18-FEB-2026"
"FAMILYCAR$","EQ","-","-","-","-"
"FAZE3Q","EQ","    747.95","24-JUL-2025","    322.10","09-JAN-2026"
"FCL","EQ","     47.18","23-JUN-2026","     19.10","30-MAR-2026"
"FCSSOFT","BE","      3.05","03-JUL-2025","      1.05","30-MAR-2026"
"FDC","EQ","    527.80","19-SEP-2025","    312.95","30-MAR-2026"
"FEDDERSHOL","EQ","     41.00","18-JUN-2026","     32.06","27-MAY-2026"
"FEDERALBNK","EQ","    324.90","19-JUN-2026","    185.11","04-AUG-2025"
"FEDFINA","EQ","    178.48","14-JAN-2026","    113.01","23-JUN-2025"
"FEL","BZ","       .65","17-SEP-2025","       .34","17-NOV-2025"
"FELDVR","BZ","      3.90","03-JUL-2025","      2.35","24-MAR-2026"
"FELIX","SM","    232.95","22-APR-2026","    142.65","08-DEC-2025"
"FERMENTA","EQ","    359.30","23-JUN-2026","    248.85","04-MAY-2026"
"FERVENTSY$","EQ","-","-","-","-"
"FFPL$","BE","-","-","-","-"
"FGP$","EQ","-","-","-","-"
"FIBERWEB","EQ","     59.26","23-JUN-2025","     26.85","11-JUN-2026"
"FIDEL","SM","    216.90","11-JUL-2025","    108.10","02-MAR-2026"
"FIEMIND","EQ","   2555.30","11-FEB-2026","   1794.00","11-AUG-2025"
"FIL$","SM","-","-","-","-"
"FILATEX","EQ","     66.10","04-NOV-2025","     36.26","30-MAR-2026"
"FILATFASH","BE","       .74","09-JUL-2025","       .14","01-APR-2026"
"FILTRA$","SM","-","-","-","-"
"FILTRON$","BE","-","-","-","-"
"FINBUD","SM","    164.85","20-NOV-2025","     76.00","30-MAR-2026"
"FINCABLES","EQ","   1203.90","22-JUN-2026","    700.80","30-JAN-2026"
"FINELINE$","EQ","-","-","-","-"
"FINEORG","EQ","   5494.00","15-JUL-2025","   3856.00","27-JAN-2026"
"FINIETF","EQ","     33.82","08-MAY-2026","     27.40","02-APR-2026"
"FINKURVE","EQ","    134.90","06-OCT-2025","     48.02","30-MAR-2026"
"FINOPB","EQ","    339.00","21-OCT-2025","    110.03","25-MAR-2026"
"FINPIPE","EQ","    222.50","15-SEP-2025","    147.54","30-MAR-2026"
"FIRSTCRY","EQ","    438.70","08-SEP-2025","    207.05","19-FEB-2026"
"FIRSTFIN$","EQ","-","-","-","-"
"FISCHER","EQ","    124.70","24-SEP-2025","     31.05","09-JUN-2026"
"FIVESTAR","EQ","    795.00","30-JUN-2025","    338.15","23-MAR-2026"
"FLAIR","EQ","    357.00","30-JUL-2025","    245.00","23-JUN-2025"
"FLEXFO$","EQ","-","-","-","-"
"FLEXIADD","EQ","     11.90","16-OCT-2025","      8.73","30-MAR-2026"
"FLEXIAINAV","EQ","-","-","-","-"
"FLEXITUFF","BE","     36.93","23-JUN-2025","      5.72","08-APR-2026"
"FLFL","BZ","      2.24","08-JUL-2025","      1.11","07-APR-2026"
"FLOMIC$","EQ","-","-","-","-"
"FLUIDOM$","EQ","-","-","-","-"
"FLUOROCHEM","EQ","   3928.40","23-SEP-2025","   2916.60","28-JAN-2026"
"FLYSBS","SM","    790.00","26-AUG-2025","    355.25","30-MAR-2026"
"FMCGADD","EQ","     51.09","15-JUN-2026","     47.87","08-JUN-2026"
"FMCGADINAV","EQ","-","-","-","-"
"FMCGIETF","EQ","     62.30","04-SEP-2025","     48.55","30-MAR-2026"
"FMEC$","BE","-","-","-","-"
"FMGOETZE","EQ","    622.00","01-JUL-2025","    358.00","23-MAR-2026"
"FMNL","BE","     19.10","04-JUL-2025","      6.74","30-MAR-2026"
"FOCE","SM","    835.00","05-JAN-2026","    510.83","16-SEP-2025"
"FOCUS","EQ","    118.00","26-JUN-2025","     57.06","27-MAR-2026"
"FOCUS$","SM","-","-","-","-"
"FONE4$","SM","-","-","-","-"
"FONEBOX","SM","    124.40","06-NOV-2025","     57.00","17-APR-2026"
"FOODSIN","EQ","    128.45","26-JUN-2025","     44.00","30-MAR-2026"
"FORCAS","SM","    140.00","20-NOV-2025","     91.50","23-JUN-2026"
"FORCEMOT","EQ","  26450.00","18-FEB-2026","  13627.00","24-JUN-2025"
"FORGEAUTO","SM","    175.50","15-JUL-2025","     68.45","30-MAR-2026"
"FORINTL$","EQ","-","-","-","-"
"FORTIS","EQ","   1104.30","17-OCT-2025","    746.00","23-JUN-2025"
"FORTISMLR$","EQ","-","-","-","-"
"FOSECOC$","EQ","-","-","-","-"
"FOSECOIND","EQ","   6846.00","08-SEP-2025","   4300.00","02-FEB-2026"
"FRACTAL","EQ","   1118.00","12-MAY-2026","    733.70","02-MAR-2026"
"FRANKLIN$","SM","-","-","-","-"
"FRANKLINI$","BE","-","-","-","-"
"FRASER$","BE","-","-","-","-"
"FRATELLI$","EQ","-","-","-","-"
"FREDUN$","EQ","-","-","-","-"
"FRESHARA","SM","    253.00","22-JUN-2026","    130.00","18-NOV-2025"
"FROG","ST","    277.00","10-JUL-2025","    123.50","23-MAR-2026"
"FRONTCAP$","EQ","-","-","-","-"
"FRONTCORP$","EQ","-","-","-","-"
"FRONTSP","EQ","   1869.00","08-MAY-2026","   1376.00","19-JUN-2026"
"FRUTION$","EQ","-","-","-","-"
"FSL","EQ","    403.80","25-JUN-2025","    202.00","02-MAR-2026"
"FTL$","ST","-","-","-","-"
"FUNDVISER$","BE","-","-","-","-"
"FUSION","EQ","    224.77","07-MAY-2026","    136.50","30-MAR-2026"
"FUTSOL$","EQ","-","-","-","-"
"FUTURSEC$","EQ","-","-","-","-"
"FWSTC","SM","    248.00","19-DEC-2025","    145.00","23-MAR-2026"
"FYNX$","EQ","-","-","-","-"
"GABRIEL","EQ","   1388.00","08-OCT-2025","    582.20","23-JUN-2025"
"GAEL","EQ","    177.92","11-MAY-2026","    101.20","14-OCT-2025"
"GAGAN$","BE","-","-","-","-"
"GAIL","EQ","    195.45","08-JUL-2025","    134.36","23-MAR-2026"
"GAJANAND","SM","     14.30","01-JUL-2025","      6.25","30-MAR-2026"
"GAJANANSE$","EQ","-","-","-","-"
"GALACTICO$","EQ","-","-","-","-"
"GALADA$","BE","-","-","-","-"
"GALAGEX$","EQ","-","-","-","-"
"GALAPREC","EQ","   1199.00","22-JUN-2026","    671.20","02-MAR-2026"
"GALAXYSURF","EQ","   2750.10","30-JUL-2025","   1510.00","30-MAR-2026"
"GALLANTT","EQ","    948.00","16-APR-2026","    494.90","23-JUN-2025"
"GALLARD$","SM","-","-","-","-"
"GALLOPENT$","BE","-","-","-","-"
"GALXBRG$","EQ","-","-","-","-"
"GAMCO$","EQ","-","-","-","-"
"GANDHAR","EQ","    185.00","23-JUN-2026","    115.00","30-MAR-2026"
"GANDHITUBE","EQ","   1031.80","08-SEP-2025","    649.50","11-AUG-2025"
"GANECOS","EQ","   1581.00","16-JUL-2025","    653.55","30-JAN-2026"
"GANESHBE","EQ","    118.00","05-JUN-2026","     68.40","02-FEB-2026"
"GANESHCP","EQ","    309.95","06-OCT-2025","    152.00","16-MAR-2026"
"GANESHHOU","EQ","   1050.00","08-JUL-2025","    500.00","30-MAR-2026"
"GANESHIN","ST","    279.80","21-AUG-2025","     66.40","30-MAR-2026"
"GANGABATH","SM","     39.25","23-JUN-2025","     15.50","02-MAR-2026"
"GANGAFORGE","EQ","      4.15","15-OCT-2025","      2.03","04-JUN-2026"
"GANGAPA$","EQ","-","-","-","-"
"GANGAPHAR$","SM","-","-","-","-"
"GANGESSECU","EQ","    178.15","17-OCT-2025","    103.31","30-MAR-2026"
"GANHOLD$","BE","-","-","-","-"
"GANONPRO$","EQ","-","-","-","-"
"GANVERSE$","SM","-","-","-","-"
"GARBIFIN$","EQ","-","-","-","-"
"GARFIBRES","EQ","    970.00","23-JUL-2025","    579.75","30-MAR-2026"
"GARGFUR$","EQ","-","-","-","-"
"GARGI$","SM","-","-","-","-"
"GARMNTMNT$","EQ","-","-","-","-"
"GARNET$","EQ","-","-","-","-"
"GARNETINT$","EQ","-","-","-","-"
"GARUDA","EQ","    249.30","07-NOV-2025","    119.00","23-JUN-2025"
"GARWAMAR$","EQ","-","-","-","-"
"GARWSYN$","EQ","-","-","-","-"
"GATECH","EQ","      1.06","27-JUN-2025","       .40","30-MAR-2026"
"GATECHDVR","EQ","      1.10","27-JUN-2025","       .36","02-APR-2026"
"GATEWAY","EQ","     76.50","30-JUL-2025","     48.10","23-MAR-2026"
"GAUDIUMIVF","BE","    133.00","24-APR-2026","     69.18","23-MAR-2026"
"GAYAHWS","EQ","      4.76","07-OCT-2025","      1.22","03-JUL-2025"
"GAYAPROJ","BE","     26.00","18-JUN-2026","      7.70","06-AUG-2025"
"GAYATRI$","EQ","-","-","-","-"
"GAYATRIBI$","EQ","-","-","-","-"
"GBFL$","BE","-","-","-","-"
"GBLINFRA$","BE","-","-","-","-"
"GBLOGISTI$","SM","-","-","-","-"
"GCHOTELS","SM","    255.00","21-AUG-2025","     76.50","30-MAR-2026"
"GCMCAPI$","ST","-","-","-","-"
"GCMCOMM$","SM","-","-","-","-"
"GCMSECU$","EQ","-","-","-","-"
"GCONNECT$","SM","-","-","-","-"
"GCSL","EQ","    443.40","15-JUN-2026","    213.15","20-OCT-2025"
"GDIL$","BE","-","-","-","-"
"GDLLEAS$","BE","-","-","-","-"
"GEE$","EQ","-","-","-","-"
"GEECEE","EQ","    394.90","23-JUN-2025","    215.85","30-MAR-2026"
"GEEKAYWIRE","EQ","     40.63","08-SEP-2025","     18.51","30-MAR-2026"
"GEETANJ$","BE","-","-","-","-"
"GEL$","SM","-","-","-","-"
"GEMAROMA","EQ","    349.60","26-AUG-2025","    133.00","09-DEC-2025"
"GEMENVIRO$","SM","-","-","-","-"
"GEMSI$","EQ","-","-","-","-"
"GEMSPIN$","BE","-","-","-","-"
"GENCON","EQ","     59.96","25-FEB-2026","     36.35","11-JUN-2026"
"GENESYS","EQ","    674.15","11-JUL-2025","    198.05","18-MAY-2026"
"GENNEX$","EQ","-","-","-","-"
"GENPHARMA$","EQ","-","-","-","-"
"GENUSPAPER","EQ","     22.01","02-JUL-2025","      8.67","30-MAR-2026"
"GENUSPOWER","EQ","    394.00","05-AUG-2025","    210.40","04-FEB-2026"
"GENUSPRIM$","BE","-","-","-","-"
"GENXAI","ST","    103.35","16-JUN-2026","     86.30","19-JUN-2026"
"GEOJITFSL","EQ","     87.71","01-JUL-2025","     50.86","30-MAR-2026"
"GESHIP","EQ","   1798.00","19-MAY-2026","    913.10","01-AUG-2025"
"GETALONG$","ST","-","-","-","-"
"GFLLIMITED","EQ","     81.00","21-OCT-2025","     37.25","30-MAR-2026"
"GGAUTO$","EQ","-","-","-","-"
"GGBL","SM","    555.00","16-JUL-2025","    215.00","30-MAR-2026"
"GGDPROP$","EQ","-","-","-","-"
"GGL$","EQ","-","-","-","-"
"GGPL$","BE","-","-","-","-"
"GHCL","EQ","    667.20","30-OCT-2025","    416.60","11-JUN-2026"
"GHCLTEXTIL","EQ","    103.37","27-MAY-2026","     65.26","30-MAR-2026"
"GHUSHINE$","SM","-","-","-","-"
"GHVINFRA$","EQ","-","-","-","-"
"GIANLIFE$","BE","-","-","-","-"
"GICHSGFIN","EQ","    206.00","17-JUL-2025","    130.05","30-MAR-2026"
"GICL","EQ","     52.40","23-FEB-2026","     20.39","09-JUN-2026"
"GICRE","EQ","    417.95","16-APR-2026","    346.70","17-JUN-2026"
"GILADAFIN$","EQ","-","-","-","-"
"GILLANDERS","EQ","    151.90","01-AUG-2025","     76.00","23-MAR-2026"
"GILLETTE","EQ","  11500.00","15-JUL-2025","   7206.00","30-MAR-2026"
"GILT10BETA","EQ","     26.99","06-JAN-2026","     25.10","19-FEB-2026"
"GILT5BETA","EQ","     66.43","23-MAR-2026","     61.51","22-SEP-2025"
"GILT5YBEES","EQ","     66.31","02-MAR-2026","     61.45","06-NOV-2025"
"GILT5YINAV","EQ","-","-","-","-"
"GINISILK$","EQ","-","-","-","-"
"GINNIFILA","EQ","     57.80","11-AUG-2025","     31.50","30-MAR-2026"
"GIPCL","EQ","    223.90","09-JUL-2025","    119.90","30-MAR-2026"
"GIRIRAJ","SM","    378.00","25-SEP-2025","     96.80","21-NOV-2025"
"GITARENEW$","EQ","-","-","-","-"
"GJL","ST","    276.45","19-MAR-2026","     91.40","11-FEB-2026"
"GKB$","EQ","-","-","-","-"
"GKCONS$","EQ","-","-","-","-"
"GKENERGY","EQ","    239.60","23-OCT-2025","     87.20","02-APR-2026"
"GKL$","EQ","-","-","-","-"
"GKP$","EQ","-","-","-","-"
"GKSL","EQ","    148.34","25-MAY-2026","     98.36","23-JAN-2026"
"GKWLIMITED","EQ","   2168.80","31-JUL-2025","   1375.00","30-MAR-2026"
"GLAAMUP$","ST","-","-","-","-"
"GLANCE$","EQ","-","-","-","-"
"GLAND","EQ","   2396.00","25-MAY-2026","   1573.60","16-MAR-2026"
"GLAXO","EQ","   3500.00","27-JUN-2025","   2088.10","12-JUN-2026"
"GLCL$","BE","-","-","-","-"
"GLDCASINAV","EQ","-","-","-","-"
"GLEN$","SM","-","-","-","-"
"GLENMARK","EQ","   2474.00","29-APR-2026","   1630.10","23-JUN-2025"
"GLFL","BE","      9.34","03-NOV-2025","      3.66","06-APR-2026"
"GLHRL$","SM","-","-","-","-"
"GLOBAL","EQ","    121.90","08-MAY-2026","     55.30","15-OCT-2025"
"GLOBALCA$","EQ","-","-","-","-"
"GLOBALE","BE","     16.10","27-JUN-2025","      9.20","27-MAR-2026"
"GLOBALLOG$","SM","-","-","-","-"
"GLOBALPET","ST","    164.75","01-JUN-2026","     85.00","23-MAR-2026"
"GLOBALVECT","EQ","    280.50","26-JUN-2025","    129.00","30-MAR-2026"
"GLOBE","EQ","      3.29","05-JAN-2026","      1.86","30-MAR-2026"
"GLOBECIVIL","BE","     95.00","23-JUL-2025","     33.50","30-MAR-2026"
"GLOBTIER$","ST","-","-","-","-"
"GLOBUSCON$","EQ","-","-","-","-"
"GLOBUSSPR","EQ","   1303.20","31-JUL-2025","    800.05","30-MAR-2026"
"GLOSTERLTD","EQ","    830.00","02-JUL-2025","    495.00","24-MAR-2026"
"GLOTTIS","BE","     93.00","07-OCT-2025","     37.00","30-MAR-2026"
"GLPL$","SM","-","-","-","-"
"GMBREW","EQ","   1328.80","06-JAN-2026","    666.05","29-AUG-2025"
"GMDCLTD","EQ","    771.90","17-APR-2026","    374.80","14-JUL-2025"
"GML","SM","     54.00","17-SEP-2025","     15.15","05-MAR-2026"
"GMMPFAUDLR","EQ","   1418.00","01-AUG-2025","    735.00","11-JUN-2026"
"GMPL$","SM","-","-","-","-"
"GMRAIRPORT","EQ","    111.15","18-JUN-2026","     80.38","23-JUN-2025"
"GMRP&UI","EQ","    136.95","16-SEP-2025","     89.00","30-MAR-2026"
"GNA","EQ","    470.00","09-FEB-2026","    291.80","28-AUG-2025"
"GNFC","EQ","    616.00","22-JUN-2026","    365.00","30-MAR-2026"
"GNRL","EQ","    105.05","07-MAY-2026","     83.52","22-JUN-2026"
"GOACARBON","EQ","    511.90","27-JUN-2025","    272.85","30-MAR-2026"
"GOBLIN$","ST","-","-","-","-"
"GOCLCORP","EQ","    459.90","22-JUN-2026","    223.35","23-MAR-2026"
"GOCOLORS","EQ","    919.90","04-JUL-2025","    237.05","18-MAR-2026"
"GODAVARI$","BE","-","-","-","-"
"GODAVARIB","EQ","    353.00","24-APR-2026","    227.42","09-DEC-2025"
"GODFRYPHLP","EQ","   3947.00","16-SEP-2025","   1832.10","23-MAR-2026"
"GODIGIT","EQ","    381.40","24-SEP-2025","    290.80","10-JUN-2026"
"GODREJAGRO","EQ","    876.35","24-JUL-2025","    506.10","27-JAN-2026"
"GODREJCP","EQ","   1309.00","04-SEP-2025","    967.05","02-APR-2026"
"GODREJIND","EQ","   1358.30","23-JUN-2025","    744.20","30-MAR-2026"
"GODREJPROP","EQ","   2450.90","24-JUN-2025","   1434.00","02-APR-2026"
"GOEL$","ST","-","-","-","-"
"GOELCONS$","ST","-","-","-","-"
"GOGIACAPG$","EQ","-","-","-","-"
"GOKAKTEX$","EQ","-","-","-","-"
"GOKEX","EQ","    975.00","08-JUL-2025","    531.00","27-JAN-2026"
"GOKUL","EQ","     46.39","25-JUN-2025","     31.00","13-FEB-2026"
"GOKULAGRO","EQ","    249.92","05-MAY-2026","    142.50","07-AUG-2025"
"GOLCA$","BE","-","-","-","-"
"GOLD1","EQ","    158.00","09-MAR-2026","     78.35","30-JUN-2025"
"GOLD360","EQ","    178.00","29-JAN-2026","     87.85","12-SEP-2025"
"GOLDADD","EQ","    181.00","29-JAN-2026","     92.49","07-JUL-2025"
"GOLDBDINAV","EQ","-","-","-","-"
"GOLDBEES","EQ","    148.14","29-JAN-2026","     79.00","09-JUL-2025"
"GOLDBEINAV","EQ","-","-","-","-"
"GOLDBETA","EQ","    149.35","29-JAN-2026","     79.10","10-JUL-2025"
"GOLDBND","EQ","    180.16","29-JAN-2026","    127.96","15-DEC-2025"
"GOLDCASE","EQ","     27.94","29-JAN-2026","     14.72","01-JUL-2025"
"GOLDENCRE$","EQ","-","-","-","-"
"GOLDENTOBC","BZ","     37.50","15-SEP-2025","     20.34","02-APR-2026"
"GOLDETF","EQ","    173.50","29-JAN-2026","     93.30","30-JUN-2025"
"GOLDIAM","EQ","    507.45","18-JUN-2026","    265.00","30-MAR-2026"
"GOLDIETF","EQ","    158.00","29-JAN-2026","     81.26","09-JUL-2025"
"GOLDKART","SM","    285.00","28-JAN-2026","    136.90","18-JUN-2026"
"GOLDLEG$","EQ","-","-","-","-"
"GOLDSTAR","SM","     10.40","11-JUL-2025","      4.50","01-FEB-2026"
"GOLDTECH","EQ","     80.44","01-JUL-2025","     29.68","30-MAR-2026"
"GOLECHA$","BE","-","-","-","-"
"GOLKUNDIA$","EQ","-","-","-","-"
"GOODLUCK","EQ","   1516.00","22-JUN-2026","    915.00","23-MAR-2026"
"GOODYEAR","EQ","    834.00","21-APR-2026","    711.25","03-JUN-2026"
"GOPAL","EQ","    398.00","10-SEP-2025","    247.55","27-MAR-2026"
"GORANIN$","BE","-","-","-","-"
"GOTHIPL$","BE","-","-","-","-"
"GOURMET$","BE","-","-","-","-"
"GOWRALE$","EQ","-","-","-","-"
"GOYALALUM","EQ","     11.37","07-JAN-2026","      5.34","30-MAR-2026"
"GOYALSALT","SM","    200.00","29-OCT-2025","     97.00","30-MAR-2026"
"GPAPL$","SM","-","-","-","-"
"GPECO","ST","    616.50","02-SEP-2025","    264.05","30-MAR-2026"
"GPIL","EQ","    320.00","20-MAY-2026","    175.37","23-JUN-2025"
"GPPL","EQ","    200.09","08-JAN-2026","    141.55","30-MAR-2026"
"GPSL$","SM","-","-","-","-"
"GPTHEALTH","EQ","    185.00","05-AUG-2025","    115.00","01-APR-2026"
"GPTINFRA","EQ","    150.00","23-JUN-2026","     96.22","30-MAR-2026"
"GRADIENTE","EQ","      9.40","08-MAY-2026","      2.08","16-JUN-2026"
"GRAMEVA$","BE","-","-","-","-"
"GRANDOAK","EQ","     55.76","23-JUN-2026","     24.00","03-JUN-2026"
"GRANULES","EQ","    804.30","29-MAY-2026","    432.60","06-AUG-2025"
"GRAPHISAD","SM","     52.80","11-FEB-2026","     28.25","23-JUN-2026"
"GRAPHITE","EQ","    802.40","15-MAY-2026","    505.80","29-AUG-2025"
"GRASIM","EQ","   3200.00","17-JUN-2026","   2502.50","23-MAR-2026"
"GRAUWEIL","EQ","     81.00","26-MAY-2026","     62.09","20-MAY-2026"
"GRAVISSHO","EQ","     35.60","15-MAY-2026","     25.20","20-APR-2026"
"GRAVITA","EQ","   1949.00","30-JUL-2025","   1266.90","02-APR-2026"
"GRAVITY$","BE","-","-","-","-"
"GRCAPMINAV","EQ","-","-","-","-"
"GRCL","ST","    617.00","14-MAY-2026","    306.65","22-JAN-2026"
"GREAVESCOT","EQ","    244.30","31-JUL-2025","    119.99","30-MAR-2026"
"GREENCHEF","SM","     74.05","11-SEP-2025","     40.40","30-MAR-2026"
"GREENCRES$","EQ","-","-","-","-"
"GREENLAM","EQ","    278.63","16-SEP-2025","    197.59","30-MAR-2026"
"GREENLEAF","ST","    185.90","26-DEC-2025","     52.50","30-MAR-2026"
"GREENPANEL","EQ","    335.20","28-JUL-2025","    163.01","30-MAR-2026"
"GREENPLY","EQ","    351.95","24-JUL-2025","    176.42","30-MAR-2026"
"GREENPOWER","EQ","     15.69","11-JUL-2025","      7.98","30-MAR-2026"
"GRERENEW$","ST","-","-","-","-"
"GRETEX","ST","    301.00","09-APR-2026","    180.50","17-DEC-2025"
"GRINDWELL","EQ","   2177.00","23-JUN-2026","   1329.00","23-MAR-2026"
"GRINFRA","EQ","   1413.00","27-JUN-2025","    785.00","30-MAR-2026"
"GRMOVER","EQ","    185.45","24-DEC-2025","     81.95","11-JUN-2026"
"GRN200INAV","EQ","-","-","-","-"
"GRO250INAV","EQ","-","-","-","-"
"GROARC$","EQ","-","-","-","-"
"GROBTEA","EQ","   1236.20","23-SEP-2025","    805.00","30-MAR-2026"
"GROLIQINAV","EQ","-","-","-","-"
"GRONIFINAV","EQ","-","-","-","-"
"GROVY$","EQ","-","-","-","-"
"GROWEVINAV","EQ","-","-","-","-"
"GROWINGTO$","EQ","-","-","-","-"
"GROWLOINAV","EQ","-","-","-","-"
"GROWMOINAV","EQ","-","-","-","-"
"GROWSLINAV","EQ","-","-","-","-"
"GROWW","EQ","    227.20","29-APR-2026","    112.00","12-NOV-2025"
"GROWWCAPM","EQ","     12.66","11-MAY-2026","      8.02","04-MAR-2026"
"GROWWCHEM","EQ","     30.95","08-MAY-2026","     24.64","30-MAR-2026"
"GROWWDEFNC","EQ","     99.44","23-JUN-2026","     71.78","30-MAR-2026"
"GROWWEINAV","EQ","-","-","-","-"
"GROWWEV","EQ","     32.38","05-JAN-2026","     24.00","07-JUL-2025"
"GROWWGINAV","EQ","-","-","-","-"
"GROWWGOLD","EQ","     18.00","29-JAN-2026","      9.36","27-JUN-2025"
"GROWWHOSPI","EQ","     54.00","15-JUN-2026","     43.35","23-MAR-2026"
"GROWWLIQID","EQ","    110.90","22-APR-2026","    102.89","01-SEP-2025"
"GROWWLOVOL","EQ","     11.50","26-JUN-2025","      9.39","06-APR-2026"
"GROWWMC150","EQ","    245.00","01-JUN-2026","    193.60","02-APR-2026"
"GROWWMETAL","EQ","     13.45","29-MAY-2026","     10.03","30-DEC-2025"
"GROWWMOM50","EQ","     11.71","30-JUN-2025","      9.12","30-MAR-2026"
"GROWWN200","EQ","     12.14","05-JAN-2026","      9.91","30-MAR-2026"
"GROWWNET","EQ","     12.14","23-JUL-2025","      7.94","30-MAR-2026"
"GROWWNIFTY","EQ","     11.88","03-FEB-2026","      8.93","02-APR-2026"
"GROWWNINAV","EQ","-","-","-","-"
"GROWWNXT50","EQ","     73.65","23-JUN-2026","     60.01","02-APR-2026"
"GROWWPINAV","EQ","-","-","-","-"
"GROWWPOWER","EQ","     13.20","20-APR-2026","      7.75","23-JAN-2026"
"GROWWPSE","EQ","    109.85","06-MAY-2026","     93.20","06-APR-2026"
"GROWWPSUBK","EQ","     91.19","22-APR-2026","     78.06","02-APR-2026"
"GROWWRAIL","EQ","     39.26","01-JUL-2025","     27.80","30-MAR-2026"
"GROWWRINAV","EQ","-","-","-","-"
"GROWWRLTY","EQ","     11.30","12-NOV-2025","      7.17","02-APR-2026"
"GROWWSC250","EQ","     10.58","23-JUN-2026","      8.00","30-MAR-2026"
"GROWWSLVR","EQ","     36.30","29-JAN-2026","     10.40","25-JUN-2025"
"GRPLTD","EQ","   2833.60","30-JUN-2025","   1500.00","27-JAN-2026"
"GRRAILINAV","EQ","-","-","-","-"
"GRSE","EQ","   3538.40","23-JUN-2025","   1963.70","30-MAR-2026"
"GRW150INAV","EQ","-","-","-","-"
"GRWCHEINAV","EQ","-","-","-","-"
"GRWMTLINAV","EQ","-","-","-","-"
"GRWPSUINAV","EQ","-","-","-","-"
"GRWRHITECH","EQ","   7085.50","23-JUN-2026","   2681.00","28-AUG-2025"
"GRWWDFINAV","EQ","-","-","-","-"
"GSAUTO$","EQ","-","-","-","-"
"GSBFIN$","EQ","-","-","-","-"
"GSEC10ABSL","EQ","    111.90","16-FEB-2026","    107.65","01-SEP-2025"
"GSEC10IETF","EQ","    265.36","18-JUL-2025","    252.23","20-MAY-2026"
"GSEC10INAV","EQ","-","-","-","-"
"GSEC10YEAR","EQ","     30.80","06-AUG-2025","     28.37","23-JUN-2025"
"GSEC5IETF","EQ","     66.70","01-AUG-2025","     62.00","23-SEP-2025"
"GSFC","EQ","    220.59","04-SEP-2025","    138.83","30-MAR-2026"
"GSLSEC$","BE","-","-","-","-"
"GSLSU","EQ","    139.67","19-NOV-2025","     43.36","23-JUN-2026"
"GSLTD$","EQ","-","-","-","-"
"GSMFOILS","SM","    255.15","08-SEP-2025","    145.10","23-JUN-2025"
"GSPCROP","EQ","    476.00","16-JUN-2026","    328.00","24-MAR-2026"
"GSS","BE","     37.60","30-JUN-2025","      8.68","30-MAR-2026"
"GSTL","ST","     37.65","02-APR-2026","      5.95","07-NOV-2025"
"GSTL","ST","-","-","-","-"
"GSTL$","BE","-","-","-","-"
"GTECJAINX","BE","     38.35","08-JUN-2026","     15.54","30-MAR-2026"
"GTEIT$","BE","-","-","-","-"
"GTIL$","SM","-","-","-","-"
"GTL","EQ","     11.78","25-JUN-2025","      4.91","30-MAR-2026"
"GTLINFRA","EQ","      1.99","25-JUN-2025","       .96","30-MAR-2026"
"GTPL","EQ","    127.49","23-JUL-2025","     55.01","26-FEB-2026"
"GTTDATA$","EQ","-","-","-","-"
"GTV$","EQ","-","-","-","-"
"GUFICBIO","EQ","    407.85","30-JUL-2025","    268.00","09-MAR-2026"
"GUJALKALI","EQ","    815.00","06-MAY-2026","    409.15","16-MAR-2026"
"GUJAPOLLO","EQ","    556.00","26-AUG-2025","    347.05","04-MAR-2026"
"GUJARATPO$","EQ","-","-","-","-"
"GUJCONT$","BE","-","-","-","-"
"GUJCOTEX$","BE","-","-","-","-"
"GUJCRAFT$","EQ","-","-","-","-"
"GUJGASLTD","EQ","    508.70","03-JUL-2025","    301.50","02-APR-2026"
"GUJHOTE$","EQ","-","-","-","-"
"GUJHYSPIN$","ST","-","-","-","-"
"GUJINJEC$","BE","-","-","-","-"
"GUJINTRX$","EQ","-","-","-","-"
"GUJINV$","EQ","-","-","-","-"
"GUJJUBHAI$","EQ","-","-","-","-"
"GUJPETR$","EQ","-","-","-","-"
"GUJRAFFIA","EQ","     88.00","27-OCT-2025","     35.10","17-MAR-2026"
"GUJSTATFI$","EQ","-","-","-","-"
"GUJTERC$","EQ","-","-","-","-"
"GUJTHEM","EQ","    479.00","27-OCT-2025","    225.05","30-MAR-2026"
"GUJTLRM$","EQ","-","-","-","-"
"GULFOILLUB","EQ","   1331.90","01-JUL-2025","    865.00","23-MAR-2026"
"GULFPETRO","BE","     47.69","23-JUN-2025","     23.25","30-MAR-2026"
"GULPOLY","EQ","    221.75","09-JUN-2026","    121.50","02-FEB-2026"
"GURUNANAK","ST","     60.00","01-OCT-2025","     22.45","30-MAR-2026"
"GVFILM$","BE","-","-","-","-"
"GVKPIL","BE","      4.27","27-JUN-2025","      2.37","02-APR-2026"
"GVL$","SM","-","-","-","-"
"GVPIL","EQ","   1084.00","22-JUN-2026","    270.90","27-JAN-2026"
"GVPTECH","EQ","     12.00","30-JUN-2025","      5.22","18-MAR-2026"
"GVT&D","EQ","   5650.00","23-JUN-2026","   2265.00","14-JUL-2025"
"GYANDEV$","BE","-","-","-","-"
"GYFTR$","EQ","-","-","-","-"
"HAL","EQ","   5065.00","09-JUL-2025","   3479.10","30-MAR-2026"
"HALDER","EQ","    294.00","29-JAN-2026","    210.00","18-MAY-2026"
"HALDYNGL","BE","    133.70","22-JUN-2026","     85.00","22-APR-2026"
"HALEOSLABS","EQ","   1774.00","11-MAY-2026","   1067.00","13-AUG-2025"
"HAMPS$","ST","-","-","-","-"
"HAMPTON$","EQ","-","-","-","-"
"HANMAN$","SM","-","-","-","-"
"HANNAH$","ST","-","-","-","-"
"HANSUGAR$","BE","-","-","-","-"
"HAPPSTMNDS","EQ","    660.85","01-JUL-2025","    330.20","09-MAR-2026"
"HAPPYFORGE","EQ","   1590.40","23-JUN-2026","    862.05","05-SEP-2025"
"HARAFIN$","BE","-","-","-","-"
"HARCR$","BE","-","-","-","-"
"HARDCAS$","EQ","-","-","-","-"
"HARDWYN","EQ","     28.28","01-JUN-2026","     10.87","16-OCT-2025"
"HARIKANTA$","SM","-","-","-","-"
"HARIOMPIPE","EQ","    572.20","22-SEP-2025","    268.05","13-APR-2026"
"HARISH$","EQ","-","-","-","-"
"HARLETH$","EQ","-","-","-","-"
"HARRMALAYA","EQ","    237.90","24-APR-2026","    153.66","02-FEB-2026"
"HARSHA","EQ","    469.00","07-MAY-2026","    313.30","30-MAR-2026"
"HARSHDEEP$","SM","-","-","-","-"
"HARSHILAG$","BE","-","-","-","-"
"HARYNACAP$","EQ","-","-","-","-"
"HATHWAY","EQ","     17.98","16-JUL-2025","      8.76","30-MAR-2026"
"HATSUN","EQ","   1179.00","28-OCT-2025","    855.30","30-JAN-2026"
"HAVELLS","EQ","   1621.10","17-SEP-2025","   1123.60","02-JUN-2026"
"HAVISHA","EQ","      2.68","07-JUL-2025","      1.03","30-MAR-2026"
"HAWAENG$","EQ","-","-","-","-"
"HAWKINCOOK","EQ","   7949.50","22-JUN-2026","   7109.00","15-MAY-2026"
"HAZOOR$","EQ","-","-","-","-"
"HBANKEINAV","EQ","-","-","-","-"
"HBEL$","ST","-","-","-","-"
"HBESD","EQ","     95.90","07-MAY-2026","     61.05","06-MAY-2026"
"HBGHOTELS$","EQ","-","-","-","-"
"HBLEAS$","EQ","-","-","-","-"
"HBLENGINE","EQ","   1122.00","10-NOV-2025","    551.60","29-JUL-2025"
"HBPOR$","EQ","-","-","-","-"
"HBS500INAV","EQ","-","-","-","-"
"HBSL","BE","    137.00","30-JUN-2025","     42.63","30-MAR-2026"
"HCC","EQ","     28.50","23-JUN-2026","     13.65","30-MAR-2026"
"HCG","EQ","    796.68","24-OCT-2025","    513.30","30-MAR-2026"
"HCKKVENTU$","BE","-","-","-","-"
"HCL-INSYS","EQ","     17.51","24-JUN-2025","      9.01","30-MAR-2026"
"HCLTD$","EQ","-","-","-","-"
"HCLTECH","EQ","   1780.10","03-FEB-2026","   1089.50","11-JUN-2026"
"HDBFS","EQ","    891.90","03-JUL-2025","    555.30","30-MAR-2026"
"HDF100INAV","EQ","-","-","-","-"
"HDFC50INAV","EQ","-","-","-","-"
"HDFCAMC","EQ","   2967.25","16-OCT-2025","   2205.60","30-MAR-2026"
"HDFCBANK","EQ","   1020.50","23-OCT-2025","    726.65","02-APR-2026"
"HDFCBSE500","EQ","     40.00","22-JUN-2026","     32.65","01-APR-2026"
"HDFCGOLD","EQ","    152.30","29-JAN-2026","     81.19","11-JUL-2025"
"HDFCGRINAV","EQ","-","-","-","-"
"HDFCGROWTH","EQ","    133.30","07-JAN-2026","    107.86","02-APR-2026"
"HDFCLIFE","EQ","    820.75","30-JUN-2025","    543.00","11-JUN-2026"
"HDFCLIQUID","EQ","   1072.72","02-JUN-2026","   1009.91","23-DEC-2025"
"HDFCLOWVOL","EQ","     22.28","20-FEB-2026","     18.35","30-MAR-2026"
"HDFCLVINAV","EQ","-","-","-","-"
"HDFCMFINAV","EQ","-","-","-","-"
"HDFCMID150","EQ","     23.61","18-JUN-2026","     19.42","30-MAR-2026"
"HDFCMOINAV","EQ","-","-","-","-"
"HDFCMOMENT","EQ","     33.23","23-OCT-2025","     27.13","02-APR-2026"
"HDFCNEXT50","EQ","     75.97","18-JUN-2026","     59.99","01-APR-2026"
"HDFCNFINAV","EQ","-","-","-","-"
"HDFCNIF100","EQ","     29.00","19-SEP-2025","     22.00","19-AUG-2025"
"HDFCNIFBAN","EQ","     65.54","23-FEB-2026","     51.20","02-APR-2026"
"HDFCNIFIT","EQ","     42.30","24-DEC-2025","     28.20","15-MAY-2026"
"HDFCNIFTY","EQ","    301.88","02-DEC-2025","    247.56","06-APR-2026"
"HDFCNIINAV","EQ","-","-","-","-"
"HDFCPBINAV","EQ","-","-","-","-"
"HDFCPSUBK","EQ","    101.25","24-FEB-2026","     67.98","29-AUG-2025"
"HDFCPVTBAN","EQ","     30.17","19-FEB-2026","     24.31","02-APR-2026"
"HDFCQUAL","EQ","     61.87","13-FEB-2026","     51.91","30-MAR-2026"
"HDFCQUINAV","EQ","-","-","-","-"
"HDFCSEINAV","EQ","-","-","-","-"
"HDFCSENSEX","EQ","     98.48","08-DEC-2025","     80.90","02-APR-2026"
"HDFCSIINAV","EQ","-","-","-","-"
"HDFCSILVER","EQ","    359.00","29-JAN-2026","    101.66","27-JUN-2025"
"HDFCSML250","EQ","    183.18","11-JUL-2025","    142.70","23-MAR-2026"
"HDFCVALUE","EQ","    147.05","23-MAR-2026","    120.00","02-APR-2026"
"HDFCVLINAV","EQ","-","-","-","-"
"HDFLIQINAV","EQ","-","-","-","-"
"HDFPBKINAV","EQ","-","-","-","-"
"HDIL","BZ","      3.52","23-JUN-2025","      1.78","22-JUN-2026"
"HEADSUP","EQ","     12.95","09-OCT-2025","      5.69","30-MAR-2026"
"HEALADINAV","EQ","-","-","-","-"
"HEALINV$","BE","-","-","-","-"
"HEALTHADD","EQ","    163.16","18-MAY-2026","    135.43","02-APR-2026"
"HEALTHCARE","EQ","     21.17","20-MAY-2026","     17.18","02-APR-2026"
"HEALTHIETF","EQ","    166.20","15-MAY-2026","    138.65","02-FEB-2026"
"HEALTHINAV","EQ","-","-","-","-"
"HEALTHX","EQ","    363.00","13-JAN-2026","    252.50","30-MAR-2026"
"HEALTHY","EQ","     16.98","03-FEB-2026","     13.58","13-FEB-2026"
"HEALTHYLI$","ST","-","-","-","-"
"HECPROJECT","EQ","    184.10","25-JUN-2025","     92.10","30-MAR-2026"
"HEG","EQ","    690.00","29-APR-2026","    459.80","29-AUG-2025"
"HEIDELBERG","EQ","    224.80","19-AUG-2025","    136.10","30-MAR-2026"
"HELLOJI$","SM","-","-","-","-"
"HELPAGE$","EQ","-","-","-","-"
"HEMANG$","BE","-","-","-","-"
"HEMIPROP","EQ","    190.69","03-OCT-2025","    111.20","30-MAR-2026"
"HEMORGANI$","BE","-","-","-","-"
"HERANBA","EQ","    403.70","31-JUL-2025","    155.38","30-MAR-2026"
"HERITGFOOD","EQ","    540.00","18-SEP-2025","    292.55","30-MAR-2026"
"HEROMOTOCO","EQ","   6388.50","05-DEC-2025","   4190.00","11-JUL-2025"
"HESTERBIO","EQ","   2350.00","04-AUG-2025","   1239.30","30-MAR-2026"
"HEXAGON","BE","     55.44","16-JUN-2026","     48.10","12-JUN-2026"
"HEXATRADEX","EQ","    195.85","03-JUL-2025","    147.26","03-FEB-2026"
"HEXT","EQ","    900.00","09-JUL-2025","    400.20","12-MAR-2026"
"HFCL","EQ","    220.09","22-JUN-2026","     59.82","27-JAN-2026"
"HFIL$","EQ","-","-","-","-"
"HGINFRA","EQ","   1143.00","11-JUL-2025","    429.50","30-MAR-2026"
"HGM","EQ","     82.40","15-SEP-2025","     43.60","16-MAR-2026"
"HGS","EQ","    628.70","17-JUL-2025","    342.05","09-MAR-2026"
"HIGHENE$","EQ","-","-","-","-"
"HIGHNESS$","SM","-","-","-","-"
"HIGREEN","SM","    265.70","23-JUL-2025","    101.20","24-MAR-2026"
"HIIL$","BE","-","-","-","-"
"HIKAL","EQ","    372.70","25-JUN-2025","    146.25","30-MAR-2026"
"HILIKS$","EQ","-","-","-","-"
"HILINFRA","BE","    131.40","14-AUG-2025","     40.60","30-MAR-2026"
"HILLTONE$","EQ","-","-","-","-"
"HILTON","BE","     62.08","23-JUN-2025","     13.43","24-MAR-2026"
"HIMATSEIDE","EQ","    164.40","07-JUL-2025","     72.01","30-MAR-2026"
"HIMTEK$","EQ","-","-","-","-"
"HINDADH$","EQ","-","-","-","-"
"HINDALCO","EQ","   1176.00","29-MAY-2026","    640.15","23-JUN-2025"
"HINDALUMI$","EQ","-","-","-","-"
"HINDAPL$","BE","-","-","-","-"
"HINDBIO$","BE","-","-","-","-"
"HINDCOMPOS","EQ","    550.00","16-APR-2026","    347.10","30-MAR-2026"
"HINDCON","BE","     37.75","23-OCT-2025","     15.66","30-MAR-2026"
"HINDCOPPER","EQ","    760.05","29-JAN-2026","    226.70","28-AUG-2025"
"HINDHARD$","EQ","-","-","-","-"
"HINDMILL$","EQ","-","-","-","-"
"HINDOILEXP","EQ","    188.65","09-JUN-2026","    117.50","30-MAR-2026"
"HINDPETRO","EQ","    508.45","05-JAN-2026","    316.20","23-MAR-2026"
"HINDTIN$","EQ","-","-","-","-"
"HINDUNILVR","EQ","   2750.00","04-SEP-2025","   2022.50","02-APR-2026"
"HINDUST$","EQ","-","-","-","-"
"HINDWAREAP","EQ","    392.70","17-OCT-2025","    170.50","30-MAR-2026"
"HINDZINC","EQ","    733.00","27-JAN-2026","    413.50","01-AUG-2025"
"HIPOLIN$","BE","-","-","-","-"
"HIRAUTO$","BE","-","-","-","-"
"HIRECT","EQ","   1212.10","29-MAY-2026","    565.20","27-JAN-2026"
"HISARMETAL","EQ","    224.10","24-JUL-2025","    124.99","30-MAR-2026"
"HISARSP$","BE","-","-","-","-"
"HITECH","EQ","    127.50","22-SEP-2025","     70.14","30-MAR-2026"
"HITECHCORP","BE","    323.77","05-JUN-2026","    112.00","30-MAR-2026"
"HITECHGEAR","BE","    897.45","13-OCT-2025","    521.25","01-APR-2026"
"HITKITGLO$","EQ","-","-","-","-"
"HLEGLAS","EQ","    661.95","03-NOV-2025","    250.00","30-MAR-2026"
"HLTCREINAV","EQ","-","-","-","-"
"HLVLTD","EQ","     14.19","26-JUN-2025","      5.60","30-MAR-2026"
"HMAAGRO","EQ","     34.35","26-JUN-2025","     21.25","10-APR-2026"
"HMEML$","SM","-","-","-","-"
"HMI150INAV","EQ","-","-","-","-"
"HMT","BZ","     72.31","06-MAR-2026","     41.00","27-JAN-2026"
"HMVL","EQ","    100.00","04-AUG-2025","     55.20","30-MAR-2026"
"HNDFDS","EQ","    584.90","09-JUL-2025","    442.00","30-JAN-2026"
"HNGSNBENAV","EQ","-","-","-","-"
"HNGSNGBEES","EQ","    579.92","06-OCT-2025","    375.05","23-JUN-2025"
"HOACFOODS","ST","    680.00","23-JUN-2026","    190.20","26-AUG-2025"
"HOCL$","BE","-","-","-","-"
"HOLMARC","SM","    134.30","05-AUG-2025","     60.05","30-MAR-2026"
"HOM$","BE","-","-","-","-"
"HOMEFIRST","EQ","   1519.00","25-JUL-2025","    893.70","30-MAR-2026"
"HOMESFY","SM","    302.00","23-JUN-2025","    100.70","04-JUN-2026"
"HONASA","EQ","    438.35","11-JUN-2026","    248.40","11-DEC-2025"
"HONAUT","EQ","  41450.00","03-JUL-2025","  26220.00","30-MAR-2026"
"HONDAPOWER","EQ","   3256.00","10-JUL-2025","   1816.60","30-MAR-2026"
"HORIZON$","ST","-","-","-","-"
"HOTLSILV$","EQ","-","-","-","-"
"HOWARHO$","EQ","-","-","-","-"
"HPAL","EQ","     53.70","30-JUN-2025","     26.52","30-MAR-2026"
"HPBL$","BE","-","-","-","-"
"HPCOTTON$","EQ","-","-","-","-"
"HPIL","EQ","    175.88","31-JUL-2025","    107.00","24-MAR-2026"
"HPL","EQ","    639.90","15-JUL-2025","    255.55","30-MAR-2026"
"HPTL","SM","    327.40","07-OCT-2025","    174.35","12-AUG-2025"
"HRHNEXT","SM","     56.30","23-JUN-2025","     21.00","10-MAR-2026"
"HRMNYCP$","BE","-","-","-","-"
"HRS$","SM","-","-","-","-"
"HRYNSHP$","EQ","-","-","-","-"
"HSBCGDINAV","EQ","-","-","-","-"
"HSBCGOLD","EQ","    146.40","30-MAR-2026","    121.36","30-MAR-2026"
"HSCL","EQ","    718.00","18-JUN-2026","    418.50","24-NOV-2025"
"HSIL$","ST","-","-","-","-"
"HSM250INAV","EQ","-","-","-","-"
"HTMEDIA","EQ","     28.64","06-OCT-2025","     17.52","30-MAR-2026"
"HUBTOWN","EQ","    365.70","25-AUG-2025","    168.15","30-MAR-2026"
"HUDCO","EQ","    246.85","18-NOV-2025","    159.00","30-MAR-2026"
"HUHTAMAKI","EQ","    272.65","23-OCT-2025","    148.60","30-MAR-2026"
"HVAX","SM","   1024.95","07-JUL-2025","    623.20","10-JUN-2026"
"HYBRIDFIN","BE","     33.62","23-OCT-2025","     13.06","22-SEP-2025"
"HYUNDAI","EQ","   2890.00","22-SEP-2025","   1658.00","06-APR-2026"
"IBLFL","SM","     74.00","21-AUG-2025","     43.95","17-MAR-2026"
"IBULLSLTD","BE","     28.65","23-JUN-2026","      8.90","09-MAR-2026"
"IC10GSINAV","EQ","-","-","-","-"
"ICDSLTD","EQ","     62.32","29-SEP-2025","     36.40","09-MAR-2026"
"ICEMAKE","EQ","    920.00","26-MAY-2026","    660.30","30-MAR-2026"
"ICICI1INAV","EQ","-","-","-","-"
"ICICI2INAV","EQ","-","-","-","-"
"ICICI5INAV","EQ","-","-","-","-"
"ICICIAINAV","EQ","-","-","-","-"
"ICICIAMC","EQ","   3611.00","29-MAY-2026","   2530.00","22-DEC-2025"
"ICICIB22","EQ","    131.00","02-MAR-2026","    103.60","29-AUG-2025"
"ICICIBANK","EQ","   1500.00","25-JUL-2025","   1187.60","02-APR-2026"
"ICICIBINAV","EQ","-","-","-","-"
"ICICICINAV","EQ","-","-","-","-"
"ICICIFINAV","EQ","-","-","-","-"
"ICICIGI","EQ","   2068.70","01-JUL-2025","   1629.50","02-APR-2026"
"ICICIGINAV","EQ","-","-","-","-"
"ICICIKINAV","EQ","-","-","-","-"
"ICICILINAV","EQ","-","-","-","-"
"ICICIMINAV","EQ","-","-","-","-"
"ICICININAV","EQ","-","-","-","-"
"ICICIOINAV","EQ","-","-","-","-"
"ICICIPINAV","EQ","-","-","-","-"
"ICICIPRULI","EQ","    706.80","13-JAN-2026","    459.50","11-JUN-2026"
"ICICIQINAV","EQ","-","-","-","-"
"ICICIRINAV","EQ","-","-","-","-"
"ICICISINAV","EQ","-","-","-","-"
"ICICITINAV","EQ","-","-","-","-"
"ICICIXINAV","EQ","-","-","-","-"
"ICICIYINAV","EQ","-","-","-","-"
"ICICMOINAV","EQ","-","-","-","-"
"ICICOMINAV","EQ","-","-","-","-"
"ICIFININAV","EQ","-","-","-","-"
"ICIL","EQ","    410.50","18-JUN-2026","    216.90","23-MAR-2026"
"ICINFRINAV","EQ","-","-","-","-"
"ICIQ30INAV","EQ","-","-","-","-"
"ICISECINAV","EQ","-","-","-","-"
"ICISENINAV","EQ","-","-","-","-"
"ICL$","BE","-","-","-","-"
"ICODEX$","SM","-","-","-","-"
"ICON$","ST","-","-","-","-"
"ICONIKSPE$","EQ","-","-","-","-"
"ICRA","EQ","   7130.00","16-JUL-2025","   4965.50","02-APR-2026"
"ICSL$","EQ","-","-","-","-"
"IDBI","EQ","    118.38","05-JAN-2026","     61.01","30-MAR-2026"
"IDBIGOINAV","EQ","-","-","-","-"
"IDEA","EQ","     15.34","15-JUN-2026","      6.12","14-AUG-2025"
"IDEAFORGE","BE","    992.25","08-JUN-2026","    366.00","30-MAR-2026"
"IDEALTECHO","SM","    259.80","27-FEB-2026","    121.00","30-JUN-2025"
"IDENTICAL","ST","     49.20","27-JUN-2025","     14.10","27-MAR-2026"
"IDENTIXWE$","SM","-","-","-","-"
"IDFCFIRSTB","EQ","     87.00","02-JAN-2026","     58.08","02-APR-2026"
"IDFNIFINAV","EQ","-","-","-","-"
"IDFNIFTYET","EQ","    340.80","15-DEC-2025","    244.32","02-APR-2026"
"IDM$","EQ","-","-","-","-"
"IDREAM$","BE","-","-","-","-"
"IECEDU$","EQ","-","-","-","-"
"IEML","SM","    173.57","22-SEP-2025","     37.90","01-JUN-2026"
"IEX","EQ","    211.75","09-JUL-2025","    114.60","30-MAR-2026"
"IFBAGRO","BE","   1790.00","08-JAN-2026","    679.15","16-MAR-2026"
"IFBIND","EQ","   2019.80","31-OCT-2025","    883.20","30-MAR-2026"
"IFCI","EQ","     95.80","17-JUN-2026","     46.23","18-DEC-2025"
"IFGLEXPOR","EQ","    338.00","06-OCT-2025","    119.68","30-MAR-2026"
"IFINSEC$","EQ","-","-","-","-"
"IFINSER$","EQ","-","-","-","-"
"IFL$","EQ","-","-","-","-"
"IGARASHI","EQ","    665.00","06-AUG-2025","    271.05","30-MAR-2026"
"IGCIL$","EQ","-","-","-","-"
"IGCL","EQ","    122.00","22-JUL-2025","     49.46","27-MAR-2026"
"IGIL","EQ","    442.00","30-JUL-2025","    287.00","27-JAN-2026"
"IGL","EQ","    229.00","08-JUL-2025","    141.74","02-APR-2026"
"IGLFXPL-B$","BE","-","-","-","-"
"IGPL","EQ","    519.80","21-JUL-2025","    315.00","09-MAR-2026"
"IIFL","EQ","    675.00","06-JAN-2026","    409.10","27-APR-2026"
"IIFLCAPS","EQ","    411.30","07-JAN-2026","    240.40","30-MAR-2026"
"IIRM$","EQ","-","-","-","-"
"IISL$","BE","-","-","-","-"
"IITL","EQ","    216.00","30-SEP-2025","    108.00","02-MAR-2026"
"IITLPROJ$","EQ","-","-","-","-"
"IKIO","EQ","    252.90","21-AUG-2025","    103.53","30-MAR-2026"
"IKOMA$","BE","-","-","-","-"
"IKS","EQ","   1777.00","24-DEC-2025","   1262.00","23-MAR-2026"
"IL&FSENGG","BZ","     37.75","21-JUL-2025","     21.00","20-FEB-2026"
"IL&FSTRANS","BZ","      4.40","04-JUL-2025","      1.75","01-APR-2026"
"IMAGICAA","EQ","     71.73","26-JUN-2025","     36.84","27-MAR-2026"
"IMEC$","EQ","-","-","-","-"
"IMFA","EQ","   1679.90","29-APR-2026","    700.05","07-AUG-2025"
"IMPAL","EQ","   1184.50","17-JUL-2025","    928.00","30-MAR-2026"
"INA","EQ","    161.81","28-APR-2026","     79.75","30-MAR-2026"
"INANI$","EQ","-","-","-","-"
"INANISEC$","BE","-","-","-","-"
"INCAP$","EQ","-","-","-","-"
"INCREDIBLE","EQ","     52.87","08-SEP-2025","     28.10","30-MAR-2026"
"INDAG$","EQ","-","-","-","-"
"INDAGIV$","EQ","-","-","-","-"
"INDBANK","EQ","     47.15","07-OCT-2025","     28.25","30-MAR-2026"
"INDBNK$","EQ","-","-","-","-"
"INDCEMCAP$","EQ","-","-","-","-"
"INDCTST$","EQ","-","-","-","-"
"INDERGR$","EQ","-","-","-","-"
"INDGELA$","EQ","-","-","-","-"
"INDGN","EQ","    596.80","17-SEP-2025","    414.00","23-MAR-2026"
"INDHOTEL","EQ","    811.95","21-AUG-2025","    565.00","02-APR-2026"
"INDIACEM","EQ","    485.80","08-JAN-2026","    306.10","23-JUN-2025"
"INDIAGLYCO","EQ","   1222.00","20-NOV-2025","    792.50","27-JAN-2026"
"INDIAHOM$$","EQ","-","-","-","-"
"INDIAHOME$","BE","-","-","-","-"
"INDIAMART","EQ","   2799.00","14-JUL-2025","   1911.00","18-MAY-2026"
"INDIANB","EQ","   1000.90","15-APR-2026","    606.00","31-JUL-2025"
"INDIANCARD","EQ","    362.50","24-JUN-2025","    153.00","30-MAR-2026"
"INDIANHUME","EQ","    479.00","04-JUL-2025","    279.80","11-JUN-2026"
"INDIANVSH$","EQ","-","-","-","-"
"INDIASHLTR","EQ","   1011.75","21-JUL-2025","    653.20","09-MAR-2026"
"INDICAP$","BE","-","-","-","-"
"INDIFRA","SM","     24.50","26-JUN-2025","     11.70","02-APR-2026"
"INDIGO","EQ","   6232.50","18-AUG-2025","   3895.20","23-MAR-2026"
"INDIGOPNTS","EQ","   1345.90","18-NOV-2025","    708.05","30-MAR-2026"
"INDIGRID","IV","    177.86","29-APR-2026","    148.90","30-JUN-2025"
"INDINFO$","EQ","-","-","-","-"
"INDIQUBE","EQ","    243.80","22-SEP-2025","    131.15","27-MAR-2026"
"INDLEASE$","EQ","-","-","-","-"
"INDNIPPON","EQ","   1099.90","08-OCT-2025","    675.00","30-MAR-2026"
"INDOAMIN","EQ","    176.25","07-JUL-2025","     81.90","23-MAR-2026"
"INDOBELL$","ST","-","-","-","-"
"INDOBORAX","EQ","    423.10","23-JUN-2026","    197.10","23-JUN-2025"
"INDOCITY$","EQ","-","-","-","-"
"INDOCO","EQ","    349.80","16-JUL-2025","    162.19","30-MAR-2026"
"INDOCRED$","BE","-","-","-","-"
"INDOEURO$","EQ","-","-","-","-"
"INDOFARM","EQ","    271.69","20-OCT-2025","    110.70","30-MAR-2026"
"INDOKEM$","EQ","-","-","-","-"
"INDONG$","SM","-","-","-","-"
"INDORAMA","EQ","     75.00","03-NOV-2025","     29.00","23-MAR-2026"
"INDOSMC$","ST","-","-","-","-"
"INDOSTAR","EQ","    366.30","01-JUL-2025","    179.03","23-MAR-2026"
"INDOTECH","BE","   2977.60","11-MAY-2026","   1100.00","30-MAR-2026"
"INDOTHAI","EQ","    466.35","19-NOV-2025","    143.65","03-SEP-2025"
"INDOUS","EQ","    206.00","21-JUL-2025","     87.90","17-JUN-2026"
"INDOWIND","BE","     20.79","24-JUN-2025","      7.00","30-MAR-2026"
"INDPRUD","EQ","   7052.50","30-APR-2026","   5750.50","08-JUN-2026"
"INDRAMEDCO","EQ","    640.85","06-NOV-2025","    342.00","27-JAN-2026"
"INDRANIB$","BE","-","-","-","-"
"INDRENEW$","BE","-","-","-","-"
"INDSILHYD$","EQ","-","-","-","-"
"INDSUCR$","EQ","-","-","-","-"
"INDSWFTLAB","EQ","    201.50","23-JUN-2026","     87.15","31-DEC-2025"
"INDTERRAIN","EQ","     43.75","24-JUL-2025","     24.56","30-MAR-2026"
"INDTONER$","EQ","-","-","-","-"
"INDUSINDBK","EQ","    968.85","26-FEB-2026","    710.60","26-SEP-2025"
"INDUSINVIT","IV","    132.99","04-MAY-2026","    106.00","01-JUL-2025"
"INDUSTOWER","EQ","    481.50","19-FEB-2026","    312.55","03-SEP-2025"
"INDXTRA$","EQ","-","-","-","-"
"INFINITY$","SM","-","-","-","-"
"INFINIUM","SM","    304.00","27-JUN-2025","    189.40","30-MAR-2026"
"INFLAME$","SM","-","-","-","-"
"INFLUX","SM","    298.75","15-MAY-2026","    120.00","26-JUN-2025"
"INFOBEAN","EQ","    257.50","07-JAN-2026","     91.45","14-JUL-2025"
"INFOLLION","SM","    551.00","09-SEP-2025","    170.00","23-JUN-2026"
"INFOMEDIA","EQ","      8.59","23-JUN-2025","      4.50","16-FEB-2026"
"INFONATIV$","SM","-","-","-","-"
"INFORTEC$","EQ","-","-","-","-"
"INFRA","EQ","     13.27","23-JUN-2026","     10.14","02-APR-2026"
"INFRABEES","EQ","   1018.30","05-JAN-2026","    871.35","02-APR-2026"
"INFRABENAV","EQ","-","-","-","-"
"INFRAIETF","EQ","    101.00","23-FEB-2026","     86.80","02-APR-2026"
"INFRAINAV","EQ","-","-","-","-"
"INFRONICS$","EQ","-","-","-","-"
"INFY","EQ","   1728.00","03-FEB-2026","   1026.00","23-JUN-2026"
"INGERRAND","EQ","   4756.20","19-JUN-2026","   3063.30","21-JAN-2026"
"INLCM$","EQ","-","-","-","-"
"INM","SM","    344.50","23-OCT-2025","    150.00","12-JUN-2026"
"INNOCORP$","BE","-","-","-","-"
"INNOKAIZ$","ST","-","-","-","-"
"INNOMET","ST","    208.40","12-SEP-2025","     63.15","13-MAR-2026"
"INNOMET","ST","-","-","-","-"
"INNOVACAP","EQ","    978.00","15-JUN-2026","    622.00","02-MAR-2026"
"INNOVANA","EQ","    649.50","10-JUL-2025","    292.80","09-JUN-2026"
"INNOVATIV$","ST","-","-","-","-"
"INNOVATOR$","SM","-","-","-","-"
"INNOVISION","EQ","    470.00","23-MAR-2026","    281.05","11-JUN-2026"
"INNOVTEC$","EQ","-","-","-","-"
"INOXGREEN","EQ","    279.00","03-NOV-2025","    132.58","23-MAR-2026"
"INOXINDIA","EQ","   2099.00","23-JUN-2026","   1065.00","18-AUG-2025"
"INOXWIND","EQ","    179.21","04-JUL-2025","     75.05","30-MAR-2026"
"INRADIA$","BE","-","-","-","-"
"INSECTICID","EQ","   1098.00","01-AUG-2025","    518.60","30-MAR-2026"
"INSPIRE","ST","     22.70","18-JUL-2025","      6.80","30-MAR-2026"
"INSPIRISYS","BE","    133.90","01-JUN-2026","     69.92","30-MAR-2026"
"INTECCAP$","BE","-","-","-","-"
"INTEGHIT$","BE","-","-","-","-"
"INTEGRAEN$","BE","-","-","-","-"
"INTEGRITY","ST","    175.35","27-MAY-2026","     81.70","10-JUL-2025"
"INTEGSW$","BE","-","-","-","-"
"INTELLECT","EQ","   1244.60","03-NOV-2025","    595.20","30-MAR-2026"
"INTENTECH","EQ","    149.90","23-SEP-2025","     66.30","30-MAR-2026"
"INTERARCH","EQ","   2762.60","10-NOV-2025","   1600.00","18-MAY-2026"
"INTERDIGI$","BE","-","-","-","-"
"INTERISE","IV","    109.75","16-SEP-2025","    109.75","16-SEP-2025"
"INTERNET","EQ","     16.12","10-JUL-2025","     10.72","16-MAR-2026"
"INTERNINAV","EQ","-","-","-","-"
"INTETHR$","BE","-","-","-","-"
"INTLCOMBQ$","EQ","-","-","-","-"
"INTLCONV","EQ","    114.54","07-OCT-2025","     60.00","30-MAR-2026"
"INTRGLB$","EQ","-","-","-","-"
"INTSTOIL$","EQ","-","-","-","-"
"INVENTURE","EQ","      1.78","09-JUL-2025","       .81","30-MAR-2026"
"INVICTA","ST","    105.00","08-DEC-2025","     58.10","05-MAR-2026"
"INVPRECQ","EQ","    803.15","22-JUN-2026","    551.00","05-MAY-2026"
"IOB","EQ","     41.80","23-OCT-2025","     31.20","30-MAR-2026"
"IOC","EQ","    188.96","27-FEB-2026","    130.22","02-APR-2026"
"IOLCP","EQ","    139.99","04-JUN-2026","     67.19","16-MAR-2026"
"IONEXCHANG","EQ","    580.75","17-JUL-2025","    312.70","23-MAR-2026"
"IPCALAB","EQ","   1678.30","20-MAY-2026","   1251.60","24-OCT-2025"
"IPHL","SM","     78.25","20-NOV-2025","     46.10","11-NOV-2025"
"IPL","EQ","    245.84","21-AUG-2025","    125.00","30-MAR-2026"
"IPOWER$","BE","-","-","-","-"
"IPSL","SM","    385.00","17-SEP-2025","    172.05","27-MAR-2026"
"IRB","EQ","     25.22","27-JUN-2025","     19.15","02-MAR-2026"
"IRBINVIT","IV","     64.97","18-DEC-2025","     57.05","23-MAR-2026"
"IRBIT","IV","-","-","-","-"
"IRCON","EQ","    207.79","27-JUN-2025","    114.50","23-MAR-2026"
"IRCTC","EQ","    798.60","09-JUL-2025","    492.65","30-MAR-2026"
"IREDA","EQ","    174.60","01-JUL-2025","    108.65","30-MAR-2026"
"IRFC","EQ","    143.15","01-JUL-2025","     87.00","30-MAR-2026"
"IRIS","EQ","    426.95","14-JUL-2025","    203.00","02-MAR-2026"
"IRISDOREME","EQ","     41.37","18-JUN-2026","     26.35","30-MAR-2026"
"IRMENERGY","EQ","    393.00","23-SEP-2025","    165.40","30-MAR-2026"
"IRONWOOD$","EQ","-","-","-","-"
"ISFT","EQ","    119.07","19-SEP-2025","     54.05","30-MAR-2026"
"ISGEC","EQ","   1249.00","01-JUL-2025","    683.95","27-JAN-2026"
"ISHAN","SM","      1.05","08-JUL-2025","       .50","24-MAR-2026"
"ISHANCH","EQ","     83.37","13-OCT-2025","     44.52","23-JUN-2025"
"ISHITADR$","EQ","-","-","-","-"
"ISHWATR$","BE","-","-","-","-"
"ISLCONSUL$","EQ","-","-","-","-"
"ISTLTD$","EQ","-","-","-","-"
"ISTRNETWK$","BE","-","-","-","-"
"IT","EQ","     44.49","03-FEB-2026","     29.52","19-JUN-2026"
"ITADD","EQ","     41.92","03-FEB-2026","     28.27","19-JUN-2026"
"ITALIANE","SM","     49.00","02-MAR-2026","     24.05","29-JAN-2026"
"ITBEES","EQ","     44.27","03-FEB-2026","     29.66","19-JUN-2026"
"ITBEESINAV","EQ","-","-","-","-"
"ITBETA","EQ","    409.94","24-DEC-2025","    280.60","19-JUN-2026"
"ITC","EQ","    427.00","04-SEP-2025","    275.05","04-JUN-2026"
"ITCHOTELS","EQ","    261.62","21-JUL-2025","    137.30","30-MAR-2026"
"ITCONS$","ST","-","-","-","-"
"ITDC","EQ","    712.80","06-OCT-2025","    368.00","30-MAR-2026"
"ITETF","EQ","     42.02","03-FEB-2026","     28.26","19-JUN-2026"
"ITETFINAV","EQ","-","-","-","-"
"ITI","EQ","    372.85","08-OCT-2025","    237.00","30-MAR-2026"
"ITIETF","EQ","     44.30","03-FEB-2026","     29.65","19-JUN-2026"
"ITL$","EQ","-","-","-","-"
"ITTL","ST","    152.40","14-AUG-2025","     68.40","10-FEB-2026"
"IVALUE","EQ","    340.00","20-NOV-2025","    207.35","23-MAR-2026"
"IVC","EQ","      9.88","17-NOV-2025","      6.02","23-MAR-2026"
"IVP","EQ","    206.99","01-JUL-2025","    110.00","30-MAR-2026"
"IVZINGOLD","EQ","    156.00","29-JAN-2026","     83.32","30-JUN-2025"
"IVZINNIFTY","EQ","   3150.00","23-FEB-2026","   2511.00","23-MAR-2026"
"IWARE","ST","    395.00","06-MAY-2026","     82.00","23-JUN-2025"
"IWP","EQ","     39.15","04-MAY-2026","     28.00","20-APR-2026"
"IXIGO","EQ","    339.15","16-OCT-2025","    151.27","08-JUN-2026"
"IYKOTHITE$","BE","-","-","-","-"
"IZMO","EQ","   1374.70","29-SEP-2025","    348.05","23-JUN-2025"
"J&KBANK","EQ","    167.15","18-JUN-2026","     97.35","30-DEC-2025"
"JACKSON$","EQ","-","-","-","-"
"JAFINANCE$","EQ","-","-","-","-"
"JAGANLAM$","EQ","-","-","-","-"
"JAGRAN","EQ","     78.90","03-JUN-2026","     59.50","27-MAR-2026"
"JAGSNPHARM","EQ","    301.65","28-JUL-2025","    155.00","22-JAN-2026"
"JAGSONSER$","EQ","-","-","-","-"
"JAIBALAJI","BE","    139.00","27-JUN-2025","     53.65","30-MAR-2026"
"JAICORPLTD","EQ","    178.24","08-SEP-2025","     88.00","30-MAR-2026"
"JAIHIND$","EQ","-","-","-","-"
"JAIMATAG$","EQ","-","-","-","-"
"JAINAM","SM","    322.85","08-AUG-2025","    169.00","27-MAR-2026"
"JAINEX$","EQ","-","-","-","-"
"JAINIK","SM","    160.00","02-JUN-2026","     60.60","03-JUL-2025"
"JAINREC","EQ","    593.95","08-MAY-2026","    247.57","01-OCT-2025"
"JAIPAN$","EQ","-","-","-","-"
"JAIPURKURT","EQ","     50.59","23-JUN-2025","     24.40","30-MAR-2026"
"JAKHARIA","ST","     60.70","15-OCT-2025","     29.37","21-JUL-2025"
"JALAN","ST","      9.00","24-JUN-2025","      1.65","02-APR-2026"
"JAMESWARR$","EQ","-","-","-","-"
"JAMNAAUTO","EQ","    152.60","16-FEB-2026","     87.75","07-AUG-2025"
"JAMSHRI$","EQ","-","-","-","-"
"JARO","EQ","    890.00","30-SEP-2025","    383.50","30-MAR-2026"
"JASCH$","EQ","-","-","-","-"
"JASH","EQ","    622.90","18-JUL-2025","    327.10","30-MAR-2026"
"JATTAINDU$","EQ","-","-","-","-"
"JAUSPOL$","BE","-","-","-","-"
"JAYAGROGN","EQ","    271.10","11-AUG-2025","    147.26","30-MAR-2026"
"JAYANT$","SM","-","-","-","-"
"JAYBARMARU","EQ","    178.89","19-JUN-2026","     71.01","29-JUL-2025"
"JAYBEE","ST","    295.00","25-JUL-2025","     70.00","27-FEB-2026"
"JAYCH$","EQ","-","-","-","-"
"JAYESH","SM","    200.00","05-MAY-2026","    106.35","06-NOV-2025"
"JAYKAILAS$","ST","-","-","-","-"
"JAYKAY","EQ","    219.70","03-DEC-2025","    115.52","30-MAR-2026"
"JAYNECOIND","EQ","    117.00","08-MAY-2026","     34.90","22-JUL-2025"
"JAYSREETEA","EQ","    117.80","17-JUL-2025","     70.55","30-MAR-2026"
"JAYSYNTH$","EQ","-","-","-","-"
"JAYTEX$","BE","-","-","-","-"
"JAYUSH$","EQ","-","-","-","-"
"JBCHEPHARM","EQ","   2300.00","12-JUN-2026","   1603.50","11-JUL-2025"
"JBMA","EQ","    790.00","23-SEP-2025","    477.00","16-MAR-2026"
"JDCABLES$","SM","-","-","-","-"
"JEL$","BE","-","-","-","-"
"JENBURPH$","EQ","-","-","-","-"
"JETFREIGHT","EQ","     24.50","05-JUN-2026","     11.90","25-SEP-2025"
"JETKINGQ$","EQ","-","-","-","-"
"JETKNIT","ST","    109.00","05-AUG-2025","     76.55","19-JUN-2026"
"JETSOLAR$","SM","-","-","-","-"
"JEYYAM","ST","     74.50","24-OCT-2025","     22.05","30-MAR-2026"
"JFL$","SM","-","-","-","-"
"JFLLIFE","SM","     16.81","07-JUL-2025","      8.55","02-APR-2026"
"JGCHEM","EQ","    558.00","21-JUL-2025","    298.40","27-JAN-2026"
"JGTL$","EQ","-","-","-","-"
"JHACC$","EQ","-","-","-","-"
"JHS","EQ","     13.90","27-OCT-2025","      6.26","30-MAR-2026"
"JIGAR$","SM","-","-","-","-"
"JINDALPHOT","EQ","   1616.60","10-DEC-2025","    796.00","14-AUG-2025"
"JINDALPOLY","EQ","   1026.45","19-MAR-2026","    365.00","21-JAN-2026"
"JINDALSAW","EQ","    269.91","19-JUN-2026","    153.00","09-DEC-2025"
"JINDALSTEL","EQ","   1306.20","21-APR-2026","    892.00","23-JUN-2025"
"JINDCAP$","EQ","-","-","-","-"
"JINDHOT$","EQ","-","-","-","-"
"JINDRILL","EQ","    693.50","19-MAY-2026","    440.10","02-MAR-2026"
"JINDWORLD","EQ","     64.24","30-JUN-2025","     17.85","30-MAR-2026"
"JIOFIN","EQ","    338.60","05-AUG-2025","    223.30","30-MAR-2026"
"JISLDVREQS","EQ","     35.48","18-SEP-2025","     18.50","10-MAR-2026"
"JISLJALEQS","EQ","     60.40","26-JUN-2025","     27.10","23-MAR-2026"
"JITFINFRA","EQ","    478.00","09-SEP-2025","    222.35","27-JAN-2026"
"JIWANRAM","SM","     10.60","23-JUN-2025","      4.35","23-MAR-2026"
"JJFINCOR$","EQ","-","-","-","-"
"JKAGRI$","EQ","-","-","-","-"
"JKCEMENT","EQ","   7565.50","20-AUG-2025","   4671.50","12-JUN-2026"
"JKIL","EQ","    758.40","25-JUL-2025","    425.00","30-MAR-2026"
"JKIPL","BE","    126.95","03-OCT-2025","     45.40","30-MAR-2026"
"JKLAKSHMI","EQ","   1021.20","22-JUL-2025","    549.95","30-MAR-2026"
"JKPAPER","EQ","    444.80","03-OCT-2025","    304.85","30-MAR-2026"
"JKTYRE","EQ","    611.90","11-FEB-2026","    311.00","14-AUG-2025"
"JLHL","EQ","   1625.00","30-OCT-2025","   1178.00","06-APR-2026"
"JLL$","BE","-","-","-","-"
"JMA","EQ","    104.90","01-JUL-2025","     70.25","20-JAN-2026"
"JMDVL$","EQ","-","-","-","-"
"JMFINANCIL","EQ","    199.80","22-AUG-2025","    112.00","30-MAR-2026"
"JMGCORP$","BE","-","-","-","-"
"JMJFIN$","EQ","-","-","-","-"
"JNKINDIA","EQ","    519.00","15-JUN-2026","    200.92","28-JAN-2026"
"JOCIL","BE","    177.80","05-AUG-2025","     91.25","30-MAR-2026"
"JOHNPHARM$","EQ","-","-","-","-"
"JOINDRE$","EQ","-","-","-","-"
"JOINTECAE$","ST","-","-","-","-"
"JOJO$","EQ","-","-","-","-"
"JONJUA$","ST","-","-","-","-"
"JOSTS$","EQ","-","-","-","-"
"JPOLYINVST","EQ","   1487.70","10-MAR-2026","    716.05","28-AUG-2025"
"JPPOWER","EQ","     27.70","14-JUL-2025","     13.15","09-MAR-2026"
"JPTRLES$","BE","-","-","-","-"
"JPTSEC$","BE","-","-","-","-"
"JSFB","EQ","    518.80","25-JUN-2025","    330.00","23-MAR-2026"
"JSHL$","ST","-","-","-","-"
"JSL","EQ","    884.00","07-JAN-2026","    652.25","11-JUN-2026"
"JSLINDL$","EQ","-","-","-","-"
"JSLL","EQ","    849.50","23-SEP-2025","    415.00","23-JUN-2025"
"JSTL$","EQ","-","-","-","-"
"JSWCEMENT","EQ","    162.15","04-SEP-2025","    106.65","04-DEC-2025"
"JSWDULUX","EQ","   3915.50","24-JUL-2025","   2658.70","01-FEB-2026"
"JSWENERGY","EQ","    617.35","29-MAY-2026","    427.75","27-JAN-2026"
"JSWHL","EQ","  23650.00","01-JUL-2025","  11250.00","30-MAR-2026"
"JSWINFRA","EQ","    349.00","24-SEP-2025","    233.42","07-APR-2026"
"JSWSTEEL","EQ","   1328.00","27-MAY-2026","    983.50","23-JUN-2025"
"JTEKTINDIA","EQ","    188.50","09-SEP-2025","    117.01","30-MAR-2026"
"JTLDEFENC$","BE","-","-","-","-"
"JTLIND","EQ","     85.99","11-JUL-2025","     40.25","30-MAR-2026"
"JUBLCPL","EQ","   3013.40","02-SEP-2025","   1460.00","30-MAR-2026"
"JUBLFOOD","EQ","    718.95","01-JUL-2025","    408.80","07-APR-2026"
"JUBLINGREA","EQ","    851.80","17-JUL-2025","    537.30","09-MAR-2026"
"JUBLPHARMA","EQ","   1248.00","30-JUL-2025","    786.05","09-MAR-2026"
"JULIEN$","EQ","-","-","-","-"
"JUMBO$","EQ","-","-","-","-"
"JUNE$","BE","-","-","-","-"
"JUNGLECAM$","SM","-","-","-","-"
"JUNIORBEES","EQ","    789.97","23-JUN-2026","    632.34","01-APR-2026"
"JUNIPER","EQ","    329.90","18-JUL-2025","    188.50","30-MAR-2026"
"JUNORBENAV","EQ","-","-","-","-"
"JUPITERIN$","BE","-","-","-","-"
"JUSTDIAL","EQ","    957.90","15-JUL-2025","    480.50","30-MAR-2026"
"JUSTO$","SM","-","-","-","-"
"JWL","EQ","    393.60","01-JUL-2025","    235.65","30-MAR-2026"
"JYOTHYLAB","EQ","    364.80","07-JUL-2025","    196.15","30-MAR-2026"
"JYOTI$","EQ","-","-","-","-"
"JYOTICNC","EQ","   1147.90","24-JUN-2025","    580.10","02-JUN-2026"
"JYOTIGLOBL","ST","     77.75","10-OCT-2025","     27.05","30-MAR-2026"
"JYOTIRES$","EQ","-","-","-","-"
"JYOTISTRUC","EQ","     20.65","15-JUL-2025","      7.94","21-JAN-2026"
"K2INFRA","ST","     82.80","16-SEP-2025","     40.80","30-MAR-2026"
"KAARYAFSL$","ST","-","-","-","-"
"KABRADG$","EQ","-","-","-","-"
"KABRAEXTRU","EQ","    329.90","14-JUL-2025","    180.00","20-JAN-2026"
"KABSON$","BE","-","-","-","-"
"KACHCHH$","BE","-","-","-","-"
"KACL$","BE","-","-","-","-"
"KAHAN$","SM","-","-","-","-"
"KAIRA$","EQ","-","-","-","-"
"KAIZENAGR$","EQ","-","-","-","-"
"KAJARIACER","EQ","   1321.90","08-AUG-2025","    869.60","02-FEB-2026"
"KAJARIR$","BE","-","-","-","-"
"KAKA$","SM","-","-","-","-"
"KAKATCEM","BE","    179.29","22-JUL-2025","     85.00","30-MAR-2026"
"KALAMANDIR","EQ","    223.03","28-OCT-2025","     89.76","30-MAR-2026"
"KALANA","SM","     46.85","19-AUG-2025","     15.10","27-FEB-2026"
"KALIND$","BE","-","-","-","-"
"KALLAM$","BE","-","-","-","-"
"KALPACOMM$","EQ","-","-","-","-"
"KALPATARU","EQ","    457.40","09-JUL-2025","    258.00","30-MAR-2026"
"KALYANCAP$","BE","-","-","-","-"
"KALYANI","BE","    138.09","04-JUL-2025","    119.30","02-JUL-2025"
"KALYANI$","ST","-","-","-","-"
"KALYANIFRG","EQ","    849.65","09-OCT-2025","    523.60","23-MAR-2026"
"KALYANKJIL","EQ","    617.70","24-JUL-2025","    327.05","11-JUN-2026"
"KAMADGIRI$","BE","-","-","-","-"
"KAMAHOLD","EQ","   2737.80","12-MAY-2026","   2461.00","21-APR-2026"
"KAMANWALA$","EQ","-","-","-","-"
"KAMATHOTEL","EQ","    329.80","24-SEP-2025","    140.20","30-MAR-2026"
"KAMATS$","EQ","-","-","-","-"
"KAMDHENU","BE","     34.75","02-JUL-2025","     16.15","30-MAR-2026"
"KAMOPAINTS","EQ","     11.18","24-JUN-2025","      3.60","30-MAR-2026"
"KANANIIND","EQ","      2.27","01-SEP-2025","      1.02","30-MAR-2026"
"KANCHI","BE","    463.35","24-APR-2026","    334.70","11-JUN-2026"
"KANCOTEA$","EQ","-","-","-","-"
"KANDAGIRI$","BE","-","-","-","-"
"KANDARP","SM","    169.00","19-FEB-2026","     70.30","23-JUL-2025"
"KANELIND$","BE","-","-","-","-"
"KANISHK$","ST","-","-","-","-"
"KANORICHEM","BE","    132.00","23-JUN-2026","     56.00","30-MAR-2026"
"KANPRPLA","EQ","    247.00","10-SEP-2025","    151.25","23-MAR-2026"
"KANSAINER","EQ","    264.00","24-DEC-2025","    157.91","23-MAR-2026"
"KANSHST$","EQ","-","-","-","-"
"KAPILRAJ$","EQ","-","-","-","-"
"KAPSTON","EQ","    363.80","29-MAY-2026","    153.93","23-JUN-2025"
"KARBON$","SM","-","-","-","-"
"KARMAENG","EQ","     74.10","25-JUN-2025","     34.38","30-MAR-2026"
"KARNAVATI$","EQ","-","-","-","-"
"KARNAWATI$","BE","-","-","-","-"
"KARNIKA","SM","    224.95","01-SEP-2025","    104.55","01-APR-2026"
"KARURVYSYA","EQ","    343.45","25-FEB-2026","    201.82","04-SEP-2025"
"KASTURI$","SM","-","-","-","-"
"KATARIA","SM","    125.85","22-APR-2026","     85.50","10-DEC-2025"
"KATIPATAN$","EQ","-","-","-","-"
"KATRSPG$","EQ","-","-","-","-"
"KAUSHALYA","EQ","   1841.90","04-SEP-2025","    750.00","16-MAR-2026"
"KAVDEFENCE","EQ","    162.87","01-OCT-2025","     42.93","23-JUN-2025"
"KAYA","EQ","    487.90","23-SEP-2025","    224.01","04-JUN-2026"
"KAYCEEI$","EQ","-","-","-","-"
"KAYNES","EQ","   7705.00","07-OCT-2025","   2995.00","20-MAY-2026"
"KAYPOWR$","EQ","-","-","-","-"
"KAYTEX","SM","    156.90","06-AUG-2025","     50.35","30-MAR-2026"
"KBSINDIA$","EQ","-","-","-","-"
"KCDGROUP$","EQ","-","-","-","-"
"KCEIL","ST","    388.05","29-JUL-2025","     81.25","22-JUN-2026"
"KCK","SM","     50.90","28-AUG-2025","     11.60","30-MAR-2026"
"KCL$","BE","-","-","-","-"
"KCLINFRA$","EQ","-","-","-","-"
"KCP","EQ","    229.32","22-JUL-2025","    125.00","30-MAR-2026"
"KCPSUGIND","EQ","     37.10","26-JUN-2025","     21.75","23-FEB-2026"
"KCSL$","SM","-","-","-","-"
"KDDL","EQ","   3280.00","22-JUN-2026","   1990.00","30-MAR-2026"
"KDL","SM","    342.35","02-JUL-2025","    100.85","30-MAR-2026"
"KDML$","ST","-","-","-","-"
"KEC","EQ","    947.00","26-JUN-2025","    466.00","19-MAY-2026"
"KECL","BE","    151.44","30-JUN-2025","     75.47","27-JAN-2026"
"KEDIACN$","BE","-","-","-","-"
"KEEPLEARN","EQ","      3.62","30-JUN-2025","      1.54","30-MAR-2026"
"KEERTHI$","EQ","-","-","-","-"
"KEI","EQ","   5708.00","23-JUN-2026","   3525.30","23-JUN-2025"
"KEIL$","EQ","-","-","-","-"
"KEL","SM","    132.80","28-NOV-2025","     61.00","30-MAR-2026"
"KEL$","EQ","-","-","-","-"
"KELENRG$","BE","-","-","-","-"
"KELLTONTEC","EQ","     33.15","25-JUL-2025","     13.00","30-MAR-2026"
"KEMISTAR$","EQ","-","-","-","-"
"KEMP$","EQ","-","-","-","-"
"KEN","SM","     64.85","30-JUL-2025","     29.00","10-JUN-2026"
"KENNAMET","EQ","   3400.30","08-MAY-2026","   2405.20","24-APR-2026"
"KENRIK$","SM","-","-","-","-"
"KENVI$","EQ","-","-","-","-"
"KERALAYUR$","EQ","-","-","-","-"
"KERNEX","EQ","   2145.00","18-JUN-2026","    850.00","30-MAR-2026"
"KESAR$","SM","-","-","-","-"
"KESARENT$","EQ","-","-","-","-"
"KESARPE$","EQ","-","-","-","-"
"KESORAMIND","BE","     14.26","14-MAY-2026","      4.55","19-NOV-2025"
"KETOMOTOR$","BE","-","-","-","-"
"KEYCORP$","EQ","-","-","-","-"
"KEYFINSERV","EQ","    382.10","06-NOV-2025","    220.00","30-MAR-2026"
"KFBL$","EQ","-","-","-","-"
"KFINTECH","EQ","   1388.50","25-JUN-2025","    784.95","18-MAY-2026"
"KGES$","ST","-","-","-","-"
"KGPETRO$","EQ","-","-","-","-"
"KGVL$","SM","-","-","-","-"
"KHADIM","BE","    311.10","17-JUL-2025","     77.47","30-MAR-2026"
"KHAICHEM","BE","    135.80","16-SEP-2025","     42.92","30-MAR-2026"
"KHAITANLTD","BE","    150.96","13-MAY-2026","     85.00","12-JAN-2026"
"KHANDSE","EQ","     29.00","13-AUG-2025","     12.20","30-MAR-2026"
"KHAZANCHI$","SM","-","-","-","-"
"KHFM","SM","     90.50","31-JUL-2025","     45.00","30-APR-2026"
"KHOOBSURA$","EQ","-","-","-","-"
"KIAASA$","SM","-","-","-","-"
"KICL","EQ","   6554.90","28-OCT-2025","   4011.00","30-MAR-2026"
"KIDUJA$","EQ","-","-","-","-"
"KIFS$","EQ","-","-","-","-"
"KILITCH","EQ","    250.00","15-JUL-2025","    117.25","30-MAR-2026"
"KIMIABL$","EQ","-","-","-","-"
"KIMS","EQ","    818.00","19-JUN-2026","    575.80","27-JAN-2026"
"KINETRU$","EQ","-","-","-","-"
"KINGFA","EQ","   5699.40","29-MAY-2026","   3023.90","23-JUN-2025"
"KINGSINFR$","EQ","-","-","-","-"
"KIOCL","EQ","    634.55","06-OCT-2025","    280.30","23-JUN-2025"
"KIRANPR$","BE","-","-","-","-"
"KIRANVYPAR","EQ","    211.45","24-APR-2026","    148.27","03-JUN-2026"
"KIRIINDUS","EQ","    779.00","01-JAN-2026","    333.80","30-MAR-2026"
"KIRLFER","EQ","    513.00","22-JUN-2026","    408.00","11-JUN-2026"
"KIRLOSBROS","EQ","   2475.00","27-JUN-2025","   1335.00","30-MAR-2026"
"KIRLOSENG","EQ","   2720.00","23-JUN-2026","    828.15","23-JUN-2025"
"KIRLOSIND","EQ","   4726.00","21-JUL-2025","   2463.00","30-MAR-2026"
"KIRLPNU","EQ","   2197.10","22-JUN-2026","    990.10","09-DEC-2025"
"KISAAN$","EQ","-","-","-","-"
"KISAN$","EQ","-","-","-","-"
"KISSHT","EQ","    302.50","22-JUN-2026","    190.00","08-MAY-2026"
"KITEX","EQ","    303.95","09-JUL-2025","    138.20","21-JAN-2026"
"KIZI$","SM","-","-","-","-"
"KJMCCORP$","EQ","-","-","-","-"
"KJMCFIN$","EQ","-","-","-","-"
"KKALPANAI$","EQ","-","-","-","-"
"KKCL","EQ","    595.00","23-SEP-2025","    408.35","23-MAR-2026"
"KKJEWELS","SM","    128.20","23-JUN-2025","     72.10","04-MAR-2026"
"KKPLASTIC$","EQ","-","-","-","-"
"KKSHL$","SM","-","-","-","-"
"KKSILK$","ST","-","-","-","-"
"KKVAPOW","SM","    693.00","10-FEB-2026","    512.15","29-OCT-2025"
"KLBRENG-B","EQ","    544.85","21-APR-2026","    455.50","11-JUN-2026"
"KLGCAP$","BE","-","-","-","-"
"KLIFESTYL$","BE","-","-","-","-"
"KLL","SM","     87.15","07-JUL-2025","     30.00","18-JUN-2026"
"KLRFM$","EQ","-","-","-","-"
"KMCSHIL$","EQ","-","-","-","-"
"KMEW","EQ","   2398.00","23-JUN-2026","    762.95","01-JUL-2025"
"KMFBLDR$","EQ","-","-","-","-"
"KMGMILK$","BE","-","-","-","-"
"KMSMEDI$","ST","-","-","-","-"
"KMSUGAR","EQ","     33.73","06-MAY-2026","     23.00","01-FEB-2026"
"KNAGRI","EQ","    273.50","21-JUL-2025","    148.30","18-FEB-2026"
"KNRCON","EQ","    245.00","26-JUN-2025","    108.65","27-MAR-2026"
"KOCONSINAV","EQ","-","-","-","-"
"KODYTECH","SM","   1160.00","22-JUN-2026","    556.05","31-OCT-2025"
"KOHINOOR","EQ","     38.00","03-JUL-2025","     19.20","30-MAR-2026"
"KOKMNCINAV","EQ","-","-","-","-"
"KOKUYOCMLN","EQ","    137.90","25-JUN-2025","     71.05","30-MAR-2026"
"KOLTEPATIL","EQ","    497.55","02-JUL-2025","    292.25","30-MAR-2026"
"KONARKSY$","BE","-","-","-","-"
"KONSTELEC","ST","     75.65","21-OCT-2025","     28.00","25-MAR-2026"
"KONTOR","SM","     87.00","07-MAY-2026","     53.25","28-JAN-2026"
"KOPRAN","BE","    219.00","29-MAY-2026","    107.00","30-MAR-2026"
"KORE","SM","    212.30","13-NOV-2025","     85.00","01-APR-2026"
"KOTAKAINAV","EQ","-","-","-","-"
"KOTAKBANK","EQ","    453.20","20-OCT-2025","    345.50","02-APR-2026"
"KOTAKBINAV","EQ","-","-","-","-"
"KOTAKGINAV","EQ","-","-","-","-"
"KOTAKIINAV","EQ","-","-","-","-"
"KOTAKLINAV","EQ","-","-","-","-"
"KOTAKMINAV","EQ","-","-","-","-"
"KOTAKNINAV","EQ","-","-","-","-"
"KOTAKPINAV","EQ","-","-","-","-"
"KOTAKSINAV","EQ","-","-","-","-"
"KOTAKVINAV","EQ","-","-","-","-"
"KOTARISUG","EQ","     38.65","26-JUN-2025","     22.50","30-MAR-2026"
"KOTHARIPET","EQ","    187.80","25-JUN-2025","     94.75","30-MAR-2026"
"KOTHARIPRO","EQ","    109.00","17-SEP-2025","     58.00","30-MAR-2026"
"KOTIC","EQ","    223.70","24-APR-2026","    142.15","04-JUN-2026"
"KOTLIQINAV","EQ","-","-","-","-"
"KOTYARK","BE","    464.25","22-MAY-2026","    191.20","29-JAN-2026"
"KOURA$","SM","-","-","-","-"
"KOVAI","EQ","   6340.00","23-JUN-2026","   5275.50","08-JUN-2026"
"KPEL","EQ","    554.90","21-JUL-2025","    237.90","09-MAR-2026"
"KPGEL$","SM","-","-","-","-"
"KPIGREEN","EQ","    563.00","16-JUL-2025","    335.65","09-MAR-2026"
"KPIL","EQ","   1479.60","23-JUN-2026","   1007.10","23-MAR-2026"
"KPITTECH","EQ","   1412.90","23-JUN-2025","    624.90","17-MAR-2026"
"KPL","EQ","   2600.00","10-JUN-2026","   1561.00","21-APR-2026"
"KPRMILL","EQ","   1257.00","24-JUL-2025","    796.10","12-MAR-2026"
"KPT$","EQ","-","-","-","-"
"KRANTI$","EQ","-","-","-","-"
"KRBL","EQ","    495.00","22-AUG-2025","    274.65","20-MAR-2026"
"KREBSBIO","EQ","     91.90","27-JUN-2025","     38.33","30-MAR-2026"
"KREONFIN$","BE","-","-","-","-"
"KRETTOSYS$","BE","-","-","-","-"
"KRIDHANINF","BE","      5.27","24-JUN-2025","      1.81","30-MAR-2026"
"KRISHANA","EQ","    718.50","22-MAY-2026","    411.95","07-JUL-2025"
"KRISHCA","SM","    288.00","26-JUN-2025","    138.00","30-MAR-2026"
"KRISHIVAL","EQ","    483.81","23-OCT-2025","    282.30","09-MAR-2026"
"KRISHNA$","EQ","-","-","-","-"
"KRISHNADEF","EQ","   1400.00","23-JUN-2026","    665.00","18-DEC-2025"
"KRITI","BE","    177.51","31-JUL-2025","     53.00","24-MAR-2026"
"KRITIKA","EQ","     11.10","01-SEP-2025","      4.50","30-MAR-2026"
"KRITINUT","BE","    119.77","26-JUN-2025","     51.36","30-MAR-2026"
"KRMAYURVED","ST","    271.00","05-MAY-2026","    156.15","04-FEB-2026"
"KRN","BE","   1405.00","28-APR-2026","    589.80","27-JAN-2026"
"KRONOX","EQ","    207.49","07-JUL-2025","     96.00","30-MAR-2026"
"KROSS","EQ","    237.60","18-SEP-2025","    150.52","02-APR-2026"
"KRRAIL$","EQ","-","-","-","-"
"KRSNAA","EQ","    894.40","24-SEP-2025","    515.00","30-MAR-2026"
"KRT","RR","    129.07","09-DEC-2025","    103.00","18-AUG-2025"
"KRUPALU$","SM","-","-","-","-"
"KRYPTONQ$","EQ","-","-","-","-"
"KRYSTAL","EQ","    729.50","03-SEP-2025","    500.00","08-JAN-2026"
"KSB","EQ","   1028.30","28-APR-2026","    666.65","27-JAN-2026"
"KSCL","EQ","   1275.10","23-JUN-2025","    705.10","05-MAR-2026"
"KSE$","EQ","-","-","-","-"
"KSHINTL","EQ","    908.90","16-JUN-2026","    330.00","01-FEB-2026"
"KSHITIJPOL","BE","      7.20","11-JUN-2026","      1.88","19-JAN-2026"
"KSL","EQ","    988.80","01-JUL-2025","    574.00","30-MAR-2026"
"KSOLVES","EQ","    402.00","18-JUL-2025","    245.75","30-MAR-2026"
"KSR","EQ","     39.10","25-MAY-2026","     14.04","29-DEC-2025"
"KSSMART$","EQ","-","-","-","-"
"KTIL$","EQ","-","-","-","-"
"KTKBANK","EQ","    282.95","15-JUN-2026","    169.12","28-AUG-2025"
"KUANTUM","EQ","    135.00","24-JUL-2025","     65.01","30-MAR-2026"
"KUMPFIN$","EQ","-","-","-","-"
"KUNSTOFF$","EQ","-","-","-","-"
"KUSHIND$","EQ","-","-","-","-"
"KUSUMEL$","BE","-","-","-","-"
"KVFORGE$","EQ","-","-","-","-"
"KVSCASTIN$","SM","-","-","-","-"
"KVTOYS$","SM","-","-","-","-"
"KWIL","EQ","     39.45","15-JUN-2026","     22.24","30-MAR-2026"
"KZLFIN$","EQ","-","-","-","-"
"LABELKRAF$","SM","-","-","-","-"
"LACTOSE$","EQ","-","-","-","-"
"LADDERUP$","EQ","-","-","-","-"
"LADDU$","EQ","-","-","-","-"
"LADIAMO$","BE","-","-","-","-"
"LAFFANSQ$","EQ","-","-","-","-"
"LAGNAM","EQ","    111.79","08-JUL-2025","     58.60","24-MAR-2026"
"LAHL$","EQ","-","-","-","-"
"LAHOTIOV","EQ","     53.90","04-MAY-2026","     34.06","20-MAY-2026"
"LAKESHORE$","EQ","-","-","-","-"
"LAKHOTIA$","EQ","-","-","-","-"
"LAKPRE","BZ","      7.64","13-AUG-2025","      4.38","22-JUN-2026"
"LAKSELEC$","EQ","-","-","-","-"
"LAKSHMIEW$","EQ","-","-","-","-"
"LAKSHYA","ST","    165.90","20-APR-2026","     73.15","30-MAR-2026"
"LAL","EQ","     12.95","23-JUN-2025","      5.56","16-MAR-2026"
"LALPATHLAB","EQ","   1803.00","16-JUN-2026","   1272.60","23-MAR-2026"
"LAMBODHARA","EQ","    162.00","15-SEP-2025","     81.80","30-MAR-2026"
"LAMOSAIC","SM","     47.85","16-OCT-2025","     20.45","30-MAR-2026"
"LANCORHOL","EQ","     33.80","10-NOV-2025","     18.12","17-MAR-2026"
"LANDMARC$","EQ","-","-","-","-"
"LANDMARK","EQ","    662.80","18-SEP-2025","    339.50","12-MAR-2026"
"LANDSMILL","EQ","      1.74","17-SEP-2025","       .74","18-MAY-2026"
"LAOPALA","EQ","    287.00","25-JUL-2025","    162.10","30-MAR-2026"
"LASA","EQ","     14.08","16-SEP-2025","      5.67","01-APR-2026"
"LASTMILE$","BE","-","-","-","-"
"LATENTVIEW","EQ","    517.50","08-DEC-2025","    248.00","23-MAR-2026"
"LATIMMETA$","EQ","-","-","-","-"
"LATTEYS","BE","     37.00","24-OCT-2025","     15.79","30-MAR-2026"
"LAURUSLABS","EQ","   1486.00","23-JUN-2026","    647.00","23-JUN-2025"
"LAXMICOT","EQ","     33.00","08-JUL-2025","     11.70","01-APR-2026"
"LAXMIDENTL","EQ","    509.95","21-JUL-2025","    155.88","30-MAR-2026"
"LAXMIINDIA","BE","    180.90","18-SEP-2025","     71.06","30-MAR-2026"
"LAXMIPATI$","SM","-","-","-","-"
"LCCINFOTEC","EQ","      5.89","09-JAN-2026","      3.64","22-JUL-2025"
"LEENEE$","EQ","-","-","-","-"
"LEHAR$","EQ","-","-","-","-"
"LELAVOIR$","EQ","-","-","-","-"
"LEMERITE","EQ","    107.57","12-DEC-2025","     23.68","12-JUN-2026"
"LEMONTREE","EQ","    180.68","08-SEP-2025","     99.61","16-MAR-2026"
"LENSKART","EQ","    557.65","15-APR-2026","    356.10","10-NOV-2025"
"LERTHAI$","BE","-","-","-","-"
"LESHAIND$","EQ","-","-","-","-"
"LEX$","ST","-","-","-","-"
"LEXGLOBAL$","BE","-","-","-","-"
"LEXUS","EQ","     39.25","05-MAR-2026","     14.17","11-JUN-2026"
"LFIC","EQ","    240.90","03-SEP-2025","    111.00","30-MAR-2026"
"LGBBROSLTD","EQ","   2048.00","12-FEB-2026","   1208.30","23-JUN-2025"
"LGEINDIA","EQ","   1749.00","14-OCT-2025","   1304.10","02-APR-2026"
"LGHL","EQ","    399.58","24-SEP-2025","    220.00","23-JUN-2026"
"LGLL$","SM","-","-","-","-"
"LGT$","SM","-","-","-","-"
"LIBAS","EQ","     15.70","26-JUN-2025","      9.02","30-MAR-2026"
"LIBERTSHOE","EQ","    413.90","25-JUN-2025","    210.50","30-MAR-2026"
"LIBORDFIN$","EQ","-","-","-","-"
"LICHSGFIN","EQ","    646.50","18-JUL-2025","    458.90","23-MAR-2026"
"LICI","EQ","    490.00","30-JUN-2025","    360.75","02-APR-2026"
"LICMFGOLD","EQ","    162.00","29-JAN-2026","     86.46","30-JUN-2025"
"LICN50INAV","EQ","-","-","-","-"
"LICNETFGSC","EQ","     30.05","14-JAN-2026","     27.42","29-AUG-2025"
"LICNETFN50","EQ","    295.00","15-DEC-2025","    248.17","02-APR-2026"
"LICNETFSEN","EQ","    974.02","13-NOV-2025","    803.00","02-APR-2026"
"LICNETINAV","EQ","-","-","-","-"
"LICNFNHGP","EQ","    296.41","12-FEB-2026","    248.02","02-APR-2026"
"LICNFNINAV","EQ","-","-","-","-"
"LICNGSINAV","EQ","-","-","-","-"
"LICNMDINAV","EQ","-","-","-","-"
"LICNMID100","EQ","     67.50","01-SEP-2025","     52.30","02-APR-2026"
"LIKHAMI$","EQ","-","-","-","-"
"LIKHITHA","BE","    298.70","26-JUN-2025","    131.45","23-MAR-2026"
"LINC","EQ","    158.99","02-JUL-2025","     85.01","30-MAR-2026"
"LINCOLN","EQ","    770.00","27-MAY-2026","    440.00","30-JAN-2026"
"LINDEINDIA","EQ","   8049.00","07-MAY-2026","   5673.00","18-NOV-2025"
"LINKPH$","EQ","-","-","-","-"
"LIPPISYS$","BE","-","-","-","-"
"LIQADDINAV","EQ","-","-","-","-"
"LIQCASINAV","EQ","-","-","-","-"
"LIQETFINAV","EQ","-","-","-","-"
"LIQGRBINAV","EQ","-","-","-","-"
"LIQGRWBEES","EQ","   1056.29","09-MAR-2026","    995.55","27-JAN-2026"
"LIQIDINAV","EQ","-","-","-","-"
"LIQPLSINAV","EQ","-","-","-","-"
"LIQSBIINAV","EQ","-","-","-","-"
"LIQSHRINAV","EQ","-","-","-","-"
"LIQUID","EQ","   1024.98","02-JAN-2026","    997.15","23-DEC-2025"
"LIQUID1","EQ","   1136.66","16-JUN-2026","   1030.28","04-AUG-2025"
"LIQUIDADD","EQ","   1151.22","18-MAR-2026","   1052.08","06-AUG-2025"
"LIQUIDBEES","EQ","   1029.99","29-OCT-2025","    969.99","04-MAY-2026"
"LIQUIDBETF","EQ","   1116.24","02-JAN-2026","   1009.94","02-JAN-2026"
"LIQUIDCASE","EQ","    114.67","23-JUN-2026","    102.00","25-AUG-2025"
"LIQUIDETF","EQ","   1025.00","15-MAY-2026","    997.55","03-JUN-2026"
"LIQUIDIETF","EQ","   1041.19","02-JUN-2026","    969.99","11-DEC-2025"
"LIQUIDINAV","EQ","-","-","-","-"
"LIQUIDPLUS","EQ","   1091.54","23-JUN-2026","   1018.24","06-AUG-2025"
"LIQUIDSBI","EQ","   1029.99","16-JUL-2025","    970.23","01-FEB-2026"
"LIQUIDSHRI","EQ","   1109.86","23-JUN-2026","   1058.46","23-JUN-2025"
"LIQUIEINAV","EQ","-","-","-","-"
"LKMEHTA$","SM","-","-","-","-"
"LKPSEC$","BE","-","-","-","-"
"LLFICL$","EQ","-","-","-","-"
"LLOYDS","ST","    101.50","15-JUL-2025","     34.80","01-APR-2026"
"LLOYDSENGG","EQ","     91.99","22-JUN-2026","     37.40","30-MAR-2026"
"LLOYDSENT","EQ","     88.44","04-JUL-2025","     40.69","30-MAR-2026"
"LLOYDSME","EQ","   1888.60","27-MAY-2026","   1042.90","02-FEB-2026"
"LMW","EQ","  17063.00","15-JUL-2025","  11920.00","30-MAR-2026"
"LODHA","EQ","   1509.80","24-JUN-2025","    650.80","02-APR-2026"
"LOGICA$","SM","-","-","-","-"
"LOGICIEL$","ST","-","-","-","-"
"LOKESHMACH","BE","    297.70","23-JUN-2026","    138.96","09-DEC-2025"
"LOOKS$","BE","-","-","-","-"
"LORDSCHLO","EQ","    241.99","23-JUL-2025","    108.00","30-MAR-2026"
"LORDSHOTL$","EQ","-","-","-","-"
"LOTUSCHO$","EQ","-","-","-","-"
"LOTUSDEV","EQ","    218.49","11-AUG-2025","    102.20","30-MAR-2026"
"LOTUSEYE","EQ","    147.00","30-JAN-2026","     69.36","23-JUN-2025"
"LOVABLE","EQ","    106.20","16-JUL-2025","     55.00","30-MAR-2026"
"LOWVOL","EQ","    219.10","07-JAN-2026","    183.58","06-APR-2026"
"LOWVOL1","EQ","     22.90","01-DEC-2025","     18.77","30-MAR-2026"
"LOWVOLIETF","EQ","     26.81","27-JAN-2026","     19.84","02-APR-2026"
"LOYAL$","EQ","-","-","-","-"
"LOYALTEX","BE","    379.50","01-AUG-2025","    170.04","02-APR-2026"
"LPDC","EQ","      9.46","26-NOV-2025","      5.23","01-APR-2026"
"LRRPL","SM","     99.50","18-JUL-2025","     59.15","26-FEB-2026"
"LT","EQ","   4440.00","24-FEB-2026","   3288.10","23-MAR-2026"
"LTCASEINAV","EQ","-","-","-","-"
"LTELEVATO$","SM","-","-","-","-"
"LTF","EQ","    329.45","06-JAN-2026","    188.00","23-JUN-2025"
"LTFOODS","EQ","    518.55","17-JUL-2025","    333.15","20-JAN-2026"
"LTGILTBEES","EQ","     30.15","22-JUN-2026","     27.93","29-AUG-2025"
"LTGILTCASE","EQ","     30.94","16-MAR-2026","     28.71","28-OCT-2025"
"LTGILTINAV","EQ","-","-","-","-"
"LTM","EQ","   6429.50","19-JAN-2026","   3737.30","23-JUN-2026"
"LTTS","EQ","   4726.00","04-DEC-2025","   3010.00","13-MAR-2026"
"LUDLOWJUT$","BE","-","-","-","-"
"LUMAXIND","EQ","   6934.50","11-FEB-2026","   3139.70","23-JUN-2025"
"LUMAXTECH","EQ","   1898.00","15-APR-2026","    954.10","08-AUG-2025"
"LUPIN","EQ","   2494.00","07-MAY-2026","   1836.80","06-AUG-2025"
"LUXIND","EQ","   1823.35","24-APR-2026","    824.05","30-MAR-2026"
"LUXURY$","ST","-","-","-","-"
"LWSKNIT$","EQ","-","-","-","-"
"LXCHEM","EQ","    241.00","15-SEP-2025","    107.60","30-MAR-2026"
"LYKALABS","EQ","    121.44","01-AUG-2025","     44.10","30-MAR-2026"
"LYKISLTD$","EQ","-","-","-","-"
"LYNMC$","BE","-","-","-","-"
"LYPSAGEMS","EQ","      8.34","27-JUN-2025","      4.10","30-MAR-2026"
"M&M","EQ","   3839.90","05-JAN-2026","   2896.00","16-MAR-2026"
"M&MFIN","EQ","    412.20","23-DEC-2025","    246.35","29-JUL-2025"
"MAANALU","EQ","    184.74","18-DEC-2025","    100.00","28-AUG-2025"
"MACH$","SM","-","-","-","-"
"MACHLTD$","SM","-","-","-","-"
"MACIND$","EQ","-","-","-","-"
"MACOBSTECH","SM","    247.00","15-MAY-2026","    160.00","15-JUL-2025"
"MACPLASQ$","EQ","-","-","-","-"
"MACPOWER","EQ","   1250.00","08-MAY-2026","    761.00","10-NOV-2025"
"MADALA$","EQ","-","-","-","-"
"MADHAV","EQ","     50.70","26-JUN-2025","     29.00","30-MAR-2026"
"MADHAVBAUG","SM","    335.00","26-DEC-2025","    143.50","23-JUN-2025"
"MADHAVIPL","EQ","      9.90","27-APR-2026","      8.00","15-MAY-2026"
"MADHUCON","BE","      8.55","19-SEP-2025","      3.61","01-APR-2026"
"MADHUDIN$","EQ","-","-","-","-"
"MADHURIND$","BE","-","-","-","-"
"MADHUSE$","EQ","-","-","-","-"
"MADHUSUDAN","SM","    207.35","22-JUN-2026","    108.60","17-NOV-2025"
"MADRASFERT","EQ","     97.40","30-JUL-2025","     52.56","30-MAR-2026"
"MAESGEINAV","EQ","-","-","-","-"
"MAFANG","EQ","    208.38","03-JUN-2026","    132.03","23-JUN-2025"
"MAFANGINAV","EQ","-","-","-","-"
"MAFATIND","EQ","    146.35","07-MAY-2026","    124.07","18-MAY-2026"
"MAFIA$","SM","-","-","-","-"
"MAFSETINAV","EQ","-","-","-","-"
"MAG813INAV","EQ","-","-","-","-"
"MAGADSUGAR","EQ","    686.00","27-JUN-2025","    417.00","30-JAN-2026"
"MAGANTR$","BE","-","-","-","-"
"MAGENTA$","SM","-","-","-","-"
"MAGNAELQ$","BE","-","-","-","-"
"MAGNUM","EQ","     30.25","10-SEP-2025","     16.25","24-MAR-2026"
"MAGNUS$","BE","-","-","-","-"
"MAGOLDINAV","EQ","-","-","-","-"
"MAGSON","ST","    199.50","15-APR-2026","    100.50","30-OCT-2025"
"MAHABANK","EQ","     91.20","18-JUN-2026","     51.71","01-SEP-2025"
"MAHACORP$","EQ","-","-","-","-"
"MAHALIFE$","SM","-","-","-","-"
"MAHALXSE$","BE","-","-","-","-"
"MAHANIN$","BE","-","-","-","-"
"MAHAPEXLTD","EQ","     75.64","18-MAR-2026","     37.32","09-DEC-2025"
"MAHASTEEL","EQ","   1050.00","12-MAR-2026","    312.20","13-AUG-2025"
"MAHAVEER$","BE","-","-","-","-"
"MAHEPC","EQ","    185.12","20-AUG-2025","     91.91","30-MAR-2026"
"MAHESHWARI","BE","     73.50","22-JUN-2026","     39.04","04-MAR-2026"
"MAHICKRA","SM","    253.80","17-JUN-2026","    112.00","07-JUL-2025"
"MAHIP$","ST","-","-","-","-"
"MAHKTECH","EQ","     35.59","06-OCT-2025","     20.51","16-JUL-2025"
"MAHKTEINAV","EQ","-","-","-","-"
"MAHLIFE","EQ","    427.05","01-DEC-2025","    286.80","30-MAR-2026"
"MAHLOG","EQ","    450.00","24-APR-2026","    275.05","21-JAN-2026"
"MAHSCOOTER","EQ","  18538.00","15-SEP-2025","  10901.00","02-APR-2026"
"MAHSEAMLES","EQ","    773.80","27-JUN-2025","    500.70","27-JAN-2026"
"MAIDEN$","SM","-","-","-","-"
"MAINFRA$","BE","-","-","-","-"
"MAITHANALL","EQ","   1264.00","30-JUN-2025","    831.20","30-MAR-2026"
"MAITREYA","SM","    292.95","13-NOV-2025","    136.00","16-JUN-2026"
"MAITRI$","BE","-","-","-","-"
"MAJESAUT","EQ","    349.90","22-JUN-2026","    274.00","04-MAY-2026"
"MAKEINDIA","EQ","    167.77","08-MAY-2026","    120.00","07-JUL-2025"
"MAKERSL$","EQ","-","-","-","-"
"MAKS","SM","     36.00","19-SEP-2025","     23.05","22-JUN-2026"
"MAL","SM","     80.20","21-JUL-2025","     28.95","11-JUN-2026"
"MAL$","BE","-","-","-","-"
"MALLCOM","EQ","   1520.00","21-OCT-2025","    929.00","30-MAR-2026"
"MALPANI$","SM","-","-","-","-"
"MALUPAPER","EQ","     46.30","07-JUL-2025","     27.00","30-MAR-2026"
"MAM150INAV","EQ","-","-","-","-"
"MAMATA","EQ","    541.00","30-JUL-2025","    297.00","30-MAR-2026"
"MAMFGEINAV","EQ","-","-","-","-"
"MAN50EINAV","EQ","-","-","-","-"
"MANAKALUCO","EQ","     68.12","20-JAN-2026","     21.73","30-MAR-2026"
"MANAKCOAT","EQ","    182.82","27-OCT-2025","     94.20","30-MAR-2026"
"MANAKSIA","EQ","     85.60","23-JUL-2025","     42.10","30-MAR-2026"
"MANAKSTEEL","BE","     87.13","22-APR-2026","     45.11","30-MAR-2026"
"MANALIPETC","EQ","     81.10","18-JUL-2025","     39.13","30-MAR-2026"
"MANAPPURAM","EQ","    334.00","25-MAY-2026","    245.15","23-MAR-2026"
"MANAS$","ST","-","-","-","-"
"MANAV","SM","     47.00","25-MAY-2026","     14.50","15-SEP-2025"
"MANBA","EQ","    159.50","25-JUN-2025","     98.00","30-MAR-2026"
"MANBRO$","EQ","-","-","-","-"
"MANCREDIT","EQ","    231.00","15-JUN-2026","    152.06","21-JAN-2026"
"MANDEEP","SM","     31.90","17-SEP-2025","     17.25","30-MAR-2026"
"MANGALAM","EQ","     95.00","22-JUL-2025","     22.80","29-DEC-2025"
"MANGALCOM$","SM","-","-","-","-"
"MANGIND$","EQ","-","-","-","-"
"MANGLMCEM","EQ","    953.80","22-APR-2026","    679.35","27-NOV-2025"
"MANILAM","SM","     67.00","08-MAY-2026","     49.85","02-MAR-2026"
"MANINDS","EQ","    623.70","18-JUN-2026","    302.05","02-FEB-2026"
"MANINFRA","EQ","    190.83","04-JUL-2025","     77.12","30-MAR-2026"
"MANIVENI$","SM","-","-","-","-"
"MANKIND","EQ","   2716.50","15-JUL-2025","   1909.70","23-MAR-2026"
"MANOJJEWE$","SM","-","-","-","-"
"MANOMAY","EQ","    259.88","28-NOV-2025","    154.10","12-AUG-2025"
"MANORAMA","EQ","   1760.00","28-JUL-2025","   1060.60","22-JAN-2026"
"MANORG","BE","    637.85","20-AUG-2025","    356.25","30-MAR-2026"
"MANRAJH$","BE","-","-","-","-"
"MANSIFIN$","EQ","-","-","-","-"
"MANTRA$","EQ","-","-","-","-"
"MANUFGBEES","EQ","    171.58","01-APR-2026","    138.60","02-APR-2026"
"MANUGRAPH","BE","     24.00","29-SEP-2025","      9.65","30-MAR-2026"
"MANXT5INAV","EQ","-","-","-","-"
"MANYAVAR","EQ","    848.00","04-JUL-2025","    329.20","16-MAR-2026"
"MAPMYINDIA","EQ","   1998.00","14-OCT-2025","    795.00","30-MAR-2026"
"MAPROIN$","EQ","-","-","-","-"
"MARALOVER","BE","     78.38","08-JUL-2025","     34.11","30-MAR-2026"
"MARATHON","EQ","    769.45","17-JUL-2025","    368.30","30-MAR-2026"
"MARBLE$","EQ","-","-","-","-"
"MARBU$","EQ","-","-","-","-"
"MARC","ST","     94.00","07-MAY-2026","     40.75","12-JAN-2026"
"MARCLOIRE$","SM","-","-","-","-"
"MARCO","SM","     50.00","30-JUN-2025","     26.60","30-MAR-2026"
"MARGOFIN$","EQ","-","-","-","-"
"MARICO","EQ","    848.80","11-MAY-2026","    687.55","23-JUN-2025"
"MARINE","EQ","    282.48","29-MAY-2026","    150.86","30-MAR-2026"
"MARINETRAN","SM","     28.20","29-DEC-2025","     13.30","11-NOV-2025"
"MARIS$","EQ","-","-","-","-"
"MARKOLINES","EQ","    188.00","14-OCT-2025","    131.65","21-JAN-2026"
"MARKSANS","EQ","    269.90","23-JUN-2026","    155.00","30-MAR-2026"
"MARSONS","EQ","    175.40","07-MAY-2026","    109.25","11-JUN-2026"
"MARUSHIKA","SM","    123.00","19-FEB-2026","     78.10","27-MAY-2026"
"MARUTI","EQ","  17370.00","05-JAN-2026","  12201.00","30-MAR-2026"
"MASCH$","BE","-","-","-","-"
"MASFIN","EQ","    358.85","04-MAY-2026","    277.35","30-MAR-2026"
"MASILINAV","EQ","-","-","-","-"
"MASKINVEST","BE","    246.09","17-OCT-2025","    114.94","30-MAR-2026"
"MASON","SM","    220.00","12-NOV-2025","    101.20","02-JUN-2026"
"MASPTOINAV","EQ","-","-","-","-"
"MASPTOP50","EQ","     82.78","22-MAY-2026","     52.90","23-JUN-2025"
"MASTEK","EQ","   2818.00","21-JUL-2025","   1334.20","30-MAR-2026"
"MASTER","SM","    436.00","12-NOV-2025","    282.50","10-MAR-2026"
"MASTERTR","EQ","    170.42","25-JUL-2025","     55.60","30-MAR-2026"
"MATHEWE$","BE","-","-","-","-"
"MATRIMONY","EQ","    589.80","01-AUG-2025","    364.05","16-MAR-2026"
"MAWANASUG","BE","    123.75","06-MAY-2026","     75.08","16-MAR-2026"
"MAXESTATES","EQ","    564.30","21-JUL-2025","    305.45","30-MAR-2026"
"MAXGROW$","BE","-","-","-","-"
"MAXHEALTH","EQ","   1314.30","04-JUL-2025","    903.00","07-APR-2026"
"MAXHEIGHT$","EQ","-","-","-","-"
"MAXIMUS$","EQ","-","-","-","-"
"MAXIND","EQ","    241.57","25-SEP-2025","    120.00","30-MAR-2026"
"MAXPOSURE","SM","     74.00","14-JUL-2025","     31.05","10-JUN-2026"
"MAXVOLT","ST","    509.00","26-DEC-2025","    195.85","23-JUN-2025"
"MAYASHEEL","SM","     85.00","21-OCT-2025","     40.05","04-MAR-2026"
"MAYUR$","EQ","-","-","-","-"
"MAYURUNIQ","EQ","    849.15","10-JUN-2026","    471.20","12-JAN-2026"
"MAZDA","EQ","    337.77","07-JUL-2025","    159.20","30-MAR-2026"
"MAZDOCK","EQ","   3369.00","04-JUL-2025","   2057.40","30-MAR-2026"
"MBAPL","EQ","    585.00","08-MAY-2026","    373.15","30-SEP-2025"
"MBEL","EQ","    535.90","10-NOV-2025","    223.05","30-MAR-2026"
"MBLINFRA","BE","     52.48","17-SEP-2025","     18.37","30-MAR-2026"
"MCCHRLS-B","EQ","    779.95","04-MAY-2026","    580.00","09-JUN-2026"
"MCFL$","SM","-","-","-","-"
"MCL","EQ","     93.20","21-JAN-2026","     42.00","25-NOV-2025"
"MCLEODRUSS","BE","     78.41","29-MAY-2026","     28.50","30-MAR-2026"
"MCLOUD","EQ","    105.42","17-JUL-2025","     19.40","30-MAR-2026"
"MCON","SM","    112.45","01-JUL-2025","     37.30","29-MAY-2026"
"MCPL$","ST","-","-","-","-"
"MCX","EQ","   3480.00","21-MAY-2026","   1460.80","29-AUG-2025"
"MD150CINAV","EQ","-","-","-","-"
"MDL","ST","    104.80","18-SEP-2025","     43.00","25-FEB-2026"
"MDRC$","SM","-","-","-","-"
"MDRNSTL$","EQ","-","-","-","-"
"MEAPL$","EQ","-","-","-","-"
"MEDANTA","EQ","   1456.50","08-AUG-2025","    956.00","30-MAR-2026"
"MEDIAONE$","BE","-","-","-","-"
"MEDIASSIST","EQ","    594.10","12-AUG-2025","    293.00","30-MAR-2026"
"MEDICAMEQ","EQ","    447.65","25-NOV-2025","    216.95","30-MAR-2026"
"MEDICAPQ$","EQ","-","-","-","-"
"MEDICO","EQ","     56.88","24-DEC-2025","     30.22","30-MAR-2026"
"MEDIORG","SM","     48.80","23-JUN-2025","     19.10","12-JUN-2026"
"MEDISTEP","SM","     53.00","18-AUG-2025","     16.50","30-MAR-2026"
"MEDPLUS","EQ","   1022.20","21-MAY-2026","    732.00","03-OCT-2025"
"MEENST$","BE","-","-","-","-"
"MEESHO","EQ","    254.40","18-DEC-2025","    125.56","16-MAR-2026"
"MEFCOMCAP$","EQ","-","-","-","-"
"MEGACOR$","BE","-","-","-","-"
"MEGAFLEX","SM","    155.05","17-MAR-2026","     43.50","21-OCT-2025"
"MEGAMONT$","BE","-","-","-","-"
"MEGASTAR","EQ","    350.00","23-JUN-2026","    203.00","01-OCT-2025"
"MEGATHERM","SM","    366.75","27-JUN-2025","    170.00","27-MAR-2026"
"MEGFI$","BE","-","-","-","-"
"MEGRISOFT$","EQ","-","-","-","-"
"MEHAI$","BE","-","-","-","-"
"MEHIF$","EQ","-","-","-","-"
"MEHSECU$","EQ","-","-","-","-"
"MEHUL$","SM","-","-","-","-"
"MEIL","BE","    573.70","04-SEP-2025","    206.26","30-MAR-2026"
"MENAMANI$","EQ","-","-","-","-"
"MENNPIS","EQ","     72.45","23-JUN-2026","     52.35","09-JUN-2026"
"MENONBE","EQ","    183.00","10-JUN-2026","    101.50","18-DEC-2025"
"MEP","BZ","      2.87","10-NOV-2025","       .76","23-JUN-2026"
"MERCANTILE","EQ","     31.90","12-MAY-2026","     19.00","20-APR-2026"
"MERCTRD$","EQ","-","-","-","-"
"MERCURYEV","BE","     36.86","02-JUN-2026","     30.16","15-JUN-2026"
"MERCURYLA$","EQ","-","-","-","-"
"META$","BE","-","-","-","-"
"METAINFO$","ST","-","-","-","-"
"METAL","EQ","     13.97","27-MAY-2026","      8.70","30-OCT-2025"
"METALCO$","EQ","-","-","-","-"
"METALIETF","EQ","     14.17","04-JUN-2026","      8.98","19-AUG-2025"
"METALIINAV","EQ","-","-","-","-"
"METALINAV","EQ","-","-","-","-"
"METHODHUB$","SM","-","-","-","-"
"METROBRAND","EQ","   1340.40","17-SEP-2025","    883.00","30-MAR-2026"
"METROGLOBL","EQ","    149.00","11-MAY-2026","    110.00","27-APR-2026"
"METROPOLIS","EQ","    600.00","14-MAY-2026","    412.25","02-APR-2026"
"METSL$","EQ","-","-","-","-"
"MFLINDIA$","EQ","-","-","-","-"
"MFML","EQ","     36.99","09-SEP-2025","     19.66","02-MAR-2026"
"MFSINTRCR$","BE","-","-","-","-"
"MFSL","EQ","   1892.50","23-FEB-2026","   1433.60","02-APR-2026"
"MGBEESINAV","EQ","-","-","-","-"
"MGEL","BE","     18.40","26-SEP-2025","      9.53","09-MAR-2026"
"MGIL$","BE","-","-","-","-"
"MGL","EQ","   1586.90","04-JUL-2025","    900.00","23-MAR-2026"
"MGSL","SM","    120.00","09-OCT-2025","     60.00","19-JUN-2026"
"MHEL$","ST","-","-","-","-"
"MHHL","SM","     62.65","04-JUL-2025","     29.20","19-JUN-2026"
"MHLXMIRU","EQ","    244.65","14-NOV-2025","    149.07","22-JUN-2026"
"MHRIL","EQ","    382.00","24-JUL-2025","    208.22","04-JUN-2026"
"MHSGRMS$","BE","-","-","-","-"
"MICEL","EQ","     82.97","09-SEP-2025","     29.97","30-MAR-2026"
"MICROPRO","SM","     28.50","08-SEP-2025","     15.15","30-MAR-2026"
"MICROSE$","BE","-","-","-","-"
"MID150","EQ","     24.75","14-AUG-2025","     18.97","22-APR-2026"
"MID150BEES","EQ","    239.89","23-JUN-2026","    190.43","27-MAR-2026"
"MID150CASE","EQ","     13.00","09-JUN-2026","      9.63","02-APR-2026"
"MID150INAV","EQ","-","-","-","-"
"MID15INAV","EQ","-","-","-","-"
"MIDADDINAV","EQ","-","-","-","-"
"MIDCAP","EQ","     18.55","22-JUN-2026","     15.01","08-JUN-2026"
"MIDCAPADD","EQ","     25.50","31-DEC-2025","     19.27","02-APR-2026"
"MIDCAPBETA","EQ","    236.00","22-JUN-2026","    192.50","02-APR-2026"
"MIDCAPETF","EQ","     23.96","29-MAY-2026","     19.60","02-APR-2026"
"MIDCAPIETF","EQ","     24.18","22-JUN-2026","     19.89","02-APR-2026"
"MIDHANI","EQ","    469.00","24-JUN-2025","    266.65","30-MAR-2026"
"MIDINDIA$","EQ","-","-","-","-"
"MIDQ50ADD","EQ","    264.64","17-JUL-2025","    209.98","30-MAR-2026"
"MIDSELIETF","EQ","     20.00","11-NOV-2025","     14.55","30-MAR-2026"
"MIDSMAINAV","EQ","-","-","-","-"
"MIDSMALL","EQ","     52.62","02-JUL-2025","     42.41","23-MAR-2026"
"MIDWEST$","BE","-","-","-","-"
"MIDWESTLTD","EQ","   1859.90","08-JAN-2026","   1048.50","28-OCT-2025"
"MIEL","SM","     35.00","25-AUG-2025","     10.70","01-APR-2026"
"MIIL$","EQ","-","-","-","-"
"MIL$","EQ","-","-","-","-"
"MILEFUR$","ST","-","-","-","-"
"MILTON","SM","     53.50","30-JAN-2026","     24.85","24-NOV-2025"
"MINALIND$","EQ","-","-","-","-"
"MINDACORP","EQ","    679.85","15-JUN-2026","    445.05","11-AUG-2025"
"MINDPOOL","SM","     83.90","17-JUL-2025","     54.00","23-JUN-2025"
"MINDSPACE","RR","    511.68","12-FEB-2026","    394.50","01-JUL-2025"
"MINDTECK","EQ","    307.68","20-OCT-2025","    145.13","30-MAR-2026"
"MINFRAINAV","EQ","-","-","-","-"
"MINID$","EQ","-","-","-","-"
"MINOLTAF$","BE","-","-","-","-"
"MIRZAINT","EQ","     44.00","19-SEP-2025","     24.95","30-MAR-2026"
"MISHDESIG$","SM","-","-","-","-"
"MISHKA$","EQ","-","-","-","-"
"MISHTANN$","EQ","-","-","-","-"
"MISQUITA$","SM","-","-","-","-"
"MITCON","BE","     93.18","01-JUL-2025","     49.56","13-MAR-2026"
"MITSHI$","EQ","-","-","-","-"
"MITSU$","BE","-","-","-","-"
"MITTAL","EQ","      1.83","07-JUL-2025","       .70","30-MAR-2026"
"MITTALSTL$","ST","-","-","-","-"
"MIVENMACH$","EQ","-","-","-","-"
"MIZVEN$","EQ","-","-","-","-"
"MKEXIM$","EQ","-","-","-","-"
"MKPL","EQ","      8.85","22-SEP-2025","      3.56","30-MAR-2026"
"MKPMOB$","EQ","-","-","-","-"
"MKVENTURE$","EQ","-","-","-","-"
"MLINDLTD$","BE","-","-","-","-"
"MLKFOOD$","EQ","-","-","-","-"
"MMEL","ST","     84.45","30-JUL-2025","     20.00","30-MAR-2026"
"MMFL","EQ","    526.95","22-APR-2026","    288.10","21-OCT-2025"
"MMLF$","EQ","-","-","-","-"
"MMP","EQ","    319.98","05-MAY-2026","    185.20","30-MAR-2026"
"MMRUBBR-B$","EQ","-","-","-","-"
"MMTC","EQ","     78.35","17-JUN-2026","     50.10","30-MAR-2026"
"MMWL","BE","     16.34","07-MAY-2026","      9.02","04-MAY-2026"
"MNC","EQ","     35.54","07-MAY-2026","     27.83","30-MAR-2026"
"MNFL$","SM","-","-","-","-"
"MNIL$","EQ","-","-","-","-"
"MNPLFIN$","BE","-","-","-","-"
"MNV30FINAV","EQ","-","-","-","-"
"MOALPHA50","EQ","     55.97","22-JUN-2026","     42.10","30-MAR-2026"
"MOALPHINAV","EQ","-","-","-","-"
"MOBANK10","EQ","     17.97","19-JUN-2026","     15.75","03-JUN-2026"
"MOBAVENU$$","EQ","-","-","-","-"
"MOBIKWIK","EQ","    334.00","08-SEP-2025","    151.46","30-MAR-2026"
"MOBILISE","ST","    125.90","01-JUN-2026","     45.00","19-MAR-2026"
"MOBK10INAV","EQ","-","-","-","-"
"MOCAPIINAV","EQ","-","-","-","-"
"MOCAPITAL","EQ","     57.16","27-MAY-2026","     41.15","29-AUG-2025"
"MODAIRY$","EQ","-","-","-","-"
"MODEFENCE","EQ","    107.99","23-JUN-2026","     77.80","30-MAR-2026"
"MODEFINAV","EQ","-","-","-","-"
"MODINATUR","BE","    524.80","22-MAY-2026","    252.30","30-MAR-2026"
"MODINSU$","BE","-","-","-","-"
"MODIPON$","BE","-","-","-","-"
"MODIRUBBER","EQ","    167.50","26-DEC-2025","     98.41","18-DEC-2025"
"MODIS","EQ","    415.10","04-MAY-2026","    276.00","16-MAR-2026"
"MODISONLTD","BE","    362.70","05-JUN-2026","    114.00","23-MAR-2026"
"MODRNSH$","EQ","-","-","-","-"
"MODTHREAD","EQ","     62.00","22-AUG-2025","     35.61","04-MAR-2026"
"MODULEX$","BE","-","-","-","-"
"MOENERGY","EQ","     43.00","02-JUN-2026","     33.00","27-JAN-2026"
"MOENERINAV","EQ","-","-","-","-"
"MOGOLD","EQ","    175.00","29-JAN-2026","     96.30","21-AUG-2025"
"MOGOLDINAV","EQ","-","-","-","-"
"MOGSEC","EQ","     66.49","10-APR-2026","     60.18","02-SEP-2025"
"MOGSECINAV","EQ","-","-","-","-"
"MOHEALTH","EQ","     49.80","23-JUN-2026","     40.79","02-APR-2026"
"MOHITE$","EQ","-","-","-","-"
"MOHITIND","EQ","     40.19","14-AUG-2025","     18.60","30-MAR-2026"
"MOHITPPR$","EQ","-","-","-","-"
"MOIL","EQ","    404.90","06-OCT-2025","    242.35","17-MAR-2026"
"MOINFRA","EQ","     66.00","05-MAY-2026","     54.60","23-MAR-2026"
"MOIPO","EQ","     53.00","21-NOV-2025","     36.50","27-MAR-2026"
"MOIPOINAV","EQ","-","-","-","-"
"MOKSH","EQ","     16.65","19-DEC-2025","      8.11","30-MAR-2026"
"MOL","EQ","    106.30","30-JUL-2025","     36.50","30-MAR-2026"
"MOLDTECH","EQ","    221.00","16-OCT-2025","    101.10","30-MAR-2026"
"MOLDTKPAC","EQ","    892.90","30-JUL-2025","    464.90","30-MAR-2026"
"MOLOWVINAV","EQ","-","-","-","-"
"MOLOWVOL","EQ","     43.07","25-FEB-2026","     33.52","30-MAR-2026"
"MOM100","EQ","     69.20","09-MAR-2026","     56.15","02-APR-2026"
"MOM100INAV","EQ","-","-","-","-"
"MOM30IETF","EQ","     33.61","26-JUN-2025","     26.00","20-FEB-2026"
"MOM50","EQ","    279.33","01-JAN-2026","    231.11","02-APR-2026"
"MOM50INAV","EQ","-","-","-","-"
"MOME30INAV","EQ","-","-","-","-"
"MOME50INAV","EQ","-","-","-","-"
"MOMENTUM","EQ","     33.00","10-MAR-2026","     27.05","30-MAR-2026"
"MOMENTUM30","EQ","     37.38","17-OCT-2025","     26.91","02-APR-2026"
"MOMENTUM50","EQ","     56.90","01-JUL-2025","     44.96","24-MAR-2026"
"MOMGF","EQ","    182.16","22-SEP-2025","    137.90","02-APR-2026"
"MOMGFINAV","EQ","-","-","-","-"
"MOMIDMTM","EQ","     70.00","22-JUN-2026","     54.78","02-APR-2026"
"MOMNC","EQ","     35.80","01-FEB-2026","     27.03","30-MAR-2026"
"MOMNCINAV","EQ","-","-","-","-"
"MOMNTMINAV","EQ","-","-","-","-"
"MOMOMEINAV","EQ","-","-","-","-"
"MOMOMENTUM","EQ","     66.37","02-JUL-2025","     54.32","02-APR-2026"
"MON100","EQ","    342.55","05-JUN-2026","    179.11","23-JUN-2025"
"MON100INAV","EQ","-","-","-","-"
"MON500INAV","EQ","-","-","-","-"
"MON50EQUAL","EQ","     34.88","24-FEB-2026","     29.43","23-MAR-2026"
"MONARCH","EQ","    398.80","24-JUL-2025","    235.45","30-MAR-2026"
"MONEXT50","EQ","     74.47","22-JUN-2026","     59.43","30-MAR-2026"
"MONEYBOXX","EQ","     91.50","20-OCT-2025","     44.02","23-JAN-2026"
"MONGIPA$","EQ","-","-","-","-"
"MONIFTY100","EQ","     27.97","28-OCT-2025","     22.38","27-MAR-2026"
"MONIFTY500","EQ","     24.88","12-FEB-2026","     20.75","30-MAR-2026"
"MONIKA$","SM","-","-","-","-"
"MONIND$","EQ","-","-","-","-"
"MONOLITH","SM","    739.95","23-JUN-2026","    219.45","23-JUN-2025"
"MONOPHARMA","SM","     27.50","08-AUG-2025","      9.45","02-FEB-2026"
"MONOT$","EQ","-","-","-","-"
"MONQ50","EQ","    147.03","08-JUN-2026","     71.26","24-JUN-2025"
"MONQ50INAV","EQ","-","-","-","-"
"MONT50INAV","EQ","-","-","-","-"
"MONTECARLO","EQ","    860.95","20-NOV-2025","    464.00","30-MAR-2026"
"MOPSE","EQ","    114.70","29-JAN-2026","     92.55","29-AUG-2025"
"MOPSEINAV","EQ","-","-","-","-"
"MOQLTYINAV","EQ","-","-","-","-"
"MOQUALITY","EQ","    225.60","16-FEB-2026","    176.15","23-MAR-2026"
"MORARJEE","BZ","     10.52","23-JUN-2026","      5.58","01-APR-2026"
"MORARKFI$","EQ","-","-","-","-"
"MOREALINAV","EQ","-","-","-","-"
"MOREALTY","EQ","    102.90","26-JUN-2025","     64.00","02-APR-2026"
"MOREPENLAB","EQ","     66.40","07-JUL-2025","     33.05","30-MAR-2026"
"MORGAN$","EQ","-","-","-","-"
"MOS","ST","     28.55","14-OCT-2025","      9.05","30-MAR-2026"
"MOS250INAV","EQ","-","-","-","-"
"MOSCHIP","EQ","    288.45","08-OCT-2025","    146.80","30-MAR-2026"
"MOSERVICE","EQ","     35.37","01-DEC-2025","     28.30","02-APR-2026"
"MOSERVINAV","EQ","-","-","-","-"
"MOSILVER","EQ","    385.00","29-JAN-2026","    112.32","20-AUG-2025"
"MOSILVINAV","EQ","-","-","-","-"
"MOSMALL250","EQ","     19.38","06-FEB-2026","     14.22","30-MAR-2026"
"MOTHERSON","EQ","    151.77","29-MAY-2026","     89.70","11-AUG-2025"
"MOTILALOFS","EQ","   1097.10","28-OCT-2025","    614.90","23-MAR-2026"
"MOTISONS","EQ","     24.02","08-JUL-2025","     10.62","27-JAN-2026"
"MOTOGENFIN","BE","     32.82","29-MAY-2026","     17.50","30-MAR-2026"
"MOTOUR","EQ","     97.20","17-JUL-2025","     64.00","30-MAR-2026"
"MOTOURINAV","EQ","-","-","-","-"
"MOVALUE","EQ","    128.77","26-FEB-2026","     98.10","01-SEP-2025"
"MOVALUINAV","EQ","-","-","-","-"
"MOXSH","ST","    140.00","12-MAY-2026","     27.00","26-JUN-2025"
"MOY100INAV","EQ","-","-","-","-"
"MPAGI$","EQ","-","-","-","-"
"MPCOSEMB$","BE","-","-","-","-"
"MPDL$","EQ","-","-","-","-"
"MPEL","ST","    153.90","06-OCT-2025","     39.60","19-JUN-2026"
"MPHASIS","EQ","   3037.20","18-SEP-2025","   2013.00","30-MAR-2026"
"MPKSTEELS$","SM","-","-","-","-"
"MPSLTD","EQ","   2975.00","15-JUL-2025","   1336.10","09-MAR-2026"
"MPTODAY","SM","     56.80","08-JUL-2025","     34.20","11-NOV-2025"
"MRCAGRO$","EQ","-","-","-","-"
"MRF","EQ"," 163600.00","24-OCT-2025"," 122000.00","29-MAY-2026"
"MRIL","ST","     82.00","04-NOV-2025","     29.05","30-MAR-2026"
"MRP$","SM","-","-","-","-"
"MRPL","EQ","    212.31","06-MAR-2026","    120.40","07-AUG-2025"
"MRTX$","SM","-","-","-","-"
"MSAFE$","SM","-","-","-","-"
"MSC360INAV","EQ","-","-","-","-"
"MSCI360","EQ","     11.60","03-JUN-2026","      9.60","11-JUN-2026"
"MSCIADD","EQ","     33.82","01-DEC-2025","     26.40","02-APR-2026"
"MSCIADINAV","EQ","-","-","-","-"
"MSCIINDIA","EQ","     32.14","04-NOV-2025","     26.50","30-MAR-2026"
"MSCIININAV","EQ","-","-","-","-"
"MSCTC$","EQ","-","-","-","-"
"MSECL$","ST","-","-","-","-"
"MSL$","EQ","-","-","-","-"
"MSPL","EQ","     46.12","22-JUN-2026","     26.25","30-MAR-2026"
"MSRINDIA$","BE","-","-","-","-"
"MSTCLTD","EQ","    724.40","16-JUN-2026","    362.15","30-MAR-2026"
"MSUMI","EQ","     53.59","06-JAN-2026","     35.70","23-MAR-2026"
"MTARTECH","EQ","   8714.00","19-JUN-2026","   1390.50","29-AUG-2025"
"MTEDUCARE","BE","      2.55","29-JUL-2025","      1.17","01-APR-2026"
"MTL$","SM","-","-","-","-"
"MTNL","EQ","     58.20","25-JUN-2025","     21.26","30-MAR-2026"
"MTPL$","BE","-","-","-","-"
"MUDUNURU$","BE","-","-","-","-"
"MUFIN","EQ","    133.50","19-JUN-2026","     70.00","24-JUN-2025"
"MUFTI","EQ","    177.02","21-JUL-2025","     63.06","30-MAR-2026"
"MUKANDLTD","EQ","    162.00","24-JUL-2025","    113.00","23-JUN-2025"
"MUKESHB$","EQ","-","-","-","-"
"MUKKA","EQ","     31.23","10-SEP-2025","     18.27","30-MAR-2026"
"MUKTAARTS","BE","     91.70","30-JUN-2025","     37.01","30-MAR-2026"
"MUL$","EQ","-","-","-","-"
"MULCAPINAV","EQ","-","-","-","-"
"MULLER$","EQ","-","-","-","-"
"MULTIBASE$","EQ","-","-","-","-"
"MULTICAP","EQ","     17.50","02-JUN-2026","     14.20","02-APR-2026"
"MULTIIN$","BE","-","-","-","-"
"MUNCAPM$","BE","-","-","-","-"
"MUNISH","ST","    143.00","23-OCT-2025","     50.20","19-MAR-2026"
"MUNJALAU","EQ","    114.55","30-SEP-2025","     67.20","30-MAR-2026"
"MUNJALSHOW","EQ","    157.50","09-JUL-2025","    110.30","30-MAR-2026"
"MUNOTHFI$","BE","-","-","-","-"
"MURUDCERA","EQ","     48.25","22-JUL-2025","     25.16","30-MAR-2026"
"MUTHOOTCAP","EQ","    366.30","16-JUL-2025","    175.25","23-MAR-2026"
"MUTHOOTFIN","EQ","   4149.50","29-JAN-2026","   2476.60","13-AUG-2025"
"MUTHOOTMF","EQ","    217.99","07-MAY-2026","    125.15","23-JUN-2025"
"MVGJL","EQ","    266.00","23-JUN-2025","    129.10","30-MAR-2026"
"MVKAGRO","SM","    819.00","08-DEC-2025","    139.90","23-JUN-2025"
"MWL","EQ","    395.50","02-JUN-2026","    158.00","07-JUL-2025"
"MYMONEY$","EQ","-","-","-","-"
"MYMUDRA","SM","    119.10","15-SEP-2025","     60.00","07-AUG-2025"
"MYSTICELE$","EQ","-","-","-","-"
"NACDAC$","SM","-","-","-","-"
"NACLIND","EQ","    311.42","01-AUG-2025","    112.62","09-MAR-2026"
"NAGPI$","EQ","-","-","-","-"
"NAGREEKCAP","BE","     42.75","10-OCT-2025","     19.30","24-MAR-2026"
"NAGREEKEXP","EQ","     40.00","17-SEP-2025","     17.50","30-MAR-2026"
"NAGTECH$","BE","-","-","-","-"
"NAHARCAP","EQ","    354.25","01-JUL-2025","    191.00","30-MAR-2026"
"NAHARINDUS","EQ","    139.22","01-JUL-2025","     83.05","30-MAR-2026"
"NAHARPOLY","EQ","    369.00","07-JUL-2025","    200.00","30-MAR-2026"
"NAHARSPING","BE","    295.00","08-JUL-2025","    149.20","27-JAN-2026"
"NAM$","EQ","-","-","-","-"
"NAM-INDIA","EQ","   1194.00","22-JUN-2026","    753.35","23-JUN-2025"
"NAMAN","SM","    119.95","22-JUL-2025","     42.05","01-APR-2026"
"NAMOEWASTE","ST","    277.00","23-JUN-2026","    127.00","11-JUL-2025"
"NANTA$","ST","-","-","-","-"
"NAPEROL$","EQ","-","-","-","-"
"NAPL$","EQ","-","-","-","-"
"NAPSGLOBA$","SM","-","-","-","-"
"NARMADA","EQ","     45.17","10-JUN-2026","     16.06","23-JUN-2025"
"NARMADESH$","ST","-","-","-","-"
"NARMP$","EQ","-","-","-","-"
"NARPROP$","EQ","-","-","-","-"
"NATCAPSUQ","EQ","    296.00","26-SEP-2025","    136.36","27-MAR-2026"
"NATCOPHARM","EQ","   1226.80","12-MAY-2026","    789.00","30-SEP-2025"
"NATFIT$","EQ","-","-","-","-"
"NATHBIOGEN","EQ","    238.69","10-JUL-2025","    126.15","30-MAR-2026"
"NATHIND$","EQ","-","-","-","-"
"NATIONALUM","EQ","    445.15","27-APR-2026","    179.93","04-AUG-2025"
"NATIONSTD","EQ","   1519.95","20-APR-2026","   1000.10","19-MAY-2026"
"NATPLAS$","EQ","-","-","-","-"
"NATPLASTI$","EQ","-","-","-","-"
"NATPLY$","BE","-","-","-","-"
"NATRAJPR$","EQ","-","-","-","-"
"NATURAL$","EQ","-","-","-","-"
"NATURO$","ST","-","-","-","-"
"NAUKRI","EQ","   1537.20","27-JUN-2025","    908.30","25-MAY-2026"
"NAVA","EQ","    739.40","11-MAY-2026","    501.65","25-NOV-2025"
"NAVIGANT$","ST","-","-","-","-"
"NAVINFLUOR","EQ","   7639.00","22-JUN-2026","   4498.50","29-SEP-2025"
"NAVKARCORP","EQ","    140.20","30-JUL-2025","     74.05","30-MAR-2026"
"NAVKARURB","BE","      2.93","18-SEP-2025","       .70","01-APR-2026"
"NAVNETEDUL","EQ","    168.50","04-SEP-2025","    121.50","30-MAR-2026"
"NAZARA","EQ","    363.25","13-AUG-2025","    215.70","23-MAR-2026"
"NBCC","EQ","    125.85","29-DEC-2025","     77.18","30-MAR-2026"
"NBFOOT$","BE","-","-","-","-"
"NBIFIN","EQ","   3089.00","26-JUN-2025","   1539.00","30-MAR-2026"
"NBL$","SM","-","-","-","-"
"NCC","EQ","    236.89","01-JUL-2025","    130.00","30-MAR-2026"
"NCCBLUE$","BE","-","-","-","-"
"NCLIND","EQ","    239.39","30-JUN-2025","    147.50","30-MAR-2026"
"NCLRESE$","EQ","-","-","-","-"
"NCML$","SM","-","-","-","-"
"NDASEC$","EQ","-","-","-","-"
"NDGL","EQ","   4487.00","02-JUL-2025","   2100.00","27-MAR-2026"
"NDL","EQ","      4.20","10-JUL-2025","      1.80","30-MAR-2026"
"NDLVENTURE","EQ","    140.00","21-APR-2026","     62.21","08-AUG-2025"
"NDMETAL$","BE","-","-","-","-"
"NDRAUTO","EQ","   1220.00","18-JUL-2025","    605.05","30-MAR-2026"
"NDRINVIT","IV","    144.00","15-JUN-2026","    112.00","17-SEP-2025"
"NDTV","EQ","    134.50","22-SEP-2025","     58.75","30-MAR-2026"
"NEAGI","EQ","   3459.20","07-MAY-2026","   3026.00","11-JUN-2026"
"NECCLTD","EQ","     25.65","03-JUL-2025","     10.55","01-APR-2026"
"NECLIFE","BE","     23.87","03-JUL-2025","      9.30","30-MAR-2026"
"NEELAM","SM","     26.40","25-JUN-2025","     10.10","30-MAR-2026"
"NEELKAN$","BE","-","-","-","-"
"NEELKANTH$","EQ","-","-","-","-"
"NEERAJ$","EQ","-","-","-","-"
"NEETUYOSH$","ST","-","-","-","-"
"NEIL$","EQ","-","-","-","-"
"NELCAST","EQ","    180.90","01-AUG-2025","     85.98","30-JAN-2026"
"NELCO","EQ","   1117.85","25-JUN-2025","    500.10","30-MAR-2026"
"NEOCHEM","ST","    121.00","25-MAY-2026","     63.00","30-MAR-2026"
"NEOGEN","EQ","   2090.00","16-JUN-2026","    966.70","10-DEC-2025"
"NEOINFRA$","EQ","-","-","-","-"
"NEPHROCARE","ST","    183.00","25-AUG-2025","     50.05","30-MAR-2026"
"NEPHROPLUS","EQ","    769.75","12-JUN-2026","    446.00","19-DEC-2025"
"NEPLOG$","ST","-","-","-","-"
"NEPTUNE","SM","    246.90","05-FEB-2026","    136.10","22-AUG-2025"
"NESCO","EQ","   1638.90","11-SEP-2025","    996.00","30-MAR-2026"
"NESTLEIND","EQ","   1498.10","11-MAY-2026","   1084.70","14-AUG-2025"
"NETF","EQ","    292.90","03-FEB-2026","    240.66","02-APR-2026"
"NETFINAV","EQ","-","-","-","-"
"NETFSIINAV","EQ","-","-","-","-"
"NETLINK$","EQ","-","-","-","-"
"NETPIX$","ST","-","-","-","-"
"NETTLINX$","EQ","-","-","-","-"
"NETWEB","EQ","   5244.00","19-JUN-2026","   1734.40","23-JUN-2025"
"NETWORK18","EQ","     65.29","16-JUL-2025","     27.38","30-MAR-2026"
"NEULANDLAB","EQ","  19747.00","10-NOV-2025","  11500.00","23-MAR-2026"
"NEWGEN","EQ","   1237.40","26-JUN-2025","    401.05","30-MAR-2026"
"NEWINFRA$","EQ","-","-","-","-"
"NEWJAISA","ST","     51.50","18-SEP-2025","     14.00","12-JUN-2026"
"NEWJAISA","ST","-","-","-","-"
"NEWLIGHT$","EQ","-","-","-","-"
"NEWTRAC$","EQ","-","-","-","-"
"NEXOME$","EQ","-","-","-","-"
"NEXT30ADD","EQ","     45.90","22-JUN-2026","     36.98","02-APR-2026"
"NEXT50","EQ","    753.43","23-JUN-2026","    617.00","02-APR-2026"
"NEXT50ADD","EQ","     81.00","01-FEB-2026","     56.25","15-APR-2026"
"NEXT50BETA","EQ","     79.44","22-JUN-2026","     64.34","30-MAR-2026"
"NEXT50ETF","EQ","     74.97","23-JUN-2026","     60.15","02-APR-2026"
"NEXT50IETF","EQ","     77.61","29-MAY-2026","     62.60","30-MAR-2026"
"NEXT50INAV","EQ","-","-","-","-"
"NEXT5EINAV","EQ","-","-","-","-"
"NEXTMEDIA","EQ","      8.48","30-OCT-2025","      3.42","30-MAR-2026"
"NEXXUS$","SM","-","-","-","-"
"NFL","EQ","    104.36","25-JUL-2025","     63.35","30-MAR-2026"
"NFPSAMPOOR","SM","     54.50","25-MAY-2026","     22.10","10-JUN-2026"
"NFQLTYINAV","EQ","-","-","-","-"
"NGIL","BE","     43.89","29-MAY-2026","     22.01","27-MAR-2026"
"NGIND$","EQ","-","-","-","-"
"NGLFINE","EQ","   3232.00","23-JUN-2026","    995.00","23-JUN-2025"
"NH","EQ","   2370.20","27-JUN-2025","   1589.00","02-APR-2026"
"NHCFOODS$","BE","-","-","-","-"
"NHIT","IV","    170.00","12-JUN-2026","    131.00","30-JUN-2025"
"NHL$","SM","-","-","-","-"
"NHPC","EQ","     89.75","14-JUL-2025","     71.62","11-JUN-2026"
"NIACL","EQ","    218.00","22-JUN-2026","    116.97","30-MAR-2026"
"NIBE","EQ","   1848.00","22-JUN-2026","    809.60","30-MAR-2026"
"NIBL","EQ","     40.80","31-DEC-2025","     21.62","01-AUG-2025"
"NICCOPAR$","EQ","-","-","-","-"
"NIDAN","SM","     24.90","01-DEC-2025","     12.75","30-MAR-2026"
"NIDHGRN$","BE","-","-","-","-"
"NIF100BEES","EQ","    290.00","23-OCT-2025","    240.00","02-APR-2026"
"NIF100IETF","EQ","     30.88","01-JAN-2026","     25.34","02-APR-2026"
"NIF100INAV","EQ","-","-","-","-"
"NIF10GINAV","EQ","-","-","-","-"
"NIF5GINAV","EQ","-","-","-","-"
"NIFITEINAV","EQ","-","-","-","-"
"NIFTY1","EQ","    320.00","21-AUG-2025","    244.80","02-APR-2026"
"NIFTY100EW","EQ","     41.41","20-FEB-2026","     29.84","02-APR-2026"
"NIFTYADD","EQ","    300.00","16-OCT-2025","    232.64","02-APR-2026"
"NIFTYBEES","EQ","    302.25","09-DEC-2025","    251.70","02-APR-2026"
"NIFTYBENAV","EQ","-","-","-","-"
"NIFTYBETA","EQ","    297.48","01-DEC-2025","    244.90","02-APR-2026"
"NIFTYBETF","EQ","    279.99","19-MAR-2026","    227.01","30-MAR-2026"
"NIFTYBINAV","EQ","-","-","-","-"
"NIFTYCASE","EQ","     10.97","21-OCT-2025","      8.84","02-APR-2026"
"NIFTYCINAV","EQ","-","-","-","-"
"NIFTYETF","EQ","    289.05","02-JAN-2026","    239.81","02-APR-2026"
"NIFTYIETF","EQ","    328.24","08-SEP-2025","    250.40","02-APR-2026"
"NIFTYQLITY","EQ","     23.03","08-JAN-2026","     18.95","02-APR-2026"
"NIHARINF$","EQ","-","-","-","-"
"NIITLTD","EQ","    133.85","30-JUN-2025","     49.00","30-MAR-2026"
"NIITMTS","EQ","    443.90","26-DEC-2025","    203.30","29-MAY-2026"
"NIKHILAD$","EQ","-","-","-","-"
"NIKITA","SM","    156.00","17-DEC-2025","     67.15","22-MAY-2026"
"NIKKIGL$","BE","-","-","-","-"
"NIKSTECH$","ST","-","-","-","-"
"NILACHAL$","EQ","-","-","-","-"
"NILAINFRA","EQ","     13.78","11-JUL-2025","      5.90","30-MAR-2026"
"NILASPACES","EQ","     20.47","26-SEP-2025","     11.17","27-JUN-2025"
"NILE","EQ","   1933.00","26-MAY-2026","   1605.05","24-APR-2026"
"NILKAMAL","EQ","   1865.00","25-JUL-2025","   1050.50","30-MAR-2026"
"NIM150INAV","EQ","-","-","-","-"
"NIMBSPROJ","BE","    231.23","22-MAY-2026","    165.81","05-MAY-2026"
"NINSYS","BE","    786.00","23-JUN-2026","    281.05","16-MAR-2026"
"NIPPOBATRY","EQ","    505.90","04-SEP-2025","    257.00","30-MAR-2026"
"NIRAJ","BE","     58.00","24-JUN-2025","     20.15","30-MAR-2026"
"NIRAJISPAT","EQ","    612.50","14-JUL-2025","    155.00","30-JAN-2026"
"NIRAVCOM$","EQ","-","-","-","-"
"NIRLON","EQ","    634.80","26-MAY-2026","    516.03","20-APR-2026"
"NIRMAN","SM","    231.00","23-SEP-2025","     38.65","02-APR-2026"
"NIRMITEE$","SM","-","-","-","-"
"NISMGMT$","SM","-","-","-","-"
"NISUS$","SM","-","-","-","-"
"NITCO","EQ","    163.95","03-JUL-2025","     64.00","13-MAR-2026"
"NITINCAST$","EQ","-","-","-","-"
"NITINSPIN","EQ","    573.90","19-JUN-2026","    302.20","21-JAN-2026"
"NITIRAJ","EQ","    236.98","16-SEP-2025","    168.00","09-JUN-2026"
"NITTAGELA","EQ","   1870.00","04-JUN-2026","    837.05","20-APR-2026"
"NIVABUPA","EQ","     92.90","17-JUL-2025","     67.50","24-MAR-2026"
"NIVAKA$","EQ","-","-","-","-"
"NIYOGIN$","EQ","-","-","-","-"
"NKIND","EQ","     87.78","16-SEP-2025","     54.54","09-MAR-2026"
"NLCINDIA","EQ","    387.80","14-MAY-2026","    220.71","08-JUL-2025"
"NLFL$","EQ","-","-","-","-"
"NMDC","EQ","     97.49","03-JUN-2026","     67.00","02-JUL-2025"
"NMSGLOBAL$","EQ","-","-","-","-"
"NMSTEEL","SM","     39.15","12-SEP-2025","     17.40","30-MAR-2026"
"NNTL$","BE","-","-","-","-"
"NOCIL","EQ","    204.50","23-JUN-2026","    125.31","27-JAN-2026"
"NOIDATOLL","BE","      7.43","22-MAY-2026","      2.87","27-MAR-2026"
"NOL$","EQ","-","-","-","-"
"NORBTEAEXP","EQ","     99.35","02-JAN-2026","     30.50","22-JUL-2025"
"NORRIS$","EQ","-","-","-","-"
"NORTHARC","EQ","    321.70","11-MAY-2026","    206.00","30-MAR-2026"
"NORTHLINK$","BE","-","-","-","-"
"NOVAAGRI","BE","     62.84","22-JUL-2025","     18.12","30-MAR-2026"
"NOVARTIND","EQ","   1589.20","01-JUN-2026","    950.00","24-APR-2026"
"NOVATEOR$","SM","-","-","-","-"
"NOVELIX$","BE","-","-","-","-"
"NOVIS$","EQ","-","-","-","-"
"NOVUS$","SM","-","-","-","-"
"NPBET","EQ","    307.00","10-FEB-2026","    246.26","06-APR-2026"
"NPBETINAV","EQ","-","-","-","-"
"NPFL$","SM","-","-","-","-"
"NPL$","BE","-","-","-","-"
"NPRFIN$","EQ","-","-","-","-"
"NPST","EQ","   2388.30","22-AUG-2025","    846.60","16-MAR-2026"
"NRAIL","EQ","    519.00","06-MAY-2026","    325.00","24-JUN-2025"
"NRBBEARING","EQ","    455.80","10-JUN-2026","    212.55","30-MAR-2026"
"NRL","BE","     84.98","23-JUN-2026","     45.10","30-MAR-2026"
"NRVANDANA","ST","     82.90","26-MAY-2026","     37.05","02-JUL-2025"
"NSBBPO$","SM","-","-","-","-"
"NSDL$","EQ","-","-","-","-"
"NSIL","EQ","   8730.00","17-OCT-2025","   4700.00","30-MAR-2026"
"NSL$","EQ","-","-","-","-"
"NSLNISP","EQ","     53.75","02-JUN-2026","     33.01","30-MAR-2026"
"NTCIND$","EQ","-","-","-","-"
"NTPC","EQ","    414.40","27-APR-2026","    315.55","09-DEC-2025"
"NTPCGREEN","EQ","    119.95","27-APR-2026","     84.00","02-MAR-2026"
"NUCLEUS","EQ","   1242.40","24-JUN-2025","    690.00","08-JUN-2026"
"NUKLEUS$","SM","-","-","-","-"
"NURECA","EQ","    343.00","20-OCT-2025","    204.00","30-MAR-2026"
"NUTRICIRC$","BE","-","-","-","-"
"NUVAMA","EQ","   1779.00","18-JUN-2026","   1096.90","23-MAR-2026"
"NUVOCO","EQ","    477.50","04-SEP-2025","    276.25","24-MAR-2026"
"NV20","EQ","     16.87","01-FEB-2026","     12.62","08-JUN-2026"
"NV20BEES","EQ","    160.00","01-APR-2026","    122.02","15-SEP-2025"
"NV20IETF","EQ","     16.00","21-JAN-2026","     12.50","12-FEB-2026"
"NVENTURES$","SM","-","-","-","-"
"NWIL$","EQ","-","-","-","-"
"NX30ADINAV","EQ","-","-","-","-"
"NXST","RR","    168.35","30-SEP-2025","    138.00","25-JUN-2025"
"NXT-INFRA","IV","    100.20","11-JUL-2025","     96.00","03-JUN-2026"
"NYKAA","EQ","    308.95","23-JUN-2026","    194.60","23-JUN-2025"
"NYSSACORP$","EQ","-","-","-","-"
"OAL","EQ","    422.00","17-JUL-2025","    228.00","30-MAR-2026"
"OASISEC$","BE","-","-","-","-"
"OBCL","EQ","     64.84","25-AUG-2025","     49.00","03-JUN-2026"
"OBEROIRLTY","EQ","   2005.00","25-JUN-2025","   1391.20","23-MAR-2026"
"OBSCP","SM","    564.00","22-JUN-2026","    259.50","02-JUL-2025"
"OCCLLTD","BE","    159.42","01-AUG-2025","     75.71","09-MAR-2026"
"OCEANIC$","EQ","-","-","-","-"
"OCTAL$","EQ","-","-","-","-"
"OCTAVE$","EQ","-","-","-","-"
"OCTAWARE$","ST","-","-","-","-"
"ODIGMA","EQ","     56.09","22-SEP-2025","     20.00","11-JUN-2026"
"ODYCORP$","EQ","-","-","-","-"
"ODYSSEY$","EQ","-","-","-","-"
"OFSS","EQ","  10584.50","29-MAY-2026","   6234.50","17-MAR-2026"
"OIL","EQ","    531.00","14-MAY-2026","    384.60","29-AUG-2025"
"OILCOUNTUB","BE","     99.67","27-JUN-2025","     35.65","16-MAR-2026"
"OILETFINAV","EQ","-","-","-","-"
"OILIETF","EQ","     14.00","02-MAR-2026","      9.80","30-MAR-2026"
"OIVL$","BE","-","-","-","-"
"OKPLA$","BE","-","-","-","-"
"OLAELEC","EQ","     71.25","04-SEP-2025","     22.25","16-MAR-2026"
"OLATECH$","SM","-","-","-","-"
"OLECTRA","EQ","   1714.20","23-SEP-2025","    866.60","16-MAR-2026"
"OLIL","ST","    479.90","06-MAY-2026","    188.00","23-JUN-2025"
"OLYMPTX$","EQ","-","-","-","-"
"OLYMTFI$","BE","-","-","-","-"
"OMANSH$","BE","-","-","-","-"
"OMAXAUTO","BE","    263.40","29-MAY-2026","     84.05","24-JUN-2025"
"OMAXE","EQ","    110.00","18-JUL-2025","     62.50","09-DEC-2025"
"OMEGAIN$","BE","-","-","-","-"
"OMFREIGHT","EQ","    107.40","18-NOV-2025","     58.95","30-MAR-2026"
"OMFURN","ST","    140.00","09-OCT-2025","     38.00","27-MAR-2026"
"OMINFRAL","EQ","    146.12","26-JUN-2025","     71.50","27-JAN-2026"
"OMKAR$","BE","-","-","-","-"
"OMKARPH$","EQ","-","-","-","-"
"OML$","ST","-","-","-","-"
"OMNI","EQ","    548.00","04-JUN-2026","    176.25","09-MAR-2026"
"OMNIAX$","EQ","-","-","-","-"
"OMNIPOTEN$","SM","-","-","-","-"
"OMNITEX$","BE","-","-","-","-"
"OMPOWER","EQ","    206.00","21-APR-2026","    167.00","03-JUN-2026"
"ONDOOR","ST","    209.20","16-JUL-2025","    100.00","27-JAN-2026"
"ONEGLOBAL$","EQ","-","-","-","-"
"ONELIFECAP","BE","     33.75","23-JUN-2026","     10.62","20-OCT-2025"
"ONEPOINT","EQ","     65.85","29-MAY-2026","     40.58","30-MAR-2026"
"ONESOURCE","EQ","   2231.90","01-JUL-2025","   1057.00","30-JAN-2026"
"ONGC","EQ","    307.50","29-APR-2026","    228.61","17-DEC-2025"
"ONIDA","BE","     49.23","11-MAY-2026","     13.69","07-JUL-2025"
"ONIXSOLAR$","BE","-","-","-","-"
"ONMOBILE","EQ","     75.09","27-OCT-2025","     40.21","30-MAR-2026"
"ONTIC$","EQ","-","-","-","-"
"ONWARDTEC","EQ","    385.00","17-JUL-2025","    208.25","30-MAR-2026"
"ONYX","ST","     56.00","24-JUN-2025","     24.20","22-MAY-2026"
"OONE$","EQ","-","-","-","-"
"OPCHAINS$","ST","-","-","-","-"
"OPTIEMUS","EQ","    713.00","25-SEP-2025","    288.00","30-MAR-2026"
"OPTIFIN$","EQ","-","-","-","-"
"OPTIVALUE","SM","    107.55","10-SEP-2025","     56.05","30-MAR-2026"
"ORBTEXP","EQ","    265.00","08-OCT-2025","    135.00","30-MAR-2026"
"ORCHASP","EQ","      4.16","16-OCT-2025","      1.56","17-JUN-2026"
"ORCHPHARMA","EQ","   1094.00","16-JUN-2026","    480.00","30-MAR-2026"
"ORGANICRE$","SM","-","-","-","-"
"ORGCOAT$","EQ","-","-","-","-"
"ORIANA","SM","   3064.00","14-NOV-2025","   1500.00","30-JAN-2026"
"ORIBEVER$","EQ","-","-","-","-"
"ORICONENT","EQ","     73.12","15-APR-2026","     42.55","27-JUN-2025"
"ORIENTALTL","EQ","     15.49","08-JUL-2025","      4.40","30-MAR-2026"
"ORIENTBELL","EQ","    364.00","25-MAY-2026","    238.75","28-AUG-2025"
"ORIENTCEM","EQ","    267.80","28-JUL-2025","    122.32","30-MAR-2026"
"ORIENTCER","EQ","     56.64","02-JAN-2026","     34.00","30-MAR-2026"
"ORIENTELEC","EQ","    229.41","17-JUL-2025","    149.05","30-MAR-2026"
"ORIENTHOT","EQ","    168.99","17-JUL-2025","     80.00","16-MAR-2026"
"ORIENTLTD","EQ","    102.00","12-AUG-2025","     53.72","30-MAR-2026"
"ORIENTPPR","EQ","     31.05","07-JUL-2025","     13.25","30-MAR-2026"
"ORIENTTECH","EQ","    466.73","07-OCT-2025","    220.80","30-MAR-2026"
"ORIENTTR$","EQ","-","-","-","-"
"ORIRAIL$","EQ","-","-","-","-"
"ORISSAMINE","EQ","   6138.90","06-OCT-2025","   3100.50","30-MAR-2026"
"ORKLAINDIA","EQ","    760.00","06-NOV-2025","    533.25","17-FEB-2026"
"OROSMITHS$","BE","-","-","-","-"
"ORTEL","BZ","      2.34","30-JUN-2025","      1.15","17-NOV-2025"
"ORTINGLOBE","BE","     21.30","09-JUN-2026","     10.66","28-OCT-2025"
"OSCARGLO$","BE","-","-","-","-"
"OSEINTRUST","IV","-","-","-","-"
"OSELDEVICE","SM","    835.00","20-NOV-2025","    270.00","24-JUN-2025"
"OSIAHYPER","BE","     33.08","18-SEP-2025","      2.83","12-JUN-2026"
"OSIAJEE$","EQ","-","-","-","-"
"OSWALAGRO","BE","     94.20","25-JUN-2025","     33.40","30-MAR-2026"
"OSWALEA$","BE","-","-","-","-"
"OSWALGREEN","EQ","     49.10","24-JUN-2025","     19.76","30-MAR-2026"
"OSWALOR$","BE","-","-","-","-"
"OSWALPUMPS","EQ","    888.40","21-AUG-2025","    283.10","16-MAR-2026"
"OSWALSEEDS","EQ","     20.28","26-DEC-2025","      9.67","01-APR-2026"
"OSWAYRN$","BE","-","-","-","-"
"OVAL$","SM","-","-","-","-"
"OVOBELE$","EQ","-","-","-","-"
"OWAIS","ST","    608.55","23-JUN-2025","     88.10","18-MAR-2026"
"OXFORDIN$","BE","-","-","-","-"
"OXYGENTAP$","EQ","-","-","-","-"
"PACE$","ST","-","-","-","-"
"PACEDIGITK","EQ","    231.95","10-OCT-2025","    139.81","30-MAR-2026"
"PACIFICI$","EQ","-","-","-","-"
"PADAMCO$","EQ","-","-","-","-"
"PADMAIND$","BE","-","-","-","-"
"PADMALAYA$","BE","-","-","-","-"
"PAEL$","BE","-","-","-","-"
"PAGEIND","EQ","  50590.00","27-JUN-2025","  29805.00","16-MAR-2026"
"PAISALO","EQ","     61.00","10-JUN-2026","     29.41","23-JUN-2025"
"PAJSON$","SM","-","-","-","-"
"PAKKA","EQ","    226.78","27-JUN-2025","     74.12","13-MAR-2026"
"PALASHSECU","EQ","    134.80","09-SEP-2025","     79.01","30-MAR-2026"
"PALCO$","EQ","-","-","-","-"
"PALMJEWEL$","EQ","-","-","-","-"
"PALREDTEC","BE","     73.60","10-OCT-2025","     27.45","30-MAR-2026"
"PANABYTE$","EQ","-","-","-","-"
"PANACEABIO","EQ","    647.00","09-JUN-2026","    292.40","30-MAR-2026"
"PANACHE","EQ","    472.15","08-OCT-2025","    191.78","25-JUN-2025"
"PANAMAPET","EQ","    512.05","22-JUN-2026","    229.00","30-MAR-2026"
"PANCHMAHQ$","EQ","-","-","-","-"
"PANCHSHEE$","EQ","-","-","-","-"
"PANCM$","BE","-","-","-","-"
"PANELEC$","EQ","-","-","-","-"
"PANHR$","ST","-","-","-","-"
"PANINDIAC$","EQ","-","-","-","-"
"PANJON$","EQ","-","-","-","-"
"PANKAJPO$","BE","-","-","-","-"
"PANORAMA$","EQ","-","-","-","-"
"PANSARI","EQ","    352.30","19-NOV-2025","    218.00","30-JUN-2025"
"PANTH$","BE","-","-","-","-"
"PAOS$","BE","-","-","-","-"
"PAR","EQ","    122.43","18-SEP-2025","     78.05","30-MAR-2026"
"PARACABLES","EQ","     74.80","22-JUN-2026","     28.30","30-MAR-2026"
"PARADEEP","EQ","    234.39","29-JUL-2025","     99.70","09-MAR-2026"
"PARAGMILK","EQ","    376.95","13-NOV-2025","    177.84","30-MAR-2026"
"PARAGON","SM","     67.85","26-JUN-2025","     34.10","27-JAN-2026"
"PARAGONF$","EQ","-","-","-","-"
"PARAMATRIX","SM","     98.50","30-JUN-2025","     56.50","23-MAR-2026"
"PARAMOUNT","ST","     73.90","22-JUL-2025","     33.50","30-MAR-2026"
"PARAMPARA","SM","     12.00","15-APR-2026","      5.75","08-JUL-2025"
"PARAS","EQ","   1443.00","19-JUN-2026","    580.50","23-MAR-2026"
"PARASPETRO","EQ","      3.23","02-FEB-2026","      1.53","14-JAN-2026"
"PARIN","SM","    748.00","23-JUN-2026","    311.65","07-JUL-2025"
"PARKHOSPS","EQ","    297.00","10-JUN-2026","    138.10","18-DEC-2025"
"PARKHOTELS","EQ","    168.49","17-JUL-2025","     95.10","30-MAR-2026"
"PARMCOS-B$","EQ","-","-","-","-"
"PARMESHWA$","ST","-","-","-","-"
"PARMSILK$","BE","-","-","-","-"
"PARNAXLAB$","EQ","-","-","-","-"
"PARSHVA$","EQ","-","-","-","-"
"PARSHWANA$","EQ","-","-","-","-"
"PARSVNATH","BE","     27.39","09-JUL-2025","      2.91","23-JUN-2026"
"PARTH","ST","    484.00","27-MAY-2026","    169.00","11-AUG-2025"
"PARTYCRUS","SM","    113.85","15-MAY-2026","     63.05","07-NOV-2025"
"PARVATI$","EQ","-","-","-","-"
"PASARI$","EQ","-","-","-","-"
"PASHUPATI","EQ","    118.35","17-APR-2026","     65.04","10-JUL-2025"
"PASUFIN$","BE","-","-","-","-"
"PASUPTAC","BE","     78.95","08-JUN-2026","     40.10","18-AUG-2025"
"PASUSPG$","EQ","-","-","-","-"
"PATANJALI","EQ","    653.93","22-JUL-2025","    408.15","05-JUN-2026"
"PATELCHEM$","SM","-","-","-","-"
"PATELENG","EQ","     41.13","19-SEP-2025","     22.00","30-MAR-2026"
"PATELRMART","EQ","    305.00","26-AUG-2025","    150.25","30-MAR-2026"
"PATELSAI$","BE","-","-","-","-"
"PATILAUTOM","ST","    268.90","11-JUL-2025","    112.05","30-MAR-2026"
"PATINTLOG","BE","     18.51","23-JUL-2025","      8.01","30-MAR-2026"
"PATRON$","ST","-","-","-","-"
"PATTECH","ST","    160.00","06-AUG-2025","     73.30","25-JUN-2025"
"PAUSHAKLTD","EQ","    633.05","16-DEC-2025","    342.50","30-MAR-2026"
"PAVNAIND","BE","     46.96","30-JUN-2025","     14.11","30-MAR-2026"
"PAYTM","EQ","   1381.80","02-DEC-2025","    862.00","23-JUN-2025"
"PBMPOLY$","EQ","-","-","-","-"
"PCBL","EQ","    437.30","10-JUL-2025","    226.50","24-MAR-2026"
"PCCL","SM","    312.00","03-JUN-2026","    166.30","24-JUL-2025"
"PCCOSMA$","EQ","-","-","-","-"
"PCJEWELLER","EQ","     19.65","07-JUL-2025","      7.47","30-MAR-2026"
"PCL$","SM","-","-","-","-"
"PCS$","EQ","-","-","-","-"
"PDMJEPAPER","EQ","    148.39","25-AUG-2025","     65.00","30-MAR-2026"
"PDSL","EQ","    433.90","08-JUL-2025","    246.05","23-MAR-2026"
"PEARLPOLY","BE","     41.00","30-JUL-2025","     12.75","30-MAR-2026"
"PECOS$","SM","-","-","-","-"
"PEETISEC$","EQ","-","-","-","-"
"PEIL$","EQ","-","-","-","-"
"PELATRO","SM","    461.00","01-JUL-2025","    253.20","12-JUN-2026"
"PENIND","EQ","    279.90","07-NOV-2025","    129.10","30-MAR-2026"
"PENINLAND","BE","     46.00","16-JUL-2025","     13.82","30-MAR-2026"
"PENTAGON","SM","     99.50","28-OCT-2025","     50.55","08-SEP-2025"
"PEOPLIN$","BE","-","-","-","-"
"PERFEPA$","EQ","-","-","-","-"
"PERMAGN$","EQ","-","-","-","-"
"PERSISTENT","EQ","   6599.00","23-DEC-2025","   4449.10","02-MAR-2026"
"PESB$","ST","-","-","-","-"
"PETRONET","EQ","    326.40","27-FEB-2026","    235.35","23-MAR-2026"
"PFC","EQ","    486.50","28-APR-2026","    329.90","18-DEC-2025"
"PFIZER","EQ","   5896.00","08-JUL-2025","   4396.70","05-JUN-2026"
"PFL$","SM","-","-","-","-"
"PFLINFOTC$","EQ","-","-","-","-"
"PFOCUS","BE","    367.00","17-APR-2026","    111.10","26-JUN-2025"
"PFS","EQ","     43.99","15-JUL-2025","     23.85","30-MAR-2026"
"PGCRL$","SM","-","-","-","-"
"PGEL","EQ","    836.45","17-JUL-2025","    436.55","06-APR-2026"
"PGFOILQ$","EQ","-","-","-","-"
"PGHH","EQ","  14540.00","30-JUL-2025","   8883.50","16-JUN-2026"
"PGHL","EQ","   6739.00","29-AUG-2025","   4707.00","06-APR-2026"
"PGIL","EQ","   1993.30","13-NOV-2025","   1178.10","05-SEP-2025"
"PGINVIT","IV","     98.19","07-NOV-2025","     86.30","19-DEC-2025"
"PHANTOMFX","SM","    327.95","28-JUL-2025","    156.00","30-MAR-2026"
"PHARMABEES","EQ","     26.52","23-JAN-2026","     21.46","30-SEP-2025"
"PHARMAID$","EQ","-","-","-","-"
"PHARMAINAV","EQ","-","-","-","-"
"PHCAP$","BE","-","-","-","-"
"PHOENIXLTD","EQ","   1993.00","12-JAN-2026","   1402.50","11-AUG-2025"
"PHOGLOBAL","SM","     26.00","03-JUL-2025","     15.25","30-MAR-2026"
"PHOTON$","BE","-","-","-","-"
"PHRMASI$","EQ","-","-","-","-"
"PHYTO$","EQ","-","-","-","-"
"PICCADIL","EQ","    805.50","22-SEP-2025","    515.00","30-MAR-2026"
"PICCASUG$","EQ","-","-","-","-"
"PIDILITIND","EQ","   1599.30","23-JUN-2026","   1259.00","06-APR-2026"
"PIGL","EQ","    189.70","29-SEP-2025","     88.05","01-JUN-2026"
"PIIND","EQ","   4330.00","30-JUL-2025","   2657.20","02-JUN-2026"
"PILANIINVS","EQ","   5980.00","23-OCT-2025","   4092.20","30-MAR-2026"
"PILITA","BE","     16.09","24-JUN-2025","      6.20","30-MAR-2026"
"PINELABS","EQ","    284.00","14-NOV-2025","    134.73","27-MAY-2026"
"PIONAGR$","BE","-","-","-","-"
"PIONEEREMB","EQ","     45.44","08-JUL-2025","     19.61","30-MAR-2026"
"PIONRINV","EQ","    135.44","29-MAY-2026","     88.00","16-JUN-2026"
"PIOTEX$","SM","-","-","-","-"
"PIRAMALFIN","EQ","   2175.00","22-JUN-2026","   1260.00","07-NOV-2025"
"PITHP$","BE","-","-","-","-"
"PITTIENG","EQ","   1044.40","22-JUL-2025","    675.00","21-JAN-2026"
"PIXTRANS","EQ","   1706.00","22-MAY-2026","   1220.10","12-AUG-2025"
"PJL$","SM","-","-","-","-"
"PKTEA","EQ","    998.00","26-DEC-2025","    567.20","11-AUG-2025"
"PLADAINFO","SM","     27.75","01-AUG-2025","      9.10","30-MAR-2026"
"PLASTIBLEN","EQ","    217.62","07-JUL-2025","    121.01","30-MAR-2026"
"PLATIND","EQ","    342.40","17-SEP-2025","    183.50","30-MAR-2026"
"PLAZACABLE","BE","     65.00","08-MAY-2026","     27.00","30-MAR-2026"
"PMCFIN$","EQ","-","-","-","-"
"PML","EQ","    645.00","20-APR-2026","    491.25","19-JUN-2026"
"PMTELELIN$","BE","-","-","-","-"
"PNB","EQ","    135.15","19-JAN-2026","     98.50","18-MAY-2026"
"PNBGILTS","EQ","    119.80","24-JUL-2025","     58.60","30-MAR-2026"
"PNBHOUSING","EQ","   1136.00","27-JUN-2025","    729.60","09-MAR-2026"
"PNC","EQ","     40.64","03-SEP-2025","     16.00","30-MAR-2026"
"PNCINFRA","EQ","    331.80","17-JUL-2025","    158.17","30-MAR-2026"
"PNGJL","EQ","    736.40","08-MAY-2026","    503.00","04-MAR-2026"
"PNGSREVA","EQ","    476.75","29-APR-2026","    324.25","30-MAR-2026"
"PNTKYOR$","EQ","-","-","-","-"
"POBS$","SM","-","-","-","-"
"POCL","EQ","   1619.00","14-MAY-2026","    689.00","23-JUN-2025"
"PODDARMENT","EQ","    334.80","25-JUN-2025","    201.10","30-MAR-2026"
"POEL$","EQ","-","-","-","-"
"POKARNA","EQ","   1146.20","05-FEB-2026","    692.60","02-FEB-2026"
"POLICYBZR","EQ","   1974.00","04-SEP-2025","   1364.00","09-MAR-2026"
"POLSON$","EQ","-","-","-","-"
"POLYCAB","EQ","  10126.00","22-JUN-2026","   5975.00","23-JUN-2025"
"POLYCHEM$","EQ","-","-","-","-"
"POLYCHMP$","EQ","-","-","-","-"
"POLYCON$","EQ","-","-","-","-"
"POLYLINK$","EQ","-","-","-","-"
"POLYMAC$","SM","-","-","-","-"
"POLYMED","EQ","   2316.60","02-JUL-2025","   1182.00","30-MAR-2026"
"POLYPLEX","EQ","   1269.80","25-JUN-2025","    740.00","30-MAR-2026"
"POLYSIL","SM","    356.75","02-DEC-2025","     66.55","23-JUN-2025"
"POLYSPIN$","EQ","-","-","-","-"
"POLYTEX$","BE","-","-","-","-"
"PONNIERODE","EQ","    359.00","05-JUN-2026","    252.40","05-FEB-2026"
"POOJA$","EQ","-","-","-","-"
"POOJAENT$","BE","-","-","-","-"
"POONADAL$","EQ","-","-","-","-"
"POONAWALLA","EQ","    570.40","06-OCT-2025","    361.20","30-MAR-2026"
"POPEES$","BE","-","-","-","-"
"POPULARES$","EQ","-","-","-","-"
"PORWAL$","EQ","-","-","-","-"
"POSITRON","ST","    395.00","30-OCT-2025","    105.90","30-MAR-2026"
"POWERGRID","EQ","    324.95","27-APR-2026","    250.00","02-FEB-2026"
"POWERICA","EQ","    651.35","23-JUN-2026","    365.10","02-APR-2026"
"POWERINDIA","EQ","  38785.00","01-JUN-2026","  16111.00","16-JAN-2026"
"POWERMECH","EQ","   3415.00","10-JUL-2025","   1717.70","30-MAR-2026"
"PPAP","EQ","    294.79","29-OCT-2025","    176.00","30-MAR-2026"
"PPARIVAH$","SM","-","-","-","-"
"PPL","EQ","    408.95","27-JUN-2025","    163.21","30-MAR-2026"
"PPLPHARMA","EQ","    220.85","17-JUL-2025","    132.30","23-MAR-2026"
"PPSL","ST","     23.85","27-JUN-2025","      4.30","23-JUN-2026"
"PQIF$","EQ","-","-","-","-"
"PRABHA","EQ","    306.70","16-JUL-2025","    142.20","21-JAN-2026"
"PRABHHANS$","EQ","-","-","-","-"
"PRADPME","EQ","    553.50","23-JUN-2026","    357.05","22-APR-2026"
"PRAENG","EQ","     33.88","31-OCT-2025","     17.00","30-MAR-2026"
"PRAGBOS$","EQ","-","-","-","-"
"PRAJIND","EQ","    513.80","01-JUL-2025","    273.00","27-JAN-2026"
"PRAKASH","EQ","    190.90","05-AUG-2025","    110.24","27-JAN-2026"
"PRAKASHSTL","EQ","      6.57","30-DEC-2025","      3.84","01-APR-2026"
"PRAMARA","SM","    374.80","24-FEB-2026","    117.65","02-JUN-2026"
"PRANIK","SM","     91.00","11-AUG-2025","     37.00","30-MAR-2026"
"PRARUH$","SM","-","-","-","-"
"PRATHAM","SM","    196.00","21-OCT-2025","    100.00","23-JUN-2026"
"PRATIK$","EQ","-","-","-","-"
"PRATIKSH$","EQ","-","-","-","-"
"PRAVEG","EQ","    325.00","29-APR-2026","    210.40","11-JUN-2026"
"PRAXIS","BE","     14.55","08-JUL-2025","      5.26","30-MAR-2026"
"PRECAM","EQ","    262.00","09-SEP-2025","    103.98","30-MAR-2026"
"PRECISIO$","EQ","-","-","-","-"
"PRECISION","SM","     28.40","24-JUL-2025","      6.75","01-APR-2026"
"PRECOT","EQ","    861.25","29-MAY-2026","    300.05","21-JAN-2026"
"PRECWIRE","EQ","    467.50","25-MAY-2026","    168.51","11-AUG-2025"
"PREMCAP$","EQ","-","-","-","-"
"PREMCAPM$","BE","-","-","-","-"
"PREMCO","EQ","    484.90","08-MAY-2026","    360.00","08-JUN-2026"
"PREMEXPLN","EQ","    798.90","19-JUN-2026","    378.40","30-MAR-2026"
"PREMIER","BE","      4.15","28-JUL-2025","      2.62","18-DEC-2025"
"PREMIERENE","EQ","   1136.40","15-JUL-2025","    660.00","01-FEB-2026"
"PREMIERPOL","BE","     68.87","01-APR-2026","     38.00","19-NOV-2025"
"PREMIUM","SM","     44.35","23-JUN-2026","     29.80","30-MAR-2026"
"PREMSYN$","EQ","-","-","-","-"
"PRERINFRA$","EQ","-","-","-","-"
"PRESSTONIC","SM","     87.88","26-JUN-2025","     28.20","30-MAR-2026"
"PRESTIGE","EQ","   1814.00","22-JUL-2025","   1090.00","02-APR-2026"
"PREVEST$","SM","-","-","-","-"
"PRICOLLTD","EQ","    694.20","05-JAN-2026","    415.10","11-AUG-2025"
"PRIMAGR$","EQ","-","-","-","-"
"PRIMAIN$","EQ","-","-","-","-"
"PRIMAPLA$","BE","-","-","-","-"
"PRIMECAB","ST","    136.70","12-MAY-2026","     70.40","30-MAR-2026"
"PRIMEFRES$","EQ","-","-","-","-"
"PRIMEPRO$","BE","-","-","-","-"
"PRIMESECU","EQ","    325.00","18-NOV-2025","    244.50","29-AUG-2025"
"PRIMEURB$","EQ","-","-","-","-"
"PRIMIND$","BE","-","-","-","-"
"PRIMO","EQ","     31.39","24-JUL-2025","     16.10","24-MAR-2026"
"PRINCEPIPE","EQ","    376.20","11-JUL-2025","    205.00","30-MAR-2026"
"PRISMFN$","BE","-","-","-","-"
"PRISMMEDI$","BE","-","-","-","-"
"PRISMX$","EQ","-","-","-","-"
"PRITHVIEX$","EQ","-","-","-","-"
"PRITI","BE","    104.90","14-AUG-2025","     31.50","30-MAR-2026"
"PRITIKA","SM","     95.25","07-AUG-2025","     44.05","07-APR-2026"
"PRITIKAUTO","BE","     21.01","14-JUL-2025","     10.41","30-MAR-2026"
"PRIVISCL","EQ","   3720.10","23-JUN-2026","   2173.20","05-AUG-2025"
"PRIZOR","ST","    899.00","15-JUN-2026","    183.50","23-JUN-2025"
"PRLIND","SM","    102.85","28-JUL-2025","     44.25","08-JUN-2026"
"PRODOCS$","SM","-","-","-","-"
"PROFINC$","BE","-","-","-","-"
"PROFX","SM","    136.90","15-JUL-2025","     56.00","30-MAR-2026"
"PROGREXV$","BE","-","-","-","-"
"PROLIFE","SM","    165.00","30-JUN-2025","     56.05","07-APR-2026"
"PROMAX$","SM","-","-","-","-"
"PROPEQUITY","SM","    268.00","21-MAY-2026","    145.00","08-APR-2026"
"PROSTARM","EQ","    253.49","30-JUL-2025","    114.64","30-MAR-2026"
"PROTEAN","EQ","    945.50","03-SEP-2025","    444.00","30-MAR-2026"
"PROV","SM","   1679.95","14-MAY-2026","    815.10","02-SEP-2025"
"PROZONER","EQ","     72.77","29-OCT-2025","     34.42","24-JUN-2025"
"PRSMJOHNSN","EQ","    176.00","18-SEP-2025","    117.32","27-JAN-2026"
"PRSNTIN$","EQ","-","-","-","-"
"PRUDENT","EQ","   3160.10","23-JUN-2026","   2121.00","09-MAR-2026"
"PRUDMOULI","BE","     48.60","22-JUL-2025","     11.26","30-MAR-2026"
"PSB","EQ","     33.55","01-JUL-2025","     20.50","30-MAR-2026"
"PSBKICINAV","EQ","-","-","-","-"
"PSFL","SM","     47.00","16-JUL-2025","     21.15","30-MAR-2026"
"PSPL$","SM","-","-","-","-"
"PSPPROJECT","EQ","   1029.90","14-NOV-2025","    569.20","30-MAR-2026"
"PSRAJ","ST","    439.95","18-JUN-2026","    138.50","03-SEP-2025"
"PSUBANK","EQ","   1010.00","17-FEB-2026","    662.59","29-AUG-2025"
"PSUBANKADD","EQ","     99.88","26-FEB-2026","     67.20","01-AUG-2025"
"PSUBKBENAV","EQ","-","-","-","-"
"PSUBNKBEES","EQ","    110.40","26-FEB-2026","     73.82","04-AUG-2025"
"PSUBNKIETF","EQ","    104.00","24-FEB-2026","     67.86","10-SEP-2025"
"PTBKGRINAV","EQ","-","-","-","-"
"PTC","EQ","    229.51","07-MAY-2026","    149.59","21-JAN-2026"
"PTCIL","EQ","  19851.00","03-JUN-2026","  13251.00","20-AUG-2025"
"PTL","EQ","     47.40","02-JUL-2025","     36.10","30-MAR-2026"
"PULSRIN$","EQ","-","-","-","-"
"PULZ","SM","     49.50","24-JUN-2025","     21.95","21-MAY-2026"
"PUNCTRD$","BE","-","-","-","-"
"PUNJABCHEM","EQ","   1666.00","30-JUL-2025","    876.60","30-MAR-2026"
"PURETROP$","EQ","-","-","-","-"
"PURITY$","BE","-","-","-","-"
"PUROHITCO$","BE","-","-","-","-"
"PURPLEFIN$","EQ","-","-","-","-"
"PURPLEUTED","SM","    587.95","29-OCT-2025","    244.45","30-MAR-2026"
"PURPLEWAV$","SM","-","-","-","-"
"PURSHOTTA$","EQ","-","-","-","-"
"PURVA","EQ","    305.00","02-SEP-2025","    160.69","30-MAR-2026"
"PURVFLEXI","ST","    124.95","11-SEP-2025","     37.00","30-MAR-2026"
"PUSHPA","SM","    148.75","04-NOV-2025","     81.15","09-MAR-2026"
"PVP","EQ","     39.41","25-NOV-2025","     18.30","08-JUL-2025"
"PVRINOX","EQ","   1249.70","30-OCT-2025","    907.40","30-MAR-2026"
"PVSL","EQ","    163.00","16-OCT-2025","     82.41","16-MAR-2026"
"PVTBANIETF","EQ","     30.32","19-FEB-2026","     24.18","02-APR-2026"
"PVTBANKADD","EQ","     31.88","13-APR-2026","     24.02","02-APR-2026"
"PVTBKGROWW","EQ","     28.83","23-JUN-2026","     25.45","08-JUN-2026"
"PVVINFRA$","EQ","-","-","-","-"
"PWASML$","EQ","-","-","-","-"
"PWL","EQ","    161.99","18-NOV-2025","     77.72","04-MAR-2026"
"PYRAMID","EQ","    189.19","26-JUN-2025","    131.80","30-MAR-2026"
"PYXISFIN$","ST","-","-","-","-"
"QFIL","SM","     83.65","08-JUL-2025","     38.00","02-APR-2026"
"QGO$","EQ","-","-","-","-"
"QGOLDHALF","EQ","    149.69","29-JAN-2026","     78.43","08-JUL-2025"
"QGOLDHINAV","EQ","-","-","-","-"
"QLINE","SM","    600.00","23-JUN-2026","    431.00","29-MAY-2026"
"QLL$","SM","-","-","-","-"
"QMSMEDI","EQ","    114.00","22-JUN-2026","     68.95","17-MAR-2026"
"QNIFTY","EQ","    291.19","05-JAN-2026","    243.20","02-APR-2026"
"QNIFTYINAV","EQ","-","-","-","-"
"QPOWER","BE","   1441.00","28-APR-2026","    554.75","23-JUN-2025"
"QRIL$","SM","-","-","-","-"
"QUADFUTURE","EQ","    531.00","21-JUL-2025","    248.55","18-DEC-2025"
"QUADPRO","SM","      4.65","25-JUN-2025","      1.85","30-MAR-2026"
"QUADRANT$","BE","-","-","-","-"
"QUAL30IETF","EQ","     23.00","18-FEB-2026","     18.00","26-NOV-2025"
"QUALITINAV","EQ","-","-","-","-"
"QUALITY30","EQ","     23.18","03-FEB-2026","     18.09","23-MAR-2026"
"QUESS","EQ","    320.90","17-JUL-2025","    166.30","30-MAR-2026"
"QUESTCAP$","EQ","-","-","-","-"
"QUESTFLOW$","ST","-","-","-","-"
"QUESTLAB","SM","    152.60","30-APR-2026","     82.00","30-JUN-2025"
"QUICKHEAL","BE","    416.70","03-JUL-2025","    125.00","30-MAR-2026"
"QUICKTOUCH","SM","     70.20","24-JUN-2025","     23.50","19-JUN-2026"
"QUINT","EQ","     47.69","04-MAY-2026","     33.45","22-APR-2026"
"QVCEL","SM","     35.30","20-OCT-2025","     21.80","06-APR-2026"
"RAAJMEDI$","BE","-","-","-","-"
"RACE","BE","    261.48","01-AUG-2025","     84.11","30-MAR-2026"
"RACHIT$","ST","-","-","-","-"
"RACLGEAR","EQ","   1691.90","17-FEB-2026","    805.00","18-AUG-2025"
"RACONTEUR$","SM","-","-","-","-"
"RADAAN","EQ","      4.57","08-JUL-2025","      2.35","30-MAR-2026"
"RADHEDE$","EQ","-","-","-","-"
"RADHIKAJWE","EQ","    111.50","30-JUL-2025","     50.01","30-MAR-2026"
"RADIANTCMS","EQ","     64.59","01-JUL-2025","     32.33","30-MAR-2026"
"RADICO","EQ","   3806.20","22-JUN-2026","   2500.00","02-MAR-2026"
"RADIOCITY","EQ","      9.75","15-JUL-2025","      4.50","30-MAR-2026"
"RADIOWALLA","SM","     72.50","11-JUL-2025","     22.20","30-MAR-2026"
"RADIXIND$","BE","-","-","-","-"
"RAFL$","SM","-","-","-","-"
"RAGHUSYN$","EQ","-","-","-","-"
"RAGHUTOB$","EQ","-","-","-","-"
"RAILTEL","EQ","    436.50","25-JUN-2025","    245.00","30-MAR-2026"
"RAIN","EQ","    214.17","15-JUN-2026","     99.90","09-DEC-2025"
"RAINBOW","EQ","   1645.70","24-JUL-2025","   1084.00","23-MAR-2026"
"RAINBOWF$","EQ","-","-","-","-"
"RAJABAH$","EQ","-","-","-","-"
"RAJESH$","SM","-","-","-","-"
"RAJESHEXPO","BZ","    237.88","22-DEC-2025","     72.63","15-JUN-2026"
"RAJINDLTD","SM","    101.90","22-JUL-2025","     60.00","23-MAR-2026"
"RAJINFRA$","BE","-","-","-","-"
"RAJKOTINV$","EQ","-","-","-","-"
"RAJKSYN$","EQ","-","-","-","-"
"RAJMET","EQ","      5.48","28-JUL-2025","      2.72","24-MAR-2026"
"RAJNISH$","EQ","-","-","-","-"
"RAJOOENG","EQ","    145.88","16-JUL-2025","     46.00","30-MAR-2026"
"RAJPACK$","EQ","-","-","-","-"
"RAJPALAYAM","EQ","    875.00","02-JUN-2026","    745.00","20-APR-2026"
"RAJPUTANA","SM","    299.00","14-NOV-2025","    195.00","22-JUN-2026"
"RAJPUTANA$","EQ","-","-","-","-"
"RAJRATAN","EQ","    540.00","08-JAN-2026","    305.55","08-OCT-2025"
"RAJRILTD","BE","     29.41","03-JUL-2025","     19.41","30-MAR-2026"
"RAJSEC$","EQ","-","-","-","-"
"RAJSPTR$","BE","-","-","-","-"
"RAJSREESUG","EQ","     50.49","27-JUN-2025","     24.65","23-MAR-2026"
"RAJTUBE$","EQ","-","-","-","-"
"RAJTV","EQ","     46.90","17-DEC-2025","     11.41","10-JUN-2026"
"RAL$","ST","-","-","-","-"
"RALEGRA$","BE","-","-","-","-"
"RALLIS","EQ","    385.90","30-JUL-2025","    215.50","30-MAR-2026"
"RAMANEWS","EQ","     42.00","11-MAR-2026","     27.05","07-NOV-2025"
"RAMAPHO","EQ","    217.19","10-NOV-2025","    103.50","30-MAR-2026"
"RAMAPPR-B$","BE","-","-","-","-"
"RAMASTEEL","EQ","     12.69","11-JUL-2025","      3.43","30-MAR-2026"
"RAMCOCEM","EQ","   1214.50","09-FEB-2026","    838.30","10-JUN-2026"
"RAMCOIND","EQ","    398.05","22-SEP-2025","    230.65","30-MAR-2026"
"RAMCOSYS","EQ","    682.35","12-DEC-2025","    342.10","30-MAR-2026"
"RAMINFO$","EQ","-","-","-","-"
"RAMKY","EQ","    705.00","07-OCT-2025","    410.05","11-JUN-2026"
"RAMRAT","EQ","    520.00","27-MAY-2026","    268.00","20-JAN-2026"
"RAMSONS$","BE","-","-","-","-"
"RANASUG","EQ","     16.70","27-JUN-2025","     10.21","27-JAN-2026"
"RANDER$","EQ","-","-","-","-"
"RANEHOLDIN","EQ","   1798.00","06-OCT-2025","    981.00","30-MAR-2026"
"RANJEET$","SM","-","-","-","-"
"RAP$","EQ","-","-","-","-"
"RAPICUT$","EQ","-","-","-","-"
"RAPID$","SM","-","-","-","-"
"RAPIDFLEET","SM","    215.00","28-NOV-2025","    158.00","30-MAR-2026"
"RAPIDIN$","BE","-","-","-","-"
"RAPPID","SM","    384.90","11-AUG-2025","    207.00","29-MAY-2026"
"RASANDIK$","EQ","-","-","-","-"
"RASIELEC$","EQ","-","-","-","-"
"RASRESOR$","EQ","-","-","-","-"
"RASSIREF$","BE","-","-","-","-"
"RATEGAIN","EQ","    901.60","18-JUN-2026","    417.60","07-AUG-2025"
"RATHIBAR$","EQ","-","-","-","-"
"RATHIST$","EQ","-","-","-","-"
"RATNABHUM$","EQ","-","-","-","-"
"RATNAMANI","EQ","   3345.00","11-MAY-2026","   1936.50","11-FEB-2026"
"RATNAVEER","EQ","    197.00","18-JUN-2026","    130.50","30-MAR-2026"
"RAUNAQ$","EQ","-","-","-","-"
"RAVALSUGA$","EQ","-","-","-","-"
"RAVEL$","SM","-","-","-","-"
"RAWEDGE$","EQ","-","-","-","-"
"RAYALEMA$","EQ","-","-","-","-"
"RAYMOND","EQ","    783.90","02-JUL-2025","    320.00","30-MAR-2026"
"RAYMONDLSL","EQ","   1411.90","30-JUN-2025","    696.25","29-MAY-2026"
"RAYMONDREL","EQ","   1050.00","01-JUL-2025","    349.00","16-MAR-2026"
"RBA","EQ","     87.65","18-SEP-2025","     57.15","30-MAR-2026"
"RBLBANK","EQ","    381.70","22-JUN-2026","    224.03","23-JUN-2025"
"RBMINFRA","SM","    524.80","17-NOV-2025","    265.00","02-JUN-2026"
"RBS","ST","    143.00","18-JUL-2025","     58.80","16-MAR-2026"
"RBZJEWEL","EQ","    179.00","12-NOV-2025","    100.00","30-MAR-2026"
"RCAN$","SM","-","-","-","-"
"RCCEMEN$","BE","-","-","-","-"
"RCCL$","EQ","-","-","-","-"
"RCDL","SM","     30.85","12-SEP-2025","     16.50","08-JAN-2026"
"RCF","EQ","    164.49","04-SEP-2025","    106.00","30-MAR-2026"
"RCL$","BE","-","-","-","-"
"RCOM","BE","      1.90","14-AUG-2025","       .75","05-MAR-2026"
"RDBIPL$","EQ","-","-","-","-"
"RDBRL$","EQ","-","-","-","-"
"RDEL$","ST","-","-","-","-"
"RDGAIL$","SM","-","-","-","-"
"READYMIX","SM","    175.00","08-SEP-2025","     68.80","29-MAY-2026"
"REALECO$","EQ","-","-","-","-"
"RECLTD","EQ","    409.80","27-JUN-2025","    304.05","30-MAR-2026"
"RECODE$","SM","-","-","-","-"
"REDINGTON","EQ","    334.80","30-JUN-2025","    191.31","02-APR-2026"
"REDTAPE","EQ","    163.50","19-SEP-2025","    107.53","27-JAN-2026"
"REETECH$","SM","-","-","-","-"
"REFEX","EQ","    475.80","26-JUN-2025","    188.00","23-MAR-2026"
"REFEXRENE$","BE","-","-","-","-"
"REFRACTORY","SM","     68.90","01-JUL-2025","     28.65","30-MAR-2026"
"REGAAL","BE","    145.70","20-AUG-2025","     57.27","02-FEB-2026"
"REGAL$","EQ","-","-","-","-"
"REGANTO$","BE","-","-","-","-"
"REGENCERAM","EQ","     54.99","23-OCT-2025","     35.31","24-JUN-2025"
"REGENCY$","EQ","-","-","-","-"
"REGENTRP$","EQ","-","-","-","-"
"REGIS$","EQ","-","-","-","-"
"REL100NAV","EQ","-","-","-","-"
"RELAXO","EQ","    526.00","04-SEP-2025","    236.50","30-MAR-2026"
"RELCHEMQ","EQ","    205.00","10-JUL-2025","    105.01","30-MAR-2026"
"RELCONSNAV","EQ","-","-","-","-"
"RELDIVNAV","EQ","-","-","-","-"
"RELIABLE","EQ","    175.00","04-FEB-2026","     71.21","08-JUL-2025"
"RELIABVEN$","BE","-","-","-","-"
"RELIANCE","EQ","   1611.80","05-JAN-2026","   1253.20","11-JUN-2026"
"RELICAB$","EQ","-","-","-","-"
"RELICTEC$","EQ","-","-","-","-"
"RELIGARE","EQ","    295.00","24-JUL-2025","    196.51","09-MAR-2026"
"RELNV20NAV","EQ","-","-","-","-"
"RELTD","EQ","    188.01","22-SEP-2025","    114.77","01-JUN-2026"
"REMIEDEL$","EQ","-","-","-","-"
"REMSONSIND","EQ","    157.00","30-JUN-2025","     77.15","30-MAR-2026"
"REMUS","SM","   1021.80","04-JUL-2025","    580.00","09-MAR-2026"
"RENUKA","EQ","     34.07","07-JUL-2025","     21.05","03-JUN-2026"
"REPCOHOME","EQ","    464.45","16-JUL-2025","    333.60","23-MAR-2026"
"REPL","BE","    185.01","26-JUN-2025","     60.00","27-MAR-2026"
"REPONO$","SM","-","-","-","-"
"REPRO","EQ","    590.15","17-JUL-2025","    307.05","30-MAR-2026"
"RESGEN$","SM","-","-","-","-"
"RESONANCE$","EQ","-","-","-","-"
"RESPONIND","EQ","    251.00","04-JUL-2025","    117.25","02-APR-2026"
"RESPONSIN$","EQ","-","-","-","-"
"RESTILE$","EQ","-","-","-","-"
"RETAGGIO$","ST","-","-","-","-"
"RETAIL","EQ","     44.13","21-AUG-2025","     15.81","30-MAR-2026"
"RETINA$","SM","-","-","-","-"
"REVAMEDIA$","BE","-","-","-","-"
"REXNORD$","BE","-","-","-","-"
"REXPIPES","SM","    208.00","27-FEB-2026","    116.00","07-JUL-2025"
"REXPRO","SM","     94.20","26-AUG-2025","     38.00","04-JUN-2026"
"REXSEAL$","SM","-","-","-","-"
"RFBL","SM","     83.50","19-JUN-2026","     52.50","19-MAY-2026"
"RFIL$","SM","-","-","-","-"
"RFL$","BE","-","-","-","-"
"RFLL$","EQ","-","-","-","-"
"RFSL$","EQ","-","-","-","-"
"RGF$","BE","-","-","-","-"
"RGL","EQ","    147.90","26-FEB-2026","     85.00","23-MAR-2026"
"RGRL$","BE","-","-","-","-"
"RHETAN","EQ","     32.41","12-JUN-2026","     20.32","26-SEP-2025"
"RHFL","BZ","      6.72","23-JUN-2025","      1.82","05-MAY-2026"
"RHIM","EQ","    537.70","01-AUG-2025","    323.05","30-MAR-2026"
"RHL","EQ","    314.00","10-JUL-2025","    160.98","30-MAR-2026"
"RIBATEX$","EQ","-","-","-","-"
"RICHA","ST","     94.00","22-JUN-2026","     50.00","08-SEP-2025"
"RICOAUTO","EQ","    157.00","22-JUN-2026","     65.73","12-AUG-2025"
"RIDDHI$","BE","-","-","-","-"
"RIDDHICOR$","EQ","-","-","-","-"
"RIDHISYN$","BE","-","-","-","-"
"RIIL","EQ","    993.00","26-JUN-2025","    617.35","30-MAR-2026"
"RIIT","IV","    114.09","18-JUN-2026","    105.30","24-MAR-2026"
"RIKHAV$","SM","-","-","-","-"
"RILINFRA","SM","     45.80","23-JUN-2026","     27.60","21-JAN-2026"
"RIR$","EQ","-","-","-","-"
"RISAINTL$","EQ","-","-","-","-"
"RISHABH","EQ","    597.00","23-JUN-2026","    272.30","29-JUL-2025"
"RISHDIGA$","EQ","-","-","-","-"
"RISHILASE$","EQ","-","-","-","-"
"RISHIROOP$","EQ","-","-","-","-"
"RISHITECH$","EQ","-","-","-","-"
"RISHYRN$","BE","-","-","-","-"
"RITCO","EQ","    317.10","18-JUL-2025","    167.10","02-APR-2026"
"RITES","EQ","    299.80","02-JUL-2025","    175.00","30-MAR-2026"
"RITESHIN$","EQ","-","-","-","-"
"RITEZONE","ST","     36.55","28-OCT-2025","     13.80","02-APR-2026"
"RITHWIKFM$","ST","-","-","-","-"
"RJSHAH$","BE","-","-","-","-"
"RKDAGRRTL$","BE","-","-","-","-"
"RKDL","EQ","     32.48","17-SEP-2025","     16.30","05-MAR-2026"
"RKEC","EQ","     84.99","27-JUN-2025","     23.90","17-JUN-2026"
"RKFORGE","EQ","    691.50","30-JUN-2025","    460.15","23-MAR-2026"
"RKSWAMY","EQ","    198.00","25-JUN-2025","     67.15","30-MAR-2026"
"RLF$","EQ","-","-","-","-"
"RLFL$","BE","-","-","-","-"
"RMC","EQ","    530.00","23-APR-2026","    285.00","11-JUN-2026"
"RMDRIP","EQ","     72.22","25-FEB-2026","     14.81","04-JUN-2026"
"RML","EQ","   1169.00","22-JUN-2026","    608.50","30-MAR-2026"
"RNBDENIMS","EQ","     67.67","25-FEB-2026","      9.03","10-JUN-2026"
"RNFI","SM","    404.00","22-SEP-2025","    216.00","30-MAR-2026"
"RNITAI$","BE","-","-","-","-"
"RNPL","SM","    158.00","23-JAN-2026","     69.00","29-AUG-2025"
"ROADSTAR","IV","-","-","-","-"
"ROBU$","SM","-","-","-","-"
"ROCKINGDCE","SM","    283.85","30-DEC-2025","    123.90","02-APR-2026"
"RODIUM$","EQ","-","-","-","-"
"ROHLTD","EQ","    593.40","02-SEP-2025","    269.40","30-MAR-2026"
"ROLCOEN$","BE","-","-","-","-"
"ROLEXRINGS","EQ","    176.00","22-APR-2026","     99.79","24-NOV-2025"
"ROLLT","BE","      3.74","23-JUN-2026","      1.02","05-SEP-2025"
"ROML","EQ","     63.89","03-JUL-2025","     35.11","30-MAR-2026"
"RONI$","SM","-","-","-","-"
"ROOPAIND$","EQ","-","-","-","-"
"ROOPSHRI$","ST","-","-","-","-"
"ROSELABS$","EQ","-","-","-","-"
"ROSEMER$","EQ","-","-","-","-"
"ROSSARI","EQ","    766.00","15-JUL-2025","    375.00","30-MAR-2026"
"ROSSELLIND","EQ","     75.80","10-JUL-2025","     40.00","27-JAN-2026"
"ROSSTECH","EQ","   1122.00","03-JUN-2026","    393.40","23-JUN-2025"
"ROTO","EQ","    109.50","11-JUL-2025","     47.50","30-MAR-2026"
"ROUTE","EQ","   1039.90","30-JUN-2025","    410.70","30-MAR-2026"
"ROXHITECH","ST","     55.00","08-SEP-2025","     22.95","30-MAR-2026"
"ROYAL$","SM","-","-","-","-"
"ROYALARC","SM","    185.00","30-MAR-2026","    126.50","13-NOV-2025"
"ROYALCU$","EQ","-","-","-","-"
"ROYALIND$","BE","-","-","-","-"
"RPEL","EQ","   1234.00","19-JUN-2026","    561.30","30-MAR-2026"
"RPGLIFE","EQ","   2725.00","07-JUL-2025","   1733.00","23-MAR-2026"
"RPOWER","EQ","     70.90","01-JUL-2025","     20.17","30-MAR-2026"
"RPPINFRA","EQ","    169.90","02-SEP-2025","     55.04","30-MAR-2026"
"RPPL","EQ","     28.95","04-JUL-2025","     14.25","30-MAR-2026"
"RPSGVENT","EQ","   1179.00","07-APR-2026","    551.90","23-MAR-2026"
"RPTECH","EQ","    784.65","22-JUN-2026","    275.60","11-AUG-2025"
"RRECL$","EQ","-","-","-","-"
"RRETAIL$","EQ","-","-","-","-"
"RRFIN$","EQ","-","-","-","-"
"RRIL","EQ","     21.50","22-MAY-2026","     15.25","21-APR-2026"
"RRKABEL","EQ","   2427.50","23-JUN-2026","   1165.00","29-AUG-2025"
"RRMETAL$","BE","-","-","-","-"
"RRP$","EQ","-","-","-","-"
"RRPDEFENS$","EQ","-","-","-","-"
"RRSECUR$","BE","-","-","-","-"
"RSCINT$","EQ","-","-","-","-"
"RSDFIN","EQ","    106.90","22-MAY-2026","     73.00","09-JUN-2026"
"RSL","EQ","    144.90","11-MAY-2026","    101.70","30-MAR-2026"
"RSSOFTWARE","BE","     91.65","21-JUL-2025","     21.93","30-MAR-2026"
"RSTL$","ST","-","-","-","-"
"RSWM","BE","    224.00","10-JUN-2026","    120.00","30-MAR-2026"
"RSYSTEMS","EQ","    496.90","22-AUG-2025","    229.25","30-MAR-2026"
"RTFL$","BE","-","-","-","-"
"RTL","SM","    100.90","12-MAR-2026","     54.00","13-JAN-2026"
"RTNINDIA","EQ","     69.70","09-JUL-2025","     24.40","09-MAR-2026"
"RTNPOWER","EQ","     16.92","11-JUL-2025","      7.52","30-MAR-2026"
"RTSPOWR$","EQ","-","-","-","-"
"RUBFILA","EQ","     92.20","16-JUL-2025","     57.31","30-MAR-2026"
"RUBICON","EQ","   1415.00","22-JUN-2026","    570.75","24-OCT-2025"
"RUBYMILLS","BE","    361.90","10-JUN-2026","    169.02","02-MAR-2026"
"RUCHINFRA","EQ","      8.25","24-SEP-2025","      4.05","30-MAR-2026"
"RUCHIRA","EQ","    173.00","18-SEP-2025","     95.17","30-MAR-2026"
"RUDRA","BE","     29.70","22-DEC-2025","     14.63","30-MAR-2026"
"RUDRAECO$","EQ","-","-","-","-"
"RUDRAGAS$","SM","-","-","-","-"
"RULKA","SM","    143.45","08-JUL-2025","     72.95","02-APR-2026"
"RUNGTAIR$","EQ","-","-","-","-"
"RUPA","EQ","    232.90","16-JUL-2025","    109.21","30-MAR-2026"
"RUSHIL","EQ","     33.99","17-SEP-2025","     12.49","30-MAR-2026"
"RUSTOMJEE","EQ","    697.00","02-JUL-2025","    358.80","23-MAR-2026"
"RVHL","EQ","     71.36","17-SEP-2025","     28.50","30-MAR-2026"
"RVNL","EQ","    405.50","27-JUN-2025","    221.55","11-JUN-2026"
"RVTH","EQ","   1300.00","24-SEP-2025","    491.10","16-MAR-2026"
"S&SPOWER","EQ","    468.90","16-SEP-2025","    193.50","09-DEC-2025"
"SAAKSHI","SM","    300.00","23-JUN-2026","    147.40","27-OCT-2025"
"SAATVIKGL","EQ","    567.00","10-OCT-2025","    328.00","09-MAR-2026"
"SAB$","EQ","-","-","-","-"
"SABAR","SM","      9.55","03-SEP-2025","      3.80","26-JUN-2025"
"SABEVENTS","BE","     18.25","25-FEB-2026","      5.60","17-NOV-2025"
"SABOOSOD$","EQ","-","-","-","-"
"SACHEEROME","SM","    430.65","09-JAN-2026","    140.50","24-JUN-2025"
"SACHEMT$","EQ","-","-","-","-"
"SADBHAV","EQ","     17.85","25-AUG-2025","      6.05","06-FEB-2026"
"SADBHIN","BE","      5.61","30-JUN-2025","      2.06","02-APR-2026"
"SADHAV","SM","    131.90","16-JUL-2025","     86.30","23-MAR-2026"
"SADHNANIQ","BE","      3.13","23-JUN-2026","      1.27","25-MAR-2026"
"SAENTER$","BE","-","-","-","-"
"SAFARI","EQ","   2507.10","26-NOV-2025","   1363.10","06-MAY-2026"
"SAFE$","SM","-","-","-","-"
"SAFECURE$","SM","-","-","-","-"
"SAFEENTP","SM","    319.00","17-NOV-2025","    151.00","27-JUN-2025"
"SAFFRON$","EQ","-","-","-","-"
"SAGARDEEP","EQ","     33.65","26-JUN-2025","     20.81","30-MAR-2026"
"SAGARSOFT$","EQ","-","-","-","-"
"SAGARSYST$","BE","-","-","-","-"
"SAGCEM","EQ","    299.40","05-SEP-2025","    148.70","24-MAR-2026"
"SAGILITY","EQ","     57.89","30-OCT-2025","     35.83","23-MAR-2026"
"SAHAJSOLAR","SM","    279.50","01-JUL-2025","     91.00","30-MAR-2026"
"SAHANA","SM","   1489.00","23-JUN-2025","    685.00","13-JAN-2026"
"SAHARAHOU$","EQ","-","-","-","-"
"SAHASRA","ST","    373.00","05-SEP-2025","    188.35","30-MAR-2026"
"SAHASRA","ST","-","-","-","-"
"SAHLIBHFI","EQ","     86.89","20-APR-2026","     70.05","26-MAY-2026"
"SAHYADRI","EQ","    338.40","11-MAY-2026","    200.10","30-MAR-2026"
"SAICAPI$","EQ","-","-","-","-"
"SAIFL","SM","     32.75","16-JUL-2025","      4.90","08-JUN-2026"
"SAIL","EQ","    209.70","14-MAY-2026","    118.10","28-AUG-2025"
"SAILANI$","SM","-","-","-","-"
"SAILIFE","EQ","   1249.00","23-JUN-2026","    736.50","24-JUN-2025"
"SAINIK$","EQ","-","-","-","-"
"SAIPARENT","EQ","    622.80","23-JUN-2026","    400.00","02-APR-2026"
"SAJHOTELS","SM","     80.25","22-SEP-2025","     28.25","22-JUN-2026"
"SAKAR","EQ","    889.95","16-JUN-2026","    311.00","20-AUG-2025"
"SAKHTISUG","EQ","     27.41","08-JUL-2025","     13.52","23-MAR-2026"
"SAKSOFT","EQ","    253.99","11-JUL-2025","    107.59","30-MAR-2026"
"SAKUMA","BE","      3.12","25-JUN-2025","      1.10","30-MAR-2026"
"SALASAR","EQ","     10.99","30-OCT-2025","      5.59","30-MAR-2026"
"SALAUTO$","EQ","-","-","-","-"
"SALEM$","EQ","-","-","-","-"
"SALGUTI$","EQ","-","-","-","-"
"SALONA","EQ","    320.00","02-JUN-2026","    221.00","28-JAN-2026"
"SALORAINT$","EQ","-","-","-","-"
"SALSAIN$","BE","-","-","-","-"
"SALSTEEL","BE","     65.50","05-JUN-2026","     14.37","13-AUG-2025"
"SALZERELEC","EQ","    964.70","08-AUG-2025","    488.80","30-MAR-2026"
"SAMAY","SM","     51.30","28-OCT-2025","     28.50","30-MAR-2026"
"SAMBANDAM$","EQ","-","-","-","-"
"SAMBHAAV","EQ","     11.53","24-NOV-2025","      5.07","30-MAR-2026"
"SAMBHV","EQ","    149.40","22-JUL-2025","     81.42","27-JAN-2026"
"SAMHI","EQ","    254.50","22-JUL-2025","    127.00","30-MAR-2026"
"SAMINDUS$","EQ","-","-","-","-"
"SAMKRG$","EQ","-","-","-","-"
"SAMMAANCAP","EQ","    192.95","03-NOV-2025","    114.10","11-AUG-2025"
"SAMOR$","EQ","-","-","-","-"
"SAMPANN","EQ","     43.44","06-NOV-2025","     23.75","30-MAR-2026"
"SAMPAT$","SM","-","-","-","-"
"SAMPRE$","EQ","-","-","-","-"
"SAMRATPH$","EQ","-","-","-","-"
"SAMSRITA$","EQ","-","-","-","-"
"SAMTEX$","EQ","-","-","-","-"
"SAMYAKINT$","EQ","-","-","-","-"
"SANATHAN","EQ","    560.20","21-JUL-2025","    352.60","30-MAR-2026"
"SANBLUE$","BE","-","-","-","-"
"SANCF$","BE","-","-","-","-"
"SANCODE$","ST","-","-","-","-"
"SANCTRN$","EQ","-","-","-","-"
"SANDESH","EQ","   1438.50","12-AUG-2025","    811.00","30-MAR-2026"
"SANDHAR","EQ","    763.20","12-JUN-2026","    405.20","14-AUG-2025"
"SANDUMA","EQ","    273.00","05-JAN-2026","    141.37","28-AUG-2025"
"SANDUPHQ$","EQ","-","-","-","-"
"SANGAMFIN$","EQ","-","-","-","-"
"SANGAMIND","EQ","    576.95","23-APR-2026","    341.55","28-AUG-2025"
"SANGANI","SM","     77.00","23-SEP-2025","     37.00","01-APR-2026"
"SANGHVIMOV","EQ","    442.60","22-JUN-2026","    223.80","16-MAR-2026"
"SANGINITA","BE","     39.97","23-JUN-2026","      9.09","11-AUG-2025"
"SANINFRA$","BE","-","-","-","-"
"SANJIVIN$","EQ","-","-","-","-"
"SANOFI","EQ","   6410.00","30-JUN-2025","   3054.00","29-MAY-2026"
"SANOFICONR","EQ","   5894.50","30-JUN-2025","   3975.00","24-FEB-2026"
"SANPA$","EQ","-","-","-","-"
"SANSERA","EQ","   3158.00","23-JUN-2026","   1216.30","11-AUG-2025"
"SANSTAR","EQ","    125.79","23-JUN-2026","     74.30","02-APR-2026"
"SANTETX$","EQ","-","-","-","-"
"SANTOSHF$","BE","-","-","-","-"
"SANWARIA","BZ","       .40","26-JUN-2025","       .19","27-APR-2026"
"SAPL$","EQ","-","-","-","-"
"SAPPHIRE","EQ","    368.00","18-JUL-2025","    139.91","02-APR-2026"
"SAPPL","EQ","    330.00","28-APR-2026","    255.00","17-JUN-2026"
"SARDAEN","EQ","    639.75","16-SEP-2025","    420.75","23-JUN-2025"
"SAREGAMA","EQ","    526.35","23-JUN-2025","    307.05","09-MAR-2026"
"SARLAPOLY","EQ","    127.50","22-JUL-2025","     68.40","30-MAR-2026"
"SAROJA","SM","     60.00","20-AUG-2025","     28.00","30-MAR-2026"
"SARTELE","SM","    275.95","30-JUN-2025","    106.95","11-JUN-2026"
"SARTHAKIN$","EQ","-","-","-","-"
"SARUPINDU$","EQ","-","-","-","-"
"SARVESHWAR","BE","      9.00","14-JUL-2025","      2.50","30-MAR-2026"
"SARVOTTAM$","EQ","-","-","-","-"
"SASHWAT$","BE","-","-","-","-"
"SASKEN","EQ","   2780.20","19-JUN-2026","    991.00","16-MAR-2026"
"SATANIBRG$","EQ","-","-","-","-"
"SATCH$","BE","-","-","-","-"
"SATECH","SM","     63.25","17-JUL-2025","     31.80","08-DEC-2025"
"SATIA","EQ","     97.50","24-JUN-2025","     50.80","30-MAR-2026"
"SATIN","EQ","    247.00","04-JUN-2026","    133.01","28-AUG-2025"
"SATIPOLY","ST","     94.30","24-JUL-2025","     27.15","01-APR-2026"
"SATKARTAR","ST","    219.80","15-APR-2026","    124.00","27-JAN-2026"
"SATTRIX$","SM","-","-","-","-"
"SATTVAENGG","SM","    118.90","17-SEP-2025","     43.50","09-MAR-2026"
"SATTVASUK$","EQ","-","-","-","-"
"SAUMYA$","EQ","-","-","-","-"
"SAURASHCEM","EQ","    128.40","31-JUL-2025","     47.65","30-MAR-2026"
"SAVERA$","EQ","-","-","-","-"
"SAVY","SM","    191.00","27-NOV-2025","    115.50","30-MAR-2026"
"SAWACA$","EQ","-","-","-","-"
"SAWALIYA","SM","    351.00","12-MAR-2026","    208.00","07-OCT-2025"
"SAYAJIHOTL","EQ","    323.95","29-MAY-2026","    265.50","03-JUN-2026"
"SAYAJIIND$","EQ","-","-","-","-"
"SBC","EQ","     45.00","19-JUN-2026","     14.22","24-JUN-2025"
"SBCL","EQ","    789.00","26-MAY-2026","    368.60","30-MAR-2026"
"SBECSUG$","BE","-","-","-","-"
"SBECSYS$","EQ","-","-","-","-"
"SBFC","EQ","    123.00","03-NOV-2025","     79.60","30-MAR-2026"
"SBFL$","EQ","-","-","-","-"
"SBGLP","EQ","     46.39","04-JUL-2025","     18.35","30-MAR-2026"
"SBI150INAV","EQ","-","-","-","-"
"SBIBPB","EQ","     58.27","27-FEB-2026","     38.53","29-AUG-2025"
"SBIBPBINAV","EQ","-","-","-","-"
"SBICARD","EQ","   1015.00","27-JUN-2025","    565.45","11-JUN-2026"
"SBICONINAV","EQ","-","-","-","-"
"SBIETFCON","EQ","    133.97","21-OCT-2025","    100.00","16-MAR-2026"
"SBIETFINAV","EQ","-","-","-","-"
"SBIETFIT","EQ","    439.27","03-FEB-2026","    295.31","19-JUN-2026"
"SBIETFPB","EQ","    304.58","05-MAR-2026","    244.18","02-APR-2026"
"SBIETFQLTY","EQ","    247.28","12-JUN-2026","    194.00","30-MAR-2026"
"SBIFPBINAV","EQ","-","-","-","-"
"SBILIFE","EQ","   2132.00","23-FEB-2026","   1700.40","12-JUN-2026"
"SBILIQETF","EQ","   1087.09","21-APR-2026","    984.99","08-SEP-2025"
"SBILIQINAV","EQ","-","-","-","-"
"SBILTYINAV","EQ","-","-","-","-"
"SBIMIDMOM","EQ","     67.74","19-JUN-2026","     53.86","30-MAR-2026"
"SBIMOMINAV","EQ","-","-","-","-"
"SBIN","EQ","   1234.70","24-FEB-2026","    786.55","04-AUG-2025"
"SBINEQINAV","EQ","-","-","-","-"
"SBINEQWETF","EQ","     35.25","01-APR-2026","     29.64","02-APR-2026"
"SBINMID150","EQ","     23.81","29-MAY-2026","     19.81","06-APR-2026"
"SBISILINAV","EQ","-","-","-","-"
"SBISILVER","EQ","    362.00","29-JAN-2026","    103.80","27-JUN-2025"
"SBISMLETF","EQ","     18.17","22-JUN-2026","     16.53","11-JUN-2026"
"SBISMLINAV","EQ","-","-","-","-"
"SBIVALETF","EQ","     17.70","15-JUN-2026","     14.43","26-MAY-2026"
"SBIVALINAV","EQ","-","-","-","-"
"SBL$","BE","-","-","-","-"
"SBLI$","ST","-","-","-","-"
"SBRANDS$","ST","-","-","-","-"
"SBVCL$","SM","-","-","-","-"
"SCAGRO$","EQ","-","-","-","-"
"SCANPRO$","BE","-","-","-","-"
"SCANSTL","EQ","     43.50","15-JUN-2026","     31.35","20-APR-2026"
"SCARNOSE$","SM","-","-","-","-"
"SCBL$","BE","-","-","-","-"
"SCC$","EQ","-","-","-","-"
"SCDL$","SM","-","-","-","-"
"SCHAEFFLER","EQ","   4467.70","06-MAR-2026","   3518.40","22-JAN-2026"
"SCHAND","EQ","    242.00","24-JUN-2025","    130.05","30-MAR-2026"
"SCHNEIDER","EQ","   1448.50","23-JUN-2026","    571.85","21-JAN-2026"
"SCI","EQ","    368.75","11-MAY-2026","    195.55","27-JAN-2026"
"SCILAL","EQ","     58.70","17-JUL-2025","     34.30","30-MAR-2026"
"SCML","SM","    159.50","08-DEC-2025","     68.05","17-SEP-2025"
"SCODATUBES","EQ","    230.85","14-JUL-2025","    110.00","16-MAR-2026"
"SCOOBEEDA$","EQ","-","-","-","-"
"SCPL","EQ","    524.90","15-JUN-2026","    190.03","09-DEC-2025"
"SCTL$","EQ","-","-","-","-"
"SDBL","EQ","    173.03","27-JUN-2025","     61.80","30-MAR-2026"
"SDC$","ST","-","-","-","-"
"SDREAMS","SM","    146.95","25-AUG-2025","     66.05","30-MAR-2026"
"SEALMATIC$","SM","-","-","-","-"
"SEAMECLTD","EQ","   1709.20","19-MAY-2026","    752.55","06-AUG-2025"
"SEASONST$","EQ","-","-","-","-"
"SECMARK","EQ","    158.92","23-JUN-2025","     95.05","21-JAN-2026"
"SECURKLOUD","EQ","     34.18","24-NOV-2025","     16.01","17-NOV-2025"
"SEDEMAC","EQ","   2948.40","22-JUN-2026","   1413.10","12-MAR-2026"
"SEIL","EQ","    221.45","22-JUN-2026","    172.90","21-APR-2026"
"SEITINVIT","IV","    130.00","30-MAR-2026","    108.00","14-AUG-2025"
"SEJALLTD","BE","   1036.70","28-OCT-2025","    381.00","02-APR-2026"
"SEKURITIN$","EQ","-","-","-","-"
"SEL","ST","    307.95","25-JUN-2025","    115.25","30-MAR-2026"
"SEL$","EQ","-","-","-","-"
"SELECTIPO","EQ","     57.75","14-AUG-2025","     37.80","02-APR-2026"
"SELECTRIC$","BE","-","-","-","-"
"SELIPOINAV","EQ","-","-","-","-"
"SELLOWRAP","SM","    139.65","29-AUG-2025","     62.10","02-APR-2026"
"SELMC","EQ","     43.36","23-OCT-2025","     26.33","27-JAN-2026"
"SEMAC","BE","    568.90","28-JUL-2025","    205.00","09-MAR-2026"
"SEML$","ST","-","-","-","-"
"SENCO","EQ","    404.85","08-SEP-2025","    276.00","30-MAR-2026"
"SENINFO$","BE","-","-","-","-"
"SENORES","EQ","   1360.00","18-JUN-2026","    515.00","23-JUN-2025"
"SENSEXADD","EQ","     88.20","01-DEC-2025","     73.27","02-APR-2026"
"SENSEXBETA","EQ","    952.91","30-DEC-2025","    785.00","30-MAR-2026"
"SENSEXETF","EQ","     88.70","06-JAN-2026","     73.33","02-APR-2026"
"SENSEXIETF","EQ","    999.84","25-NOV-2025","    731.00","07-MAY-2026"
"SENSEXINAV","EQ","-","-","-","-"
"SEPC","EQ","     14.40","10-JUL-2025","      4.65","23-MAR-2026"
"SERA$","EQ","-","-","-","-"
"SERVICE","SM","     63.40","27-JUN-2025","     39.20","18-DEC-2025"
"SERVOTECH","EQ","    154.48","25-JUN-2025","     57.51","30-JAN-2026"
"SESHACHAL$","BE","-","-","-","-"
"SESHAPAPER","EQ","    318.00","23-JUN-2025","    211.59","27-JAN-2026"
"SETCO","BE","     28.62","01-JUN-2026","     11.56","29-JAN-2026"
"SETF10GILT","EQ","    266.10","17-MAR-2026","    250.37","05-SEP-2025"
"SETF10INAV","EQ","-","-","-","-"
"SETF50INAV","EQ","-","-","-","-"
"SETFGOINAV","EQ","-","-","-","-"
"SETFGOLD","EQ","    153.95","28-JAN-2026","     79.79","30-JUN-2025"
"SETFNIF50","EQ","    287.33","06-JAN-2026","    237.90","02-APR-2026"
"SETFNIFBK","EQ","    646.11","19-FEB-2026","    465.64","15-OCT-2025"
"SETFNIINAV","EQ","-","-","-","-"
"SETFNN50","EQ","    840.00","30-JAN-2026","    636.01","30-MAR-2026"
"SETFNNINAV","EQ","-","-","-","-"
"SETL","EQ","    212.40","23-JUN-2026","    104.56","30-MAR-2026"
"SETUINFRA","BZ","       .96","26-JUN-2025","       .37","21-JAN-2026"
"SEVL$","SM","-","-","-","-"
"SEYAIND","BE","     23.99","06-NOV-2025","      8.54","11-MAR-2026"
"SFL","EQ","    769.90","25-JUN-2025","    456.80","30-MAR-2026"
"SFML","SM","     43.50","27-OCT-2025","     16.50","30-MAR-2026"
"SFPIL$","EQ","-","-","-","-"
"SFSL$","SM","-","-","-","-"
"SFTL$","BE","-","-","-","-"
"SGFIN","EQ","    650.00","07-MAY-2026","    323.00","02-FEB-2026"
"SGFRL$","SM","-","-","-","-"
"SGIL","EQ","    633.25","08-SEP-2025","    420.00","12-FEB-2026"
"SGL","EQ","     20.79","23-SEP-2025","      8.40","30-MAR-2026"
"SGLRES$","BE","-","-","-","-"
"SGMART","EQ","    638.10","21-MAY-2026","    313.10","21-JAN-2026"
"SGRL$","EQ","-","-","-","-"
"SHADOWFAX","EQ","    230.00","15-JUN-2026","     98.55","30-JAN-2026"
"SHAH","EQ","      5.82","07-MAY-2026","      3.07","21-AUG-2025"
"SHAHALLOYS","EQ","     83.85","06-NOV-2025","     53.10","30-MAR-2026"
"SHAHFOOD$","BE","-","-","-","-"
"SHAHISHIP$","EQ","-","-","-","-"
"SHAHLON$","EQ","-","-","-","-"
"SHAILY","EQ","   3233.90","10-JUN-2026","   1535.90","08-AUG-2025"
"SHAIVAL","ST","     33.00","20-MAR-2026","     32.00","19-MAR-2026"
"SHAKTIPR$","BE","-","-","-","-"
"SHAKTIPUMP","EQ","    984.00","24-JUN-2025","    456.35","30-MAR-2026"
"SHALBY","EQ","    274.70","22-SEP-2025","    125.82","30-MAR-2026"
"SHALIWIR$","EQ","-","-","-","-"
"SHALPAINTS","EQ","     99.49","10-JUL-2025","     35.21","30-MAR-2026"
"SHALPRO$","EQ","-","-","-","-"
"SHAMROIN$","BE","-","-","-","-"
"SHANGAR$","EQ","-","-","-","-"
"SHANKARA","BE","   1209.80","31-JUL-2025","     98.25","25-FEB-2026"
"SHANMUGA$","SM","-","-","-","-"
"SHANTAI$","BE","-","-","-","-"
"SHANTHALA","SM","     46.90","19-AUG-2025","     20.90","26-MAY-2026"
"SHANTI","EQ","     17.57","23-JUN-2025","      4.70","30-MAR-2026"
"SHANTIDEN$","SM","-","-","-","-"
"SHANTIGEAR","EQ","    619.80","24-JUL-2025","    395.00","22-JAN-2026"
"SHANTIGOLD","EQ","    274.10","21-AUG-2025","    155.00","30-MAR-2026"
"SHANTIGUR$","SM","-","-","-","-"
"SHARDACROP","EQ","   1297.00","13-FEB-2026","    755.55","10-NOV-2025"
"SHARDAMOTR","EQ","   1248.00","07-JUL-2025","    700.00","30-MAR-2026"
"SHARDUL","EQ","     33.82","11-MAY-2026","     24.21","19-JUN-2026"
"SHAREINDIA","EQ","    211.00","20-OCT-2025","    115.36","30-MAR-2026"
"SHARIABEES","EQ","    537.63","02-JUL-2025","    433.68","25-MAR-2026"
"SHARIBENAV","EQ","-","-","-","-"
"SHARIKA$","BE","-","-","-","-"
"SHARMEH$","EQ","-","-","-","-"
"SHARPINV$","EQ","-","-","-","-"
"SHARPLINE$","EQ","-","-","-","-"
"SHARVAYA$","SM","-","-","-","-"
"SHASHIJIT$","EQ","-","-","-","-"
"SHAYONAEN$","SM","-","-","-","-"
"SHBAJRG","EQ","    212.00","09-JUN-2026","    150.50","26-MAY-2026"
"SHEEL","ST","     95.55","08-OCT-2025","     37.80","01-APR-2026"
"SHEETAL","SM","    335.00","19-MAY-2026","    114.00","08-SEP-2025"
"SHEKHAWATI","BE","     26.40","17-JUL-2025","      9.12","30-MAR-2026"
"SHELTER$","SM","-","-","-","-"
"SHEMAROO","BE","    161.00","01-JUL-2025","     73.00","30-MAR-2026"
"SHERA","ST","    183.15","14-MAY-2026","     94.95","30-MAR-2026"
"SHERVANI$","EQ","-","-","-","-"
"SHETHJI","ST","    185.00","21-MAY-2026","     95.50","14-NOV-2025"
"SHETR$","EQ","-","-","-","-"
"SHHARICH$","EQ","-","-","-","-"
"SHIGAN","SM","     95.00","19-AUG-2025","     41.20","22-DEC-2025"
"SHIKHAR$","BE","-","-","-","-"
"SHIKHARLE$","BE","-","-","-","-"
"SHILCTECH","EQ","   5399.00","28-APR-2026","   2852.50","27-JAN-2026"
"SHILGRAVQ$","EQ","-","-","-","-"
"SHILINDOR$","EQ","-","-","-","-"
"SHILPAMED","EQ","    598.90","23-JUN-2026","    259.50","27-JAN-2026"
"SHINDL","EQ","    179.70","07-MAY-2026","    140.15","21-APR-2026"
"SHINEFASH$","ST","-","-","-","-"
"SHIPWAVES$","ST","-","-","-","-"
"SHISHIND$","EQ","-","-","-","-"
"SHIVA$","BE","-","-","-","-"
"SHIVAAGRO$","EQ","-","-","-","-"
"SHIVACEM$","EQ","-","-","-","-"
"SHIVAEXPO$","ST","-","-","-","-"
"SHIVAGR$","EQ","-","-","-","-"
"SHIVALIK","BE","    651.00","30-JUL-2025","    206.75","23-MAR-2026"
"SHIVAM$","SM","-","-","-","-"
"SHIVAMAUTO","BE","     35.79","18-SEP-2025","     13.05","30-MAR-2026"
"SHIVAMILLS","BE","     81.98","21-JUL-2025","     43.01","30-MAR-2026"
"SHIVASHRIT","SM","    148.50","01-SEP-2025","     96.00","27-MAR-2026"
"SHIVATEX","EQ","    217.92","06-NOV-2025","    126.06","30-MAR-2026"
"SHIVAUM","EQ","    407.00","23-JUN-2026","    275.00","17-MAR-2026"
"SHIVTEXCH$","ST","-","-","-","-"
"SHK","EQ","    275.50","04-SEP-2025","    111.98","30-MAR-2026"
"SHKALYN$","BE","-","-","-","-"
"SHKARTP$","EQ","-","-","-","-"
"SHKSIL","SM","     84.00","15-JUL-2025","     35.00","22-JUN-2026"
"SHLOKKA$","ST","-","-","-","-"
"SHOPERSTOP","EQ","    588.75","17-JUL-2025","    275.95","02-MAR-2026"
"SHPLPUNE$","EQ","-","-","-","-"
"SHRAAITEC$","EQ","-","-","-","-"
"SHRADDHA$","EQ","-","-","-","-"
"SHRADHA","EQ","     70.00","07-JUL-2025","     26.34","30-MAR-2026"
"SHRAJOI$","EQ","-","-","-","-"
"SHRAJSYNQ$","BE","-","-","-","-"
"SHRDAIS$","EQ","-","-","-","-"
"SHREDIGCEM","EQ","    107.70","25-AUG-2025","     53.90","30-MAR-2026"
"SHREE$","SM","-","-","-","-"
"SHREECEM","EQ","  32490.00","23-JUL-2025","  22550.00","23-MAR-2026"
"SHREEGANE$","EQ","-","-","-","-"
"SHREEJISPG","EQ","    505.65","22-JUN-2026","    222.00","09-OCT-2025"
"SHREEKARNI","SM","    712.00","30-SEP-2025","    329.95","24-MAR-2026"
"SHREENATH$","SM","-","-","-","-"
"SHREEOSFM","SM","    123.95","14-OCT-2025","     50.10","08-JUN-2026"
"SHREEPAC$","EQ","-","-","-","-"
"SHREEPUSHK","EQ","    476.00","23-SEP-2025","    272.45","23-MAR-2026"
"SHREERAMA","EQ","     71.99","02-JAN-2026","     39.32","02-JUL-2025"
"SHREEREF$","SM","-","-","-","-"
"SHREESEC$","BE","-","-","-","-"
"SHREESHAY$","SM","-","-","-","-"
"SHREMETAL$","EQ","-","-","-","-"
"SHREMINVIT","IV","    110.00","29-JUL-2025","     91.10","05-MAR-2026"
"SHRENIK","BZ","       .65","02-DEC-2025","       .36","22-JUN-2026"
"SHRENTI$","BE","-","-","-","-"
"SHREYANIND","EQ","    250.00","24-JUL-2025","    122.00","30-MAR-2026"
"SHREYASI$","EQ","-","-","-","-"
"SHRIAHIMSA","ST","    408.45","23-JUN-2026","    147.00","07-JUL-2025"
"SHRICON$","BE","-","-","-","-"
"SHRIDINE$","EQ","-","-","-","-"
"SHRIGANG$","EQ","-","-","-","-"
"SHRIKANHA","ST","     88.00","10-DEC-2025","     15.10","01-APR-2026"
"SHRIKRISH","EQ","     56.00","28-APR-2026","     35.00","21-APR-2026"
"SHRINGARMS","EQ","    266.50","19-FEB-2026","    166.00","30-MAR-2026"
"SHRINIWAS$","BE","-","-","-","-"
"SHRIPISTON","EQ","   3889.90","23-JUN-2026","   2301.20","04-AUG-2025"
"SHRIRAMFIN","EQ","   1108.00","26-FEB-2026","    566.50","29-AUG-2025"
"SHRIRAMPPS","EQ","    105.58","25-JUN-2025","     60.57","30-MAR-2026"
"SHRISTI$","EQ","-","-","-","-"
"SHRITECH","SM","     95.00","14-JUL-2025","     51.35","30-JAN-2026"
"SHRJAGP$","EQ","-","-","-","-"
"SHRMFGC$","EQ","-","-","-","-"
"SHRYDUS$","EQ","-","-","-","-"
"SHTL$","ST","-","-","-","-"
"SHUBHAM$","EQ","-","-","-","-"
"SHUBHLAXMI","SM","     40.00","26-DEC-2025","     13.35","26-AUG-2025"
"SHUBHSHREE","SM","    494.95","20-AUG-2025","    274.00","27-MAR-2026"
"SHUKJEW$","BE","-","-","-","-"
"SHUKRAPHA$","EQ","-","-","-","-"
"SHVFL$","EQ","-","-","-","-"
"SHVSUIT$","BE","-","-","-","-"
"SHYAMACOM$","BE","-","-","-","-"
"SHYAMCENT","EQ","      9.75","02-SEP-2025","      3.68","30-MAR-2026"
"SHYAMDHANI","ST","    139.65","30-DEC-2025","     47.00","30-MAR-2026"
"SHYAMMETL","EQ","   1014.00","04-JUN-2026","    746.00","16-MAR-2026"
"SHYAMTEL","BE","     25.42","06-MAY-2026","      7.07","18-MAR-2026"
"SHYMINV$","EQ","-","-","-","-"
"SIBARAUT$","EQ","-","-","-","-"
"SICAGEN","EQ","     61.50","29-MAY-2026","     50.56","23-JUN-2026"
"SICAPIT$","EQ","-","-","-","-"
"SICL$","BE","-","-","-","-"
"SIDDHEGA$","EQ","-","-","-","-"
"SIDDHICOTS","SM","     86.40","26-SEP-2025","     26.50","08-JUN-2026"
"SIDDHIKA","SM","    250.00","13-MAY-2026","    180.65","06-OCT-2025"
"SIEL$","EQ","-","-","-","-"
"SIEMENS","EQ","   3937.30","29-MAY-2026","   2826.00","21-JAN-2026"
"SIGACHI","BE","     58.15","25-JUN-2025","     16.65","30-MAR-2026"
"SIGIND","EQ","     66.89","02-JUL-2025","     40.66","23-MAR-2026"
"SIGMA","EQ","     65.50","03-OCT-2025","     35.46","30-MAR-2026"
"SIGMAADV","BE","    578.85","23-JUN-2026","     81.61","23-JUN-2025"
"SIGNATURE","EQ","   1294.00","10-JUL-2025","    705.20","02-APR-2026"
"SIGNGCL$","EQ","-","-","-","-"
"SIGNORIA","SM","    123.00","24-JUN-2025","     53.10","06-APR-2026"
"SIGNPOST","EQ","    310.00","25-AUG-2025","    181.10","23-JUN-2025"
"SIHORA$","SM","-","-","-","-"
"SIIL$","EQ","-","-","-","-"
"SIKA","EQ","   1199.80","08-MAY-2026","    870.10","18-MAY-2026"
"SIKKO","EQ","      6.83","24-OCT-2025","      3.20","23-SEP-2025"
"SIKOZY$","EQ","-","-","-","-"
"SIL","EQ","     21.71","24-JUL-2025","     11.70","30-MAR-2026"
"SILBNDINAV","EQ","-","-","-","-"
"SILCASINAV","EQ","-","-","-","-"
"SILGO","EQ","     86.20","29-MAY-2026","     49.00","02-JUL-2025"
"SILINV","EQ","    767.00","17-OCT-2025","    380.00","30-MAR-2026"
"SILKFLEX","ST","    229.70","04-MAY-2026","     76.00","17-NOV-2025"
"SILKY","SM","    171.00","07-JUL-2025","    103.00","04-JUN-2026"
"SILLYMONKS","EQ","     28.45","06-NOV-2025","     14.61","19-MAY-2026"
"SILVER","EQ","    371.89","29-JAN-2026","    104.82","27-JUN-2025"
"SILVER1","EQ","     38.80","29-JAN-2026","     10.27","30-JUN-2025"
"SILVER360","EQ","    358.00","29-JAN-2026","    103.00","01-JUL-2025"
"SILVERADD","EQ","    390.00","29-JAN-2026","    101.80","27-JUN-2025"
"SILVERAG","EQ","    380.00","29-JAN-2026","    102.98","30-JUN-2025"
"SILVERBEES","EQ","    360.00","29-JAN-2026","    101.35","27-JUN-2025"
"SILVERBETA","EQ","    379.66","29-JAN-2026","    102.55","04-JUL-2025"
"SILVERBND","EQ","    389.00","29-JAN-2026","    180.00","12-DEC-2025"
"SILVERCASE","EQ","     38.01","29-JAN-2026","     10.23","24-JUN-2025"
"SILVERIETF","EQ","    373.50","29-JAN-2026","    105.15","02-JUL-2025"
"SILVERINAV","EQ","-","-","-","-"
"SILVERO$","BE","-","-","-","-"
"SILVERPRL$","SM","-","-","-","-"
"SILVERTUC","EQ","    212.70","16-JUN-2026","     66.19","03-SEP-2025"
"SILVOAK$","EQ","-","-","-","-"
"SIMANDHAR$","BE","-","-","-","-"
"SIMBHALS","BZ","     18.10","30-JUN-2025","      6.51","05-JUN-2026"
"SIMCA","SM","    170.95","22-JUN-2026","    132.00","08-JUN-2026"
"SIMMOND$","BE","-","-","-","-"
"SIMPLEXINF","EQ","    330.00","16-SEP-2025","    137.00","30-MAR-2026"
"SIMPLXMIL$","BE","-","-","-","-"
"SIMPLXREA$","EQ","-","-","-","-"
"SIMRAN$","EQ","-","-","-","-"
"SINCLAIR","EQ","    114.75","11-SEP-2025","     68.82","16-MAR-2026"
"SINDHUTRAD","EQ","     39.29","07-JUL-2025","     17.64","27-JAN-2026"
"SINGERIND","EQ","     80.00","17-APR-2026","     57.15","30-MAR-2026"
"SINNAR$","BE","-","-","-","-"
"SINTERCOM","EQ","    153.84","18-JUL-2025","     62.99","30-MAR-2026"
"SIRCA","EQ","    539.00","19-NOV-2025","    368.00","02-JUL-2025"
"SIROHIA$","ST","-","-","-","-"
"SIS","EQ","    444.30","11-JUN-2026","    257.05","23-MAR-2026"
"SITAENT$","EQ","-","-","-","-"
"SITINET","BZ","       .58","29-JUL-2025","       .28","01-APR-2026"
"SIYARAM$","ST","-","-","-","-"
"SIYSIL","EQ","    848.80","04-NOV-2025","    433.35","30-MAR-2026"
"SJCORP$","BE","-","-","-","-"
"SJLOGISTIC","SM","    484.10","24-JUN-2025","    225.35","30-MAR-2026"
"SJS","EQ","   2286.70","17-JUN-2026","   1131.30","07-AUG-2025"
"SJVN","EQ","    102.30","25-JUN-2025","     63.02","30-MAR-2026"
"SKCIL$","EQ","-","-","-","-"
"SKFINDIA","EQ","   5074.00","14-OCT-2025","   1404.00","30-MAR-2026"
"SKFINDUS","EQ","   2945.00","23-JUN-2026","   1994.10","13-MAY-2026"
"SKIEL$","ST","-","-","-","-"
"SKIFL$","ST","-","-","-","-"
"SKIPPER","EQ","    588.00","08-SEP-2025","    327.05","09-MAR-2026"
"SKL$","ST","-","-","-","-"
"SKM$","ST","-","-","-","-"
"SKMEGGPROD","EQ","    257.40","08-JUN-2026","    120.00","27-JUN-2025"
"SKP","SM","    238.00","23-SEP-2025","    137.00","30-MAR-2026"
"SKPMIL$","EQ","-","-","-","-"
"SKPSEC$","EQ","-","-","-","-"
"SKRABUL$","EQ","-","-","-","-"
"SKYBIOTEC$","BE","-","-","-","-"
"SKYGOLD","EQ","    590.00","04-JUN-2026","    246.05","06-AUG-2025"
"SKYIND$","EQ","-","-","-","-"
"SKYLMILAR$","EQ","-","-","-","-"
"SLONE","SM","    371.45","27-OCT-2025","    110.00","19-JUN-2026"
"SMAADDINAV","EQ","-","-","-","-"
"SMACAPINAV","EQ","-","-","-","-"
"SMALL250","EQ","     19.95","15-JUN-2026","     14.16","23-MAR-2026"
"SMALLADD","EQ","     18.20","23-JUN-2026","     14.01","27-MAR-2026"
"SMALLCAP","EQ","     54.50","23-OCT-2025","     37.34","23-MAR-2026"
"SMALLGINAV","EQ","-","-","-","-"
"SMALLGROWW","EQ","     48.65","18-JUN-2026","     46.00","23-JUN-2026"
"SMALLIETF","EQ","-","-","-","-"
"SMARITIME$","SM","-","-","-","-"
"SMARTEN","ST","    157.95","25-JUL-2025","     42.00","30-MAR-2026"
"SMARTFIN$","EQ","-","-","-","-"
"SMARTLINK","BE","    199.00","14-MAY-2026","    103.50","30-MAR-2026"
"SMARTWORKS","EQ","    619.00","04-NOV-2025","    361.50","30-MAR-2026"
"SMAUTO$","ST","-","-","-","-"
"SMCGLOBAL","EQ","     94.90","02-JAN-2026","     54.44","30-MAR-2026"
"SMEL$","ST","-","-","-","-"
"SMFIL$","BE","-","-","-","-"
"SMGOLD$","EQ","-","-","-","-"
"SML$","BE","-","-","-","-"
"SML100CASE","EQ","     11.74","11-MAY-2026","      8.50","23-MAR-2026"
"SML100INAV","EQ","-","-","-","-"
"SMLMAH","EQ","   5348.00","18-FEB-2026","   1738.50","24-JUN-2025"
"SMLT","EQ","    133.99","08-JUL-2025","     56.61","30-MAR-2026"
"SMR$","SM","-","-","-","-"
"SMRUTHIOR$","EQ","-","-","-","-"
"SMSPHARMA","EQ","    447.80","15-APR-2026","    207.99","07-AUG-2025"
"SMTEL$","BE","-","-","-","-"
"SMVD","SM","     16.90","23-JUN-2025","      5.60","23-OCT-2025"
"SNEHAA","ST","    122.00","05-SEP-2025","     35.50","30-MAR-2026"
"SNIM$","EQ","-","-","-","-"
"SNL$","EQ","-","-","-","-"
"SNOWMAN","EQ","     64.05","28-JUL-2025","     30.50","30-MAR-2026"
"SNXT30BEES","EQ","     43.75","08-MAY-2026","     36.83","30-MAR-2026"
"SNXT30INAV","EQ","-","-","-","-"
"SNXT50BETA","EQ","    102.25","17-SEP-2025","     77.87","01-APR-2026"
"SOBHA","EQ","   1732.50","22-JUL-2025","   1130.00","02-APR-2026"
"SOBME$","EQ","-","-","-","-"
"SOCL","ST","     68.80","30-DEC-2025","     23.65","01-APR-2026"
"SODHACAP$","SM","-","-","-","-"
"SOFCOM$","EQ","-","-","-","-"
"SOFTRAKV$","EQ","-","-","-","-"
"SOFTTECH","BE","    489.90","02-JUN-2026","    215.00","30-MAR-2026"
"SOLARA","EQ","    734.40","25-JUL-2025","    422.00","30-MAR-2026"
"SOLARINDS","EQ","  18874.00","29-MAY-2026","  11646.00","18-DEC-2025"
"SOLARIUM$","SM","-","-","-","-"
"SOLARWORLD","EQ","    388.50","30-SEP-2025","    139.19","30-MAR-2026"
"SOLEX","EQ","   1985.00","21-NOV-2025","    795.45","04-MAR-2026"
"SOLIDSTON$","EQ","-","-","-","-"
"SOLIMAC$","EQ","-","-","-","-"
"SOLVEX$","ST","-","-","-","-"
"SOMANYCERA","EQ","    609.80","08-JUL-2025","    332.00","10-MAR-2026"
"SOMATEX","EQ","    161.25","06-NOV-2025","     41.76","02-JUL-2025"
"SOMICONVEY","EQ","    172.78","27-JUN-2025","     85.50","03-FEB-2026"
"SONACOMS","EQ","    626.35","22-JUN-2026","    402.30","29-SEP-2025"
"SONAL","EQ","    104.75","28-APR-2026","     87.40","26-MAY-2026"
"SONALAD$","EQ","-","-","-","-"
"SONALIS$","SM","-","-","-","-"
"SONAMAC","ST","     89.60","21-JUL-2025","     27.10","30-MAR-2026"
"SONAMLTD","EQ","     63.00","01-JUN-2026","     37.40","28-JAN-2026"
"SONATSOFTW","EQ","    452.80","08-JUL-2025","    207.15","30-MAR-2026"
"SONUINFRA","SM","    139.40","11-JUL-2025","     38.00","30-MAR-2026"
"SOTAC","SM","    152.35","01-JUL-2025","    100.00","16-JAN-2026"
"SOTL","EQ","    624.00","18-JUN-2026","    285.80","30-MAR-2026"
"SOURCENTR$","EQ","-","-","-","-"
"SOUTHBANK","EQ","     49.79","18-JUN-2026","     28.11","05-SEP-2025"
"SOUTHERNI$","EQ","-","-","-","-"
"SOUTHMG$","EQ","-","-","-","-"
"SOUTHWEST","EQ","    275.00","01-JUN-2026","    121.00","15-OCT-2025"
"SOUTLAT$","EQ","-","-","-","-"
"SOVERDIA$","EQ","-","-","-","-"
"SPACEINCU$","BE","-","-","-","-"
"SPAL","EQ","   1084.00","19-JUN-2026","    600.00","20-JAN-2026"
"SPANDANA","EQ","    306.29","15-JUL-2025","    181.10","30-MAR-2026"
"SPARC","EQ","    253.17","18-JUN-2026","    108.00","23-MAR-2026"
"SPARKLEGR$","EQ","-","-","-","-"
"SPCAPIT$","EQ","-","-","-","-"
"SPCENET","EQ","     11.24","28-OCT-2025","      3.00","12-JUN-2026"
"SPCL","SM","    138.90","01-JUL-2025","     59.00","30-MAR-2026"
"SPCON","SM","    169.00","21-APR-2026","     99.00","18-MAR-2026"
"SPEB","ST","     98.25","01-JUN-2026","     46.55","01-JAN-2026"
"SPECFOOD$","EQ","-","-","-","-"
"SPECIALITY","EQ","    154.00","07-OCT-2025","     82.70","30-MAR-2026"
"SPECTRA$","BE","-","-","-","-"
"SPECTRUM","EQ","   1853.00","19-JUN-2026","   1050.00","12-JAN-2026"
"SPECTSTM","ST","    138.50","24-JUN-2025","     50.75","30-MAR-2026"
"SPENCERS","EQ","     66.00","27-JUN-2025","     24.38","30-MAR-2026"
"SPENTA$","EQ","-","-","-","-"
"SPIC","EQ","    128.20","03-SEP-2025","     55.10","30-MAR-2026"
"SPICEISLI$","EQ","-","-","-","-"
"SPICELOUN$","EQ","-","-","-","-"
"SPINAROO$","SM","-","-","-","-"
"SPITZE$","SM","-","-","-","-"
"SPL$","SM","-","-","-","-"
"SPLIL","EQ","     46.40","02-JUL-2025","     20.20","30-MAR-2026"
"SPLPETRO","EQ","    979.00","29-SEP-2025","    462.30","21-JAN-2026"
"SPML$","ST","-","-","-","-"
"SPMLINFRA","EQ","    323.40","01-AUG-2025","    151.01","30-MAR-2026"
"SPORTKING","EQ","    198.50","01-JUN-2026","     78.17","21-JAN-2026"
"SPPPOLY","SM","     18.40","25-JUN-2025","     10.30","01-APR-2026"
"SPRAYKING$","EQ","-","-","-","-"
"SPRL","SM","    199.40","27-OCT-2025","     74.50","29-MAY-2026"
"SPTRSHI$","EQ","-","-","-","-"
"SPUNWEB","SM","    173.55","16-SEP-2025","     80.00","27-MAR-2026"
"SPVGLOBAL$","BE","-","-","-","-"
"SRAMSET$","EQ","-","-","-","-"
"SRD","EQ","     91.00","02-SEP-2025","     37.30","09-JUN-2026"
"SRDAPRT$","BE","-","-","-","-"
"SRECR$","BE","-","-","-","-"
"SREEL","EQ","    258.00","17-SEP-2025","    165.25","30-MAR-2026"
"SRESTHA$","EQ","-","-","-","-"
"SRF","EQ","   3325.00","10-JUL-2025","   2355.00","06-APR-2026"
"SRGFFL$","SM","-","-","-","-"
"SRGHFL","EQ","    335.00","04-AUG-2025","    224.40","24-MAR-2026"
"SRHHYPOLTD","EQ","    716.50","17-JUL-2025","    382.40","30-MAR-2026"
"SRICC$","EQ","-","-","-","-"
"SRIGEE$","SM","-","-","-","-"
"SRIKPRIND$","EQ","-","-","-","-"
"SRINACHA$","EQ","-","-","-","-"
"SRIVASAVI","SM","     74.45","04-JUL-2025","     39.00","30-JAN-2026"
"SRM","EQ","    649.95","17-NOV-2025","    361.35","12-MAR-2026"
"SRMCL$","BE","-","-","-","-"
"SRMENERGY$","BE","-","-","-","-"
"SRSOLTD$","ST","-","-","-","-"
"SRTL","EQ","     73.36","04-MAR-2026","     39.00","23-JUN-2026"
"SRUSTEELS$","BE","-","-","-","-"
"SSDL","EQ","    102.59","18-JUL-2025","     46.15","30-MAR-2026"
"SSEGL","SM","    580.00","10-NOV-2025","    283.00","30-MAR-2026"
"SSFL","ST","    234.20","11-JUN-2026","     86.00","30-JAN-2026"
"SSL$","SM","-","-","-","-"
"SSMD$","ST","-","-","-","-"
"SSPDL$","EQ","-","-","-","-"
"SSPNFIN$","SM","-","-","-","-"
"SSTL$","SM","-","-","-","-"
"SSWL","EQ","    280.00","01-JUL-2025","    169.00","30-MAR-2026"
"SSWRL$","EQ","-","-","-","-"
"STAL$","SM","-","-","-","-"
"STALLION","EQ","    359.15","17-OCT-2025","     62.71","23-JUN-2025"
"STANBIK$","SM","-","-","-","-"
"STANCAP$","EQ","-","-","-","-"
"STANLEY","EQ","    356.00","27-JUN-2025","    123.00","30-MAR-2026"
"STANROS$","EQ","-","-","-","-"
"STAR","EQ","   1231.00","12-MAY-2026","    768.65","29-JAN-2026"
"STARCEMENT","EQ","    308.95","02-SEP-2025","    196.53","09-MAR-2026"
"STARCOM$","EQ","-","-","-","-"
"STARDELTA$","EQ","-","-","-","-"
"STARHEALTH","EQ","    597.40","23-JUN-2026","    412.60","01-JUL-2025"
"STARHFL$","BE","-","-","-","-"
"STARIMAGI$","ST","-","-","-","-"
"STARLENT$","BE","-","-","-","-"
"STARLOG$","EQ","-","-","-","-"
"STARPAPER","EQ","    188.80","25-AUG-2025","    119.05","30-MAR-2026"
"STARSOURC$","EQ","-","-","-","-"
"STARTECK","EQ","    355.80","08-AUG-2025","    215.10","30-MAR-2026"
"STCINDIA","EQ","    153.89","24-JUN-2025","     97.04","30-MAR-2026"
"STCORP$","BE","-","-","-","-"
"STDBAT$","EQ","-","-","-","-"
"STDSFAC$","EQ","-","-","-","-"
"STDSHOE$","BE","-","-","-","-"
"STEELCAS","EQ","    320.00","29-APR-2026","    176.02","30-JAN-2026"
"STEELCITY","EQ","    116.90","27-JUN-2025","     71.26","30-MAR-2026"
"STEELCO$","BE","-","-","-","-"
"STEELXIND","EQ","     13.95","22-JUN-2026","      7.00","30-MAR-2026"
"STEL","EQ","    657.30","16-JUN-2026","    380.00","10-OCT-2025"
"STELLANT$","BE","-","-","-","-"
"STELLAR$","SM","-","-","-","-"
"STEP2COR$","EQ","-","-","-","-"
"STERPOW$","BE","-","-","-","-"
"STERTOOLS","EQ","    384.00","21-JUL-2025","    155.00","30-MAR-2026"
"STHINPA$","EQ","-","-","-","-"
"STL$","EQ","-","-","-","-"
"STLNETWORK","BE","     35.40","19-SEP-2025","     15.75","30-MAR-2026"
"STLSTRINF$","EQ","-","-","-","-"
"STLTECH","BE","    679.90","05-JUN-2026","     84.60","27-JAN-2026"
"STML$","SM","-","-","-","-"
"STOVACQ$","EQ","-","-","-","-"
"STOVEKRAFT","EQ","    813.95","03-NOV-2025","    447.05","30-MAR-2026"
"STRGRENWO$","EQ","-","-","-","-"
"STRIDERS","SM","     82.00","30-APR-2026","     49.00","18-JUN-2026"
"STUDDS","EQ","    600.00","18-NOV-2025","    427.55","18-MAY-2026"
"STUDIOLSD","ST","     43.20","25-AUG-2025","      7.15","30-MAR-2026"
"STURDY$","BE","-","-","-","-"
"STYL","EQ","    437.45","30-SEP-2025","    209.11","30-MAR-2026"
"STYLAMIND","EQ","   3357.30","18-JUN-2026","   1593.70","24-JUN-2025"
"STYLEBAAZA","BE","    427.00","13-MAY-2026","    229.95","23-MAR-2026"
"STYRENIX","EQ","   3316.50","24-JUN-2025","   1780.00","30-MAR-2026"
"SUBAHOTELS","SM","    200.00","23-OCT-2025","     97.65","30-MAR-2026"
"SUBAM$","SM","-","-","-","-"
"SUBEXLTD","BE","     15.02","07-JUL-2025","      6.61","30-MAR-2026"
"SUBROS","EQ","   1213.70","29-SEP-2025","    622.10","30-MAR-2026"
"SUCROSA$","EQ","-","-","-","-"
"SUDAI$","EQ","-","-","-","-"
"SUDARCOLOR","EQ","    620.85","17-JUL-2025","    268.25","30-MAR-2026"
"SUDARSCHEM","EQ","   1603.00","24-SEP-2025","    726.40","30-MAR-2026"
"SUDARSHAN$","ST","-","-","-","-"
"SUDEEPPHRM","EQ","    882.40","17-JUN-2026","    524.05","21-JAN-2026"
"SUDTIND-B$","EQ","-","-","-","-"
"SUGALDAM$","EQ","-","-","-","-"
"SUGSLLOYD$","ST","-","-","-","-"
"SUJALA$","EQ","-","-","-","-"
"SUKHJITS","EQ","    231.10","27-FEB-2026","    137.30","30-MAR-2026"
"SULA","EQ","    309.80","01-JUL-2025","    138.60","30-MAR-2026"
"SULABEN$","EQ","-","-","-","-"
"SUMEDHA$","EQ","-","-","-","-"
"SUMEET-RE","BE","     11.00","22-JUN-2026","      5.19","23-JUN-2026"
"SUMEETINDS","EQ","     34.91","23-OCT-2025","     10.63","23-JUN-2025"
"SUMERUIND$","EQ","-","-","-","-"
"SUMICHEM","EQ","    665.00","04-AUG-2025","    362.60","30-MAR-2026"
"SUMIT","BE","    104.90","18-AUG-2025","     31.74","12-MAR-2026"
"SUMMITSEC","EQ","   2495.00","23-OCT-2025","   1312.00","30-MAR-2026"
"SUNCITYSY$","EQ","-","-","-","-"
"SUNCLAY","EQ","   2125.00","25-JUN-2025","   1112.80","27-JAN-2026"
"SUNDARAM","EQ","      2.38","20-AUG-2025","      1.11","30-MAR-2026"
"SUNDARMFIN","EQ","   5642.00","04-MAR-2026","   4000.00","08-JUN-2026"
"SUNDRMBRAK","BE","   1048.95","23-JUL-2025","    460.00","30-MAR-2026"
"SUNDRMFAST","EQ","   1080.00","07-JUL-2025","    730.10","02-APR-2026"
"SUNDROP","EQ","    939.60","22-JUL-2025","    556.00","30-MAR-2026"
"SUNFLAG","EQ","    428.00","07-MAY-2026","    192.15","30-MAR-2026"
"SUNGOLD$","EQ","-","-","-","-"
"SUNILAGR$","EQ","-","-","-","-"
"SUNILTX$","BE","-","-","-","-"
"SUNLITE","ST","    583.55","27-APR-2026","    142.20","11-AUG-2025"
"SUNLOC$","EQ","-","-","-","-"
"SUNPHARMA","EQ","   1916.60","19-MAY-2026","   1548.00","26-SEP-2025"
"SUNRAJDI$","EQ","-","-","-","-"
"SUNRAKSHA$","EQ","-","-","-","-"
"SUNREST","SM","     54.20","23-JUL-2025","     26.38","21-JAN-2026"
"SUNRETAIL$","SM","-","-","-","-"
"SUNRINV$","BE","-","-","-","-"
"SUNSHIEL$","EQ","-","-","-","-"
"SUNSKY$","SM","-","-","-","-"
"SUNTECH","ST","    110.00","02-JUL-2025","     30.00","24-MAR-2026"
"SUNTECK","EQ","    473.00","08-SEP-2025","    270.75","30-MAR-2026"
"SUNTV","EQ","    660.70","20-APR-2026","    480.20","23-JAN-2026"
"SUPER$","EQ","-","-","-","-"
"SUPERHOUSE","EQ","    201.95","18-SEP-2025","    128.55","23-MAR-2026"
"SUPERIRON$","ST","-","-","-","-"
"SUPERSHAK$","SM","-","-","-","-"
"SUPERSPIN","BE","     11.75","02-JUL-2025","      3.79","30-MAR-2026"
"SUPHA$","BE","-","-","-","-"
"SUPRAJIT","EQ","    517.65","24-SEP-2025","    389.95","16-MAR-2026"
"SUPRAPFSL$","EQ","-","-","-","-"
"SUPRATRE$","EQ","-","-","-","-"
"SUPREME","EQ","     97.84","13-OCT-2025","     43.20","30-MAR-2026"
"SUPREMEENG","BZ","      1.87","23-JUN-2025","       .68","11-NOV-2025"
"SUPREMEIND","EQ","   4664.90","25-AUG-2025","   3182.00","11-DEC-2025"
"SUPREMEINF","EQ","    130.25","07-JUL-2025","     58.11","02-APR-2026"
"SUPREMEPWR","ST","    291.35","06-MAY-2026","    130.55","24-FEB-2026"
"SUPRIYA","EQ","   1085.00","01-JUN-2026","    545.50","24-MAR-2026"
"SUPTANERY$","EQ","-","-","-","-"
"SURAJ$","BE","-","-","-","-"
"SURAJEST","EQ","    382.75","26-JUN-2025","    171.30","30-MAR-2026"
"SURAJLTD","EQ","    424.40","25-JUN-2025","    205.00","30-MAR-2026"
"SURAKSHA","EQ","    352.50","25-JUN-2025","    224.10","30-MAR-2026"
"SURANASOL","EQ","     39.08","08-SEP-2025","     18.31","30-MAR-2026"
"SURANAT&P","EQ","     29.27","09-SEP-2025","     15.50","30-MAR-2026"
"SURANI","ST","    143.60","20-MAY-2026","     47.30","10-MAR-2026"
"SURATRAML$","EQ","-","-","-","-"
"SURBHIN$","BE","-","-","-","-"
"SURFI$","EQ","-","-","-","-"
"SURJIND$","BE","-","-","-","-"
"SURYAAMBA$","EQ","-","-","-","-"
"SURYAINDI$","EQ","-","-","-","-"
"SURYALA","EQ","    508.00","01-JUN-2026","    330.30","30-APR-2026"
"SURYALAXMI","EQ","     82.40","04-JUL-2025","     43.00","30-MAR-2026"
"SURYAROSNI","EQ","    359.00","25-JUN-2025","    187.35","30-MAR-2026"
"SURYODAY","EQ","    190.78","13-MAY-2026","    115.41","24-FEB-2026"
"SURYVANSP$","BE","-","-","-","-"
"SUSAN$","ST","-","-","-","-"
"SUTLEJTEX","EQ","     51.70","14-JUL-2025","     24.00","30-MAR-2026"
"SUVEN","EQ","    299.99","15-JUL-2025","    124.11","24-MAR-2026"
"SUVIDHAA","EQ","      6.57","17-JUL-2025","      2.21","30-MAR-2026"
"SUYOG","EQ","    929.20","22-JUL-2025","    526.50","01-FEB-2026"
"SUZLON","EQ","     68.30","16-JUL-2025","     38.19","09-MAR-2026"
"SVAINDIA$","BE","-","-","-","-"
"SVAMSOF$","EQ","-","-","-","-"
"SVARTCORP$","EQ","-","-","-","-"
"SVGLOBAL$","EQ","-","-","-","-"
"SVJ$","SM","-","-","-","-"
"SVLL","BE","    897.45","08-JUN-2026","    445.15","30-MAR-2026"
"SVPGLOB","BE","      6.89","28-NOV-2025","      2.18","30-MAR-2026"
"SVRL$","ST","-","-","-","-"
"SVS$","SM","-","-","-","-"
"SW1$","BE","-","-","-","-"
"SWADHATUR$","EQ","-","-","-","-"
"SWADPOL$","EQ","-","-","-","-"
"SWAGTAM$","EQ","-","-","-","-"
"SWANAGRO$","SM","-","-","-","-"
"SWANCORP","EQ","    526.70","16-JUL-2025","    295.65","30-MAR-2026"
"SWANDEF","BE","   2489.00","16-MAR-2026","    197.46","23-JUN-2025"
"SWARAJ","SM","    318.95","23-FEB-2026","    158.50","29-SEP-2025"
"SWARAJENG","EQ","   4720.00","16-JUL-2025","   3301.30","30-MAR-2026"
"SWARNSAR$","EQ","-","-","-","-"
"SWASTH$","SM","-","-","-","-"
"SWASTIK","ST","     36.95","09-SEP-2025","     12.50","30-MAR-2026"
"SWASTIKA$","EQ","-","-","-","-"
"SWASTIKAA$","SM","-","-","-","-"
"SWASTIVI$","EQ","-","-","-","-"
"SWATIPRO$","EQ","-","-","-","-"
"SWELECTES","EQ","    977.00","10-OCT-2025","    483.10","30-MAR-2026"
"SWIGGY","EQ","    474.00","19-SEP-2025","    236.80","11-JUN-2026"
"SWISSMLTR$","EQ","-","-","-","-"
"SWITCHTE$","EQ","-","-","-","-"
"SWOJAS$","EQ","-","-","-","-"
"SWRNASE$","EQ","-","-","-","-"
"SWSOLAR","EQ","    341.00","15-JUL-2025","    148.00","30-MAR-2026"
"SYLPH$","EQ","-","-","-","-"
"SYLVANPLY","SM","     95.00","25-JUN-2025","     40.00","30-MAR-2026"
"SYMPHONY","EQ","   1200.50","17-JUL-2025","    656.00","11-JUN-2026"
"SYNCOMF","EQ","     20.13","25-JUN-2025","     10.21","30-MAR-2026"
"SYNGENE","EQ","    728.60","30-JUL-2025","    380.00","06-APR-2026"
"SYNOPTICS","SM","    112.35","24-SEP-2025","     39.65","30-MAR-2026"
"SYRMA","EQ","   1422.00","23-JUN-2026","    500.00","23-JUN-2025"
"SYSCHEM$","EQ","-","-","-","-"
"SYSTANGO","SM","    411.00","27-NOV-2025","    204.25","29-MAY-2026"
"SYSTEMATI$","ST","-","-","-","-"
"SYSTMTXC","BE","    177.90","24-NOV-2025","     51.89","30-MAR-2026"
"SYTIXSE$","EQ","-","-","-","-"
"TAALTECH","EQ","   3949.90","29-MAY-2026","   2616.10","19-MAY-2026"
"TAC","SM","    899.65","04-NOV-2025","    347.40","11-JUN-2026"
"TACENT$","BE","-","-","-","-"
"TAGOLDINAV","EQ","-","-","-","-"
"TAHMARENT$","BE","-","-","-","-"
"TAIIND$","BE","-","-","-","-"
"TAINWALCHM","EQ","    274.99","22-JUL-2025","    155.00","12-DEC-2025"
"TAJGVK","EQ","    512.65","09-SEP-2025","    281.35","23-MAR-2026"
"TAKE","BE","     50.14","20-APR-2026","      8.33","23-JUN-2025"
"TAKYON$","SM","-","-","-","-"
"TALBROAUTO","EQ","    385.85","15-JUN-2026","    219.90","24-MAR-2026"
"TALBROSEN$","EQ","-","-","-","-"
"TAMBOLIIN","EQ","    216.00","23-JUN-2026","    141.50","21-APR-2026"
"TANAA$","EQ","-","-","-","-"
"TANFACIND$","EQ","-","-","-","-"
"TANKUP","ST","   1071.40","10-JUN-2026","    295.00","08-AUG-2025"
"TANKUP","ST","-","-","-","-"
"TANLA","EQ","    766.00","19-SEP-2025","    365.90","30-MAR-2026"
"TANVI$","SM","-","-","-","-"
"TAPARIA$","EQ","-","-","-","-"
"TAPIFRUIT","SM","    104.80","18-SEP-2025","     45.10","16-JUN-2026"
"TARACHAND","EQ","    103.67","14-OCT-2025","     53.00","30-MAR-2026"
"TARAI$","BE","-","-","-","-"
"TARAPUR","EQ","     39.99","17-NOV-2025","     17.50","04-JUN-2026"
"TARC","EQ","    206.10","16-JUL-2025","    109.10","30-MAR-2026"
"TARIL","EQ","    578.50","05-AUG-2025","    224.05","02-FEB-2026"
"TARINI$","SM","-","-","-","-"
"TARMAT","EQ","     73.90","27-FEB-2026","     46.26","13-JAN-2026"
"TARSONS","EQ","    402.85","01-JUL-2025","    164.45","30-MAR-2026"
"TASHIND$","BE","-","-","-","-"
"TASILVINAV","EQ","-","-","-","-"
"TASTYBITE","EQ","  11958.00","07-AUG-2025","   6430.00","23-MAR-2026"
"TATACAP","EQ","    379.95","19-JUN-2026","    296.00","02-JUN-2026"
"TATACHEM","EQ","   1026.65","17-SEP-2025","    580.30","30-MAR-2026"
"TATACOMM","EQ","   2110.00","22-JUN-2026","   1322.50","02-APR-2026"
"TATACONSUM","EQ","   1282.70","12-MAY-2026","   1007.20","02-APR-2026"
"TATAELXSI","EQ","   6439.50","16-JUL-2025","   3926.10","19-JUN-2026"
"TATAGOLD","EQ","     17.70","29-JAN-2026","      8.00","29-JUL-2025"
"TATAINVEST","EQ","   1184.70","03-OCT-2025","    538.85","30-MAR-2026"
"TATAPOWER","EQ","    464.90","28-APR-2026","    342.50","27-JAN-2026"
"TATASTEEL","EQ","    224.40","15-MAY-2026","    150.48","23-JUN-2025"
"TATATECH","EQ","    784.00","09-JUN-2026","    507.40","30-MAR-2026"
"TATIAGLOB$","EQ","-","-","-","-"
"TATSILV","EQ","     35.10","29-JAN-2026","     10.11","30-JUN-2025"
"TATVA","EQ","   1610.00","18-NOV-2025","    905.00","23-JUN-2025"
"TAURIAN","SM","    425.00","06-OCT-2025","    192.00","17-MAR-2026"
"TBI","SM","    131.35","04-JUL-2025","     55.00","17-MAR-2026"
"TBOTEK","EQ","   1764.80","21-NOV-2025","   1004.20","23-MAR-2026"
"TBZ","EQ","    217.95","06-AUG-2025","    110.50","30-MAR-2026"
"TCC","EQ","    526.40","25-FEB-2026","    310.00","23-MAR-2026"
"TCFCFINQ$","EQ","-","-","-","-"
"TCI","EQ","   1289.00","18-JUL-2025","    868.05","18-MAY-2026"
"TCIEXP","EQ","    780.00","24-SEP-2025","    447.55","27-MAR-2026"
"TCIFINANCE","BE","     38.46","09-JAN-2026","     10.00","15-DEC-2025"
"TCIIND$","EQ","-","-","-","-"
"TCL","SM","    137.00","23-OCT-2025","     74.05","30-MAR-2026"
"TCMLMTD$","EQ","-","-","-","-"
"TCPLPACK","EQ","   3950.00","17-JUL-2025","   2200.00","23-MAR-2026"
"TCS","EQ","   3489.90","02-JUL-2025","   2055.00","23-JUN-2026"
"TDPOWERSYS","EQ","   1379.60","27-MAY-2026","    453.10","28-JUL-2025"
"TDSL$","BE","-","-","-","-"
"TEAM24$","EQ","-","-","-","-"
"TEAMGTY","EQ","    332.55","08-DEC-2025","    165.10","07-JUL-2025"
"TEAMLEASE","EQ","   2100.00","01-AUG-2025","   1065.20","16-MAR-2026"
"TEAMTECH","SM","     93.40","23-JUN-2026","     68.25","03-JUN-2026"
"TECH","EQ","     49.41","22-JAN-2026","     29.10","22-JUN-2026"
"TECHCON$","BE","-","-","-","-"
"TECHD","ST","    843.60","04-NOV-2025","    360.00","02-MAR-2026"
"TECHERA","SM","    325.70","29-OCT-2025","    127.55","10-JUN-2026"
"TECHINAV","EQ","-","-","-","-"
"TECHKGREE$","SM","-","-","-","-"
"TECHLABS","ST","    660.00","05-SEP-2025","    117.55","22-JUN-2026"
"TECHM","EQ","   1854.00","03-FEB-2026","   1304.10","09-MAR-2026"
"TECHNICHE$","SM","-","-","-","-"
"TECHNOE","EQ","   1654.00","10-JUL-2025","    870.00","27-JAN-2026"
"TECHNOPAC$","SM","-","-","-","-"
"TECHNVISN","EQ","   6198.00","29-APR-2026","   4825.00","13-MAY-2026"
"TECILCHEM","EQ","     22.87","12-SEP-2025","     10.60","17-JUN-2026"
"TEEAI$","EQ","-","-","-","-"
"TEGA","EQ","   2125.00","17-SEP-2025","   1467.00","26-JUN-2025"
"TEJASCARGO","SM","    435.85","19-MAY-2026","    166.00","23-JUN-2025"
"TEJASNET","EQ","    731.90","26-JUN-2025","    294.00","27-JAN-2026"
"TEJASSVI$","BE","-","-","-","-"
"TEJNAKSH$","EQ","-","-","-","-"
"TELECANOR$","EQ","-","-","-","-"
"TELGE$","SM","-","-","-","-"
"TELOGICA$","BE","-","-","-","-"
"TEMBO","EQ","    837.00","11-NOV-2025","    433.35","30-MAR-2026"
"TENNIND","EQ","    657.00","06-MAY-2026","    438.05","18-DEC-2025"
"TERAI$","EQ","-","-","-","-"
"TERASOFT","EQ","    598.00","17-NOV-2025","    260.05","23-JUN-2025"
"TERRAFORM$","BE","-","-","-","-"
"TERRAREAL$","BE","-","-","-","-"
"TEXELIN$","EQ","-","-","-","-"
"TEXINFRA","EQ","    116.43","22-JUN-2026","     82.50","16-MAR-2026"
"TEXMOPIPES","EQ","     68.99","10-JUL-2025","     33.00","30-MAR-2026"
"TEXRAIL","EQ","    189.00","26-JUN-2025","     78.05","30-MAR-2026"
"TFCILTD","EQ","     84.61","08-MAY-2026","     45.23","26-JUN-2025"
"TFL","EQ","     21.50","04-JUL-2025","     10.72","30-MAR-2026"
"TFSL$","BE","-","-","-","-"
"TGBHOTELS","EQ","     13.89","22-JUL-2025","      7.50","30-MAR-2026"
"TGIF$","SM","-","-","-","-"
"TGL","SM","    146.50","23-JUL-2025","     18.20","23-JUN-2026"
"TGVSL$","EQ","-","-","-","-"
"THACKER","BE","   1689.90","03-JUN-2026","    951.00","22-MAY-2026"
"THAKDEV","EQ","    148.99","14-MAY-2026","    115.10","15-JUN-2026"
"THAKKERS$","EQ","-","-","-","-"
"THAKRAL$","EQ","-","-","-","-"
"THANGAMAYL","EQ","   5764.20","08-JUN-2026","   1750.10","28-JUL-2025"
"THEINVEST","EQ","    184.17","24-JUL-2025","     89.00","30-MAR-2026"
"THEJO","EQ","   2485.80","30-JUL-2025","   1443.60","02-APR-2026"
"THELEELA","EQ","    511.00","22-JUN-2026","    384.00","23-JUN-2025"
"THEMISMED","EQ","    148.00","25-SEP-2025","     64.95","30-MAR-2026"
"THERMAX","EQ","   5075.00","29-MAY-2026","   2742.70","08-DEC-2025"
"THESL","SM","     43.50","07-OCT-2025","     11.40","02-JUN-2026"
"THINKINK$","BE","-","-","-","-"
"THOMASCOOK","EQ","    188.29","23-JUL-2025","     86.35","17-MAR-2026"
"THOMASCOTT","EQ","    459.80","13-NOV-2025","    230.00","30-MAR-2026"
"THREEMPAP$","SM","-","-","-","-"
"THRIVE$","EQ","-","-","-","-"
"THYROCARE","EQ","    578.25","09-JUN-2026","    318.07","24-JUN-2025"
"TI","EQ","    549.70","31-OCT-2025","    337.00","11-JUL-2025"
"TICL","EQ","     34.41","24-JUL-2025","     18.92","18-JUN-2026"
"TIERRA$","EQ","-","-","-","-"
"TIGERLOGS","BE","     56.69","18-SEP-2025","     22.90","23-MAR-2026"
"TIGLOB$","EQ","-","-","-","-"
"TIHIL$","EQ","-","-","-","-"
"TIIL","EQ","   3383.00","28-JUL-2025","   1868.50","21-JAN-2026"
"TIINDIA","EQ","   3419.90","16-SEP-2025","   2164.90","27-JAN-2026"
"TIJARIA","EQ","     10.35","03-JUL-2025","      3.55","27-JAN-2026"
"TIL","EQ","    409.00","04-JUL-2025","    161.25","30-MAR-2026"
"TILAK$","BE","-","-","-","-"
"TIMESCAN","SM","     69.05","21-AUG-2025","     38.95","29-MAY-2026"
"TIMESGREE$","SM","-","-","-","-"
"TIMETECHNO","EQ","    249.15","23-SEP-2025","    154.00","23-MAR-2026"
"TIMEX","EQ","    522.90","19-JUN-2026","    312.00","20-APR-2026"
"TIMKEN","EQ","   3925.00","22-JUN-2026","   2800.50","28-NOV-2025"
"TINNARUBR","EQ","   1068.60","08-OCT-2025","    527.45","30-MAR-2026"
"TIPCO$","ST","-","-","-","-"
"TIPSFILMS","EQ","    632.50","30-JUN-2025","    276.75","27-MAR-2026"
"TIPSMUSIC","EQ","    726.75","05-JUN-2026","    481.15","30-MAR-2026"
"TIRSARJ$","EQ","-","-","-","-"
"TIRTPLS$","EQ","-","-","-","-"
"TIRUMALCHM","EQ","    328.80","17-SEP-2025","    158.00","09-MAR-2026"
"TIRUPATI","SM","    893.00","17-NOV-2025","    405.65","02-APR-2026"
"TIRUPATIFL","BE","     52.00","19-MAR-2026","     30.11","18-DEC-2025"
"TIRUSTA$","EQ","-","-","-","-"
"TITAANIUM$","ST","-","-","-","-"
"TITAGARH","EQ","    971.00","18-JUN-2026","    568.70","30-MAR-2026"
"TITAN","EQ","   4605.00","08-MAY-2026","   3303.10","26-SEP-2025"
"TITANBIO$","BE","-","-","-","-"
"TITANIN$","EQ","-","-","-","-"
"TITANSEC$","EQ","-","-","-","-"
"TLL$","SM","-","-","-","-"
"TMB","EQ","    798.25","18-JUN-2026","    411.80","05-SEP-2025"
"TMCV","EQ","    509.00","27-FEB-2026","    306.30","14-NOV-2025"
"TMPV","EQ","    739.70","03-OCT-2025","    294.30","30-MAR-2026"
"TMTIND-B1$","BE","-","-","-","-"
"TNIDETF","EQ","    103.26","23-DEC-2025","     74.50","30-MAR-2026"
"TNIDETINAV","EQ","-","-","-","-"
"TNPETRO","EQ","    129.89","03-NOV-2025","     78.67","17-MAR-2026"
"TNPL","EQ","    190.77","07-JUL-2025","    121.51","30-MAR-2026"
"TNSTLTU$","BE","-","-","-","-"
"TNTELE","EQ","     26.00","14-JUL-2025","      7.81","18-MAR-2026"
"TOKYOFIN$","EQ","-","-","-","-"
"TOKYOPLAST","BE","    143.75","26-JUN-2025","     53.86","30-MAR-2026"
"TOLINS","EQ","    202.00","12-SEP-2025","     83.04","30-MAR-2026"
"TOP100CASE","EQ","     11.57","05-JAN-2026","      9.48","02-APR-2026"
"TOP100INAV","EQ","-","-","-","-"
"TOP10ADD","EQ","    103.43","01-JUL-2025","     83.05","02-APR-2026"
"TOP10AINAV","EQ","-","-","-","-"
"TOP15IETF","EQ","     11.36","30-MAR-2026","      9.15","30-MAR-2026"
"TOP20","EQ","      9.99","28-JAN-2026","      8.00","09-APR-2026"
"TOP20INAV","EQ","-","-","-","-"
"TOPETFINAV","EQ","-","-","-","-"
"TORNTPHARM","EQ","   4712.90","25-MAY-2026","   3140.10","23-JUN-2025"
"TORNTPOWER","EQ","   1824.10","27-APR-2026","   1188.00","06-OCT-2025"
"TOTAL","EQ","     87.89","04-DEC-2025","     45.56","30-MAR-2026"
"TOTEM$","EQ","-","-","-","-"
"TOUCHWOOD","EQ","    130.00","27-JUN-2025","     63.00","30-MAR-2026"
"TOYAMSL$","EQ","-","-","-","-"
"TPHQ","EQ","       .93","16-JUL-2025","       .44","30-MAR-2026"
"TPINDIA$","EQ","-","-","-","-"
"TPLPLASTEH","EQ","     83.44","01-JUL-2025","     50.01","30-MAR-2026"
"TRABI$","EQ","-","-","-","-"
"TRACXN","EQ","     63.89","10-JUL-2025","     25.39","30-MAR-2026"
"TRADEUNO$","SM","-","-","-","-"
"TRADEWELL$","EQ","-","-","-","-"
"TRADWIN$","BE","-","-","-","-"
"TRANOCE$","BE","-","-","-","-"
"TRANSCOR$","EQ","-","-","-","-"
"TRANSFD$","EQ","-","-","-","-"
"TRANSFRE$","EQ","-","-","-","-"
"TRANSPACT$","SM","-","-","-","-"
"TRANSPEK","EQ","   1269.00","20-MAY-2026","    961.00","11-JUN-2026"
"TRANSRAILL","EQ","    855.80","13-AUG-2025","    450.05","27-JAN-2026"
"TRANSTEEL","SM","    169.00","10-FEB-2026","    112.00","04-JUN-2026"
"TRANSVOY$","ST","-","-","-","-"
"TRANSWIND","SM","     25.50","13-JAN-2026","     12.70","22-SEP-2025"
"TRANSWORLD","BE","    290.00","01-JUL-2025","    111.56","30-MAR-2026"
"TRANWAY21$","SM","-","-","-","-"
"TRAVELFOOD","EQ","   1445.00","27-NOV-2025","   1008.50","04-AUG-2025"
"TRAVELS$","ST","-","-","-","-"
"TREEHOUSE","EQ","     11.00","26-FEB-2026","      6.19","31-JUL-2025"
"TREJHARA","EQ","    284.85","02-DEC-2025","    130.38","09-JUN-2026"
"TREL","EQ","     36.90","17-JUL-2025","     21.47","11-MAR-2026"
"TRENT","EQ","   4174.00","30-JUN-2025","   2183.67","30-MAR-2026"
"TRESCON$","EQ","-","-","-","-"
"TRF","EQ","    405.00","18-SEP-2025","    215.50","24-MAR-2026"
"TRICOMFRU$","BE","-","-","-","-"
"TRIDENT","EQ","     33.66","25-JUL-2025","     21.98","17-MAR-2026"
"TRIDHYA","ST","     22.20","30-JUL-2025","      6.30","30-MAR-2026"
"TRIGYN","EQ","    102.40","22-SEP-2025","     37.55","30-MAR-2026"
"TRILIANCE$","BE","-","-","-","-"
"TRINITYLE$","EQ","-","-","-","-"
"TRIPR$","BE","-","-","-","-"
"TRISHAKT$","EQ","-","-","-","-"
"TRITONV$","EQ","-","-","-","-"
"TRITURBINE","EQ","    787.60","29-MAY-2026","    428.35","23-MAR-2026"
"TRIUMPIN$","BE","-","-","-","-"
"TRIVENI","EQ","    435.00","23-APR-2026","    317.55","21-JAN-2026"
"TRL$","EQ","-","-","-","-"
"TROM","ST","    112.00","23-JUN-2025","     42.90","30-MAR-2026"
"TRU","EQ","     20.84","11-JUL-2025","      4.55","30-MAR-2026"
"TRUALT","EQ","    549.00","03-OCT-2025","    310.20","27-JAN-2026"
"TRUECOLOR$","SM","-","-","-","-"
"TRUST","SM","     77.00","09-OCT-2025","     27.55","29-MAY-2026"
"TRUSTEDGE$","EQ","-","-","-","-"
"TSC","SM","     79.30","19-AUG-2025","     25.25","15-JUN-2026"
"TSFINV","EQ","    701.50","14-OCT-2025","    331.70","30-MAR-2026"
"TSPIRITUA$","EQ","-","-","-","-"
"TTC$","SM","-","-","-","-"
"TTFL$","EQ","-","-","-","-"
"TTGIL$","EQ","-","-","-","-"
"TTIENT$","BE","-","-","-","-"
"TTKHLTCARE","EQ","   1398.90","14-JUL-2025","    735.00","30-MAR-2026"
"TTKPRESTIG","EQ","    771.20","28-OCT-2025","    423.00","30-MAR-2026"
"TTL","EQ","     15.60","27-JUN-2025","      6.42","27-JAN-2026"
"TTML","EQ","     69.75","26-JUN-2025","     31.22","30-MAR-2026"
"TULASEEBI$","BE","-","-","-","-"
"TULIVE$","BE","-","-","-","-"
"TUNITEX$","EQ","-","-","-","-"
"TUNWAL","SM","     49.80","01-DEC-2025","     25.15","17-JUN-2026"
"TUSALDAH$","BE","-","-","-","-"
"TVOLCON$","BE","-","-","-","-"
"TVSELECT","EQ","    739.35","27-OCT-2025","    336.20","05-MAR-2026"
"TVSHLTD","EQ","  16297.00","18-NOV-2025","  10652.00","23-JUN-2025"
"TVSINVIT","IV","    117.00","03-JUN-2026","    100.20","09-JUL-2025"
"TVSMOTOR","EQ","   3970.00","26-FEB-2026","   2728.70","25-JUL-2025"
"TVSSCS","EQ","    142.30","22-JUN-2026","     90.32","30-MAR-2026"
"TVSSRICHAK","EQ","   4775.80","25-NOV-2025","   2780.10","12-AUG-2025"
"TVTODAY","EQ","    182.60","25-JUN-2025","     93.50","23-MAR-2026"
"TVVISION","EQ","     12.40","19-DEC-2025","      4.26","08-JUN-2026"
"TWCGLDINAV","EQ","-","-","-","-"
"TWCGOLDETF","EQ","    187.98","29-JAN-2026","    123.31","23-MAR-2026"
"TWIROST$","BE","-","-","-","-"
"TYCHE$","EQ","-","-","-","-"
"TYROON$","EQ","-","-","-","-"
"UBL","EQ","   2110.00","23-JUL-2025","   1276.00","02-JUN-2026"
"UCAL","EQ","    166.00","01-JUL-2025","     77.00","30-MAR-2026"
"UCL","ST","    171.05","23-JUN-2026","     38.00","08-SEP-2025"
"UCOBANK","EQ","     34.20","31-OCT-2025","     22.22","30-MAR-2026"
"UDAYJEW$","EQ","-","-","-","-"
"UDS","EQ","    303.95","17-JUL-2025","    125.10","30-MAR-2026"
"UEL","EQ","    220.00","12-FEB-2026","     84.43","28-JUL-2025"
"UFBL","EQ","    709.00","23-JUN-2026","    172.34","30-JAN-2026"
"UFLEX","EQ","    620.45","26-JUN-2025","    330.00","30-MAR-2026"
"UFO","EQ","     92.97","20-NOV-2025","     53.75","30-MAR-2026"
"UGARSUGAR","EQ","     52.50","30-JUN-2025","     33.75","27-FEB-2026"
"UGROCAP","EQ","    192.50","06-OCT-2025","     80.12","30-MAR-2026"
"UHMVL$","ST","-","-","-","-"
"UHTL","ST","    131.55","23-JUN-2026","     44.00","30-MAR-2026"
"UHTL","ST","-","-","-","-"
"UHZAVERI$","EQ","-","-","-","-"
"UJJIVANSFB","EQ","     68.00","23-JAN-2026","     41.32","14-AUG-2025"
"ULTRACAB$","EQ","-","-","-","-"
"ULTRACEMCO","EQ","  13110.00","10-FEB-2026","  10325.00","23-MAR-2026"
"ULTRAMAR","EQ","    443.00","11-MAY-2026","    364.10","18-JUN-2026"
"UMA","SM","     27.65","02-JUL-2025","     14.50","30-MAR-2026"
"UMAEXPORTS","BE","     59.73","24-JUN-2025","     18.12","30-MAR-2026"
"UMESLTD","BE","      7.14","16-MAR-2026","      3.88","04-MAR-2026"
"UMIYA$","EQ","-","-","-","-"
"UMIYA-MRO","EQ","    110.90","17-OCT-2025","     67.34","23-JUN-2025"
"UML$","SM","-","-","-","-"
"UNGOLDINAV","EQ","-","-","-","-"
"UNIABEXAL$","BE","-","-","-","-"
"UNIAUTO$","EQ","-","-","-","-"
"UNICHEMLAB","EQ","    657.95","23-JUL-2025","    278.20","30-MAR-2026"
"UNIDT","BE","    254.97","04-JUN-2026","    146.00","30-MAR-2026"
"UNIECOM","EQ","    155.80","04-SEP-2025","     78.51","30-MAR-2026"
"UNIENTER","EQ","    168.50","23-JUL-2025","     87.51","30-MAR-2026"
"UNIFIED$","SM","-","-","-","-"
"UNIHEALTH","ST","    600.00","23-JUN-2026","    133.65","26-SEP-2025"
"UNIINFO","BE","     22.90","18-JUL-2025","      9.36","27-MAR-2026"
"UNIJOLL$","BE","-","-","-","-"
"UNILEX","SM","     48.90","04-AUG-2025","     20.05","30-MAR-2026"
"UNIMECH","EQ","   1350.00","24-JUN-2025","    695.00","30-MAR-2026"
"UNIOFFICE$","BE","-","-","-","-"
"UNIONBANK","EQ","    205.49","27-FEB-2026","    124.64","29-AUG-2025"
"UNIONGOLD","EQ","    177.00","29-JAN-2026","     93.75","04-AUG-2025"
"UNIPARTS","EQ","    705.80","19-JUN-2026","    335.00","08-AUG-2025"
"UNIQUEO$","EQ","-","-","-","-"
"UNIROYAL$","EQ","-","-","-","-"
"UNISEM$","EQ","-","-","-","-"
"UNISHIRE$","ST","-","-","-","-"
"UNISON$","BE","-","-","-","-"
"UNITDCR$","EQ","-","-","-","-"
"UNITDSPR","EQ","   1488.00","31-OCT-2025","   1210.80","07-APR-2026"
"UNITECH","EQ","      9.43","26-JUN-2025","      3.10","30-MAR-2026"
"UNITEDINT$","EQ","-","-","-","-"
"UNITEDPOLY","BE","     51.16","26-SEP-2025","     18.00","23-JUN-2025"
"UNITEDTE$","BE","-","-","-","-"
"UNITEDTEA","EQ","    590.00","13-APR-2026","    412.00","10-NOV-2025"
"UNITINT$","BE","-","-","-","-"
"UNIVASTU","EQ","    106.67","14-JUL-2025","     56.02","30-MAR-2026"
"UNIVCABLES","EQ","   1391.00","22-JUN-2026","    576.00","16-MAR-2026"
"UNIVPHOTO","BE","    515.80","11-MAR-2026","    180.60","21-JAN-2026"
"UNIVSTAR$","EQ","-","-","-","-"
"UNIWSEC$","BE","-","-","-","-"
"UNOMINDA","EQ","   1382.00","07-OCT-2025","    994.00","16-MAR-2026"
"UNQTYMI$","BE","-","-","-","-"
"UNTTEMI$","BE","-","-","-","-"
"UPHOT$","EQ","-","-","-","-"
"UPL","EQ","    812.20","02-JAN-2026","    565.15","30-MAR-2026"
"UPROTECH$","BE","-","-","-","-"
"UPSURGE$","EQ","-","-","-","-"
"URAVIDEF","EQ","    553.95","17-JUL-2025","    108.03","30-MAR-2026"
"URBAN","SM","    193.20","07-NOV-2025","    114.00","23-MAR-2026"
"URBANCO","EQ","    201.18","22-SEP-2025","    100.70","04-MAR-2026"
"URJA","EQ","     16.18","08-JUL-2025","      8.00","30-MAR-2026"
"URSUGAR$","EQ","-","-","-","-"
"USASEEDS","SM","    220.08","25-AUG-2025","     90.00","30-MAR-2026"
"USHAFIN","SM","     53.83","17-JUL-2025","     26.75","22-JAN-2026"
"USHAKIRA$","EQ","-","-","-","-"
"USHAMART","EQ","    527.50","04-JUN-2026","    308.85","23-JUN-2025"
"USK","EQ","     39.78","30-JUN-2025","     18.97","01-APR-2026"
"UTIAMC","EQ","   1494.80","22-JUL-2025","    896.50","23-MAR-2026"
"UTIBANINAV","EQ","-","-","-","-"
"UTINEXINAV","EQ","-","-","-","-"
"UTINIFINAV","EQ","-","-","-","-"
"UTISENINAV","EQ","-","-","-","-"
"UTISXNINAV","EQ","-","-","-","-"
"UTKAL","ST","     66.00","17-JUN-2026","     51.20","23-JUN-2026"
"UTKARSHBNK","EQ","     22.03","24-OCT-2025","     10.12","30-MAR-2026"
"UTLINDS$","EQ","-","-","-","-"
"UTLSOLAR","EQ","    365.00","05-JUN-2026","    172.00","05-MAR-2026"
"UTSSAV","ST","    420.75","23-JUN-2026","    160.05","07-OCT-2025"
"UTTAMSUGAR","EQ","    306.90","25-JUN-2025","    181.10","16-MAR-2026"
"UVS$","EQ","-","-","-","-"
"UWCSL","SM","    151.85","07-JUL-2025","     83.50","13-MAY-2026"
"UYFINCORP","EQ","     23.30","03-JUL-2025","     11.16","29-AUG-2025"
"V2RETAIL","EQ","    259.25","04-JUN-2026","    158.56","10-SEP-2025"
"VAARAD$","EQ","-","-","-","-"
"VADILALIND","EQ","   6400.00","23-JUN-2026","   3996.00","27-JAN-2026"
"VADILENT$","EQ","-","-","-","-"
"VAHH$","ST","-","-","-","-"
"VAIBHAVGBL","EQ","    293.25","30-OCT-2025","    174.13","30-MAR-2026"
"VAICC$","BE","-","-","-","-"
"VAISHALI","BE","     13.59","21-JUL-2025","      4.75","30-MAR-2026"
"VAKRANGEE","EQ","     10.60","01-JUL-2025","      4.61","30-MAR-2026"
"VAL30IETF","EQ","     17.70","25-FEB-2026","     12.27","01-SEP-2025"
"VAL30IINAV","EQ","-","-","-","-"
"VALENCIA$","SM","-","-","-","-"
"VALIANT$","EQ","-","-","-","-"
"VALIANTLAB","BE","    114.70","17-JUL-2025","     49.51","04-MAR-2026"
"VALIANTORG","BE","    442.00","25-JUN-2025","    195.00","17-MAR-2026"
"VALINDIA$","SM","-","-","-","-"
"VALLEY$","EQ","-","-","-","-"
"VALPLAST$","SM","-","-","-","-"
"VALSONQ$","EQ","-","-","-","-"
"VALUE","EQ","     19.69","17-APR-2026","     14.83","02-APR-2026"
"VALUE360","SM","     90.00","17-JUN-2026","     67.35","15-MAY-2026"
"VALUEINAV","EQ","-","-","-","-"
"VAMA$","EQ","-","-","-","-"
"VAML","BE","    537.00","15-JUN-2026","    440.00","19-JUN-2026"
"VAMSHIRU$","EQ","-","-","-","-"
"VANDAN$","SM","-","-","-","-"
"VANDU$","SM","-","-","-","-"
"VANICOM$","EQ","-","-","-","-"
"VANTABIO$","ST","-","-","-","-"
"VAPIENTER$","EQ","-","-","-","-"
"VARDHACRLC","EQ","     54.25","18-JUL-2025","     27.01","30-MAR-2026"
"VARDHMAN$","BE","-","-","-","-"
"VARDMNPOLY","EQ","     12.45","25-JUN-2025","      5.10","12-JAN-2026"
"VARIMAN$","BE","-","-","-","-"
"VARROC","EQ","    694.70","01-DEC-2025","    462.00","30-MAR-2026"
"VARUNME$","BE","-","-","-","-"
"VARYAA$","SM","-","-","-","-"
"VASA","SM","      5.10","28-JUL-2025","      3.75","23-JUN-2025"
"VASCONEQ","BE","     74.59","10-OCT-2025","     26.75","30-MAR-2026"
"VASHISHTH$","SM","-","-","-","-"
"VASINFRA$","BE","-","-","-","-"
"VASUDHAGA$","BE","-","-","-","-"
"VASUPRADA$","EQ","-","-","-","-"
"VASWANI","EQ","     69.99","13-NOV-2025","     42.50","23-JUN-2025"
"VBIND$","EQ","-","-","-","-"
"VBL","EQ","    555.80","17-JUN-2026","    381.00","23-MAR-2026"
"VCL","EQ","      2.66","10-DEC-2025","       .80","04-JUL-2025"
"VCU$","BE","-","-","-","-"
"VDEAL","SM","    260.00","27-NOV-2025","    137.45","23-JUN-2025"
"VEDANTASS$","ST","-","-","-","-"
"VEDAVAAG$","EQ","-","-","-","-"
"VEDL","EQ","    795.00","21-APR-2026","    268.70","30-APR-2026"
"VEDPOWER","BE","     45.23","23-JUN-2026","     39.00","17-JUN-2026"
"VEEDOL","EQ","   2035.00","19-SEP-2025","   1238.20","30-MAR-2026"
"VEEFIN$","SM","-","-","-","-"
"VEEKAYEM","ST","    318.00","02-SEP-2025","     79.80","02-FEB-2026"
"VEERENRGY$","EQ","-","-","-","-"
"VEERHEALT$","EQ","-","-","-","-"
"VEERKRUPA$","SM","-","-","-","-"
"VEGA$","BE","-","-","-","-"
"VEL$","EQ","-","-","-","-"
"VELHO$","EQ","-","-","-","-"
"VELJAN","EQ","   1350.00","22-JUN-2026","    812.00","06-MAY-2026"
"VELOX$","BE","-","-","-","-"
"VELS","SM","     75.00","08-MAY-2026","     39.75","29-SEP-2025"
"VENKEYS","EQ","   1800.00","13-MAY-2026","   1165.00","30-MAR-2026"
"VENLONENT$","EQ","-","-","-","-"
"VENMAX$","EQ","-","-","-","-"
"VENTIVE","EQ","    838.20","21-JUL-2025","    542.60","30-MAR-2026"
"VENTURA$","EQ","-","-","-","-"
"VENUSPIPES","EQ","   1699.50","23-JUN-2026","    890.00","30-MAR-2026"
"VENUSREM","BE","   1943.80","16-JUN-2026","    416.00","26-JUN-2025"
"VERA","SM","     70.00","04-MAR-2026","     67.00","20-MAR-2026"
"VERANDA","EQ","    272.50","28-OCT-2025","    130.02","19-MAR-2026"
"VERITAAS","SM","     86.65","23-JUL-2025","     35.90","30-MAR-2026"
"VERITAS$","BE","-","-","-","-"
"VERTEX$","BE","-","-","-","-"
"VERTEXPLUS","SM","    149.80","08-OCT-2025","     37.80","23-JUN-2026"
"VERTIS","IV","    111.00","05-MAY-2026","     98.20","01-SEP-2025"
"VERTOZ","BE","    111.33","21-JUL-2025","     27.02","30-MAR-2026"
"VESUVIUS","EQ","    607.90","20-FEB-2026","    430.30","30-MAR-2026"
"VETO","BE","    153.95","09-JUN-2026","     82.32","30-MAR-2026"
"VGCL$","BE","-","-","-","-"
"VGIL$","BE","-","-","-","-"
"VGINFOTECH","SM","    208.00","31-JUL-2025","     99.50","30-MAR-2026"
"VGL","EQ","     98.48","21-AUG-2025","     43.70","30-MAR-2026"
"VGUARD","EQ","    409.75","24-JUL-2025","    290.00","02-MAR-2026"
"VHL","EQ","   4275.00","27-OCT-2025","   2870.00","30-MAR-2026"
"VHLTD","BE","    155.36","26-DEC-2025","     93.05","25-JUN-2025"
"VIAZ","SM","     99.55","12-SEP-2025","     51.25","07-JUL-2025"
"VICTMILL$","EQ","-","-","-","-"
"VICTORYEV","ST","     34.45","14-JAN-2026","     13.70","01-APR-2026"
"VIDHIING","EQ","    437.20","01-JUL-2025","    258.60","30-MAR-2026"
"VIDYAWIRES","EQ","    117.35","29-MAY-2026","     42.51","01-FEB-2026"
"VIESL","SM","    375.90","11-MAY-2026","    146.05","18-AUG-2025"
"VIGOR","ST","    102.50","23-JUN-2026","     44.75","23-MAR-2026"
"VIJAYA","EQ","   1427.80","05-JUN-2026","    848.00","30-MAR-2026"
"VIJAYPD","ST","    114.50","04-MAY-2026","     35.00","07-OCT-2025"
"VIJAYTX$","BE","-","-","-","-"
"VIJIFIN","BE","      4.96","23-JUN-2026","      2.00","03-JUL-2025"
"VIJSOLX$","BE","-","-","-","-"
"VIKASECO","EQ","      2.63","02-JUL-2025","       .99","30-MAR-2026"
"VIKASLIFE","EQ","      2.64","01-JUL-2025","      1.05","30-MAR-2026"
"VIKRAMAR$","EQ","-","-","-","-"
"VIKRAMSOLR","BE","    407.95","10-SEP-2025","    162.10","27-FEB-2026"
"VIKRAMTH$","BE","-","-","-","-"
"VIKRAN","EQ","    118.40","20-NOV-2025","     51.10","30-MAR-2026"
"VILAS","SM","    626.00","14-JUL-2025","    320.00","04-FEB-2026"
"VILINBIO","ST","     54.40","12-MAY-2026","     18.95","16-DEC-2025"
"VIMTALABS","EQ","    902.65","05-SEP-2025","    376.05","30-MAR-2026"
"VINATIORGA","EQ","   2040.00","08-JUL-2025","   1203.00","13-APR-2026"
"VINCOFE","EQ","    179.85","08-JAN-2026","    118.56","23-JUN-2025"
"VINDHYATEL","EQ","   2484.90","22-JUN-2026","    963.90","30-MAR-2026"
"VINEETLAB","BE","     43.50","27-APR-2026","     24.45","25-JUL-2025"
"VINNY","EQ","      1.53","11-DEC-2025","       .94","12-MAY-2026"
"VINSYS","SM","    475.00","19-SEP-2025","    215.00","30-MAR-2026"
"VINTAGES$","EQ","-","-","-","-"
"VINYAS","SM","   1524.00","12-JUN-2026","    809.00","02-APR-2026"
"VINYLINDIA","EQ","    328.90","14-JUL-2025","    161.00","30-MAR-2026"
"VINYOFL$","EQ","-","-","-","-"
"VIPCLOTHNG","BE","     44.30","11-JUL-2025","     14.05","30-MAR-2026"
"VIPIND","EQ","    492.30","15-JUL-2025","    278.25","18-MAY-2026"
"VIPPYSP$","EQ","-","-","-","-"
"VIPULLTD","EQ","     13.69","02-MAR-2026","      7.38","03-DEC-2025"
"VIPULORG$","EQ","-","-","-","-"
"VIRAT$","EQ","-","-","-","-"
"VIRATCRA$","EQ","-","-","-","-"
"VIRINCHI","EQ","     32.69","18-SEP-2025","     13.81","30-MAR-2026"
"VIRTUALG$","EQ","-","-","-","-"
"VIRYA$","BE","-","-","-","-"
"VISACHROME","BE","     73.68","17-OCT-2025","     27.05","01-APR-2026"
"VISAGAR$","EQ","-","-","-","-"
"VISAKAIND","EQ","     98.10","01-JUL-2025","     50.20","30-MAR-2026"
"VISAMAN","ST","    145.00","21-JAN-2026","     40.15","23-JUN-2025"
"VISHALBL$","EQ","-","-","-","-"
"VISHNU","EQ","    652.00","02-JUN-2026","    443.70","30-SEP-2025"
"VISHNUINFR","SM","    218.90","30-JAN-2026","    125.20","30-MAR-2026"
"VISHWARAJ","EQ","     10.20","02-SEP-2025","      4.14","30-MAR-2026"
"VISHWAS","ST","     63.45","28-AUG-2025","     32.05","19-MAR-2026"
"VISIONCIN$","BE","-","-","-","-"
"VISL","BE","     28.18","23-JUN-2026","     19.06","15-JUN-2026"
"VISTAPH$","EQ","-","-","-","-"
"VISTARAMA$","EQ","-","-","-","-"
"VISVEN$","EQ","-","-","-","-"
"VITAL","BE","     69.40","16-APR-2026","     35.40","24-MAR-2026"
"VIVAA$","ST","-","-","-","-"
"VIVANTA$","EQ","-","-","-","-"
"VIVIANA","BE","   1162.50","13-OCT-2025","    565.00","27-JAN-2026"
"VIVIDEL","ST","   1390.65","23-JUN-2026","    556.00","07-APR-2026"
"VIVIDHA","EQ","       .91","29-SEP-2025","       .43","30-MAR-2026"
"VIVIDIND$","EQ","-","-","-","-"
"VIVIDM$","EQ","-","-","-","-"
"VIVIMEDLAB","BE","     29.40","18-DEC-2025","      5.15","01-APR-2026"
"VIVO","SM","     90.15","22-MAY-2026","     64.00","12-SEP-2025"
"VIVOBIOT$","EQ","-","-","-","-"
"VIYASH","EQ","    278.90","23-JUN-2026","    166.00","04-AUG-2025"
"VJLAXMIE$","EQ","-","-","-","-"
"VJTFEDU$","EQ","-","-","-","-"
"VKAL$","BE","-","-","-","-"
"VKGLOBAL$","BE","-","-","-","-"
"VLEGOV","BE","     57.27","03-JUL-2025","      8.42","01-APR-2026"
"VLINFRA","ST","     47.50","07-JUL-2025","     18.00","30-MAR-2026"
"VLL$","EQ","-","-","-","-"
"VLSFINANCE","EQ","    339.00","05-DEC-2025","    198.81","12-NOV-2025"
"VMARCIND","SM","   1708.00","17-JUN-2026","    285.00","23-JUN-2025"
"VMART","EQ","    945.00","23-JUN-2025","    457.90","30-MAR-2026"
"VMM","EQ","    157.60","26-AUG-2025","     98.77","23-MAR-2026"
"VMS$","EQ","-","-","-","-"
"VMSTMT","BE","    105.00","24-SEP-2025","     33.50","30-MAR-2026"
"VOEPL$","SM","-","-","-","-"
"VOGL","BE","     38.00","15-JUN-2026","     30.42","19-JUN-2026"
"VOLERCAR","SM","    292.90","29-MAY-2026","     83.00","23-JUN-2025"
"VOLLF$","EQ","-","-","-","-"
"VOLTAMP","EQ","  12863.00","04-MAY-2026","   6666.00","27-JAN-2026"
"VOLTAS","EQ","   1582.50","27-FEB-2026","   1186.80","02-APR-2026"
"VPAL$","SM","-","-","-","-"
"VPL$","SM","-","-","-","-"
"VPRPL","BE","    185.80","16-JUL-2025","     23.94","12-JUN-2026"
"VR","SM","    225.55","26-JUN-2025","    119.10","22-JUN-2026"
"VRAJ","EQ","    183.00","30-JUN-2025","     93.00","30-MAR-2026"
"VRFILMS$","EQ","-","-","-","-"
"VRL$","BE","-","-","-","-"
"VRLLOG","EQ","    324.50","17-JUL-2025","    225.00","02-APR-2026"
"VRUDDHI$","SM","-","-","-","-"
"VSCL","ST","     33.00","09-JUL-2025","     16.05","29-DEC-2025"
"VSFPROJ$","EQ","-","-","-","-"
"VSL$","EQ","-","-","-","-"
"VSSL","EQ","    324.00","28-OCT-2025","    206.40","30-MAR-2026"
"VSTIND","EQ","    319.10","02-JUL-2025","    200.00","30-MAR-2026"
"VSTL","EQ","    204.99","08-JUL-2025","    100.80","02-MAR-2026"
"VSTTILLERS","EQ","   6374.00","01-JAN-2026","   3611.10","23-JUN-2025"
"VTL","EQ","    670.05","19-JUN-2026","    383.70","11-AUG-2025"
"VTMLTD$","EQ","-","-","-","-"
"VVIPIL$","SM","-","-","-","-"
"WAA$","SM","-","-","-","-"
"WAAREE$","ST","-","-","-","-"
"WAAREEENER","EQ","   3865.00","12-SEP-2025","   2403.00","21-JAN-2026"
"WAAREEINDO","EQ","    725.00","13-OCT-2025","    191.07","23-JUN-2025"
"WAAREERTL","EQ","   1358.00","27-OCT-2025","    779.50","30-MAR-2026"
"WABAG","EQ","   2126.00","23-JUN-2026","   1033.00","27-JAN-2026"
"WAKEFIT","EQ","    224.00","12-FEB-2026","    111.40","08-JUN-2026"
"WALCHANNAG","EQ","    315.80","19-JUN-2026","    131.15","30-MAR-2026"
"WALCHPF$","EQ","-","-","-","-"
"WALLFORT$","EQ","-","-","-","-"
"WALPAR","SM","     51.50","24-JUL-2025","     21.25","12-JUN-2026"
"WANBURY","EQ","    315.20","29-MAY-2026","    161.50","27-JAN-2026"
"WARDHEALT$","BE","-","-","-","-"
"WARDINMOB$","BE","-","-","-","-"
"WARDWIZFB$","EQ","-","-","-","-"
"WCIL","EQ","    147.29","22-SEP-2025","     77.02","30-MAR-2026"
"WEALTH","EQ","   1387.95","25-JUN-2025","    774.95","05-FEB-2026"
"WEBELSOLAR","EQ","    157.30","12-AUG-2025","     50.40","09-MAR-2026"
"WEIZMANIND","EQ","    128.90","01-JUL-2025","     65.21","30-MAR-2026"
"WEL","EQ","    184.00","10-JUL-2025","     75.01","06-APR-2026"
"WELCORP","EQ","   1439.00","23-JUN-2026","    710.00","02-FEB-2026"
"WELCURE$","EQ","-","-","-","-"
"WELENT","EQ","    587.70","23-JUN-2026","    412.00","30-MAR-2026"
"WELINV","BE","   1978.70","25-MAY-2026","    865.00","29-AUG-2025"
"WELSPLSOL","EQ","     63.25","18-JUN-2026","     36.00","20-APR-2026"
"WELSPUNLIV","EQ","    165.50","18-JUN-2026","    107.10","30-MAR-2026"
"WELTI$","BE","-","-","-","-"
"WENDT","EQ","  12990.00","21-JUL-2025","   5841.50","30-MAR-2026"
"WEPSOLN$","EQ","-","-","-","-"
"WESTLEIRE$","EQ","-","-","-","-"
"WESTLIFE","EQ","    819.20","09-JUL-2025","    398.40","23-MAR-2026"
"WEWIN","BE","     78.00","11-MAY-2026","     35.38","30-MAR-2026"
"WEWORK","EQ","    678.90","18-JUN-2026","    420.00","30-MAR-2026"
"WHBRADY$","EQ","-","-","-","-"
"WHEELS","EQ","   1744.00","22-MAY-2026","    705.85","27-JAN-2026"
"WHIRLPOOL","EQ","   1473.80","23-JUL-2025","    756.85","02-FEB-2026"
"WHITEFORCE","ST","     94.80","13-AUG-2025","     28.25","16-MAR-2026"
"WHITEORG$","EQ","-","-","-","-"
"WHITHAL$","BE","-","-","-","-"
"WILLAMAGOR","EQ","     41.00","09-JUL-2025","     21.11","30-MAR-2026"
"WINDLAS","EQ","   1097.90","19-AUG-2025","    697.40","16-MAR-2026"
"WINDMACHIN","EQ","    400.50","27-JUN-2025","    200.65","30-MAR-2026"
"WINNY","SM","    154.00","23-JUN-2025","     36.10","06-MAR-2026"
"WINROC$","BE","-","-","-","-"
"WINSOL","SM","    224.90","23-JUL-2025","     93.50","30-MAR-2026"
"WINSOMBR$","EQ","-","-","-","-"
"WINSOME","BZ","      2.63","05-JUN-2026","      1.59","07-APR-2026"
"WINSOMTX$","EQ","-","-","-","-"
"WIPL","EQ","    193.20","30-OCT-2025","    133.10","20-JAN-2026"
"WIPRO","EQ","    273.10","22-DEC-2025","    174.00","23-JUN-2026"
"WIREFABR$","EQ","-","-","-","-"
"WITS$","ST","-","-","-","-"
"WMINIMT$","BE","-","-","-","-"
"WOCKPHARMA","EQ","   2422.30","01-JUN-2026","   1086.70","23-MAR-2026"
"WOL3D","ST","    216.70","26-MAY-2026","    106.65","27-JAN-2026"
"WOMANCART","SM","    358.00","06-NOV-2025","    105.00","19-JUN-2026"
"WONDERLA","EQ","    680.70","23-JUL-2025","    455.00","02-MAR-2026"
"WOODSVILA$","BE","-","-","-","-"
"WORKMATES$","SM","-","-","-","-"
"WORTH$","BE","-","-","-","-"
"WORTHPERI","EQ","    186.00","24-JUL-2025","    109.00","27-MAR-2026"
"WOSAL$","ST","-","-","-","-"
"WPIL","EQ","    500.95","23-JUN-2026","    383.55","15-MAY-2026"
"WSFX$","EQ","-","-","-","-"
"WSI","EQ","    101.49","04-JUL-2025","     59.25","16-MAR-2026"
"WSTCSTPAPR","EQ","    583.00","18-JUL-2025","    375.00","09-MAR-2026"
"WTICAB","SM","    204.00","22-JUL-2025","     75.15","30-MAR-2026"
"WWALUM$","EQ","-","-","-","-"
"XCHANGING","EQ","    103.00","30-OCT-2025","     47.50","30-MAR-2026"
"XELPMOC","EQ","    155.50","19-NOV-2025","     79.01","15-JUN-2026"
"XPROINDIA","EQ","   1492.90","17-JUN-2026","    788.05","16-MAR-2026"
"XTGLOBAL","EQ","     46.25","17-SEP-2025","     25.20","27-JAN-2026"
"YAANENT$","EQ","-","-","-","-"
"YAAP","ST","    214.40","07-MAY-2026","    127.00","05-MAR-2026"
"YAASHVI$","SM","-","-","-","-"
"YAJUR$","SM","-","-","-","-"
"YAMNINV$","BE","-","-","-","-"
"YARNSYN$","EQ","-","-","-","-"
"YASHCHEM$","EQ","-","-","-","-"
"YASHHTEJ$","ST","-","-","-","-"
"YASHHV$","SM","-","-","-","-"
"YASHINNO$","EQ","-","-","-","-"
"YASHMGM$","EQ","-","-","-","-"
"YASHO","EQ","   3025.00","23-JUN-2026","   1130.00","09-JAN-2026"
"YASHOPTICS","SM","    153.50","22-SEP-2025","     80.00","11-JUL-2025"
"YASHRAJC$","BE","-","-","-","-"
"YATHARTH","EQ","    889.90","25-MAY-2026","    485.00","23-JUN-2025"
"YATRA","EQ","    202.00","17-NOV-2025","     81.80","08-JUL-2025"
"YCCL","SM","     13.95","14-OCT-2025","      8.55","04-JUN-2026"
"YESBANK","EQ","     25.78","18-JUN-2026","     17.20","30-MAR-2026"
"YOGI$","EQ","-","-","-","-"
"YORKEXP$","EQ","-","-","-","-"
"YUDIZ","SM","     39.30","10-FEB-2026","     22.15","12-JUN-2026"
"YUG$","ST","-","-","-","-"
"YUKEN","EQ","   1193.30","27-JUN-2025","    584.10","30-MAR-2026"
"YURANUS$","BE","-","-","-","-"
"YUVRAAJHP$","BE","-","-","-","-"
"ZAGGLE","EQ","    431.95","17-JUL-2025","    186.05","30-MAR-2026"
"ZAPPFRESH$","SM","-","-","-","-"
"ZARCOLEA$","BE","-","-","-","-"
"ZBINTXPP$","BE","-","-","-","-"
"ZEAL","SM","    141.00","01-JUL-2025","     55.90","23-MAR-2026"
"ZEAL$","BE","-","-","-","-"
"ZEEL","EQ","    151.70","04-JUL-2025","     68.00","23-MAR-2026"
"ZEELEARN","BE","     10.89","04-AUG-2025","      4.17","30-MAR-2026"
"ZEEMEDIA","EQ","     16.46","24-JUN-2025","      6.65","30-MAR-2026"
"ZENIFIB$","EQ","-","-","-","-"
"ZENITHDRUG","SM","     78.95","07-JUL-2025","     33.30","30-MAR-2026"
"ZENITHEXPO","EQ","    351.65","04-SEP-2025","    174.00","17-MAR-2026"
"ZENITHHE$","EQ","-","-","-","-"
"ZENITHSTL","EQ","     10.33","23-OCT-2025","      4.41","29-JAN-2026"
"ZENLABS$","BE","-","-","-","-"
"ZENOTECH$","EQ","-","-","-","-"
"ZENSARTECH","EQ","    881.00","02-JUL-2025","    438.40","11-JUN-2026"
"ZENTEC","EQ","   2065.00","24-JUN-2025","   1223.00","14-JAN-2026"
"ZFCVINDIA","EQ","  16665.00","16-FEB-2026","  12302.00","06-NOV-2025"
"ZFSTEERING","EQ","    894.98","22-APR-2026","    620.65","03-JUN-2026"
"ZGOLDINV$","BE","-","-","-","-"
"ZHEMHOLD$","BE","-","-","-","-"
"ZHINDHSG$","BE","-","-","-","-"
"ZHINUDYP$","BE","-","-","-","-"
"ZIMLAB","BE","    129.30","23-JUN-2026","     59.31","30-MAR-2026"
"ZINEMA$","ST","-","-","-","-"
"ZKHANDEN$","BE","-","-","-","-"
"ZKOVALIN$","EQ","-","-","-","-"
"ZMILGFIN$","EQ","-","-","-","-"
"ZNIVITRD$","BE","-","-","-","-"
"ZODIAC","BE","    506.50","03-JUL-2025","    205.55","30-MAR-2026"
"ZODIACLOTH","EQ","    119.45","16-SEP-2025","     58.50","30-MAR-2026"
"ZODIACVEN$","BE","-","-","-","-"
"ZOTA","EQ","   1740.00","21-NOV-2025","    925.30","23-JUN-2025"
"ZPRBHSTE$","BE","-","-","-","-"
"ZR2$","BE","-","-","-","-"
"ZSARACOM","EQ","  10489.60","21-APR-2026","   9000.00","05-JUN-2026"
"ZSARVAMA$","BE","-","-","-","-"
"ZSATYASL$","BE","-","-","-","-"
"ZSHERAPR$","BE","-","-","-","-"
"ZSOUTGAS$","BE","-","-","-","-"
"ZSPEEDCO$","BE","-","-","-","-"
"ZSVARAJT$","EQ","-","-","-","-"
"ZSVTRADI$","BE","-","-","-","-"
"ZTECH","SM","    701.00","29-DEC-2025","    460.00","03-DEC-2025"
"ZUARI","EQ","    393.55","21-AUG-2025","    175.10","30-MAR-2026"
"ZUARIIND","EQ","    416.00","25-SEP-2025","    210.00","30-MAR-2026"
"ZWELCAST$","EQ","-","-","-","-"
"ZYDUSLIFE","EQ","   1124.50","23-JUN-2026","    835.50","02-APR-2026"
"ZYDUSWELL","EQ","    552.40","13-APR-2026","    367.55","02-MAR-2026"
