"Disclaimer - The Data provided in the adjusted 52 week high and adjusted 52 week low columns  are adjusted for corporate actions (bonus, splits & rights).For actual (unadjusted) 52 week high & low prices, kindly refer bhavcopy."
"Effective for 01-Feb-2026"
"SYMBOL","SERIES","Adjusted_52_Week_High","52_Week_High_Date","Adjusted_52_Week_Low","52_Week_Low_DT"
"20MICRONS","EQ","    283.93","23-JUL-2025","    158.20","12-FEB-2025"
"21STCENMGM","EQ","     81.58","07-FEB-2025","     36.03","27-NOV-2025"
"360ONE","EQ","   1273.80","07-JUL-2025","    790.50","07-APR-2025"
"3IINFOLTD","EQ","     29.91","06-FEB-2025","     14.40","27-JAN-2026"
"3MINDIA","EQ","  37305.00","02-JAN-2026","  25718.15","03-MAR-2025"
"3PLAND","EQ","     58.79","11-JUN-2025","     33.40","27-JAN-2026"
"5PAISA","EQ","    433.70","10-JUN-2025","    287.65","14-NOV-2025"
"63MOONS","EQ","   1130.00","17-JUL-2025","    575.05","27-JAN-2026"
"A2ZINFRA","EQ","     23.25","22-JUL-2025","     12.35","11-APR-2025"
"AAATECH","BE","    136.00","07-OCT-2025","     66.00","18-MAR-2025"
"AADHARHFC","EQ","    547.80","24-SEP-2025","    361.60","25-FEB-2025"
"AAKAAR","SM","    105.00","21-JUL-2025","     53.35","30-JAN-2026"
"AAKASH","EQ","     13.79","24-JUN-2025","      7.06","03-JUN-2025"
"AARADHYA","SM","    182.00","13-OCT-2025","     97.50","08-SEP-2025"
"AAREYDRUGS","EQ","    100.00","06-NOV-2025","     31.35","18-MAR-2025"
"AARON","EQ","    258.00","25-AUG-2025","    149.55","28-JAN-2026"
"AARTECH","EQ","     76.79","12-JUN-2025","     44.00","27-JAN-2026"
"AARTIDRUGS","EQ","    564.05","21-JUL-2025","    312.00","07-APR-2025"
"AARTIIND","EQ","    495.00","28-MAY-2025","    338.05","21-JAN-2026"
"AARTIPHARM","EQ","    971.00","16-JUL-2025","    568.10","01-FEB-2025"
"AARTISURF","EQ","    653.10","19-MAY-2025","    358.30","12-JAN-2026"
"AARVI","EQ","    152.00","17-NOV-2025","     88.00","07-APR-2025"
"AATMAJ","SM","     25.50","22-DEC-2025","     14.50","28-MAR-2025"
"AAVAS","EQ","   2234.00","22-APR-2025","   1351.10","21-JAN-2026"
"ABAN","BE","     61.00","24-JUN-2025","     18.06","12-JAN-2026"
"ABB","EQ","   6260.00","10-JUN-2025","   4637.50","21-JAN-2026"
"ABBOTINDIA","EQ","  37000.00","27-JUN-2025","  25554.65","30-JAN-2025"
"ABCAPITAL","EQ","    369.30","06-JAN-2026","    149.01","17-FEB-2025"
"ABCOTS","EQ","    505.50","01-FEB-2025","    370.10","01-SEP-2025"
"ABDL","EQ","    696.80","04-NOV-2025","    279.00","07-APR-2025"
"ABFRL","EQ","    295.70","19-MAY-2025","     59.80","27-JAN-2026"
"ABGSEC","EQ","    113.03","21-JUL-2025","    104.26","03-FEB-2025"
"ABGSECINAV","EQ","-","-","-","-"
"ABHAPOWER","SM","     55.25","21-AUG-2025","     26.45","27-MAR-2025"
"ABINFRA","EQ","     22.50","08-SEP-2025","      6.16","18-FEB-2025"
"ABLBL","EQ","    175.00","23-JUN-2025","    100.86","27-JAN-2026"
"ABMINTLLTD","EQ","     78.21","02-JUL-2025","     34.56","27-JAN-2026"
"ABREL","EQ","   2537.90","17-JUN-2025","   1231.10","30-JAN-2026"
"ABSLAMC","EQ","    908.00","20-AUG-2025","    556.45","07-APR-2025"
"ABSLBAINAV","EQ","-","-","-","-"
"ABSLBANETF","EQ","     63.26","07-JAN-2026","     47.55","18-MAR-2025"
"ABSLLIQUID","EQ","   1000.01","30-JAN-2026","    999.99","30-JAN-2026"
"ABSLLQINAV","EQ","-","-","-","-"
"ABSLNN50ET","EQ","     75.45","04-NOV-2025","     58.37","03-MAR-2025"
"ABSLNNINAV","EQ","-","-","-","-"
"ABSLPSE","EQ","     11.00","29-JAN-2026","      8.00","07-APR-2025"
"ABSMARINE","SM","    259.00","13-NOV-2025","     92.10","27-MAR-2025"
"ABSPSEINAV","EQ","-","-","-","-"
"ACC","EQ","   2119.90","24-APR-2025","   1626.10","30-JAN-2026"
"ACCELYA","EQ","   1527.00","21-OCT-2025","   1218.50","07-APR-2025"
"ACCENTMIC","SM","    378.00","07-JAN-2026","    169.81","03-APR-2025"
"ACCORD","SM","     31.65","14-JAN-2026","     17.50","27-MAR-2025"
"ACCPL","ST","    102.50","01-DEC-2025","     53.80","14-OCT-2025"
"ACCURACY","EQ","     10.05","30-JAN-2025","      4.62","28-JAN-2026"
"ACE","EQ","   1389.00","26-MAY-2025","    775.45","27-JAN-2026"
"ACEINTEG","EQ","     29.94","10-SEP-2025","     18.16","29-JAN-2026"
"ACI","EQ","    727.60","13-AUG-2025","    408.35","17-FEB-2025"
"ACL","EQ","    109.99","08-SEP-2025","     48.15","28-MAR-2025"
"ACMESOLAR","EQ","    324.30","15-SEP-2025","    171.99","17-FEB-2025"
"ACTIVEINFR","SM","    190.00","09-OCT-2025","    147.05","28-APR-2025"
"ACUTAAS","EQ","   2644.00","05-FEB-2025","   1040.50","28-APR-2025"
"ADANIENSOL","EQ","   1067.70","02-JAN-2026","    639.45","03-MAR-2025"
"ADANIENT","EQ","   2616.50","23-SEP-2025","   1848.00","23-JAN-2026"
"ADANIGREEN","EQ","   1177.55","22-SEP-2025","    758.00","03-MAR-2025"
"ADANIPORTS","EQ","   1549.00","01-DEC-2025","   1010.75","30-JAN-2025"
"ADANIPOWER","EQ","    182.70","23-SEP-2025","     92.40","07-APR-2025"
"ADDICTIVE","SM","    307.00","30-JAN-2025","     98.00","30-JAN-2026"
"ADFFOODS","EQ","    300.85","11-JUN-2025","    170.60","30-JAN-2026"
"ADL","EQ","    121.77","17-APR-2025","     62.00","10-MAR-2025"
"ADOR","EQ","   1260.00","16-OCT-2025","    788.00","07-APR-2025"
"ADROITINFO","EQ","     18.95","27-FEB-2025","      9.00","30-JAN-2026"
"ADSL","EQ","    286.74","06-FEB-2025","    115.51","27-JAN-2026"
"ADVAIT","EQ","   1590.80","29-JAN-2026","   1351.00","27-JAN-2026"
"ADVANCE","EQ","    154.00","27-OCT-2025","    102.00","10-OCT-2025"
"ADVANIHOTR","EQ","     68.39","21-AUG-2025","     52.29","04-MAR-2025"
"ADVENTHTL","EQ","    345.05","14-NOV-2025","    167.77","27-JAN-2026"
"ADVENZYMES","EQ","    366.25","01-AUG-2025","    257.90","03-MAR-2025"
"AEGISLOG","EQ","    946.50","20-MAY-2025","    639.10","27-JAN-2026"
"AEGISVOPAK","EQ","    302.00","18-JUL-2025","    198.00","21-JAN-2026"
"AEQUS","EQ","    165.40","18-DEC-2025","    132.00","30-JAN-2026"
"AEROENTER","EQ","    117.65","05-FEB-2025","     72.14","07-APR-2025"
"AEROFLEX","EQ","    272.00","06-FEB-2025","    148.01","07-APR-2025"
"AERON","SM","    167.60","30-JAN-2025","     89.05","08-DEC-2025"
"AERONEU","EQ","    125.37","10-SEP-2025","     66.15","27-JAN-2026"
"AESTHETIK","SM","    155.60","25-SEP-2025","     60.00","07-FEB-2025"
"AETHER","EQ","   1021.75","06-JAN-2026","    725.00","21-MAY-2025"
"AFCONS","EQ","    498.70","24-MAR-2025","    319.00","29-JAN-2026"
"AFFLE","EQ","   2185.90","22-SEP-2025","   1246.00","07-APR-2025"
"AFFORDABLE","EQ","    540.10","10-FEB-2025","    157.53","27-JAN-2026"
"AFIL","EQ","     10.16","17-APR-2025","      4.81","30-JAN-2026"
"AFSL","EQ","    269.50","11-JUN-2025","    165.49","03-FEB-2025"
"AGARIND","EQ","   1168.20","31-JAN-2025","    649.00","27-JAN-2026"
"AGARWALEYE","EQ","    568.00","16-OCT-2025","    327.00","30-MAY-2025"
"AGARWALFT","SM","     71.25","05-SEP-2025","     31.00","23-JAN-2026"
"AGARWALTUF","SM","    174.05","24-SEP-2025","     81.00","04-MAR-2025"
"AGI","EQ","   1009.00","23-JUL-2025","    599.10","03-MAR-2025"
"AGIIL","EQ","    308.80","08-JAN-2026","    137.00","07-APR-2025"
"AGNI","SM","     43.35","04-SEP-2025","     17.90","28-MAR-2025"
"AGRITECH","BE","    217.85","01-FEB-2025","    103.25","25-NOV-2025"
"AGROPHOS","EQ","     47.60","31-JUL-2025","     27.20","03-MAR-2025"
"AGSTRA","BZ","     55.00","31-JAN-2025","      3.68","27-JAN-2026"
"AGUL","SM","     73.10","30-JAN-2026","     37.30","08-MAY-2025"
"AHCL","EQ","    172.75","28-NOV-2025","     90.78","03-SEP-2025"
"AHIMSA","ST","     51.30","30-JAN-2025","     22.10","13-MAR-2025"
"AHLADA","EQ","     90.83","01-FEB-2025","     45.85","08-DEC-2025"
"AHLEAST","EQ","    168.00","02-SEP-2025","    122.78","07-APR-2025"
"AHLUCONT","EQ","   1125.00","15-JUL-2025","    620.00","18-FEB-2025"
"AIAENG","EQ","   4168.70","08-JAN-2026","   3001.10","28-AUG-2025"
"AIIL","EQ","    683.00","13-JAN-2026","    265.10","28-FEB-2025"
"AILIMITED","SM","     90.90","02-MAY-2025","     26.20","28-JAN-2026"
"AIMTRON","ST","   1040.00","21-NOV-2025","    358.00","07-APR-2025"
"AIRAN","EQ","     33.51","04-FEB-2025","     13.58","27-JAN-2026"
"AIROLAM","EQ","    137.04","10-JUN-2025","     83.50","07-MAY-2025"
"AISL","SM","    164.85","01-FEB-2025","     75.10","30-JAN-2026"
"AJANTPHARM","EQ","   3079.90","03-FEB-2025","   2327.30","07-APR-2025"
"AJAXENGG","EQ","    756.20","14-MAY-2025","    473.25","23-JAN-2026"
"AJMERA","EQ","    221.40","03-NOV-2025","    136.31","03-MAR-2025"
"AJOONI","EQ","      7.90","06-FEB-2025","      3.55","21-JAN-2026"
"AKANKSHA","SM","    133.75","09-JUN-2025","     63.00","16-JAN-2026"
"AKASH","EQ","     36.00","18-SEP-2025","     23.00","07-APR-2025"
"AKG","EQ","     18.23","12-FEB-2025","     11.24","07-APR-2025"
"AKI","EQ","     16.05","11-JUL-2025","      5.70","21-JAN-2026"
"AKIKO","ST","    299.30","17-NOV-2025","     62.00","22-JUL-2025"
"AKSHAR","EQ","       .76","13-OCT-2025","       .46","22-JAN-2026"
"AKSHARCHEM","EQ","    330.80","28-AUG-2025","    195.00","27-MAR-2025"
"AKSHOPTFBR","EQ","     12.95","21-APR-2025","      4.65","21-JAN-2026"
"AKUMS","EQ","    622.95","27-MAY-2025","    405.00","07-APR-2025"
"AKZOINDIA","EQ","   3915.50","24-JUL-2025","   2733.50","30-JAN-2026"
"ALANKIT","EQ","     20.49","30-JAN-2025","      8.76","21-JAN-2026"
"ALBERTDAVD","EQ","   1218.85","06-FEB-2025","    663.35","28-JAN-2026"
"ALCODIS","SM","    208.50","05-MAY-2025","     73.25","29-JAN-2026"
"ALEMBICLTD","EQ","    125.54","30-JUN-2025","     85.46","03-MAR-2025"
"ALGOQUANT","EQ","     71.01","06-JAN-2026","     56.00","30-JAN-2026"
"ALICON","EQ","   1050.00","10-FEB-2025","    597.15","07-APR-2025"
"ALIVUS","EQ","   1251.00","06-FEB-2025","    819.00","22-JAN-2026"
"ALKALI","EQ","    117.79","21-MAY-2025","     66.90","27-JAN-2026"
"ALKEM","EQ","   5933.50","13-JAN-2026","   4491.65","28-FEB-2025"
"ALKYLAMINE","EQ","   2438.80","07-JUL-2025","   1506.70","12-JAN-2026"
"ALLCARGO","EQ","     42.78","01-FEB-2025","      8.97","27-JAN-2026"
"ALLDIGI","EQ","   1084.00","06-AUG-2025","    770.00","21-JAN-2026"
"ALLETEC","SM","    504.75","31-JAN-2025","    188.00","29-JAN-2026"
"ALLTIME","EQ","    334.90","25-AUG-2025","    220.25","30-JAN-2026"
"ALMONDZ","EQ","     31.70","10-FEB-2025","     12.89","20-JAN-2026"
"ALOKINDS","EQ","     23.50","08-JUL-2025","     14.00","21-JAN-2026"
"ALPA","EQ","    120.50","28-MAY-2025","     61.00","27-JAN-2026"
"ALPEXSOLAR","SM","   1449.70","12-AUG-2025","    495.00","18-MAR-2025"
"ALPHA","EQ","     52.94","02-JUL-2025","     39.00","07-APR-2025"
"ALPHAETF","EQ","     26.53","28-NOV-2025","     19.61","04-MAR-2025"
"ALPHAGEO","EQ","    417.40","06-FEB-2025","    198.00","23-JAN-2026"
"ALPHAINAV","EQ","-","-","-","-"
"ALPL30IETF","EQ","     28.72","30-OCT-2025","     24.00","07-APR-2025"
"ALUWIND","SM","     95.80","22-SEP-2025","     48.00","07-APR-2025"
"AMAGI","EQ","    391.80","23-JAN-2026","    318.00","21-JAN-2026"
"AMANTA","EQ","    154.40","23-SEP-2025","     97.75","09-DEC-2025"
"AMBANIORGO","SM","    143.65","10-SEP-2025","     94.90","20-JAN-2026"
"AMBER","EQ","   8626.00","29-OCT-2025","   5235.00","18-FEB-2025"
"AMBEY","SM","     60.00","05-FEB-2025","     28.85","21-JAN-2026"
"AMBICAAGAR","EQ","     36.95","06-FEB-2025","     22.90","28-JAN-2026"
"AMBIKCO","EQ","   1700.00","05-JUN-2025","   1101.00","21-JAN-2026"
"AMBUJACEM","EQ","    624.95","22-JUL-2025","    455.00","03-MAR-2025"
"AMCL","ST","    385.00","26-DEC-2025","    161.70","25-AUG-2025"
"AMDIND","EQ","     68.07","22-SEP-2025","     39.85","18-MAR-2025"
"AMEYA","SM","    127.25","11-JUN-2025","     86.40","27-JAN-2026"
"AMIABLE","ST","    110.00","10-FEB-2025","     54.00","17-NOV-2025"
"AMJLAND","EQ","     68.90","16-JUN-2025","     40.05","29-JAN-2026"
"AMNPLST","EQ","    310.05","05-FEB-2025","    165.00","30-JAN-2026"
"AMRUTANJAN","EQ","    790.95","08-SEP-2025","    544.10","30-APR-2025"
"ANANDRATHI","EQ","   3321.40","14-OCT-2025","   1594.00","13-MAR-2025"
"ANANTAM","IV","    117.00","21-JAN-2026","    100.20","17-NOV-2025"
"ANANTRAJ","EQ","    743.65","07-OCT-2025","    376.15","07-APR-2025"
"ANDHRAPAP","EQ","     90.00","04-JUL-2025","     61.16","27-JAN-2026"
"ANDHRSUGAR","EQ","     91.55","04-FEB-2025","     65.10","07-APR-2025"
"ANGELONE","EQ","   3285.00","05-JUN-2025","   1941.00","13-MAR-2025"
"ANIKINDS","EQ","    133.00","04-APR-2025","     42.00","13-JAN-2026"
"ANKITMETAL","BZ","      3.75","01-FEB-2025","      1.55","07-NOV-2025"
"ANLON","SM","    497.00","11-SEP-2025","    239.00","13-MAR-2025"
"ANMOL","EQ","     23.23","06-FEB-2025","     11.36","27-JAN-2026"
"ANNAPURNA","SM","    371.00","05-FEB-2025","    180.00","29-JAN-2026"
"ANONDITA","ST","   1037.45","01-JAN-2026","    261.75","01-SEP-2025"
"ANSALAPI","BZ","      9.33","01-FEB-2025","      2.92","30-JAN-2026"
"ANTELOPUS","EQ","    767.95","13-JUN-2025","    357.00","13-JAN-2026"
"ANTGRAPHIC","EQ","      1.62","12-JUN-2025","       .77","12-DEC-2025"
"ANTHEM","EQ","    873.50","18-SEP-2025","    580.65","30-JAN-2026"
"ANUHPHR","EQ","    114.90","11-JUN-2025","     69.27","27-JAN-2026"
"ANUP","EQ","   3633.05","28-MAR-2025","   1700.00","29-JAN-2026"
"ANURAS","EQ","   1374.80","06-JAN-2026","    601.00","28-FEB-2025"
"ANYA","SM","     29.05","22-MAY-2025","     19.45","13-JAN-2026"
"ANZEN","IV","    121.00","18-NOV-2025","    105.06","06-MAR-2025"
"AOGOLDINAV","EQ","-","-","-","-"
"AONE50INAV","EQ","-","-","-","-"
"AONEGOLD","EQ","     17.73","29-JAN-2026","     10.00","10-SEP-2025"
"AONELIINAV","EQ","-","-","-","-"
"AONELIQUID","EQ","   1060.00","10-JUN-2025","    908.58","26-MAY-2025"
"AONENFINAV","EQ","-","-","-","-"
"AONENIFTY","EQ","     12.00","28-MAY-2025","      9.47","17-JUL-2025"
"AONETMMQ50","EQ","     10.50","05-DEC-2025","      9.21","21-JAN-2026"
"AONETOINAV","EQ","-","-","-","-"
"AONETOTAL","EQ","     12.51","06-JAN-2026","      9.63","07-APR-2025"
"APARINDS","EQ","   9905.00","30-JUL-2025","   4308.05","07-APR-2025"
"APCL","EQ","    170.00","06-FEB-2025","     96.20","17-MAR-2025"
"APCOTEXIND","EQ","    444.00","30-JUL-2025","    286.95","17-MAR-2025"
"APEX","EQ","    350.53","24-NOV-2025","    186.55","07-APR-2025"
"APEXECO","SM","    165.60","22-SEP-2025","     73.00","17-MAR-2025"
"APLAPOLLO","EQ","   2151.10","29-JAN-2026","   1272.70","17-FEB-2025"
"APLLTD","EQ","   1107.90","30-JUN-2025","    725.20","03-MAR-2025"
"APOLLO","EQ","    354.70","17-SEP-2025","    103.77","18-FEB-2025"
"APOLLOHOSP","EQ","   8099.50","23-OCT-2025","   6001.00","03-MAR-2025"
"APOLLOPIPE","EQ","    494.95","27-MAY-2025","    252.10","21-JAN-2026"
"APOLLOTYRE","EQ","    540.50","14-NOV-2025","    370.90","03-MAR-2025"
"APOLSINHOT","EQ","   1668.95","07-FEB-2025","   1150.00","02-JAN-2026"
"APRAMEYA","SM","    360.00","21-NOV-2025","     86.50","04-MAR-2025"
"APS","SM","    654.00","06-JUN-2025","    293.00","27-JAN-2026"
"APTECHT","EQ","    182.30","12-MAY-2025","     79.39","30-JAN-2026"
"APTUS","EQ","    364.00","18-AUG-2025","    257.15","21-JAN-2026"
"ARABIAN","SM","     92.95","27-JUN-2025","     63.00","28-MAR-2025"
"ARCHIDPLY","EQ","    120.40","28-JUL-2025","     79.50","28-FEB-2025"
"ARCHIES","EQ","     25.40","16-JUN-2025","     14.72","18-MAR-2025"
"ARCIIL","SM","    145.00","29-AUG-2025","     55.50","30-JAN-2026"
"ARE&M","EQ","   1109.00","26-MAR-2025","    816.25","29-JAN-2026"
"ARENTERP","EQ","     62.99","04-JUL-2025","     37.17","04-MAR-2025"
"ARFIN","EQ","     84.01","13-JAN-2026","     31.43","29-JUL-2025"
"ARHAM","ST","    161.00","07-JAN-2026","     70.80","06-AUG-2025"
"ARIES","EQ","    459.90","25-AUG-2025","    220.11","04-MAR-2025"
"ARIHANTACA","SM","    540.00","14-NOV-2025","    200.00","07-MAR-2025"
"ARIHANTCAP","EQ","    120.00","24-OCT-2025","     58.15","03-MAR-2025"
"ARIHANTSUP","EQ","    528.50","03-FEB-2025","    264.20","27-JAN-2026"
"ARISINFRA","EQ","    208.50","25-JUN-2025","     99.51","28-JAN-2026"
"ARISTO","SM","    148.00","04-APR-2025","     84.55","05-MAR-2025"
"ARKADE","EQ","    213.69","18-JUL-2025","    107.96","29-JAN-2026"
"ARMANFIN","EQ","   1834.60","07-JUL-2025","   1109.95","18-MAR-2025"
"ARMOUR","ST","     45.60","22-JAN-2026","     33.60","30-JAN-2026"
"AROGRANITE","EQ","     48.24","01-FEB-2025","     26.45","21-JAN-2026"
"ARROWGREEN","EQ","    817.95","30-JUL-2025","    411.75","27-JAN-2026"
"ARSHIYA","BZ","      3.94","04-FEB-2025","      1.14","29-JAN-2026"
"ARSSBL","EQ","    794.85","18-NOV-2025","    431.00","30-SEP-2025"
"ARTEMISMED","EQ","    335.00","05-FEB-2025","    207.71","03-MAR-2025"
"ARTNIRMAN","EQ","     72.50","16-JUN-2025","     39.68","07-MAY-2025"
"ARUNAYA","SM","     46.50","19-MAY-2025","     16.95","29-JAN-2026"
"ARVEE","BE","    290.78","19-DEC-2025","    126.54","18-FEB-2025"
"ARVIND","EQ","    404.00","15-MAY-2025","    274.80","28-AUG-2025"
"ARVINDFASN","EQ","    579.00","17-SEP-2025","    320.20","07-APR-2025"
"ARVINDPORT","SM","     87.40","10-JUN-2025","     28.95","29-JAN-2026"
"ARVSMART","EQ","    821.10","05-FEB-2025","    504.00","22-JAN-2026"
"ASAHIINDIA","EQ","   1074.00","01-DEC-2025","    576.80","17-MAR-2025"
"ASAHISONG","EQ","    491.95","12-MAY-2025","    216.35","30-JAN-2026"
"ASAL","EQ","    654.65","26-SEP-2025","    393.60","21-JAN-2026"
"ASALCBR","EQ","   1496.00","03-FEB-2025","    774.05","27-JAN-2026"
"ASCOM","ST","    154.00","23-JAN-2026","     76.55","17-JUN-2025"
"ASHALOG","SM","     93.70","01-FEB-2025","     60.00","07-APR-2025"
"ASHAPURMIN","EQ","    924.90","07-JAN-2026","    301.60","11-MAR-2025"
"ASHIANA","EQ","    376.15","16-JUN-2025","    247.80","09-MAY-2025"
"ASHIMASYN","EQ","     35.80","22-MAY-2025","     15.60","20-JAN-2026"
"ASHOKA","EQ","    267.95","01-FEB-2025","    139.52","21-JAN-2026"
"ASHOKAMET","EQ","     23.37","10-FEB-2025","     12.60","21-JAN-2026"
"ASHOKLEY","EQ","    199.21","23-JAN-2026","     95.93","07-APR-2025"
"ASHWINI","SM","    167.80","16-JAN-2026","    127.90","23-DEC-2025"
"ASIANENE","EQ","    391.65","03-SEP-2025","    215.00","17-MAR-2025"
"ASIANHOTNR","EQ","    419.50","24-MAR-2025","    267.90","07-AUG-2025"
"ASIANPAINT","EQ","   2985.70","04-DEC-2025","   2124.75","05-MAR-2025"
"ASIANTILES","EQ","     78.80","24-DEC-2025","     39.15","07-APR-2025"
"ASKAUTOLTD","EQ","    578.50","24-SEP-2025","    333.30","03-MAR-2025"
"ASLIND","ST","    118.60","24-DEC-2025","     29.00","24-MAR-2025"
"ASMS","EQ","     20.25","30-JAN-2025","     10.25","30-JAN-2026"
"ASPINWALL","EQ","    345.90","07-FEB-2025","    208.00","27-JAN-2026"
"ASPIRE","SM","     40.00","15-MAY-2025","     15.30","02-JAN-2026"
"ASTEC","EQ","   1019.80","30-JAN-2025","    557.00","30-JAN-2026"
"ASTERDM","EQ","    732.20","23-OCT-2025","    387.10","04-MAR-2025"
"ASTRAL","EQ","   1593.50","13-NOV-2025","   1232.30","13-MAR-2025"
"ASTRAMICRO","EQ","   1195.90","05-JUN-2025","    584.20","03-MAR-2025"
"ASTRAZEN","EQ","  10691.00","13-JUN-2025","   6620.10","03-MAR-2025"
"ASTRON","EQ","     20.93","29-MAY-2025","      4.47","30-JAN-2026"
"ATALREAL","EQ","     29.20","22-JAN-2026","     11.15","28-FEB-2025"
"ATAM","EQ","    131.50","30-JAN-2025","     70.00","29-JAN-2026"
"ATCENERGY","SM","    115.35","29-APR-2025","     29.00","30-JAN-2026"
"ATGL","EQ","    798.00","23-SEP-2025","    507.05","23-JAN-2026"
"ATHERENERG","EQ","    790.00","21-OCT-2025","    288.15","07-MAY-2025"
"ATL","EQ","     37.86","25-SEP-2025","     19.82","07-APR-2025"
"ATLANTAA","EQ","     73.39","07-OCT-2025","     27.26","01-APR-2025"
"ATLANTAELE","EQ","   1097.85","07-NOV-2025","    707.60","27-JAN-2026"
"ATLASCYCLE","EQ","    164.37","30-MAY-2025","     76.10","19-MAR-2025"
"ATMASTCO","SM","    294.00","10-FEB-2025","    109.00","21-JAN-2026"
"ATUL","EQ","   7788.00","07-JUL-2025","   4752.00","07-APR-2025"
"ATULAUTO","EQ","    583.95","10-FEB-2025","    381.15","27-JAN-2026"
"AUBANK","EQ","   1029.95","16-JAN-2026","    478.35","18-MAR-2025"
"AURIGROW","BE","      1.03","31-JAN-2025","       .45","05-JUN-2025"
"AURIONPRO","EQ","   1665.90","16-JUL-2025","    881.70","30-JAN-2026"
"AUROIMPEX","SM","     73.00","31-JAN-2025","     32.00","22-JAN-2026"
"AUROPHARMA","EQ","   1278.60","24-APR-2025","   1010.00","07-APR-2025"
"AURUM","EQ","    229.00","30-JAN-2025","    144.40","07-APR-2025"
"AUSL","SM","     48.30","18-JUL-2025","     21.35","23-JAN-2026"
"AUSOMENT","BE","    178.00","19-JAN-2026","     72.80","21-MAR-2025"
"AUTOAXLES","EQ","   2039.70","06-JAN-2026","   1520.00","07-APR-2025"
"AUTOBEES","EQ","    299.92","06-JAN-2026","    197.07","07-APR-2025"
"AUTOBEINAV","EQ","-","-","-","-"
"AUTOIETF","EQ","     30.50","07-JAN-2026","     19.72","07-APR-2025"
"AUTOIND","EQ","    105.49","07-FEB-2025","     62.81","25-NOV-2025"
"AVADHSUGAR","EQ","    584.25","19-MAY-2025","    306.05","21-JAN-2026"
"AVALON","EQ","   1318.00","07-OCT-2025","    603.00","18-FEB-2025"
"AVANA","ST","     83.60","21-JAN-2026","     65.10","28-JAN-2026"
"AVANTEL","EQ","    215.00","10-OCT-2025","     95.33","18-FEB-2025"
"AVANTIFEED","EQ","    964.20","24-MAR-2025","    601.55","07-APR-2025"
"AVG","EQ","    340.00","01-FEB-2025","    133.05","23-JAN-2026"
"AVIANSH","SM","    123.50","14-JAN-2026","     93.80","07-MAR-2025"
"AVL","EQ","    598.70","04-NOV-2025","    327.60","19-JUN-2025"
"AVONMORE","EQ","     26.50","11-FEB-2025","     14.80","29-JAN-2026"
"AVPINFRA","SM","    223.45","07-FEB-2025","     88.20","28-JAN-2026"
"AVROIND","BE","    222.90","14-FEB-2025","    101.35","10-NOV-2025"
"AVSL","ST","    158.00","12-FEB-2025","    119.70","20-JAN-2026"
"AVTNPL","EQ","     83.80","13-AUG-2025","     51.41","07-APR-2025"
"AWFIS","EQ","    718.95","06-JUN-2025","    386.80","30-JAN-2026"
"AWHCL","EQ","    693.00","03-JUL-2025","    408.05","09-DEC-2025"
"AWL","EQ","    291.20","21-APR-2025","    204.12","27-JAN-2026"
"AXISBANK","EQ","   1378.70","30-JAN-2026","    974.80","30-JAN-2025"
"AXISBNKETF","EQ","    632.72","07-JAN-2026","    485.00","07-APR-2025"
"AXISBPINAV","EQ","-","-","-","-"
"AXISBPSETF","EQ","     14.50","27-OCT-2025","     12.10","09-APR-2025"
"AXISCADES","EQ","   1779.20","23-SEP-2025","    640.00","31-JAN-2025"
"AXISCETF","EQ","    131.85","23-OCT-2025","    101.00","28-FEB-2025"
"AXISGOINAV","EQ","-","-","-","-"
"AXISGOLD","EQ","    150.00","29-JAN-2026","     67.80","30-JAN-2025"
"AXISHCETF","EQ","    156.13","17-OCT-2025","    127.43","04-MAR-2025"
"AXISILINAV","EQ","-","-","-","-"
"AXISILVER","EQ","    390.01","29-JAN-2026","     86.48","07-APR-2025"
"AXISNIFTY","EQ","    296.38","07-JAN-2026","    236.80","11-APR-2025"
"AXISTECETF","EQ","    469.96","30-JAN-2025","    341.00","07-APR-2025"
"AXISVALUE","EQ","     34.00","29-JAN-2026","     22.84","21-AUG-2025"
"AXITA","BE","     13.42","31-DEC-2025","      7.99","19-NOV-2025"
"AXSENSEX","EQ","     91.35","02-DEC-2025","     74.00","07-APR-2025"
"AYMSYNTEX","EQ","    279.33","12-JUN-2025","    141.53","20-JAN-2026"
"AZAD","EQ","   1899.00","02-JUN-2025","   1159.45","07-APR-2025"
"BABAFP","SM","     56.00","05-FEB-2025","     25.60","19-JAN-2026"
"BAFNAPH","BE","    202.06","12-NOV-2025","     69.00","19-FEB-2025"
"BAGDIGITAL","SM","    139.00","23-DEC-2025","     95.75","10-OCT-2025"
"BAGFILMS","EQ","      8.68","06-FEB-2025","      5.31","28-MAR-2025"
"BAHETI","SM","    649.90","05-MAY-2025","    379.25","30-JAN-2025"
"BAIDFIN","EQ","     13.96","17-JUL-2025","      9.01","27-MAR-2025"
"BAJAJ-AUTO","EQ","   9888.00","08-JAN-2026","   7089.35","07-APR-2025"
"BAJAJCON","EQ","    342.65","30-JAN-2026","    151.00","07-APR-2025"
"BAJAJELEC","EQ","    749.00","21-FEB-2025","    382.90","21-JAN-2026"
"BAJAJFINSV","EQ","   2195.00","23-OCT-2025","   1617.00","01-FEB-2025"
"BAJAJHCARE","EQ","    745.00","19-MAR-2025","    330.65","27-JAN-2026"
"BAJAJHFL","EQ","    136.96","24-APR-2025","     87.32","30-JAN-2026"
"BAJAJHIND","EQ","     29.64","09-JUL-2025","     15.60","23-JAN-2026"
"BAJAJHLDNG","EQ","  14763.00","18-AUG-2025","  10400.00","07-APR-2025"
"BAJAJINDEF","EQ","    580.25","04-JUL-2025","    199.24","04-MAR-2025"
"BAJEL","EQ","    263.90","18-JUL-2025","    142.34","27-JAN-2026"
"BAJFINANCE","EQ","   1102.50","23-OCT-2025","    778.44","01-FEB-2025"
"BALAJEE","EQ","     68.50","07-FEB-2025","     32.20","30-JAN-2026"
"BALAJIPHOS","SM","    184.70","03-SEP-2025","     72.60","10-MAR-2025"
"BALAJITELE","EQ","    141.32","26-SEP-2025","     49.02","04-MAR-2025"
"BALAMINES","EQ","   1945.00","07-JUL-2025","   1065.60","06-JAN-2026"
"BALAXI","EQ","     76.10","12-MAR-2025","     23.01","21-JAN-2026"
"BALCO","SM","     43.00","04-APR-2025","     23.15","29-JAN-2026"
"BALKRISHNA","EQ","     25.97","25-SEP-2025","     15.67","21-JAN-2026"
"BALKRISIND","EQ","   2839.95","06-FEB-2025","   2152.05","07-APR-2025"
"BALMLAWRIE","EQ","    238.20","15-SEP-2025","    146.60","03-MAR-2025"
"BALPHARMA","EQ","    128.74","04-APR-2025","     65.70","27-JAN-2026"
"BALRAMCHIN","EQ","    627.80","16-JUL-2025","    393.55","21-JAN-2026"
"BALUFORGE","EQ","    784.00","12-JUN-2025","    341.05","29-JAN-2026"
"BANARBEADS","EQ","    164.70","30-OCT-2025","     97.00","29-AUG-2025"
"BANARISUG","EQ","   4444.00","16-MAY-2025","   3000.30","03-MAR-2025"
"BANCOINDIA","EQ","    879.80","06-OCT-2025","    297.50","03-MAR-2025"
"BANDHANBNK","EQ","    192.48","30-JUN-2025","    128.16","18-FEB-2025"
"BANG","EQ","     64.01","30-JUN-2025","     42.16","30-JAN-2026"
"BANKA","EQ","     97.88","17-SEP-2025","     56.99","03-MAR-2025"
"BANKADD","EQ","     61.84","12-DEC-2025","     48.30","11-MAR-2025"
"BANKBARODA","EQ","    313.35","16-JAN-2026","    190.70","04-MAR-2025"
"BANKBEES","EQ","    624.70","12-DEC-2025","    490.00","11-MAR-2025"
"BANKBENAV","EQ","-","-","-","-"
"BANKBETA","EQ","     63.38","20-JAN-2026","     48.71","11-MAR-2025"
"BANKBETF","EQ","     65.00","15-MAY-2025","     47.00","11-MAR-2025"
"BANKBINAV","EQ","-","-","-","-"
"BANKETF","EQ","    612.84","05-JAN-2026","    481.38","11-MAR-2025"
"BANKIETF","EQ","     62.88","28-NOV-2025","     47.55","11-MAR-2025"
"BANKINDIA","EQ","    169.90","29-JAN-2026","     92.66","11-MAR-2025"
"BANKNIFTY1","EQ","    651.60","21-JUL-2025","    490.15","11-MAR-2025"
"BANKPSU","EQ","     93.07","19-JAN-2026","     55.29","03-MAR-2025"
"BANSALWIRE","EQ","    434.30","22-JUL-2025","    252.30","27-JAN-2026"
"BANSWRAS","EQ","    165.49","04-JUL-2025","     98.51","21-JAN-2026"
"BARFLEX","SM","     82.40","22-SEP-2025","     41.15","27-MAR-2025"
"BASF","EQ","   5424.00","20-MAY-2025","   3524.90","21-JAN-2026"
"BASILIC","SM","    509.80","10-SEP-2025","    223.15","19-FEB-2025"
"BASML","EQ","     46.12","06-FEB-2025","     19.81","21-JAN-2026"
"BATAINDIA","EQ","   1424.60","03-FEB-2025","    838.95","27-JAN-2026"
"BAWEJA","SM","     79.00","01-FEB-2025","     27.35","21-JAN-2026"
"BAYERCROP","EQ","   6511.00","07-JUL-2025","   4217.45","13-FEB-2025"
"BBETF0432","EQ","   1346.89","09-JAN-2026","   1221.00","28-FEB-2025"
"BBETF0INAV","EQ","-","-","-","-"
"BBL","EQ","   3700.00","05-FEB-2025","   2350.00","07-APR-2025"
"BBNPNBETF","EQ","     62.00","08-DEC-2025","     47.43","10-MAR-2025"
"BBNPNBINAV","EQ","-","-","-","-"
"BBNPPGOLD","EQ","    184.05","29-JAN-2026","     79.20","30-JAN-2025"
"BBOX","EQ","    613.80","07-OCT-2025","    320.85","09-APR-2025"
"BBTC","EQ","   2224.95","03-FEB-2025","   1607.05","28-FEB-2025"
"BBTCL","EQ","    229.35","17-NOV-2025","    120.60","26-MAR-2025"
"BCG","EQ","     22.00","14-JUL-2025","      8.61","27-JAN-2026"
"BCLIND","EQ","     49.30","22-JUL-2025","     26.76","27-JAN-2026"
"BCONCEPTS","EQ","    449.00","24-SEP-2025","    252.10","09-SEP-2025"
"BDL","EQ","   2096.60","30-MAY-2025","    907.00","03-MAR-2025"
"BEACON","ST","    102.50","02-DEC-2025","     50.00","03-OCT-2025"
"BEARDSELL","EQ","     39.00","30-JAN-2025","     23.00","07-APR-2025"
"BECTORFOOD","EQ","    333.42","01-FEB-2025","    208.67","21-JAN-2026"
"BEDMUTHA","EQ","    199.58","05-FEB-2025","     95.00","09-DEC-2025"
"BEL","EQ","    457.50","28-JAN-2026","    240.25","19-FEB-2025"
"BELLACASA","EQ","    497.35","15-OCT-2025","    302.25","21-JAN-2026"
"BELRISE","EQ","    190.10","02-JAN-2026","     89.15","02-JUN-2025"
"BEML","EQ","   2437.40","23-JUN-2025","   1175.00","03-MAR-2025"
"BEPL","EQ","    124.70","01-FEB-2025","     80.11","21-JAN-2026"
"BERGEPAINT","EQ","    605.00","03-JUL-2025","    459.25","30-JAN-2026"
"BESTAGRO","BE","     35.58","04-AUG-2025","     16.28","26-MAR-2025"
"BETA","EQ","   2000.00","18-AUG-2025","   1429.52","04-MAR-2025"
"BEWLTD","SM","    239.80","22-APR-2025","     92.70","28-JAN-2026"
"BFINVEST","EQ","    591.95","06-FEB-2025","    360.50","27-JAN-2026"
"BFSI","EQ","     29.52","05-JAN-2026","     22.30","01-FEB-2025"
"BFUTILITIE","BZ","    898.70","23-SEP-2025","    506.40","27-JAN-2026"
"BGRENERGY","EQ","    490.80","24-OCT-2025","     69.05","05-MAR-2025"
"BHADORA","SM","    128.85","15-SEP-2025","     61.20","21-JAN-2026"
"BHAGCHEM","EQ","    331.00","28-MAY-2025","    198.02","05-JAN-2026"
"BHAGERIA","EQ","    244.60","24-OCT-2025","    132.00","07-APR-2025"
"BHAGYANGR","BE","    193.00","30-JAN-2026","     65.00","08-MAY-2025"
"BHANDARI","EQ","      6.63","02-JUN-2025","      3.61","20-JAN-2026"
"BHARATCOAL","EQ","     45.09","19-JAN-2026","     35.09","27-JAN-2026"
"BHARATFORG","EQ","   1506.50","06-JAN-2026","    919.10","07-APR-2025"
"BHARATGEAR","EQ","    154.20","29-SEP-2025","     64.80","01-APR-2025"
"BHARATRAS","EQ","   3000.00","13-AUG-2025","   1530.70","27-JAN-2026"
"BHARATSE","EQ","    239.45","17-OCT-2025","     69.84","07-APR-2025"
"BHARATWIRE","EQ","    248.70","17-JUN-2025","    122.23","04-MAR-2025"
"BHARTIARTL","EQ","   2174.50","21-NOV-2025","   1559.50","28-FEB-2025"
"BHARTIHEXA","EQ","   2052.90","01-JUL-2025","   1234.00","27-FEB-2025"
"BHEL","EQ","    305.90","07-JAN-2026","    176.00","03-MAR-2025"
"BIGBLOC","EQ","     87.09","01-FEB-2025","     48.25","11-NOV-2025"
"BIKAJI","EQ","    818.70","04-SEP-2025","    558.80","18-FEB-2025"
"BIKEWO","ST","     25.30","01-FEB-2025","     13.65","06-OCT-2025"
"BIL","EQ","    984.75","23-JUL-2025","    444.00","09-APR-2025"
"BILVYAPAR","BE","     23.11","17-APR-2025","      6.41","09-DEC-2025"
"BIOCON","EQ","    424.95","18-NOV-2025","    291.00","03-MAR-2025"
"BIOFILCHEM","EQ","     57.19","06-JUN-2025","     28.50","21-JAN-2026"
"BIRDYS","SM","    154.00","17-JUL-2025","     82.30","03-MAR-2025"
"BIRET","RR","    355.38","23-OCT-2025","    280.05","01-APR-2025"
"BIRLACABLE","EQ","    215.20","17-JUN-2025","    123.00","21-JAN-2026"
"BIRLACORPN","EQ","   1535.30","30-JUL-2025","    910.25","03-MAR-2025"
"BIRLAMONEY","EQ","    208.71","05-JUN-2025","    115.01","27-JAN-2026"
"BIRLANU","EQ","   2428.30","21-MAY-2025","   1500.10","24-DEC-2025"
"BLACKBUCK","EQ","    748.00","21-OCT-2025","    355.10","30-JAN-2025"
"BLAL","EQ","    248.00","05-FEB-2025","    180.50","03-MAR-2025"
"BLBLIMITED","EQ","     21.30","01-FEB-2025","     12.00","13-JAN-2026"
"BLISSGVS","EQ","    195.80","07-JAN-2026","    108.12","07-APR-2025"
"BLKASHYAP","EQ","     80.01","31-JUL-2025","     45.00","07-APR-2025"
"BLS","EQ","    457.95","06-FEB-2025","    245.95","29-JAN-2026"
"BLSE","EQ","    232.50","11-JUN-2025","    131.31","07-APR-2025"
"BLUECHIP","BE","      8.90","30-JAN-2025","      2.39","30-JAN-2026"
"BLUECOAST","EQ","     86.31","19-AUG-2025","     23.53","16-MAY-2025"
"BLUEDART","EQ","   7225.00","26-MAY-2025","   5190.50","21-JAN-2026"
"BLUEJET","EQ","   1027.80","21-JUL-2025","    411.10","30-JAN-2026"
"BLUEPEBBLE","SM","    317.00","14-FEB-2025","     88.00","25-NOV-2025"
"BLUESTARCO","EQ","   2269.80","25-MAR-2025","   1521.00","30-MAY-2025"
"BLUESTONE","EQ","    793.00","09-OCT-2025","    418.85","29-JAN-2026"
"BLUEWATER","SM","    187.20","17-JUN-2025","    125.40","03-JUL-2025"
"BLUSPRING","EQ","    100.88","21-JUL-2025","     56.20","23-JAN-2026"
"BMETRICS","SM","     63.20","12-FEB-2025","     35.35","16-JAN-2026"
"BMWVENTLTD","EQ","     78.00","01-OCT-2025","     50.02","13-JAN-2026"
"BNGOLDINAV","EQ","-","-","-","-"
"BNKETFINAV","EQ","-","-","-","-"
"BNKPSUINAV","EQ","-","-","-","-"
"BODALCHEM","EQ","     81.49","04-JUL-2025","     46.00","28-JAN-2026"
"BOHRAIND","EQ","     39.29","25-MAR-2025","     14.52","21-JAN-2026"
"BOMDYEING","EQ","    196.75","24-JUL-2025","    108.55","27-JAN-2026"
"BORANA","BE","    391.25","30-JAN-2026","    211.00","04-SEP-2025"
"BOROLTD","EQ","    407.00","07-FEB-2025","    240.10","29-JAN-2026"
"BORORENEW","EQ","    721.00","12-NOV-2025","    441.45","07-APR-2025"
"BOROSCI","EQ","    190.79","18-JUL-2025","     99.53","21-JAN-2026"
"BOSCH-HCIL","EQ","   1893.00","13-MAR-2025","   1270.00","28-JAN-2026"
"BOSCHLTD","EQ","  41945.00","10-SEP-2025","  25921.60","07-APR-2025"
"BOSS","SM","     56.30","17-APR-2025","     36.55","27-MAR-2025"
"BPCL","EQ","    388.15","01-JAN-2026","    234.01","03-MAR-2025"
"BPL","EQ","    100.30","18-JUN-2025","     50.00","08-DEC-2025"
"BRACEPORT","SM","    111.00","22-APR-2025","     69.00","20-FEB-2025"
"BRIGADE","EQ","   1332.00","05-JUN-2025","    717.75","29-JAN-2026"
"BRIGHOTEL","EQ","     91.77","19-AUG-2025","     58.02","23-JAN-2026"
"BRITANNIA","EQ","   6336.00","04-SEP-2025","   4506.00","04-MAR-2025"
"BRNL","EQ","     45.74","01-FEB-2025","     17.40","11-AUG-2025"
"BROOKS","EQ","    164.99","01-FEB-2025","     61.32","30-JAN-2026"
"BSE","EQ","   3030.00","10-JUN-2025","   1227.33","11-MAR-2025"
"BSE500IETF","EQ","     41.64","06-JAN-2026","     33.00","07-APR-2025"
"BSHSL","EQ","    179.99","04-FEB-2025","     88.03","30-JAN-2026"
"BSL","EQ","    212.00","05-FEB-2025","    127.30","20-JUN-2025"
"BSLGOLDETF","EQ","    155.99","29-JAN-2026","     71.67","30-JAN-2025"
"BSLGOLINAV","EQ","-","-","-","-"
"BSLNIFINAV","EQ","-","-","-","-"
"BSLNIFTY","EQ","     31.45","05-JAN-2026","     20.37","04-MAR-2025"
"BSLSENETFG","EQ","     87.82","05-DEC-2025","     61.64","11-FEB-2025"
"BSLSENINAV","EQ","-","-","-","-"
"BSOFT","EQ","    541.75","01-FEB-2025","    331.00","07-APR-2025"
"BTML","EQ","     11.20","30-JAN-2025","      7.11","30-OCT-2025"
"BUILDPRO","EQ","    898.05","09-JAN-2026","    636.00","27-JAN-2026"
"BULKCORP","SM","     97.00","05-FEB-2025","     50.55","05-MAY-2025"
"BUTTERFLY","EQ","    829.90","21-MAY-2025","    550.70","04-MAR-2025"
"BVCL","EQ","     69.99","09-SEP-2025","     34.06","09-MAY-2025"
"BYKE","EQ","    100.80","29-MAY-2025","     46.00","27-JAN-2026"
"C2C","SM","    888.00","01-SEP-2025","    250.15","12-MAR-2025"
"CADSYS","SM","    104.95","30-JAN-2025","     35.60","09-DEC-2025"
"CALSOFT","EQ","     21.42","08-JUL-2025","      9.96","30-MAY-2025"
"CAMLINFINE","EQ","    333.30","26-JUN-2025","    121.50","30-JAN-2025"
"CAMPUS","EQ","    313.90","01-FEB-2025","    210.00","07-APR-2025"
"CAMS","EQ","    875.00","30-JUN-2025","    606.21","03-MAR-2025"
"CANARYS","SM","     36.90","01-AUG-2025","     23.50","18-MAR-2025"
"CANBK","EQ","    160.79","29-JAN-2026","     78.60","03-MAR-2025"
"CANFINHOME","EQ","    971.50","26-DEC-2025","    558.50","25-FEB-2025"
"CANHLIFE","EQ","    157.80","29-DEC-2025","    106.00","17-OCT-2025"
"CANTABIL","EQ","    334.00","10-FEB-2025","    213.41","07-MAY-2025"
"CAPACITE","EQ","    396.45","21-APR-2025","    209.00","27-JAN-2026"
"CAPILLARY","EQ","    798.95","26-NOV-2025","    570.05","21-NOV-2025"
"CAPINVIT","IV","    108.95","03-MAR-2025","     70.81","21-JAN-2026"
"CAPITALSFB","EQ","    330.65","22-JUL-2025","    250.00","22-JAN-2026"
"CAPLIPOINT","EQ","   2395.00","17-SEP-2025","   1599.00","07-APR-2025"
"CAPTRUST","EQ","     76.01","03-FEB-2025","     11.08","04-DEC-2025"
"CARBORUNIV","EQ","   1191.95","01-FEB-2025","    770.60","20-JAN-2026"
"CARERATING","EQ","   1964.00","11-JUN-2025","   1052.00","07-APR-2025"
"CARRARO","EQ","    590.00","31-JAN-2025","    253.15","09-APR-2025"
"CARTRADE","EQ","   3290.50","17-NOV-2025","   1362.50","09-APR-2025"
"CARYSIL","EQ","   1071.90","12-NOV-2025","    482.30","28-FEB-2025"
"CASHIEINAV","EQ","-","-","-","-"
"CASHIETF","EQ","   1064.57","24-OCT-2025","   1001.47","19-MAR-2025"
"CASTROLIND","EQ","    251.95","06-MAR-2025","    169.57","01-FEB-2025"
"CBAZAAR","ST","     10.20","06-FEB-2025","      3.05","12-NOV-2025"
"CCCL","BE","     28.87","17-SEP-2025","     10.84","19-FEB-2025"
"CCHHL","EQ","     20.99","10-JUL-2025","     12.73","29-JAN-2026"
"CCL","EQ","   1074.40","10-NOV-2025","    525.00","07-APR-2025"
"CDSL","EQ","   1828.90","10-JUN-2025","   1047.45","17-MAR-2025"
"CEATLTD","EQ","   4438.00","23-OCT-2025","   2343.05","04-MAR-2025"
"CEDAAR","SM","    136.30","11-JUL-2025","     45.00","30-JAN-2026"
"CEIGALL","EQ","    318.25","01-FEB-2025","    222.61","09-DEC-2025"
"CELEBRITY","EQ","     15.47","05-FEB-2025","      6.74","27-JAN-2026"
"CELLECOR","SM","     68.80","15-APR-2025","     25.75","24-OCT-2025"
"CELLO","EQ","    675.00","04-FEB-2025","    490.00","12-JAN-2026"
"CELLPOINT","SM","     26.90","10-FEB-2025","     15.05","23-JAN-2026"
"CEMPRO","EQ","    944.00","30-JUN-2025","    476.60","02-MAY-2025"
"CENTENKA","EQ","    617.95","25-FEB-2025","    409.50","08-DEC-2025"
"CENTEXT","EQ","     34.75","10-OCT-2025","     15.67","03-MAR-2025"
"CENTRALBK","EQ","     52.81","05-FEB-2025","     32.75","09-MAY-2025"
"CENTRUM","EQ","     41.90","16-JUL-2025","     22.40","07-APR-2025"
"CENTUM","EQ","   3044.00","05-SEP-2025","   1140.30","04-MAR-2025"
"CENTURYPLY","EQ","    897.10","07-FEB-2025","    650.00","07-APR-2025"
"CERA","EQ","   7275.00","17-JUN-2025","   4796.50","27-JAN-2026"
"CEREBRAINT","BZ","     10.08","17-OCT-2025","      3.99","28-MAR-2025"
"CESC","EQ","    185.26","29-OCT-2025","    119.00","17-FEB-2025"
"CEWATER","EQ","    723.45","30-JAN-2025","    349.65","09-DEC-2025"
"CGCL","EQ","    231.35","27-MAR-2025","    150.51","04-JUN-2025"
"CGPOWER","EQ","    797.55","17-SEP-2025","    517.70","07-APR-2025"
"CGRAPHICS","SM","    259.00","02-SEP-2025","    134.40","09-APR-2025"
"CHALET","EQ","   1082.00","01-AUG-2025","    634.05","18-FEB-2025"
"CHAMBLFERT","EQ","    742.20","06-MAY-2025","    410.20","09-DEC-2025"
"CHAMUNDA","SM","     71.00","11-FEB-2025","     36.10","04-MAR-2025"
"CHANDAN","SM","    358.00","18-NOV-2025","    140.00","04-MAR-2025"
"CHAVDA","SM","    175.00","01-FEB-2025","     82.10","03-DEC-2025"
"CHEMBOND","EQ","    608.00","10-MAR-2025","    136.21","21-JAN-2026"
"CHEMBONDCH","EQ","    244.99","25-AUG-2025","    126.90","20-JAN-2026"
"CHEMCON","EQ","    295.00","25-SEP-2025","    160.00","07-APR-2025"
"CHEMFAB","EQ","   1023.20","30-JAN-2025","    371.55","29-JAN-2026"
"CHEMICAL","EQ","     30.00","24-NOV-2025","     26.80","21-JAN-2026"
"CHEMINAV","EQ","-","-","-","-"
"CHEMPLASTS","EQ","    491.90","25-MAR-2025","    231.05","12-JAN-2026"
"CHENNPETRO","EQ","   1103.00","20-NOV-2025","    433.10","03-MAR-2025"
"CHETANA","SM","    129.00","19-MAY-2025","     43.00","30-JAN-2026"
"CHEVIOT","EQ","   1300.00","06-AUG-2025","    974.75","07-APR-2025"
"CHGOLDINAV","EQ","-","-","-","-"
"CHOICEGOLD","EQ","    175.49","29-JAN-2026","    120.00","03-DEC-2025"
"CHOICEIN","EQ","    860.50","05-JAN-2026","    438.45","03-MAR-2025"
"CHOLAFIN","EQ","   1831.50","06-JAN-2026","   1225.35","01-FEB-2025"
"CHOLAHLDNG","EQ","   2231.60","02-JUL-2025","   1357.35","07-APR-2025"
"CIEINDIA","EQ","    487.00","12-JUN-2025","    356.75","07-APR-2025"
"CIFL","EQ","     44.50","19-JUN-2025","     29.25","28-NOV-2025"
"CIGNITITEC","EQ","   1929.50","08-DEC-2025","   1033.25","07-APR-2025"
"CINELINE","EQ","    106.31","11-FEB-2025","     73.64","18-MAR-2025"
"CINEVISTA","EQ","     24.88","18-JUN-2025","     13.21","12-MAR-2025"
"CIPLA","EQ","   1673.00","23-OCT-2025","   1281.70","27-JAN-2026"
"CLASSICEIL","SM","    113.90","25-SEP-2025","     53.00","30-JAN-2026"
"CLCIND","BE","      8.96","30-JAN-2026","      8.54","30-JAN-2026"
"CLEAN","EQ","   1600.00","30-MAY-2025","    834.30","12-JAN-2026"
"CLEDUCATE","EQ","    134.90","01-FEB-2025","     67.50","17-MAR-2025"
"CLSEL","EQ","    395.75","01-JUL-2025","    228.80","27-JAN-2026"
"CLSL","SM","     62.80","10-SEP-2025","     42.25","27-MAR-2025"
"CMNL","SM","    183.90","10-NOV-2025","     98.10","30-JAN-2026"
"CMRSL","SM","     96.75","26-SEP-2025","     64.00","28-MAR-2025"
"CMSINFO","EQ","    541.15","17-JUL-2025","    312.25","27-JAN-2026"
"CNL","EQ","   1014.00","01-FEB-2025","    594.75","14-OCT-2025"
"COALINDIA","EQ","    461.55","29-JAN-2026","    349.25","17-FEB-2025"
"COASTCORP","BE","     50.82","01-FEB-2025","     30.01","01-SEP-2025"
"COCHINSHIP","EQ","   2545.00","06-JUN-2025","   1180.20","18-FEB-2025"
"COFFEEDAY","EQ","     51.46","01-SEP-2025","     21.28","24-FEB-2025"
"COFORGE","EQ","   1994.00","08-JUL-2025","   1194.01","07-APR-2025"
"COHANCE","EQ","   1328.00","20-FEB-2025","    368.40","28-JAN-2026"
"COLPAL","EQ","   2975.00","01-FEB-2025","   2029.40","30-JAN-2026"
"COMMITTED","SM","    274.05","22-AUG-2025","    174.25","22-JAN-2026"
"COMMOIETF","EQ","    103.99","29-JAN-2026","     75.61","07-APR-2025"
"COMPINFO","BZ","      2.96","21-JUL-2025","      1.26","01-APR-2025"
"COMPUSOFT","EQ","     26.00","01-FEB-2025","     13.20","21-JAN-2026"
"COMSYN","BE","    167.00","30-JAN-2026","     65.00","19-FEB-2025"
"CONCOR","EQ","    652.04","05-JUN-2025","    472.75","27-JAN-2026"
"CONCORDBIO","EQ","   2451.70","10-FEB-2025","   1155.70","30-JAN-2026"
"CONFIPET","EQ","     69.97","30-JAN-2025","     30.85","27-JAN-2026"
"CONNPLEX","SM","    293.00","08-JAN-2026","    177.00","21-AUG-2025"
"CONS","EQ","    132.00","04-SEP-2025","    102.46","03-MAR-2025"
"CONSOFINVT","EQ","    218.20","11-JUN-2025","    152.00","09-DEC-2025"
"CONSUMBEES","EQ","    144.38","21-OCT-2025","    110.86","07-APR-2025"
"CONSUMER","EQ","     12.87","08-SEP-2025","      9.00","07-APR-2025"
"CONSUMIETF","EQ","    133.81","23-OCT-2025","    101.23","07-APR-2025"
"CONSUMINAV","EQ","-","-","-","-"
"CONTI","SM","     34.85","19-FEB-2025","     19.30","19-NOV-2025"
"CONTROLPR","EQ","    917.50","15-JUL-2025","    547.00","07-APR-2025"
"COOLCAPS","SM","     99.50","23-SEP-2025","     41.90","30-JAN-2026"
"CORALFINAC","EQ","     52.49","23-JUL-2025","     33.70","03-MAR-2025"
"CORDSCABLE","EQ","    222.00","27-MAY-2025","    147.71","07-APR-2025"
"COROMANDEL","EQ","   2718.90","31-JUL-2025","   1596.00","03-MAR-2025"
"CORONA","EQ","   1541.00","19-JAN-2026","   1336.60","23-DEC-2025"
"COSMOFIRST","EQ","   1307.20","23-JUN-2025","    525.70","07-APR-2025"
"COUNCODOS","EQ","     11.92","28-APR-2025","      4.84","19-JAN-2026"
"CPCAP","EQ","    438.00","02-APR-2025","     98.10","30-JAN-2026"
"CPEDU","EQ","    338.75","29-OCT-2025","    192.00","22-JAN-2026"
"CPPLUS","EQ","   1745.10","19-NOV-2025","   1015.00","05-AUG-2025"
"CPS","ST","   1306.45","06-JAN-2026","    412.00","04-MAR-2025"
"CPSEETF","EQ","     99.58","29-JAN-2026","     74.90","07-APR-2025"
"CPSEETFNAV","EQ","-","-","-","-"
"CRAFTSMAN","EQ","   8069.00","06-JAN-2026","   3700.00","07-APR-2025"
"CRAMC","EQ","    353.40","27-OCT-2025","    245.00","27-JAN-2026"
"CRAYONS","SM","     94.00","07-FEB-2025","     32.60","21-JAN-2026"
"CREATIVEYE","EQ","     12.19","11-JUN-2025","      5.27","04-MAR-2025"
"CREDITACC","EQ","   1496.70","22-JAN-2026","    847.80","24-FEB-2025"
"CREST","EQ","    430.10","06-JUN-2025","    319.10","28-FEB-2025"
"CRISIL","EQ","   6139.00","27-JUN-2025","   3973.60","07-APR-2025"
"CRIZAC","EQ","    387.95","08-SEP-2025","    217.30","22-JAN-2026"
"CROMPTON","EQ","    373.00","01-FEB-2025","    217.40","30-JAN-2026"
"CROWN","EQ","    221.80","10-JUN-2025","    108.45","27-JAN-2026"
"CSBBANK","EQ","    574.40","05-JAN-2026","    272.75","04-MAR-2025"
"CSLFINANCE","EQ","    380.20","09-JUN-2025","    227.45","07-APR-2025"
"CSSL","SM","    163.00","30-JAN-2026","     96.75","15-DEC-2025"
"CTE","EQ","     89.29","30-JAN-2025","     31.76","29-JAN-2026"
"CUB","EQ","    304.70","30-JAN-2026","    142.91","27-MAR-2025"
"CUBEINVIT","IV","    145.95","27-NOV-2025","    120.00","12-MAR-2025"
"CUBEXTUB","EQ","    143.69","30-DEC-2025","     67.11","09-MAY-2025"
"CUDML","SM","    166.50","28-NOV-2025","    117.95","09-JAN-2026"
"CUMMINSIND","EQ","   4615.00","12-DEC-2025","   2580.00","07-APR-2025"
"CUPID","EQ","    526.95","02-JAN-2026","     55.75","07-APR-2025"
"CURAA","BE","    337.00","25-AUG-2025","     24.43","24-MAR-2025"
"CURIS","SM","    147.90","14-NOV-2025","     98.00","30-JAN-2026"
"CURRENT","SM","    163.00","18-SEP-2025","    120.05","21-JAN-2026"
"CYBERMEDIA","EQ","     23.58","06-FEB-2025","     11.00","01-APR-2025"
"CYBERTECH","EQ","    274.80","03-OCT-2025","    124.50","28-JAN-2026"
"CYIENT","EQ","   1537.05","20-FEB-2025","   1068.90","27-JAN-2026"
"CYIENTDLM","EQ","    540.00","23-APR-2025","    345.80","21-JAN-2026"
"DABUR","EQ","    577.00","04-SEP-2025","    433.30","07-APR-2025"
"DALBHARAT","EQ","   2496.30","17-SEP-2025","   1601.00","12-MAR-2025"
"DALMIASUG","EQ","    464.90","14-MAY-2025","    261.40","21-JAN-2026"
"DAMCAPITAL","EQ","    322.50","30-JAN-2025","    167.07","27-JAN-2026"
"DAMODARIND","EQ","     41.49","01-JUL-2025","     25.00","29-JAN-2026"
"DANGEE","EQ","      6.98","01-FEB-2025","      2.96","30-JAN-2026"
"DANISH","SM","   1189.00","24-JUN-2025","    598.00","29-JAN-2026"
"DATAMATICS","EQ","   1120.00","07-AUG-2025","    522.00","07-APR-2025"
"DATAPATTNS","EQ","   3268.80","06-JUN-2025","   1351.15","03-MAR-2025"
"DAVANGERE","EQ","      6.02","01-FEB-2025","      3.03","10-OCT-2025"
"DBCORP","EQ","    291.85","01-JUL-2025","    189.05","12-FEB-2025"
"DBEIL","EQ","    185.60","29-SEP-2025","     87.10","30-JAN-2026"
"DBL","EQ","    585.00","24-SEP-2025","    376.00","07-APR-2025"
"DBOL","EQ","    115.25","30-JAN-2026","     57.34","17-MAR-2025"
"DBREALTY","EQ","    252.67","09-JUL-2025","     95.50","27-JAN-2026"
"DBSTOCKBRO","EQ","     43.88","18-FEB-2025","     23.50","28-JAN-2026"
"DCAL","EQ","    321.95","23-SEP-2025","    178.00","07-MAY-2025"
"DCBBANK","EQ","    203.70","29-JAN-2026","    101.41","03-MAR-2025"
"DCCL","SM","     66.00","28-MAY-2025","     40.10","13-JAN-2026"
"DCG","SM","     95.80","31-JAN-2025","     53.90","21-JAN-2026"
"DCI","EQ","    339.00","28-MAY-2025","    201.35","31-JUL-2025"
"DCM","EQ","    136.00","11-JUL-2025","     82.32","30-JAN-2026"
"DCMFINSERV","EQ","      9.21","23-MAY-2025","      3.80","30-JAN-2026"
"DCMNVL","EQ","    208.00","01-FEB-2025","    120.10","19-JAN-2026"
"DCMSHRIRAM","EQ","   1502.30","24-JUL-2025","    902.60","04-MAR-2025"
"DCMSRIND","EQ","    194.00","06-MAY-2025","     36.11","28-JAN-2026"
"DCW","EQ","     90.36","22-APR-2025","     43.12","27-JAN-2026"
"DCXINDIA","EQ","    363.75","19-MAY-2025","    153.60","18-DEC-2025"
"DDEVPLSTIK","EQ","    360.00","06-OCT-2025","    212.55","04-MAR-2025"
"DECCANCE","EQ","   1164.90","11-SEP-2025","    577.95","17-FEB-2025"
"DECCANTRAN","SM","     65.00","30-JAN-2025","     20.15","12-JAN-2026"
"DEEDEV","EQ","    336.20","02-JUL-2025","    167.00","18-FEB-2025"
"DEEM","SM","     76.45","10-FEB-2025","     38.35","15-DEC-2025"
"DEEPAKFERT","EQ","   1778.60","03-JUL-2025","    888.90","03-MAR-2025"
"DEEPAKNTR","EQ","   2399.95","07-FEB-2025","   1514.00","04-DEC-2025"
"DEEPINDS","EQ","    589.90","07-FEB-2025","    332.00","27-JAN-2026"
"DELAPLEX","SM","    220.00","07-FEB-2025","    107.00","30-JAN-2026"
"DELHIVERY","EQ","    490.00","04-NOV-2025","    236.53","13-MAR-2025"
"DELPHIFX","EQ","    264.00","08-JAN-2026","    102.02","28-MAR-2025"
"DELTACORP","EQ","    103.89","01-FEB-2025","     62.00","27-JAN-2026"
"DELTAMAGNT","EQ","    115.99","10-JUN-2025","     55.01","08-MAY-2025"
"DELTIC","SM","    129.90","30-JAN-2025","     37.15","28-JAN-2026"
"DEN","EQ","     42.60","16-JUL-2025","     27.00","27-JAN-2026"
"DENEERS","SM","    374.80","17-JUN-2025","    132.00","20-NOV-2025"
"DENORA","EQ","   1049.25","30-JAN-2025","    560.25","21-JAN-2026"
"DENTA","EQ","    479.60","07-OCT-2025","    251.00","27-JAN-2026"
"DENTALKART","SM","    704.00","09-APR-2025","    533.00","14-FEB-2025"
"DESTINY","SM","    143.00","15-OCT-2025","     67.80","18-MAR-2025"
"DEVIT","EQ","     63.13","07-FEB-2025","     30.00","27-JAN-2026"
"DEVX","EQ","     64.05","17-SEP-2025","     34.00","21-JAN-2026"
"DEVYANI","EQ","    194.00","03-FEB-2025","    109.62","27-JAN-2026"
"DGCONTENT","EQ","     59.28","09-JUN-2025","     24.42","29-JAN-2026"
"DHAMPURSUG","EQ","    161.96","11-JUN-2025","    110.00","21-JAN-2026"
"DHANBANK","EQ","     33.50","03-JUN-2025","     22.06","04-MAR-2025"
"DHANLAXMI","SM","     66.00","17-APR-2025","     23.90","22-JAN-2026"
"DHANUKA","EQ","   1975.00","01-AUG-2025","   1017.80","21-JAN-2026"
"DHARAN","BZ","      1.37","30-JAN-2025","       .18","30-JAN-2026"
"DHARARAIL","SM","    157.50","31-DEC-2025","    103.20","20-JAN-2026"
"DHARIWAL","ST","    407.00","30-JAN-2026","     90.50","12-MAR-2025"
"DHARMAJ","EQ","    386.50","25-AUG-2025","    165.10","17-FEB-2025"
"DHRUV","EQ","    157.66","01-FEB-2025","     37.20","29-JAN-2026"
"DHTL","ST","    125.20","03-NOV-2025","     36.90","12-SEP-2025"
"DHUNINV","EQ","   2055.15","10-FEB-2025","    961.40","27-JAN-2026"
"DIACABS","EQ","    183.50","17-JUL-2025","     81.50","18-FEB-2025"
"DIAMINESQ","EQ","    489.85","04-FEB-2025","    227.70","21-JAN-2026"
"DIAMONDYD","EQ","   1295.70","16-APR-2025","    889.20","12-AUG-2025"
"DICIND","EQ","    748.00","10-MAR-2025","    450.50","19-JAN-2026"
"DIFFNKG","EQ","    418.20","11-SEP-2025","    231.85","30-APR-2025"
"DIGIDRIVE","EQ","     40.19","06-FEB-2025","     21.50","30-JAN-2026"
"DIGIKORE","SM","    127.58","10-FEB-2025","     61.25","27-JAN-2026"
"DIGISPICE","EQ","     35.50","16-SEP-2025","     17.09","07-APR-2025"
"DIGITIDE","EQ","    279.69","23-JUL-2025","    105.25","30-JAN-2026"
"DIGJAMLMTD","EQ","     59.75","15-SEP-2025","     31.46","03-MAR-2025"
"DIL","BZ","      2.91","01-FEB-2025","      1.30","30-JAN-2026"
"DIRL","SM","     34.00","21-MAY-2025","     19.50","03-MAR-2025"
"DISHTV","EQ","      8.81","07-FEB-2025","      3.28","27-JAN-2026"
"DIVGIITTS","EQ","    700.00","25-SEP-2025","    410.10","07-APR-2025"
"DIVIDEND","EQ","     38.03","28-JAN-2026","     35.31","19-DEC-2025"
"DIVINEHIRA","ST","    257.75","08-JAN-2026","     43.00","23-MAY-2025"
"DIVISLAB","EQ","   7071.50","08-JUL-2025","   4955.00","07-APR-2025"
"DIVOPPBEES","EQ","     86.48","29-JAN-2026","     68.30","07-APR-2025"
"DIVYADHAN","SM","     62.85","07-FEB-2025","     21.50","28-JAN-2026"
"DIXON","EQ","  18471.00","25-SEP-2025","   9835.00","30-JAN-2026"
"DJML","EQ","    156.85","03-FEB-2025","     52.00","11-DEC-2025"
"DKEGL","SM","     89.60","26-DEC-2025","     56.50","16-APR-2025"
"DLF","EQ","    886.80","09-JUN-2025","    586.65","23-JAN-2026"
"DLINKINDIA","EQ","    589.55","09-JUL-2025","    349.45","03-MAR-2025"
"DMART","EQ","   4949.50","04-SEP-2025","   3340.00","03-MAR-2025"
"DMCC","EQ","    377.00","10-FEB-2025","    207.50","27-JAN-2026"
"DNAMEDIA","EQ","      6.91","13-FEB-2025","      3.07","23-JAN-2026"
"DODLA","EQ","   1525.00","15-JUL-2025","    965.50","28-FEB-2025"
"DOLATALGO","EQ","    111.05","09-JUN-2025","     68.00","17-MAR-2025"
"DOLLAR","EQ","    445.00","06-FEB-2025","    306.00","27-JAN-2026"
"DOLLEX","SM","     44.25","09-JUL-2025","     29.91","28-MAR-2025"
"DOLPHIN","EQ","    501.95","04-NOV-2025","    201.00","25-FEB-2025"
"DOMS","EQ","   3064.60","22-APR-2025","   2250.00","07-APR-2025"
"DONEAR","EQ","    137.90","01-FEB-2025","     77.60","27-JAN-2026"
"DPABHUSHAN","EQ","   1895.00","07-FEB-2025","   1172.00","29-JAN-2026"
"DPEL","ST","    330.60","08-JAN-2026","     92.05","03-MAR-2025"
"DPSCLTD","EQ","     15.81","01-FEB-2025","      8.00","21-JAN-2026"
"DPWIRES","EQ","    314.95","06-FEB-2025","    162.10","27-JAN-2026"
"DRCSYSTEMS","EQ","     33.50","06-FEB-2025","     14.50","30-JAN-2026"
"DREAMFOLKS","EQ","    390.00","01-FEB-2025","     89.10","30-JAN-2026"
"DREDGECORP","EQ","   1245.00","30-JAN-2026","    495.00","07-APR-2025"
"DRONE","SM","    166.30","06-FEB-2025","     50.55","27-JAN-2026"
"DRREDDY","EQ","   1379.70","12-JUN-2025","   1020.00","07-APR-2025"
"DRSCARGO","SM","     55.40","14-OCT-2025","     22.00","18-AUG-2025"
"DRSDILIP","SM","    112.85","18-MAR-2025","     52.25","29-JAN-2026"
"DSPBNKINAV","EQ","-","-","-","-"
"DSPGOINAV","EQ","-","-","-","-"
"DSPN50INAV","EQ","-","-","-","-"
"DSPNEWINAV","EQ","-","-","-","-"
"DSPNITINAV","EQ","-","-","-","-"
"DSPPSBINAV","EQ","-","-","-","-"
"DSPPVBINAV","EQ","-","-","-","-"
"DSPQ50INAV","EQ","-","-","-","-"
"DSPSENINAV","EQ","-","-","-","-"
"DSPSILINAV","EQ","-","-","-","-"
"DSSL","EQ","   1321.95","01-FEB-2025","    820.55","30-SEP-2025"
"DTIL","EQ","    230.05","06-JUN-2025","    135.20","27-JAN-2026"
"DTL","SM","    178.00","03-NOV-2025","    105.00","03-MAR-2025"
"DUCOL","SM","    209.50","12-NOV-2025","     93.50","13-MAR-2025"
"DUCON","EQ","      7.87","10-FEB-2025","      2.81","12-JAN-2026"
"DUGLOBAL","SM","     64.00","05-FEB-2025","     26.50","28-JAN-2026"
"DURLAX","SM","     58.00","14-MAY-2025","     30.55","20-JAN-2026"
"DVL","EQ","    402.00","10-FEB-2025","    250.00","30-JAN-2026"
"DWARKESH","EQ","     52.75","01-FEB-2025","     32.13","21-JAN-2026"
"DYCL","EQ","    526.75","11-JUL-2025","    227.50","07-APR-2025"
"DYNAMATECH","EQ","  10039.50","26-DEC-2025","   5444.15","07-APR-2025"
"DYNAMIC","SM","    312.65","30-JAN-2025","     85.40","17-NOV-2025"
"DYNPRO","EQ","    415.80","25-AUG-2025","    211.00","27-JAN-2026"
"E2E","EQ","   3894.70","07-OCT-2025","   1710.05","12-MAR-2025"
"E2ERAIL","SM","    347.10","02-JAN-2026","    202.35","30-JAN-2026"
"EASEMYTRIP","EQ","     14.92","01-FEB-2025","      6.12","27-JAN-2026"
"EBANKNIFTY","EQ","     62.10","01-DEC-2025","     47.00","07-APR-2025"
"EBB433INAV","EQ","-","-","-","-"
"EBBE30INAV","EQ","-","-","-","-"
"EBBE32INAV","EQ","-","-","-","-"
"EBBETF0430","EQ","   1611.59","12-JAN-2026","   1232.00","29-AUG-2025"
"EBBETF0431","EQ","   1410.12","13-AUG-2025","   1297.11","03-FEB-2025"
"EBBETF0433","EQ","   1315.12","06-JAN-2026","   1186.01","04-MAR-2025"
"EBGNG","EQ","    401.70","18-SEP-2025","    239.00","27-JAN-2026"
"EBNKNFINAV","EQ","-","-","-","-"
"ECAPININAV","EQ","-","-","-","-"
"ECAPINSURE","EQ","     26.77","03-JUN-2025","     17.13","07-APR-2025"
"ECLERX","EQ","   4959.00","03-DEC-2025","   2168.00","07-APR-2025"
"ECOLINE","SM","    143.90","03-NOV-2025","    115.00","27-JAN-2026"
"ECOSMOBLTY","EQ","    358.40","23-JUL-2025","    165.00","07-APR-2025"
"EDELWEISS","EQ","    123.50","27-OCT-2025","     73.50","07-MAY-2025"
"EEPL","SM","    267.90","25-JUN-2025","    138.00","21-JAN-2026"
"EFACTOR","ST","    348.00","05-DEC-2025","    127.50","18-MAR-2025"
"EFCIL","EQ","    357.00","20-AUG-2025","    219.80","27-JAN-2026"
"EFFWA","SM","    270.00","05-DEC-2025","    147.55","18-MAR-2025"
"EFORCE","SM","     54.50","14-JUL-2025","     29.20","28-MAR-2025"
"EGOLD","EQ","    184.95","29-JAN-2026","     82.15","30-JAN-2025"
"EGOLDINAV","EQ","-","-","-","-"
"EICHERMOT","EQ","   7613.50","09-JAN-2026","   4646.00","17-FEB-2025"
"EIDPARRY","EQ","   1246.80","31-JUL-2025","    639.00","03-MAR-2025"
"EIEL","EQ","    306.40","18-JUL-2025","    163.21","27-JAN-2026"
"EIFFL","EQ","    305.90","12-JAN-2026","    170.76","07-APR-2025"
"EIHAHOTELS","EQ","    434.90","09-SEP-2025","    304.00","03-MAR-2025"
"EIHOTEL","EQ","    434.80","09-SEP-2025","    304.50","27-JAN-2026"
"EIMCOELECO","EQ","   3019.90","07-JUL-2025","   1301.00","07-APR-2025"
"EKC","EQ","    166.60","03-FEB-2025","    100.11","21-JAN-2026"
"ELDEHSG","EQ","   1044.10","01-JAN-2026","    658.10","07-APR-2025"
"ELECON","EQ","    716.25","03-JUN-2025","    361.50","21-JAN-2026"
"ELECTCAST","EQ","    138.75","26-JUN-2025","     66.10","08-DEC-2025"
"ELECTHERM","EQ","   1280.40","24-JUN-2025","    673.35","11-FEB-2025"
"ELGIEQUIP","EQ","    608.40","24-JUL-2025","    401.00","09-APR-2025"
"ELGIRUBCO","EQ","    107.00","04-FEB-2025","     39.25","12-JAN-2026"
"ELGNZ","SM","    163.50","19-MAY-2025","     74.15","29-JAN-2026"
"ELIN","EQ","    234.00","23-SEP-2025","    108.21","03-MAR-2025"
"ELIQUID","EQ","   1026.47","13-OCT-2025","    996.00","13-OCT-2025"
"ELLEN","EQ","    637.70","14-JUL-2025","    247.95","27-JAN-2026"
"ELM250","EQ","     19.20","09-SEP-2025","     15.89","30-SEP-2025"
"ELM250INAV","EQ","-","-","-","-"
"EMAMILTD","EQ","    653.35","06-MAY-2025","    478.05","30-JAN-2026"
"EMAMIPAP","EQ","    122.00","26-AUG-2025","     77.30","21-JAN-2026"
"EMAMIREAL","EQ","    135.99","04-APR-2025","     64.00","27-JAN-2026"
"EMAPARTNER","SM","    147.00","06-FEB-2025","     79.25","27-JAN-2026"
"EMBASSY","RR","    453.99","03-DEC-2025","    342.10","19-FEB-2025"
"EMBDL","BE","    156.90","06-FEB-2025","     55.69","05-JAN-2026"
"EMCURE","EQ","   1585.60","19-JAN-2026","    889.00","07-APR-2025"
"EMIL","EQ","    168.50","22-SEP-2025","     84.90","27-JAN-2026"
"EMKAY","EQ","    409.90","24-SEP-2025","    168.00","18-MAR-2025"
"EMKAYTOOLS","SM","    480.00","04-APR-2025","     90.05","30-JAN-2026"
"EMLTMQINAV","EQ","-","-","-","-"
"EMMBI","EQ","    136.31","01-FEB-2025","     79.96","07-APR-2025"
"EMMIL","SM","    300.00","30-JAN-2025","    139.45","29-JAN-2026"
"EMMVEE","EQ","    248.40","03-DEC-2025","    171.51","18-DEC-2025"
"EMSLIMITED","EQ","    850.70","01-FEB-2025","    322.15","30-JAN-2026"
"EMUDHRA","EQ","    894.10","25-MAR-2025","    494.00","29-JAN-2026"
"EMULTIMQ","EQ","     44.97","01-JUL-2025","     34.71","03-MAR-2025"
"ENCOMPAS","SM","    265.00","08-JAN-2026","    167.35","17-DEC-2025"
"ENDURANCE","EQ","   3079.90","09-SEP-2025","   1675.00","04-MAR-2025"
"ENERGY","EQ","     40.00","13-NOV-2025","     32.00","21-JAN-2026"
"ENERGYDEV","BE","     29.85","12-JUN-2025","     16.40","28-MAR-2025"
"ENFUSE","SM","    284.00","26-AUG-2025","    164.00","13-NOV-2025"
"ENGINERSIN","EQ","    255.45","11-JUL-2025","    142.20","03-MAR-2025"
"ENIFTY","EQ","     27.22","02-DEC-2025","     24.97","21-JAN-2026"
"ENIFTYINAV","EQ","-","-","-","-"
"ENIL","EQ","    174.58","28-AUG-2025","    107.09","21-JAN-2026"
"ENRIN","EQ","   3625.00","23-SEP-2025","   2115.00","23-JAN-2026"
"ENSER","SM","     33.20","07-FEB-2025","     12.00","30-JAN-2026"
"ENTERO","EQ","   1563.90","05-FEB-2025","    944.00","29-DEC-2025"
"ENVIRO","SM","    173.00","11-SEP-2025","     82.00","29-JAN-2026"
"EPACK","EQ","    484.00","30-JAN-2025","    216.50","29-JAN-2026"
"EPACKPEB","EQ","    344.00","07-NOV-2025","    174.90","27-JAN-2026"
"EPIGRAL","EQ","   2114.00","30-JUL-2025","    996.00","30-JAN-2026"
"EPL","EQ","    261.37","12-FEB-2025","    175.28","07-APR-2025"
"EPWINDIA","SM","    123.50","12-JAN-2026","     98.00","29-JAN-2026"
"EQUA50INAV","EQ","-","-","-","-"
"EQUAL200","EQ","     13.96","05-DEC-2025","     11.03","07-APR-2025"
"EQUAL50","EQ","    341.70","12-JAN-2026","    303.44","15-MAY-2025"
"EQUAL50ADD","EQ","    351.10","23-OCT-2025","    280.01","07-APR-2025"
"EQUIPPP","BE","     25.79","30-JAN-2025","     16.15","25-NOV-2025"
"EQUITASBNK","EQ","     73.40","23-JAN-2026","     50.00","01-SEP-2025"
"ERIS","EQ","   1910.00","12-JUN-2025","   1097.20","07-APR-2025"
"ESABINDIA","EQ","   6425.00","11-DEC-2025","   4133.05","07-APR-2025"
"ESAFSFB","EQ","     37.49","30-JAN-2025","     24.31","27-MAR-2025"
"ESCONET","SM","    307.75","01-FEB-2025","    114.50","13-JAN-2026"
"ESCORTS","EQ","   4180.00","04-SEP-2025","   2776.40","13-JUN-2025"
"ESENSEINAV","EQ","-","-","-","-"
"ESENSEX","EQ","     88.05","27-NOV-2025","     81.29","27-JAN-2026"
"ESFL","SM","    625.45","06-FEB-2025","    136.50","23-JAN-2026"
"ESG","EQ","     45.06","05-JAN-2026","     36.00","07-APR-2025"
"ESILINAV","EQ","-","-","-","-"
"ESILVER","EQ","    375.00","29-JAN-2026","     86.27","07-APR-2025"
"ESPRIT","SM","    134.90","30-JAN-2025","     52.00","31-DEC-2025"
"ESSARSHPNG","BE","     43.26","30-OCT-2025","     21.50","01-APR-2025"
"ESSENTIA","EQ","      3.24","01-FEB-2025","      1.16","20-JAN-2026"
"ESTER","EQ","    173.01","06-FEB-2025","     90.00","12-JAN-2026"
"ETERNAL","EQ","    368.45","16-OCT-2025","    194.80","07-APR-2025"
"ETHOSLTD","EQ","   3245.90","27-NOV-2025","   1923.08","07-APR-2025"
"ETL","SM","   1235.00","30-JUL-2025","    721.10","23-OCT-2025"
"ETML","SM","    153.00","19-FEB-2025","     90.00","30-JAN-2026"
"EUREKAFORB","EQ","    668.30","28-NOV-2025","    461.50","18-FEB-2025"
"EUROBOND","EQ","    254.50","19-AUG-2025","    144.85","11-MAR-2025"
"EUROPRATIK","EQ","    390.00","17-NOV-2025","    205.10","30-JAN-2026"
"EUROTEXIND","BE","     23.58","03-NOV-2025","     11.68","28-FEB-2025"
"EVEREADY","EQ","    475.20","05-SEP-2025","    272.30","09-APR-2025"
"EVERESTIND","EQ","    750.00","24-SEP-2025","    400.00","28-JAN-2026"
"EVIETF","EQ","     33.75","18-SEP-2025","     23.56","07-JUL-2025"
"EVIETFINAV","EQ","-","-","-","-"
"EVINDIA","EQ","     32.56","09-JAN-2026","     23.83","07-APR-2025"
"EVINDINAV","EQ","-","-","-","-"
"EXCEL","EQ","      1.74","17-SEP-2025","       .65","11-JUN-2025"
"EXCELINDUS","EQ","   1440.00","30-JUL-2025","    799.10","03-MAR-2025"
"EXCELLENT","ST","     71.25","23-JAN-2026","     36.90","19-NOV-2025"
"EXCELSOFT","EQ","    142.59","26-NOV-2025","     68.00","30-JAN-2026"
"EXICOM","EQ","    244.42","01-FEB-2025","     96.56","27-JAN-2026"
"EXIDEIND","EQ","    431.00","10-SEP-2025","    312.90","29-JAN-2026"
"EXIMROUTES","ST","    281.90","09-JAN-2026","    104.50","19-DEC-2025"
"EXPLEOSOL","EQ","   1370.90","01-JUL-2025","    735.35","07-APR-2025"
"EXXARO","BE","     10.95","11-JUN-2025","      5.45","27-MAR-2025"
"FABTECH","EQ","    262.80","28-OCT-2025","    155.16","27-JAN-2026"
"FACT","EQ","   1112.00","05-JUN-2025","    565.00","07-APR-2025"
"FAIRCHEMOR","EQ","   1189.90","06-FEB-2025","    541.55","13-NOV-2025"
"FALCONTECH","SM","     44.05","30-JAN-2025","     14.25","21-JAN-2026"
"FAZE3Q","EQ","    747.95","24-JUL-2025","    317.75","03-MAR-2025"
"FCL","EQ","     35.79","03-NOV-2025","     20.70","07-APR-2025"
"FCSSOFT","EQ","      3.42","21-FEB-2025","      1.46","30-JAN-2026"
"FDC","EQ","    527.80","19-SEP-2025","    358.75","30-JAN-2026"
"FEDERALBNK","EQ","    289.60","29-JAN-2026","    172.66","03-MAR-2025"
"FEDFINA","EQ","    178.48","14-JAN-2026","     80.00","07-APR-2025"
"FEL","BZ","       .68","02-MAY-2025","       .34","17-NOV-2025"
"FELDVR","BZ","      5.09","10-FEB-2025","      2.73","20-JAN-2026"
"FELIX","SM","    220.00","19-SEP-2025","    108.00","04-MAR-2025"
"FIBERWEB","EQ","     59.26","23-JUN-2025","     31.20","22-JAN-2026"
"FIDEL","SM","    234.00","12-JUN-2025","    109.00","28-MAR-2025"
"FIEMIND","EQ","   2445.00","22-DEC-2025","   1255.10","07-APR-2025"
"FILATEX","EQ","     66.10","04-NOV-2025","     34.00","07-APR-2025"
"FILATFASH","EQ","       .74","09-JUL-2025","       .25","31-DEC-2025"
"FINBUD","SM","    164.85","20-NOV-2025","    104.00","21-JAN-2026"
"FINCABLES","EQ","   1059.95","13-FEB-2025","    700.80","30-JAN-2026"
"FINEORG","EQ","   5494.00","15-JUL-2025","   3407.00","28-FEB-2025"
"FINIETF","EQ","     33.66","08-DEC-2025","     24.18","04-MAR-2025"
"FINKURVE","EQ","    134.90","06-OCT-2025","     76.60","27-JAN-2026"
"FINOPB","EQ","    339.00","21-OCT-2025","    200.00","04-MAR-2025"
"FINPIPE","EQ","    238.00","18-JUN-2025","    153.92","07-APR-2025"
"FIRSTCRY","EQ","    512.30","01-FEB-2025","    254.50","27-JAN-2026"
"FISCHER","EQ","    124.70","24-SEP-2025","     33.94","27-JAN-2026"
"FIVESTAR","EQ","    850.00","23-APR-2025","    435.05","29-JAN-2026"
"FLAIR","EQ","    357.00","30-JUL-2025","    194.03","11-MAR-2025"
"FLEXIADD","EQ","     11.90","16-OCT-2025","     10.32","21-JAN-2026"
"FLEXIAINAV","EQ","-","-","-","-"
"FLEXITUFF","EQ","     59.48","04-FEB-2025","      9.70","22-JAN-2026"
"FLFL","BZ","      2.24","08-JUL-2025","      1.17","01-APR-2025"
"FLUOROCHEM","EQ","   4083.55","28-MAR-2025","   2916.60","28-JAN-2026"
"FLYSBS","SM","    790.00","26-AUG-2025","    375.05","28-JAN-2026"
"FMCGIETF","EQ","     62.30","04-SEP-2025","     53.00","01-JUL-2025"
"FMGOETZE","EQ","    622.00","01-JUL-2025","    308.00","12-MAR-2025"
"FMNL","EQ","     22.51","11-FEB-2025","      7.30","22-JAN-2026"
"FOCE","SM","   2004.00","05-JAN-2026","   1226.00","16-SEP-2025"
"FOCUS","EQ","    126.15","12-JUN-2025","     63.51","27-JAN-2026"
"FONEBOX","ST","    124.40","06-NOV-2025","     68.85","28-AUG-2025"
"FOODSIN","EQ","    128.45","26-JUN-2025","     59.53","30-JAN-2026"
"FORCAS","SM","    140.00","20-NOV-2025","     65.05","28-MAR-2025"
"FORCEMOT","EQ","  21990.00","21-AUG-2025","   6200.50","11-FEB-2025"
"FORGEAUTO","SM","    175.50","15-JUL-2025","     60.00","27-MAR-2025"
"FORTIS","EQ","   1104.30","17-OCT-2025","    587.10","17-FEB-2025"
"FOSECOIND","EQ","   6846.00","08-SEP-2025","   3205.00","28-FEB-2025"
"FRESHARA","SM","    221.95","30-JUL-2025","    117.20","26-MAR-2025"
"FROG","SM","    449.90","30-JAN-2025","    133.00","21-JAN-2026"
"FSL","EQ","    403.80","25-JUN-2025","    270.00","07-APR-2025"
"FUSION","EQ","    211.80","25-JUN-2025","    123.96","07-APR-2025"
"FWSTC","SM","    248.00","19-DEC-2025","    176.00","21-JAN-2026"
"GABRIEL","EQ","   1388.00","08-OCT-2025","    422.95","30-JAN-2025"
"GAEL","EQ","    143.53","29-JAN-2026","     98.72","03-MAR-2025"
"GAIL","EQ","    202.79","12-JUN-2025","    150.52","04-MAR-2025"
"GAJANAND","SM","     17.40","31-JAN-2025","      9.00","27-JAN-2026"
"GALAPREC","EQ","   1120.95","05-FEB-2025","    677.75","28-JAN-2026"
"GALAXYSURF","EQ","   2750.10","30-JUL-2025","   1805.00","30-JAN-2026"
"GALLANTT","EQ","    802.25","05-AUG-2025","    295.00","03-MAR-2025"
"GANDHAR","EQ","    184.42","04-JUN-2025","    120.56","09-DEC-2025"
"GANDHITUBE","EQ","   1031.80","08-SEP-2025","    585.50","03-MAR-2025"
"GANECOS","EQ","   1923.85","03-FEB-2025","    653.55","30-JAN-2026"
"GANESHBE","EQ","    133.80","16-MAY-2025","     69.76","30-JAN-2026"
"GANESHCP","EQ","    309.95","06-OCT-2025","    188.30","27-JAN-2026"
"GANESHHOU","EQ","   1485.00","06-FEB-2025","    706.00","27-JAN-2026"
"GANESHIN","SM","    279.80","21-AUG-2025","     83.40","23-JAN-2026"
"GANGABATH","SM","     59.00","11-JUN-2025","     18.20","30-JAN-2026"
"GANGAFORGE","EQ","      7.04","06-FEB-2025","      2.70","04-DEC-2025"
"GANGESSECU","EQ","    191.00","13-JUN-2025","    117.00","30-JAN-2026"
"GARFIBRES","EQ","    985.55","27-MAR-2025","    588.15","21-JAN-2026"
"GARUDA","EQ","    249.30","07-NOV-2025","     87.50","09-MAY-2025"
"GATECH","EQ","      1.21","10-JUN-2025","       .44","13-AUG-2025"
"GATECHDVR","EQ","      1.16","17-APR-2025","       .42","13-AUG-2025"
"GATEWAY","EQ","     80.80","04-FEB-2025","     55.28","21-JAN-2026"
"GAYAHWS","EQ","      4.76","07-OCT-2025","       .74","06-MAR-2025"
"GCHOTELS","SM","    255.00","21-AUG-2025","    101.90","28-MAR-2025"
"GCSL","BE","    389.40","20-NOV-2025","    213.15","20-OCT-2025"
"GEECEE","EQ","    465.00","05-FEB-2025","    302.05","22-JAN-2026"
"GEEKAYWIRE","EQ","     46.00","06-FEB-2025","     27.27","30-JAN-2026"
"GEMAROMA","EQ","    349.60","26-AUG-2025","    133.00","09-DEC-2025"
"GENCON","EQ","     55.92","07-OCT-2025","     21.96","27-MAR-2025"
"GENESYS","EQ","    934.80","01-FEB-2025","    289.65","29-JAN-2026"
"GENSOL","BZ","    760.45","01-FEB-2025","     20.50","20-JAN-2026"
"GENUSPAPER","EQ","     22.01","02-JUL-2025","     11.40","30-JAN-2026"
"GENUSPOWER","EQ","    430.00","02-JUN-2025","    236.85","13-MAR-2025"
"GEOJITFSL","EQ","     98.16","01-FEB-2025","     60.73","17-MAR-2025"
"GESHIP","EQ","   1266.50","30-JAN-2026","    797.50","04-MAR-2025"
"GFLLIMITED","EQ","     81.00","21-OCT-2025","     47.35","29-JAN-2026"
"GGBL","SM","    555.00","16-JUL-2025","    221.05","30-JAN-2026"
"GHCL","EQ","    779.00","31-JAN-2025","    511.05","07-APR-2025"
"GHCLTEXTIL","EQ","    100.00","03-FEB-2025","     65.00","07-APR-2025"
"GICHSGFIN","EQ","    206.00","17-JUL-2025","    156.01","03-MAR-2025"
"GICL","ST","     51.50","26-NOV-2025","     20.58","29-APR-2025"
"GICRE","EQ","    453.80","30-APR-2025","    351.00","04-MAR-2025"
"GILLANDERS","EQ","    151.90","01-AUG-2025","     85.64","28-JAN-2026"
"GILLETTE","EQ","  11500.00","15-JUL-2025","   7411.65","17-FEB-2025"
"GILT10BETA","EQ","     26.99","06-JAN-2026","     24.51","01-FEB-2025"
"GILT5BETA","EQ","     65.00","08-OCT-2025","     59.16","03-FEB-2025"
"GILT5YBEES","EQ","     71.00","28-FEB-2025","     57.60","31-JAN-2025"
"GILT5YINAV","EQ","-","-","-","-"
"GINNIFILA","EQ","     57.80","11-AUG-2025","     19.01","28-MAR-2025"
"GIPCL","EQ","    223.90","09-JUL-2025","    134.00","27-JAN-2026"
"GIRIRAJ","SM","    409.00","22-MAY-2025","     96.80","21-NOV-2025"
"GKENERGY","EQ","    239.60","23-OCT-2025","    106.21","30-JAN-2026"
"GKSL","EQ","    123.00","30-DEC-2025","     98.36","23-JAN-2026"
"GKWLIMITED","EQ","   2349.90","30-JAN-2025","   1371.00","18-MAR-2025"
"GLAND","EQ","   2131.00","29-JUL-2025","   1277.80","07-APR-2025"
"GLAXO","EQ","   3515.70","05-JUN-2025","   1921.00","03-FEB-2025"
"GLDCASINAV","EQ","-","-","-","-"
"GLENMARK","EQ","   2284.80","11-JUL-2025","   1275.50","28-FEB-2025"
"GLFL","BE","      9.34","03-NOV-2025","      3.97","03-JUN-2025"
"GLOBAL","BE","     98.40","02-DEC-2025","     41.00","28-MAR-2025"
"GLOBALE","EQ","     26.00","03-FEB-2025","     10.50","08-DEC-2025"
"GLOBALPET","SM","    159.70","31-OCT-2025","     93.10","03-FEB-2025"
"GLOBALVECT","EQ","    311.40","06-FEB-2025","    161.10","21-JAN-2026"
"GLOBE","EQ","      4.37","31-JAN-2025","      2.02","28-AUG-2025"
"GLOBECIVIL","EQ","     95.00","23-JUL-2025","     47.00","20-JAN-2026"
"GLOBUSSPR","EQ","   1303.20","31-JUL-2025","    800.00","18-FEB-2025"
"GLOSTERLTD","EQ","    830.00","02-JUL-2025","    532.95","03-MAR-2025"
"GLOTTIS","EQ","     93.00","07-OCT-2025","     49.10","30-JAN-2026"
"GMBREW","EQ","   1328.80","06-JAN-2026","    579.95","03-MAR-2025"
"GMDCLTD","EQ","    651.00","10-OCT-2025","    226.59","03-MAR-2025"
"GML","ST","     54.00","17-SEP-2025","     17.50","21-JAN-2026"
"GMMPFAUDLR","EQ","   1418.00","01-AUG-2025","    949.90","30-JAN-2026"
"GMRAIRPORT","EQ","    110.36","02-DEC-2025","     67.75","28-FEB-2025"
"GMRP&UI","EQ","    141.01","22-APR-2025","     89.36","03-MAR-2025"
"GNA","EQ","    390.00","07-JAN-2026","    271.05","07-APR-2025"
"GNFC","EQ","    584.70","05-FEB-2025","    442.45","21-JAN-2026"
"GOACARBON","EQ","    594.00","01-FEB-2025","    350.40","27-JAN-2026"
"GOCLCORP","EQ","    417.50","10-JUN-2025","    244.00","27-JAN-2026"
"GOCOLORS","EQ","    943.75","20-MAY-2025","    373.35","21-JAN-2026"
"GODAVARIB","EQ","    348.70","24-JUL-2025","    145.00","28-MAR-2025"
"GODFRYPHLP","EQ","   3947.00","16-SEP-2025","   1467.00","31-JAN-2025"
"GODIGIT","EQ","    381.40","24-SEP-2025","    264.60","07-APR-2025"
"GODREJAGRO","EQ","    876.35","24-JUL-2025","    506.10","27-JAN-2026"
"GODREJCP","EQ","   1309.00","04-SEP-2025","    979.50","04-MAR-2025"
"GODREJIND","EQ","   1390.00","06-JUN-2025","    766.00","17-FEB-2025"
"GODREJPROP","EQ","   2522.00","05-FEB-2025","   1476.20","27-JAN-2026"
"GOKEX","EQ","   1060.00","16-MAY-2025","    531.00","27-JAN-2026"
"GOKUL","EQ","     57.00","11-FEB-2025","     35.90","27-JAN-2026"
"GOKULAGRO","EQ","    221.50","01-DEC-2025","     96.55","07-APR-2025"
"GOLD1","EQ","    155.00","29-JAN-2026","     68.01","07-APR-2025"
"GOLD360","EQ","    178.00","29-JAN-2026","     78.20","19-JUN-2025"
"GOLDADD","EQ","    181.00","29-JAN-2026","     78.15","30-JAN-2025"
"GOLDBDINAV","EQ","-","-","-","-"
"GOLDBEES","EQ","    148.14","29-JAN-2026","     65.85","07-APR-2025"
"GOLDBEINAV","EQ","-","-","-","-"
"GOLDBETA","EQ","    149.35","29-JAN-2026","     68.20","03-FEB-2025"
"GOLDBND","EQ","    180.16","29-JAN-2026","    127.96","15-DEC-2025"
"GOLDCASE","EQ","     27.94","29-JAN-2026","     12.83","07-APR-2025"
"GOLDENTOBC","BZ","     45.00","07-FEB-2025","     27.55","20-JAN-2026"
"GOLDETF","EQ","    173.50","29-JAN-2026","     78.03","07-APR-2025"
"GOLDIAM","EQ","    563.00","04-FEB-2025","    251.35","07-APR-2025"
"GOLDIETF","EQ","    158.00","29-JAN-2026","     69.71","07-APR-2025"
"GOLDKART","SM","    285.00","28-JAN-2026","    200.05","13-AUG-2025"
"GOLDSTAR","SM","     13.50","24-APR-2025","      4.50","30-JAN-2026"
"GOLDTECH","EQ","     80.44","01-JUL-2025","     39.97","23-JAN-2026"
"GOODLUCK","EQ","   1349.00","03-OCT-2025","    567.75","18-FEB-2025"
"GOPAL","EQ","    398.00","10-SEP-2025","    255.90","17-MAR-2025"
"GOYALALUM","BE","     11.37","07-JAN-2026","      6.16","20-NOV-2025"
"GOYALSALT","SM","    204.00","21-APR-2025","    124.50","20-JAN-2026"
"GPECO","SM","    616.50","02-SEP-2025","    230.00","17-FEB-2025"
"GPIL","EQ","    290.00","29-OCT-2025","    145.75","03-MAR-2025"
"GPPL","EQ","    200.09","08-JAN-2026","    122.50","03-MAR-2025"
"GPTHEALTH","EQ","    185.00","05-AUG-2025","    124.90","21-JAN-2026"
"GPTINFRA","EQ","    149.80","30-MAY-2025","     84.48","05-MAR-2025"
"GRANULES","EQ","    627.00","07-JAN-2026","    422.00","09-APR-2025"
"GRAPHISAD","SM","     58.20","27-FEB-2025","     30.40","17-NOV-2025"
"GRAPHITE","EQ","    685.00","06-JAN-2026","    365.75","04-MAR-2025"
"GRASIM","EQ","   2977.80","29-OCT-2025","   2301.65","28-FEB-2025"
"GRAVITA","EQ","   2170.00","19-MAY-2025","   1379.65","07-APR-2025"
"GRCAPMINAV","EQ","-","-","-","-"
"GRCL","SM","    525.25","28-MAY-2025","    306.65","22-JAN-2026"
"GREAVESCOT","EQ","    305.85","06-FEB-2025","    155.10","27-JAN-2026"
"GREENCHEF","SM","     80.00","31-JAN-2025","     44.00","29-JAN-2026"
"GREENLAM","EQ","    297.70","20-MAR-2025","    197.42","05-MAY-2025"
"GREENLEAF","SM","    185.90","26-DEC-2025","    111.00","10-NOV-2025"
"GREENPANEL","EQ","    395.00","06-FEB-2025","    202.81","07-APR-2025"
"GREENPLY","EQ","    351.95","24-JUL-2025","    214.80","27-JAN-2026"
"GREENPOWER","EQ","     16.42","01-FEB-2025","      9.68","27-JAN-2026"
"GRETEX","SM","    263.40","29-MAY-2025","    180.50","17-DEC-2025"
"GRINDWELL","EQ","   1965.00","01-FEB-2025","   1356.05","04-MAR-2025"
"GRINFRA","EQ","   1444.40","10-JUN-2025","    896.05","21-JAN-2026"
"GRMOVER","EQ","    185.45","24-DEC-2025","     65.82","04-MAR-2025"
"GRN200INAV","EQ","-","-","-","-"
"GRO250INAV","EQ","-","-","-","-"
"GROBTEA","EQ","   1359.90","09-JUN-2025","    747.00","05-MAR-2025"
"GROLIQINAV","EQ","-","-","-","-"
"GRONIFINAV","EQ","-","-","-","-"
"GROWEVINAV","EQ","-","-","-","-"
"GROWLOINAV","EQ","-","-","-","-"
"GROWMOINAV","EQ","-","-","-","-"
"GROWSLINAV","EQ","-","-","-","-"
"GROWW","EQ","    193.80","18-NOV-2025","    112.00","12-NOV-2025"
"GROWWCAPM","EQ","     11.78","05-DEC-2025","      9.39","23-JAN-2026"
"GROWWCHEM","EQ","     29.22","16-JAN-2026","     26.77","21-JAN-2026"
"GROWWDEFNC","EQ","     93.89","19-MAY-2025","     49.83","03-MAR-2025"
"GROWWEV","EQ","     32.38","05-JAN-2026","     23.00","07-APR-2025"
"GROWWGINAV","EQ","-","-","-","-"
"GROWWGOLD","EQ","    179.96","29-JAN-2026","     80.00","07-APR-2025"
"GROWWLIQID","EQ","    108.34","06-JAN-2026","    100.00","12-MAY-2025"
"GROWWLOVOL","EQ","     11.50","26-JUN-2025","      9.00","18-JUN-2025"
"GROWWMC150","EQ","    228.75","07-JAN-2026","    206.60","27-JAN-2026"
"GROWWMETAL","EQ","     12.19","30-JAN-2026","     10.03","30-DEC-2025"
"GROWWMOM50","EQ","     12.00","10-JUN-2025","      9.11","02-MAY-2025"
"GROWWN200","EQ","     12.45","07-APR-2025","      9.00","10-MAR-2025"
"GROWWNET","EQ","     12.14","23-JUL-2025","      9.00","29-JAN-2026"
"GROWWNIFTY","EQ","     11.00","18-SEP-2025","      9.50","12-AUG-2025"
"GROWWNINAV","EQ","-","-","-","-"
"GROWWNXT50","EQ","     72.25","01-DEC-2025","     64.00","28-AUG-2025"
"GROWWPINAV","EQ","-","-","-","-"
"GROWWPOWER","EQ","     11.30","08-DEC-2025","      7.75","23-JAN-2026"
"GROWWRAIL","EQ","     43.66","19-MAY-2025","     28.72","07-APR-2025"
"GROWWRINAV","EQ","-","-","-","-"
"GROWWRLTY","EQ","     11.30","12-NOV-2025","      8.31","27-JAN-2026"
"GROWWSC250","EQ","     10.47","30-OCT-2025","      8.66","28-JAN-2026"
"GROWWSLVR","EQ","    362.99","29-JAN-2026","     94.20","23-MAY-2025"
"GRPLTD","EQ","   3224.95","03-APR-2025","   1500.00","27-JAN-2026"
"GRRAILINAV","EQ","-","-","-","-"
"GRSE","EQ","   3538.40","23-JUN-2025","   1184.90","03-MAR-2025"
"GRW150INAV","EQ","-","-","-","-"
"GRWCHEINAV","EQ","-","-","-","-"
"GRWMTLINAV","EQ","-","-","-","-"
"GRWRHITECH","EQ","   4782.90","30-MAY-2025","   2317.35","09-APR-2025"
"GRWWDFINAV","EQ","-","-","-","-"
"GSEC10ABSL","EQ","    111.10","26-NOV-2025","    103.92","04-FEB-2025"
"GSEC10IETF","EQ","    265.36","18-JUL-2025","    243.60","11-FEB-2025"
"GSEC10INAV","EQ","-","-","-","-"
"GSEC10YEAR","EQ","     31.00","26-MAR-2025","     27.55","01-FEB-2025"
"GSEC5IETF","EQ","     66.70","01-AUG-2025","     58.05","19-MAR-2025"
"GSFC","EQ","    220.59","04-SEP-2025","    158.30","03-MAR-2025"
"GSLSU","BE","    144.40","27-MAY-2025","     79.00","27-JAN-2026"
"GSMFOILS","SM","    255.15","08-SEP-2025","    108.53","11-MAR-2025"
"GSPL","EQ","    360.60","20-MAY-2025","    261.45","04-MAR-2025"
"GSS","EQ","     59.90","20-FEB-2025","     14.03","30-JAN-2026"
"GSTL","ST","     31.20","03-FEB-2025","      5.95","07-NOV-2025"
"GTECJAINX","EQ","     37.00","19-MAR-2025","     18.00","30-JAN-2026"
"GTL","EQ","     13.00","12-JUN-2025","      6.78","21-JAN-2026"
"GTLINFRA","EQ","      2.17","12-JUN-2025","       .98","27-JAN-2026"
"GTPL","EQ","    133.40","19-JUN-2025","     76.20","19-JAN-2026"
"GUFICBIO","EQ","    458.80","31-JAN-2025","    293.05","28-JAN-2026"
"GUJALKALI","EQ","    710.00","31-JAN-2025","    441.95","28-JAN-2026"
"GUJAPOLLO","EQ","    556.00","26-AUG-2025","    246.55","04-MAR-2025"
"GUJGASLTD","EQ","    508.70","03-JUL-2025","    360.25","03-MAR-2025"
"GUJRAFFIA","BE","     88.00","27-OCT-2025","     34.87","13-MAR-2025"
"GUJTHEM","EQ","    479.00","27-OCT-2025","    208.00","03-MAR-2025"
"GULFOILLUB","EQ","   1331.90","01-JUL-2025","    911.00","07-APR-2025"
"GULFPETRO","EQ","     56.00","01-FEB-2025","     30.00","21-JAN-2026"
"GULPOLY","EQ","    224.47","05-FEB-2025","    125.01","27-JAN-2026"
"GURUNANAK","SM","     60.00","01-OCT-2025","     27.00","28-NOV-2025"
"GVKPIL","BE","      4.72","03-FEB-2025","      2.87","30-JAN-2026"
"GVPIL","EQ","    394.00","19-AUG-2025","    205.25","07-APR-2025"
"GVPTECH","EQ","     12.00","30-JUN-2025","      7.42","29-JAN-2026"
"GVT&D","EQ","   3323.80","03-NOV-2025","   1254.00","09-APR-2025"
"HAL","EQ","   5165.00","16-MAY-2025","   3046.05","03-MAR-2025"
"HALDER","BE","    294.00","29-JAN-2026","    261.50","30-JAN-2026"
"HALEOSLABS","BE","   1680.00","21-APR-2025","    959.80","04-MAR-2025"
"HAPPSTMNDS","EQ","    773.70","11-FEB-2025","    395.05","30-JAN-2026"
"HAPPYFORGE","EQ","   1193.60","05-JAN-2026","    724.10","07-APR-2025"
"HARDWYN","BE","     20.44","06-JAN-2026","     10.75","28-MAR-2025"
"HARIOMPIPE","EQ","    572.20","22-SEP-2025","    320.35","17-MAR-2025"
"HARRMALAYA","EQ","    268.89","06-FEB-2025","    155.01","27-JAN-2026"
"HARSHA","EQ","    451.85","06-JUN-2025","    329.95","07-APR-2025"
"HATHWAY","EQ","     17.98","16-JUL-2025","      9.91","23-JAN-2026"
"HATSUN","EQ","   1179.00","28-OCT-2025","    855.30","30-JAN-2026"
"HAVELLS","EQ","   1712.85","03-FEB-2025","   1257.90","29-JAN-2026"
"HAVISHA","EQ","      3.05","12-JUN-2025","      1.42","30-JAN-2026"
"HBANKEINAV","EQ","-","-","-","-"
"HBLENGINE","EQ","   1122.00","10-NOV-2025","    405.00","17-MAR-2025"
"HBS500INAV","EQ","-","-","-","-"
"HBSL","BE","    137.00","30-JUN-2025","     60.30","28-JAN-2026"
"HCC","EQ","     31.42","11-JUN-2025","     16.92","16-DEC-2025"
"HCG","EQ","    804.65","24-OCT-2025","    472.55","17-FEB-2025"
"HCL-INSYS","EQ","     24.50","20-MAY-2025","     11.75","28-JAN-2026"
"HCLTECH","EQ","   1752.50","27-JUN-2025","   1302.75","07-APR-2025"
"HDBFS","EQ","    891.90","03-JUL-2025","    687.30","27-JAN-2026"
"HDF100INAV","EQ","-","-","-","-"
"HDFC50INAV","EQ","-","-","-","-"
"HDFCAMC","EQ","   2967.25","16-OCT-2025","   1781.53","12-FEB-2025"
"HDFCBANK","EQ","   1020.50","23-OCT-2025","    830.55","24-FEB-2025"
"HDFCBSE500","EQ","     39.55","28-JUL-2025","     31.14","07-APR-2025"
"HDFCGOLD","EQ","    152.30","29-JAN-2026","     69.88","30-JAN-2025"
"HDFCGRINAV","EQ","-","-","-","-"
"HDFCGROWTH","EQ","    133.30","07-JAN-2026","    103.11","07-APR-2025"
"HDFCLIFE","EQ","    820.75","30-JUN-2025","    595.25","01-FEB-2025"
"HDFCLIQUID","EQ","   1050.46","22-JAN-2026","    990.00","24-MAR-2025"
"HDFCLOWVOL","EQ","     23.00","16-JUN-2025","     17.70","12-MAR-2025"
"HDFCLVINAV","EQ","-","-","-","-"
"HDFCMFINAV","EQ","-","-","-","-"
"HDFCMID150","EQ","     23.39","07-JAN-2026","     17.51","18-FEB-2025"
"HDFCMOINAV","EQ","-","-","-","-"
"HDFCMOMENT","EQ","     33.23","23-OCT-2025","     25.50","07-APR-2025"
"HDFCNEXT50","EQ","     73.00","23-SEP-2025","     57.00","03-MAR-2025"
"HDFCNFINAV","EQ","-","-","-","-"
"HDFCNIF100","EQ","     29.00","19-SEP-2025","     21.15","15-MAY-2025"
"HDFCNIFBAN","EQ","     62.30","09-DEC-2025","     48.51","18-MAR-2025"
"HDFCNIFIT","EQ","     45.00","06-FEB-2025","     32.24","07-APR-2025"
"HDFCNIFTY","EQ","    301.88","02-DEC-2025","    240.55","07-APR-2025"
"HDFCNIINAV","EQ","-","-","-","-"
"HDFCPBINAV","EQ","-","-","-","-"
"HDFCPSUBK","EQ","     93.01","29-JAN-2026","     55.68","03-MAR-2025"
"HDFCPVTBAN","EQ","     29.97","23-OCT-2025","     24.04","13-MAR-2025"
"HDFCQUAL","EQ","     61.87","27-JAN-2026","     49.53","04-MAR-2025"
"HDFCQUINAV","EQ","-","-","-","-"
"HDFCSEINAV","EQ","-","-","-","-"
"HDFCSENSEX","EQ","     98.48","08-DEC-2025","     80.55","07-APR-2025"
"HDFCSIINAV","EQ","-","-","-","-"
"HDFCSILVER","EQ","    359.00","29-JAN-2026","     85.67","07-APR-2025"
"HDFCSML250","EQ","    183.18","11-JUL-2025","    135.21","03-MAR-2025"
"HDFCVALUE","EQ","    142.71","16-JAN-2026","    117.50","07-APR-2025"
"HDFCVLINAV","EQ","-","-","-","-"
"HDFLIQINAV","EQ","-","-","-","-"
"HDFPBKINAV","EQ","-","-","-","-"
"HDIL","BZ","      4.04","09-JUN-2025","      1.92","30-JAN-2026"
"HEADSUP","EQ","     14.48","27-FEB-2025","      7.42","21-JAN-2026"
"HEALADINAV","EQ","-","-","-","-"
"HEALTHADD","EQ","    152.49","07-JAN-2026","    126.98","03-MAR-2025"
"HEALTHIETF","EQ","    157.19","02-DEC-2025","    128.14","04-MAR-2025"
"HEALTHINAV","EQ","-","-","-","-"
"HEALTHY","EQ","     16.25","16-JUL-2025","     12.20","07-APR-2025"
"HECPROJECT","EQ","    184.10","25-JUN-2025","     82.01","08-APR-2025"
"HEG","EQ","    672.00","31-DEC-2025","    331.25","17-FEB-2025"
"HEIDELBERG","EQ","    225.99","30-JAN-2025","    160.00","23-JAN-2026"
"HEMIPROP","EQ","    190.69","03-OCT-2025","    111.03","07-APR-2025"
"HERANBA","EQ","    403.70","31-JUL-2025","    204.00","21-JAN-2026"
"HERITGFOOD","EQ","    540.00","18-SEP-2025","    351.05","30-JAN-2026"
"HEROMOTOCO","EQ","   6388.50","05-DEC-2025","   3344.00","07-APR-2025"
"HESTERBIO","EQ","   2350.00","04-AUG-2025","   1242.95","28-MAR-2025"
"HEXATRADEX","EQ","    241.56","10-FEB-2025","    155.00","21-JAN-2026"
"HEXT","EQ","    900.00","09-JUL-2025","    590.30","07-APR-2025"
"HFCL","EQ","    106.95","01-FEB-2025","     59.82","27-JAN-2026"
"HGINFRA","EQ","   1334.95","01-FEB-2025","    545.50","23-JAN-2026"
"HGM","EQ","     82.40","15-SEP-2025","     41.50","04-MAR-2025"
"HGS","EQ","    632.85","05-FEB-2025","    394.00","27-JAN-2026"
"HIGREEN","SM","    302.35","30-JAN-2025","    125.00","20-JAN-2026"
"HIKAL","EQ","    456.75","16-APR-2025","    188.80","30-JAN-2026"
"HILINFRA","EQ","    131.40","14-AUG-2025","     49.49","30-JAN-2026"
"HILTON","EQ","     84.51","24-FEB-2025","     28.00","27-JAN-2026"
"HIMATSEIDE","EQ","    172.50","01-FEB-2025","     94.22","21-JAN-2026"
"HINDALCO","EQ","   1029.80","29-JAN-2026","    546.45","07-APR-2025"
"HINDCOMPOS","EQ","    537.75","10-JUN-2025","    401.75","07-APR-2025"
"HINDCON","EQ","     44.90","01-FEB-2025","     19.61","21-JAN-2026"
"HINDCOPPER","EQ","    760.05","29-JAN-2026","    183.82","07-APR-2025"
"HINDOILEXP","EQ","    218.80","07-FEB-2025","    135.70","20-NOV-2025"
"HINDPETRO","EQ","    508.45","05-JAN-2026","    287.55","03-MAR-2025"
"HINDUNILVR","EQ","   2750.00","04-SEP-2025","   2136.00","04-MAR-2025"
"HINDWAREAP","EQ","    392.70","17-OCT-2025","    177.42","18-FEB-2025"
"HINDZINC","EQ","    733.00","27-JAN-2026","    378.15","03-MAR-2025"
"HIRECT","EQ","   2108.50","20-AUG-2025","    799.00","07-APR-2025"
"HISARMETAL","EQ","    232.88","30-JAN-2025","    148.50","12-JAN-2026"
"HITECH","EQ","    134.80","01-FEB-2025","     72.48","27-JAN-2026"
"HITECHCORP","EQ","    231.80","10-FEB-2025","    152.11","30-JAN-2026"
"HITECHGEAR","BE","    897.45","13-OCT-2025","    515.00","18-MAR-2025"
"HLEGLAS","EQ","    661.95","03-NOV-2025","    217.83","13-MAR-2025"
"HLVLTD","EQ","     16.92","10-FEB-2025","      8.11","30-JAN-2026"
"HMAAGRO","EQ","     40.40","01-FEB-2025","     25.04","27-JAN-2026"
"HMI150INAV","EQ","-","-","-","-"
"HMT","BZ","     75.49","06-JUN-2025","     41.00","27-JAN-2026"
"HMVL","EQ","    103.40","19-MAY-2025","     61.76","08-DEC-2025"
"HNDFDS","EQ","    608.00","16-APR-2025","    421.50","07-APR-2025"
"HNGSNBENAV","EQ","-","-","-","-"
"HNGSNGBEES","EQ","    579.92","06-OCT-2025","    319.00","07-APR-2025"
"HOACFOODS","ST","    380.00","26-NOV-2025","    112.00","03-MAR-2025"
"HOLMARC","SM","    176.95","20-MAY-2025","     86.15","19-NOV-2025"
"HOMEFIRST","EQ","   1519.00","25-JUL-2025","    878.40","07-APR-2025"
"HOMESFY","SM","    508.00","13-FEB-2025","    155.00","30-JAN-2026"
"HONASA","EQ","    334.20","09-JUN-2025","    197.51","12-FEB-2025"
"HONAUT","EQ","  41542.55","30-JAN-2025","  30590.00","28-JAN-2026"
"HONDAPOWER","EQ","   3256.00","10-JUL-2025","   1815.00","07-APR-2025"
"HPAL","EQ","     71.00","05-FEB-2025","     36.45","27-JAN-2026"
"HPIL","EQ","    175.88","31-JUL-2025","    110.40","09-MAY-2025"
"HPL","EQ","    639.90","15-JUL-2025","    307.90","27-JAN-2026"
"HPTL","SM","    327.40","07-OCT-2025","    101.05","03-APR-2025"
"HRHNEXT","SM","     87.15","31-JAN-2025","     25.30","02-DEC-2025"
"HSCL","EQ","    534.45","15-JUL-2025","    365.35","07-APR-2025"
"HSM250INAV","EQ","-","-","-","-"
"HTMEDIA","EQ","     28.64","06-OCT-2025","     15.10","09-MAY-2025"
"HUBTOWN","EQ","    365.70","25-AUG-2025","    162.05","09-MAY-2025"
"HUDCO","EQ","    253.73","03-JUN-2025","    158.85","03-MAR-2025"
"HUHTAMAKI","EQ","    272.65","23-OCT-2025","    170.56","03-MAR-2025"
"HVAX","SM","   1029.30","16-JUN-2025","    544.50","04-MAR-2025"
"HYBRIDFIN","EQ","     33.62","23-OCT-2025","     10.05","09-MAY-2025"
"HYUNDAI","EQ","   2890.00","22-SEP-2025","   1541.70","07-APR-2025"
"IBLFL","SM","     74.00","21-AUG-2025","     45.45","12-MAR-2025"
"IBULLSLTD","EQ","     21.25","30-OCT-2025","     10.64","30-JAN-2026"
"IC10GSINAV","EQ","-","-","-","-"
"ICDSLTD","EQ","     68.49","26-MAY-2025","     37.13","21-APR-2025"
"ICEMAKE","EQ","   1088.75","24-APR-2025","    575.15","17-FEB-2025"
"ICICI1INAV","EQ","-","-","-","-"
"ICICI2INAV","EQ","-","-","-","-"
"ICICI5INAV","EQ","-","-","-","-"
"ICICIAINAV","EQ","-","-","-","-"
"ICICIAMC","EQ","   3012.00","30-JAN-2026","   2530.00","22-DEC-2025"
"ICICIB22","EQ","    123.24","30-JAN-2026","     93.02","03-MAR-2025"
"ICICIBANK","EQ","   1500.00","25-JUL-2025","   1200.10","28-FEB-2025"
"ICICIBINAV","EQ","-","-","-","-"
"ICICICINAV","EQ","-","-","-","-"
"ICICIFINAV","EQ","-","-","-","-"
"ICICIGI","EQ","   2068.70","01-JUL-2025","   1613.70","04-MAR-2025"
"ICICIGINAV","EQ","-","-","-","-"
"ICICIKINAV","EQ","-","-","-","-"
"ICICILINAV","EQ","-","-","-","-"
"ICICIMINAV","EQ","-","-","-","-"
"ICICININAV","EQ","-","-","-","-"
"ICICIOINAV","EQ","-","-","-","-"
"ICICIPINAV","EQ","-","-","-","-"
"ICICIPRULI","EQ","    706.80","13-JAN-2026","    525.80","07-APR-2025"
"ICICIQINAV","EQ","-","-","-","-"
"ICICIRINAV","EQ","-","-","-","-"
"ICICISINAV","EQ","-","-","-","-"
"ICICITINAV","EQ","-","-","-","-"
"ICICIXINAV","EQ","-","-","-","-"
"ICICIYINAV","EQ","-","-","-","-"
"ICICMOINAV","EQ","-","-","-","-"
"ICICOMINAV","EQ","-","-","-","-"
"ICIFININAV","EQ","-","-","-","-"
"ICIL","EQ","    355.50","13-FEB-2025","    213.55","07-APR-2025"
"ICINFRINAV","EQ","-","-","-","-"
"ICIQ30INAV","EQ","-","-","-","-"
"ICISECINAV","EQ","-","-","-","-"
"ICISENINAV","EQ","-","-","-","-"
"ICRA","EQ","   7130.00","16-JUL-2025","   5015.10","07-APR-2025"
"IDBI","EQ","    118.38","05-JAN-2026","     66.50","04-MAR-2025"
"IDBIGOINAV","EQ","-","-","-","-"
"IDEA","EQ","     12.80","31-DEC-2025","      6.12","14-AUG-2025"
"IDEAFORGE","EQ","    659.85","24-JUN-2025","    304.20","07-APR-2025"
"IDEALTECHO","SM","    221.00","10-SEP-2025","    119.20","25-MAR-2025"
"IDENTICAL","SM","     56.00","28-MAY-2025","     17.05","22-JAN-2026"
"IDFCFIRSTB","EQ","     87.00","02-JAN-2026","     52.46","07-APR-2025"
"IDFNIFINAV","EQ","-","-","-","-"
"IDFNIFTYET","EQ","    340.80","15-DEC-2025","    235.01","07-APR-2025"
"IEML","SM","    184.30","04-FEB-2025","     72.55","21-JAN-2026"
"IEX","EQ","    215.40","09-JUN-2025","    125.28","27-JAN-2026"
"IFBAGRO","EQ","   1790.00","08-JAN-2026","    440.00","07-APR-2025"
"IFBIND","EQ","   2019.80","31-OCT-2025","   1058.50","29-JAN-2026"
"IFCI","EQ","     74.50","29-MAY-2025","     36.20","07-APR-2025"
"IFGLEXPOR","EQ","    338.00","06-OCT-2025","    163.03","18-FEB-2025"
"IGARASHI","EQ","    689.75","05-FEB-2025","    354.30","21-JAN-2026"
"IGCL","EQ","    122.00","22-JUL-2025","     64.50","27-JAN-2026"
"IGIL","EQ","    542.05","05-FEB-2025","    282.00","12-MAR-2025"
"IGL","EQ","    229.00","08-JUL-2025","    171.15","27-JAN-2026"
"IGPL","EQ","    519.80","21-JUL-2025","    353.90","22-JAN-2026"
"IIFL","EQ","    675.00","06-JAN-2026","    279.80","04-MAR-2025"
"IIFLCAPS","EQ","    411.30","07-JAN-2026","    180.00","07-APR-2025"
"IITL","EQ","    407.85","30-JAN-2025","    125.01","28-JAN-2026"
"IKIO","EQ","    304.00","21-MAR-2025","    143.75","27-JAN-2026"
"IKS","EQ","   1929.00","25-FEB-2025","   1236.80","07-APR-2025"
"IL&FSENGG","BZ","     45.84","29-APR-2025","     21.20","28-JAN-2026"
"IL&FSTRANS","BZ","      4.84","01-FEB-2025","      2.42","09-DEC-2025"
"IMAGICAA","EQ","     76.30","12-FEB-2025","     43.90","29-DEC-2025"
"IMFA","EQ","   1510.60","05-JAN-2026","    549.80","07-APR-2025"
"IMPAL","EQ","   1184.50","17-JUL-2025","    870.10","28-FEB-2025"
"IMPEXFERRO","BZ","      3.06","06-FEB-2025","      1.64","30-JAN-2026"
"INCREDIBLE","EQ","     52.87","08-SEP-2025","     28.50","03-MAR-2025"
"INDBANK","EQ","     47.15","07-OCT-2025","     25.50","07-APR-2025"
"INDGN","EQ","    640.10","07-FEB-2025","    455.60","27-JAN-2026"
"INDHOTEL","EQ","    858.00","25-MAR-2025","    633.85","27-JAN-2026"
"INDIACEM","EQ","    485.80","08-JAN-2026","    238.85","28-FEB-2025"
"INDIAGLYCO","EQ","   1222.00","20-NOV-2025","    503.53","03-MAR-2025"
"INDIAMART","EQ","   2799.00","14-JUL-2025","   1900.10","07-APR-2025"
"INDIANB","EQ","    923.00","30-JAN-2026","    478.00","13-MAR-2025"
"INDIANCARD","EQ","    384.00","20-MAY-2025","    213.01","27-JAN-2026"
"INDIANHUME","EQ","    479.00","04-JUL-2025","    281.05","17-FEB-2025"
"INDIASHLTR","EQ","   1011.75","21-JUL-2025","    607.00","04-FEB-2025"
"INDIFRA","SM","     24.50","26-JUN-2025","     12.65","03-APR-2025"
"INDIGO","EQ","   6232.50","18-AUG-2025","   4157.85","17-FEB-2025"
"INDIGOPNTS","EQ","   1345.90","18-NOV-2025","    910.00","07-APR-2025"
"INDIGRID","IV","    174.00","30-OCT-2025","    139.21","03-MAR-2025"
"INDIQUBE","EQ","    243.80","22-SEP-2025","    170.02","29-JAN-2026"
"INDNIPPON","EQ","   1099.90","08-OCT-2025","    545.30","17-MAR-2025"
"INDOAMIN","EQ","    176.25","07-JUL-2025","    105.00","04-MAR-2025"
"INDOBORAX","EQ","    301.85","28-JUL-2025","    142.35","19-FEB-2025"
"INDOCO","EQ","    349.80","16-JUL-2025","    190.00","28-FEB-2025"
"INDOFARM","EQ","    271.69","20-OCT-2025","    136.80","07-APR-2025"
"INDORAMA","EQ","     75.00","03-NOV-2025","     32.00","05-MAR-2025"
"INDOSTAR","EQ","    366.30","01-JUL-2025","    205.01","30-JAN-2026"
"INDOTECH","EQ","   2787.40","20-MAY-2025","   1148.00","27-JAN-2026"
"INDOTHAI","EQ","    466.35","19-NOV-2025","    143.65","03-SEP-2025"
"INDOUS","EQ","    235.00","07-FEB-2025","    105.00","21-JAN-2026"
"INDOWIND","EQ","     24.80","01-FEB-2025","     11.33","30-JAN-2026"
"INDRAMEDCO","EQ","    640.85","06-NOV-2025","    307.25","13-MAR-2025"
"INDSWFTLAB","EQ","    124.00","08-JUL-2025","     68.72","09-MAY-2025"
"INDTERRAIN","EQ","     45.05","30-JAN-2025","     29.65","13-MAR-2025"
"INDUSINDBK","EQ","   1086.55","07-FEB-2025","    606.00","12-MAR-2025"
"INDUSINVIT","IV","    124.50","03-NOV-2025","     99.10","12-MAR-2025"
"INDUSTOWER","EQ","    454.95","09-JAN-2026","    312.55","03-SEP-2025"
"INFIBEAM","EQ","     21.99","04-FEB-2025","     13.62","07-APR-2025"
"INFINIUM","SM","    337.00","26-MAY-2025","    210.00","08-JAN-2026"
"INFLUX","SM","    261.95","29-DEC-2025","    120.00","26-JUN-2025"
"INFOBEAN","EQ","   1030.00","07-JAN-2026","    270.55","07-APR-2025"
"INFOLLION","SM","    575.00","28-APR-2025","    325.50","05-JAN-2026"
"INFOMEDIA","EQ","      9.89","11-JUN-2025","      5.51","28-JAN-2026"
"INFRABEES","EQ","   1018.30","05-JAN-2026","    783.98","03-MAR-2025"
"INFRABENAV","EQ","-","-","-","-"
"INFRAIETF","EQ","    101.00","19-DEC-2025","     77.65","03-MAR-2025"
"INFY","EQ","   1924.00","06-FEB-2025","   1307.00","07-APR-2025"
"INGERRAND","EQ","   4477.80","01-OCT-2025","   3055.00","12-FEB-2025"
"INM","SM","    344.50","23-OCT-2025","    143.20","04-MAR-2025"
"INNOMET","SM","    216.00","16-JUN-2025","     75.10","28-JAN-2026"
"INNOVACAP","EQ","   1024.00","05-FEB-2025","    624.00","19-JAN-2026"
"INNOVANA","EQ","    649.50","10-JUL-2025","    270.50","27-MAR-2025"
"INOXGREEN","EQ","    279.00","03-NOV-2025","    104.00","09-APR-2025"
"INOXINDIA","EQ","   1288.00","02-JUL-2025","    885.10","18-FEB-2025"
"INOXWIND","EQ","    199.01","02-JUN-2025","    102.01","27-JAN-2026"
"INSECTICID","EQ","   1098.00","01-AUG-2025","    542.55","17-FEB-2025"
"INSPIRE","SM","     28.25","28-APR-2025","      9.50","19-JAN-2026"
"INSPIRISYS","EQ","    120.74","14-MAY-2025","     66.55","07-APR-2025"
"INTEGRITY","SM","    145.10","25-NOV-2025","     81.70","10-JUL-2025"
"INTELLECT","EQ","   1255.00","17-JUN-2025","    577.40","07-APR-2025"
"INTENTECH","EQ","    149.90","23-SEP-2025","     79.50","19-AUG-2025"
"INTERARCH","EQ","   2762.60","10-NOV-2025","   1264.00","07-APR-2025"
"INTERISE","IV","    112.85","26-MAR-2025","    109.75","16-SEP-2025"
"INTERNET","EQ","     16.12","10-JUL-2025","     12.38","28-JAN-2026"
"INTLCONV","EQ","    114.54","07-OCT-2025","     61.20","18-FEB-2025"
"INVENTURE","EQ","      2.04","06-FEB-2025","      1.03","21-JAN-2026"
"INVICTA","SM","    105.00","08-DEC-2025","     60.60","28-JAN-2026"
"IOB","EQ","     52.41","05-FEB-2025","     33.50","07-APR-2025"
"IOC","EQ","    174.50","12-NOV-2025","    110.72","03-MAR-2025"
"IOLCP","EQ","    126.66","19-SEP-2025","     57.50","07-APR-2025"
"IONEXCHANG","EQ","    608.95","01-FEB-2025","    322.10","30-JAN-2026"
"IPCALAB","EQ","   1595.00","25-JUL-2025","   1168.20","07-APR-2025"
"IPHL","SM","     78.25","20-NOV-2025","     42.40","28-MAR-2025"
"IPL","EQ","    245.84","21-AUG-2025","    119.79","03-MAR-2025"
"IPSL","SM","    398.00","03-FEB-2025","    240.05","10-JUL-2025"
"IRB","EQ","     60.88","01-FEB-2025","     38.57","21-JAN-2026"
"IRBINVIT","IV","     65.25","10-JUN-2025","     49.91","28-MAR-2025"
"IRBIT","IV","-","-","-","-"
"IRCON","EQ","    229.50","01-FEB-2025","    134.24","03-MAR-2025"
"IRCTC","EQ","    831.75","01-FEB-2025","    601.30","27-JAN-2026"
"IREDA","EQ","    208.90","01-FEB-2025","    126.15","27-JAN-2026"
"IRFC","EQ","    155.52","01-FEB-2025","    108.04","03-MAR-2025"
"IRIS","EQ","    460.35","31-JAN-2025","    228.05","23-MAY-2025"
"IRISDOREME","EQ","     39.49","29-DEC-2025","     20.73","27-MAR-2025"
"IRMENERGY","EQ","    393.00","23-SEP-2025","    230.45","27-JAN-2026"
"ISFT","EQ","    138.80","06-FEB-2025","     83.05","25-NOV-2025"
"ISGEC","EQ","   1281.30","06-JUN-2025","    683.95","27-JAN-2026"
"ISHAN","SM","      1.80","11-FEB-2025","       .65","30-JAN-2026"
"ISHANCH","EQ","     83.37","13-OCT-2025","     36.00","07-MAY-2025"
"IT","EQ","     47.56","04-FEB-2025","     32.55","07-APR-2025"
"ITADD","EQ","     44.68","10-FEB-2025","     32.61","07-APR-2025"
"ITALIANE","SM","     42.30","07-FEB-2025","     24.05","29-JAN-2026"
"ITBEES","EQ","     46.89","06-FEB-2025","     33.63","07-APR-2025"
"ITBEESINAV","EQ","-","-","-","-"
"ITBETA","EQ","    469.99","03-FEB-2025","    325.00","07-APR-2025"
"ITC","EQ","    471.50","01-FEB-2025","    316.45","30-JAN-2026"
"ITCHOTELS","EQ","    261.62","21-JUL-2025","    155.10","31-JAN-2025"
"ITDC","EQ","    712.80","06-OCT-2025","    467.05","19-FEB-2025"
"ITETF","EQ","     44.74","07-FEB-2025","     31.70","07-APR-2025"
"ITETFINAV","EQ","-","-","-","-"
"ITI","EQ","    372.85","08-OCT-2025","    234.04","07-APR-2025"
"ITIETF","EQ","     47.50","04-FEB-2025","     33.43","07-APR-2025"
"ITTL","ST","    152.40","14-AUG-2025","     28.25","03-FEB-2025"
"IVALUE","EQ","    340.00","20-NOV-2025","    219.30","27-JAN-2026"
"IVC","EQ","     10.68","01-FEB-2025","      7.05","04-NOV-2025"
"IVP","EQ","    206.99","01-JUL-2025","    126.35","27-JAN-2026"
"IVZINGINAV","EQ","-","-","-","-"
"IVZINGOLD","EQ","  15599.80","29-JAN-2026","   7085.00","30-JAN-2025"
"IVZINNIFTY","EQ","   3109.52","24-NOV-2025","   2480.00","03-MAR-2025"
"IVZINNINAV","EQ","-","-","-","-"
"IWARE","ST","    243.90","28-NOV-2025","     70.05","04-JUN-2025"
"IXIGO","EQ","    339.15","16-OCT-2025","    117.00","04-MAR-2025"
"IZMO","EQ","   1374.70","29-SEP-2025","    229.70","04-MAR-2025"
"J&KBANK","EQ","    117.25","01-JUL-2025","     87.30","09-MAY-2025"
"JAGRAN","EQ","     83.80","29-MAY-2025","     65.01","09-MAY-2025"
"JAGSNPHARM","EQ","    301.65","28-JUL-2025","    155.00","22-JAN-2026"
"JAIBALAJI","EQ","    161.45","10-FEB-2025","     59.90","11-DEC-2025"
"JAICORPLTD","EQ","    178.24","08-SEP-2025","     81.49","09-MAY-2025"
"JAINAM","SM","    322.85","08-AUG-2025","    191.90","18-FEB-2025"
"JAINIK","SM","    153.10","17-SEP-2025","     60.60","03-JUL-2025"
"JAINREC","EQ","    461.00","18-NOV-2025","    247.57","01-OCT-2025"
"JAIPURKURT","EQ","     59.00","07-FEB-2025","     26.00","31-DEC-2025"
"JAKHARIA","ST","     60.70","15-OCT-2025","     16.67","30-JAN-2025"
"JALAN","ST","     14.60","05-MAR-2025","      2.50","05-DEC-2025"
"JAMNAAUTO","EQ","    138.50","07-JAN-2026","     68.57","03-MAR-2025"
"JARO","EQ","    890.00","30-SEP-2025","    386.00","12-JAN-2026"
"JASH","EQ","    698.95","22-APR-2025","    351.10","27-JAN-2026"
"JAYAGROGN","EQ","    308.85","10-FEB-2025","    172.55","21-JAN-2026"
"JAYBARMARU","EQ","    111.85","25-SEP-2025","     55.50","07-APR-2025"
"JAYBEE","SM","    318.15","01-FEB-2025","     80.85","29-JAN-2026"
"JAYESH","SM","    183.00","01-DEC-2025","    106.35","06-NOV-2025"
"JAYKAY","EQ","    219.70","03-DEC-2025","    150.61","27-JAN-2026"
"JAYNECOIND","EQ","     94.30","05-JAN-2026","     28.00","04-MAR-2025"
"JAYSREETEA","EQ","    122.71","09-JUN-2025","     80.50","23-JAN-2026"
"JBCHEPHARM","EQ","   1939.00","07-JAN-2026","   1385.75","07-APR-2025"
"JBMA","EQ","    824.00","31-JAN-2025","    489.80","17-MAR-2025"
"JETFREIGHT","BE","     21.40","03-DEC-2025","     10.44","07-APR-2025"
"JETKNIT","ST","    109.95","19-JUN-2025","     89.20","08-DEC-2025"
"JEYYAM","SM","     74.50","24-OCT-2025","     31.00","07-MAY-2025"
"JFLLIFE","SM","     22.35","13-FEB-2025","     10.00","23-JAN-2026"
"JGCHEM","EQ","    558.00","21-JUL-2025","    280.45","07-APR-2025"
"JHS","EQ","     20.69","03-FEB-2025","      8.66","05-JAN-2026"
"JINDALPHOT","EQ","   1616.60","10-DEC-2025","    536.00","03-MAR-2025"
"JINDALPOLY","EQ","    914.95","05-FEB-2025","    365.00","21-JAN-2026"
"JINDALSAW","EQ","    286.40","20-MAR-2025","    153.00","09-DEC-2025"
"JINDALSTEL","EQ","   1168.00","29-JAN-2026","    723.35","31-JAN-2025"
"JINDRILL","EQ","    990.35","06-FEB-2025","    463.30","30-JAN-2026"
"JINDWORLD","EQ","     88.13","05-FEB-2025","     23.25","21-JAN-2026"
"JIOFIN","EQ","    338.60","05-AUG-2025","    198.65","03-MAR-2025"
"JISLDVREQS","EQ","     37.42","30-JAN-2025","     22.98","27-JAN-2026"
"JISLJALEQS","EQ","     74.24","30-JAN-2025","     33.40","27-JAN-2026"
"JITFINFRA","EQ","    616.25","30-JAN-2025","    222.35","27-JAN-2026"
"JIWANRAM","SM","     11.80","13-JUN-2025","      4.80","08-JAN-2026"
"JKCEMENT","EQ","   7565.50","20-AUG-2025","   4218.90","17-MAR-2025"
"JKIL","EQ","    776.35","07-FEB-2025","    540.00","09-DEC-2025"
"JKIPL","EQ","    126.95","03-OCT-2025","     65.00","29-JAN-2026"
"JKLAKSHMI","EQ","   1021.20","22-JUL-2025","    660.50","28-FEB-2025"
"JKPAPER","EQ","    444.80","03-OCT-2025","    275.75","03-MAR-2025"
"JKTYRE","EQ","    528.95","22-JAN-2026","    243.00","03-MAR-2025"
"JLHL","EQ","   1770.00","25-MAR-2025","   1266.00","07-APR-2025"
"JMA","EQ","    111.99","05-MAY-2025","     64.30","07-APR-2025"
"JMFINANCIL","EQ","    199.80","22-AUG-2025","     80.20","07-APR-2025"
"JNKINDIA","EQ","    555.75","01-FEB-2025","    200.92","28-JAN-2026"
"JOCIL","EQ","    197.90","05-FEB-2025","    120.65","21-JAN-2026"
"JPOLYINVST","EQ","   1184.90","03-DEC-2025","    554.30","03-MAR-2025"
"JPPOWER","EQ","     27.70","14-JUL-2025","     12.36","03-MAR-2025"
"JSFB","EQ","    552.50","10-JUN-2025","    352.20","30-JAN-2026"
"JSL","EQ","    884.00","07-JAN-2026","    496.60","07-APR-2025"
"JSLL","EQ","    849.50","23-SEP-2025","    280.00","18-FEB-2025"
"JSWCEMENT","EQ","    162.15","04-SEP-2025","    106.65","04-DEC-2025"
"JSWENERGY","EQ","    579.00","24-MAR-2025","    418.75","17-FEB-2025"
"JSWHL","EQ","  27740.00","21-APR-2025","  14300.05","17-FEB-2025"
"JSWINFRA","EQ","    349.00","24-SEP-2025","    218.20","18-FEB-2025"
"JSWSTEEL","EQ","   1245.00","29-JAN-2026","    905.20","07-APR-2025"
"JTEKTINDIA","EQ","    188.50","09-SEP-2025","    103.98","03-MAR-2025"
"JTLIND","EQ","    103.00","07-FEB-2025","     51.31","12-JAN-2026"
"JUBLCPL","EQ","   3013.40","02-SEP-2025","   1020.00","07-APR-2025"
"JUBLFOOD","EQ","    760.50","03-FEB-2025","    481.10","27-JAN-2026"
"JUBLINGREA","EQ","    851.80","17-JUL-2025","    535.20","07-APR-2025"
"JUBLPHARMA","EQ","   1248.00","30-JUL-2025","    802.00","07-APR-2025"
"JUNIORBEES","EQ","    777.00","23-OCT-2025","    595.00","03-MAR-2025"
"JUNIPER","EQ","    345.55","28-MAY-2025","    205.75","29-JAN-2026"
"JUNORBENAV","EQ","-","-","-","-"
"JUSTDIAL","EQ","   1048.90","21-APR-2025","    632.50","27-JAN-2026"
"JWL","EQ","    457.00","19-MAY-2025","    247.15","09-DEC-2025"
"JYOTHYLAB","EQ","    423.00","05-FEB-2025","    242.60","29-JAN-2026"
"JYOTICNC","EQ","   1330.00","02-JUN-2025","    750.10","28-FEB-2025"
"JYOTIGLOBL","SM","     77.75","10-OCT-2025","     35.45","23-JAN-2026"
"JYOTISTRUC","EQ","     25.16","06-FEB-2025","      7.94","21-JAN-2026"
"K2INFRA","SM","    140.60","30-JAN-2025","     52.50","31-OCT-2025"
"KABRAEXTRU","EQ","    474.10","07-FEB-2025","    180.00","20-JAN-2026"
"KAJARIACER","EQ","   1321.90","08-AUG-2025","    758.70","07-APR-2025"
"KAKATCEM","EQ","    179.29","22-JUL-2025","    106.99","27-JAN-2026"
"KALAMANDIR","EQ","    223.03","28-OCT-2025","    106.60","30-JAN-2026"
"KALANA","SM","     55.00","24-MAR-2025","     18.95","09-JAN-2026"
"KALPATARU","EQ","    457.40","09-JUL-2025","    320.80","27-JAN-2026"
"KALYANI","BE","    138.09","04-JUL-2025","    119.30","02-JUL-2025"
"KALYANIFRG","EQ","    890.00","20-MAY-2025","    488.15","03-MAR-2025"
"KALYANKJIL","EQ","    617.70","24-JUL-2025","    347.50","27-JAN-2026"
"KAMATHOTEL","EQ","    353.60","18-MAR-2025","    200.00","27-JAN-2026"
"KAMDHENU","EQ","     42.90","31-JAN-2025","     20.60","27-JAN-2026"
"KAMOPAINTS","EQ","     15.96","30-JAN-2025","      5.52","30-JAN-2026"
"KANANIIND","EQ","      2.72","03-APR-2025","      1.42","12-DEC-2025"
"KANDARP","SM","    160.00","27-JAN-2026","     46.15","31-JAN-2025"
"KANORICHEM","EQ","    109.90","01-FEB-2025","     64.77","21-JAN-2026"
"KANPRPLA","EQ","    249.50","02-JUN-2025","    104.50","07-APR-2025"
"KANSAINER","EQ","    271.18","22-APR-2025","    218.20","04-MAR-2025"
"KAPSTON","BE","    433.50","27-JAN-2026","    190.00","07-APR-2025"
"KARMAENG","EQ","     86.93","13-JUN-2025","     36.50","30-JAN-2026"
"KARNIKA","ST","    224.95","01-SEP-2025","     70.30","18-FEB-2025"
"KARURVYSYA","EQ","    306.00","30-JAN-2026","    154.63","13-MAR-2025"
"KATARIA","SM","    131.75","30-JAN-2025","     85.50","10-DEC-2025"
"KAUSHALYA","EQ","   1841.90","04-SEP-2025","    787.80","03-MAR-2025"
"KAVDEFENCE","EQ","    162.87","01-OCT-2025","     41.14","18-MAR-2025"
"KAYA","EQ","    487.90","23-SEP-2025","    204.43","07-APR-2025"
"KAYNES","EQ","   7705.00","07-OCT-2025","   3294.90","27-JAN-2026"
"KAYTEX","SM","    156.90","06-AUG-2025","     58.00","30-JAN-2026"
"KCEIL","SM","    388.05","29-JUL-2025","    112.05","27-JAN-2026"
"KCK","SM","     54.50","11-FEB-2025","     16.80","27-JAN-2026"
"KCP","EQ","    230.00","28-MAY-2025","    159.01","21-JAN-2026"
"KCPSUGIND","EQ","     42.98","01-FEB-2025","     22.10","28-JAN-2026"
"KDDL","EQ","   3351.00","26-MAR-2025","   2050.00","18-FEB-2025"
"KDL","ST","    564.95","04-FEB-2025","    135.20","11-DEC-2025"
"KEC","EQ","    947.00","26-JUN-2025","    619.35","27-JAN-2026"
"KECL","EQ","    175.00","31-JAN-2025","     75.47","27-JAN-2026"
"KEEPLEARN","EQ","      4.74","23-APR-2025","      2.01","08-DEC-2025"
"KEI","EQ","   4587.30","07-JAN-2026","   2424.00","07-APR-2025"
"KEL","SM","    148.00","27-MAY-2025","     81.00","21-OCT-2025"
"KELLTONTEC","EQ","     33.15","25-JUL-2025","     14.60","27-JAN-2026"
"KEN","SM","     85.00","12-FEB-2025","     35.25","09-MAY-2025"
"KERNEX","EQ","   1425.00","16-JAN-2026","    621.55","18-MAR-2025"
"KESORAMIND","BE","    225.20","01-FEB-2025","      2.84","22-APR-2025"
"KEYFINSERV","EQ","    479.00","15-APR-2025","    170.10","19-FEB-2025"
"KFINTECH","EQ","   1388.50","25-JUN-2025","    784.15","19-FEB-2025"
"KHADIM","EQ","    396.85","01-FEB-2025","    153.27","29-DEC-2025"
"KHAICHEM","EQ","    135.80","16-SEP-2025","     43.17","07-APR-2025"
"KHAITANLTD","EQ","    167.50","27-MAY-2025","     71.56","04-MAR-2025"
"KHANDSE","EQ","     31.10","01-FEB-2025","     18.00","21-JAN-2026"
"KHFM","SM","    102.80","07-FEB-2025","     54.50","31-DEC-2025"
"KICL","EQ","   6554.90","28-OCT-2025","   3470.00","04-MAR-2025"
"KILITCH","EQ","    500.00","15-JUL-2025","    294.07","07-APR-2025"
"KIMS","EQ","    798.40","24-JUL-2025","    474.05","03-MAR-2025"
"KINGFA","EQ","   4880.00","15-OCT-2025","   2550.00","09-MAY-2025"
"KIOCL","EQ","    634.55","06-OCT-2025","    209.84","07-APR-2025"
"KIRIINDUS","EQ","    779.00","01-JAN-2026","    445.75","27-JAN-2026"
"KIRLOSBROS","EQ","   2475.00","27-JUN-2025","   1422.35","04-MAR-2025"
"KIRLOSENG","EQ","   1329.00","22-DEC-2025","    544.40","28-FEB-2025"
"KIRLOSIND","EQ","   4726.00","21-JUL-2025","   2786.90","21-JAN-2026"
"KIRLPNU","EQ","   1550.00","16-JUL-2025","    953.00","28-FEB-2025"
"KITEX","EQ","    324.42","23-MAY-2025","    138.20","21-JAN-2026"
"KKCL","EQ","    595.00","23-SEP-2025","    410.60","13-NOV-2025"
"KKJEWELS","SM","    229.00","06-FEB-2025","     84.00","26-NOV-2025"
"KKVAPOW","SM","    672.73","31-JAN-2025","    440.45","23-MAY-2025"
"KLL","SM","    112.00","10-FEB-2025","     40.60","18-NOV-2025"
"KMEW","EQ","   1959.30","22-DEC-2025","    632.03","07-APR-2025"
"KMSUGAR","EQ","     34.65","06-FEB-2025","     23.82","30-JAN-2026"
"KNAGRI","EQ","    273.50","21-JUL-2025","    153.95","29-JAN-2026"
"KNRCON","EQ","    315.85","01-FEB-2025","    130.28","27-JAN-2026"
"KOCONSINAV","EQ","-","-","-","-"
"KODYTECH","ST","   1439.00","01-FEB-2025","    556.05","31-OCT-2025"
"KOHINOOR","EQ","     45.00","23-APR-2025","     22.81","21-JAN-2026"
"KOKMNCINAV","EQ","-","-","-","-"
"KOKUYOCMLN","EQ","    137.90","25-JUN-2025","     80.00","29-JAN-2026"
"KOLTEPATIL","EQ","    497.55","02-JUL-2025","    239.00","03-MAR-2025"
"KONSTELEC","SM","    114.85","06-FEB-2025","     38.50","27-JAN-2026"
"KONTOR","SM","    108.20","30-JAN-2025","     53.25","28-JAN-2026"
"KOPRAN","EQ","    214.00","16-APR-2025","    123.11","24-NOV-2025"
"KORE","ST","    336.00","31-JAN-2025","    110.20","20-AUG-2025"
"KOTAKAINAV","EQ","-","-","-","-"
"KOTAKBANK","EQ","    460.38","22-APR-2025","    374.32","01-FEB-2025"
"KOTAKBINAV","EQ","-","-","-","-"
"KOTAKGINAV","EQ","-","-","-","-"
"KOTAKIINAV","EQ","-","-","-","-"
"KOTAKLINAV","EQ","-","-","-","-"
"KOTAKMINAV","EQ","-","-","-","-"
"KOTAKNINAV","EQ","-","-","-","-"
"KOTAKPINAV","EQ","-","-","-","-"
"KOTAKSINAV","EQ","-","-","-","-"
"KOTAKVINAV","EQ","-","-","-","-"
"KOTARISUG","EQ","     42.33","01-FEB-2025","     23.51","30-JAN-2026"
"KOTHARIPET","EQ","    191.95","17-JUN-2025","    111.56","21-JAN-2026"
"KOTHARIPRO","EQ","    109.00","17-SEP-2025","     60.11","27-JAN-2026"
"KOTLIQINAV","EQ","-","-","-","-"
"KOTYARK","SM","    768.00","10-FEB-2025","    191.20","29-JAN-2026"
"KPEL","EQ","    583.70","11-JUN-2025","    284.30","30-JAN-2026"
"KPIGREEN","EQ","    563.00","16-JUL-2025","    336.00","09-MAY-2025"
"KPIL","EQ","   1335.60","06-NOV-2025","    786.30","07-APR-2025"
"KPITTECH","EQ","   1479.00","30-JAN-2025","   1018.30","30-JAN-2026"
"KPRMILL","EQ","   1389.00","09-MAY-2025","    755.50","04-MAR-2025"
"KRBL","EQ","    495.00","22-AUG-2025","    241.25","03-MAR-2025"
"KREBSBIO","EQ","    113.50","09-JUN-2025","     53.05","29-JAN-2026"
"KRIDHANINF","EQ","      5.39","13-JUN-2025","      3.03","01-APR-2025"
"KRISHANA","EQ","    619.00","25-AUG-2025","    175.15","13-FEB-2025"
"KRISHCA","SM","    300.00","10-JUN-2025","    150.00","18-DEC-2025"
"KRISHIVAL","EQ","    483.81","23-OCT-2025","    200.95","25-APR-2025"
"KRISHNADEF","EQ","   1144.65","30-JAN-2026","    503.00","04-MAR-2025"
"KRITI","EQ","    177.51","31-JUL-2025","     73.00","21-JAN-2026"
"KRITIKA","EQ","     11.22","25-APR-2025","      6.12","27-JAN-2026"
"KRITINUT","EQ","    134.99","05-FEB-2025","     63.55","18-DEC-2025"
"KRMAYURVED","ST","    184.00","30-JAN-2026","    165.15","29-JAN-2026"
"KRN","EQ","   1012.00","06-FEB-2025","    589.80","27-JAN-2026"
"KRONOX","EQ","    207.49","07-JUL-2025","    118.00","21-JAN-2026"
"KROSS","EQ","    237.60","18-SEP-2025","    150.06","07-APR-2025"
"KRSNAA","EQ","    905.00","04-FEB-2025","    625.75","30-MAY-2025"
"KRT","RR","    129.07","09-DEC-2025","    103.00","18-AUG-2025"
"KRYSTAL","EQ","    729.50","03-SEP-2025","    415.60","18-FEB-2025"
"KSB","EQ","    912.00","26-AUG-2025","    582.25","17-FEB-2025"
"KSCL","EQ","   1602.00","16-APR-2025","    797.00","21-JAN-2026"
"KSHINTL","EQ","    403.70","06-JAN-2026","    330.40","13-JAN-2026"
"KSHITIJPOL","EQ","      4.16","03-FEB-2025","      1.88","19-JAN-2026"
"KSL","EQ","    988.80","01-JUL-2025","    660.20","27-JAN-2026"
"KSOLVES","EQ","    514.00","06-FEB-2025","    250.05","30-JAN-2026"
"KSR","BE","     34.95","27-NOV-2025","     14.04","29-DEC-2025"
"KTKBANK","EQ","    220.40","27-NOV-2025","    162.20","04-MAR-2025"
"KUANTUM","EQ","    135.00","24-JUL-2025","     84.19","21-JAN-2026"
"LAGNAM","EQ","    138.10","17-APR-2025","     65.00","27-JAN-2026"
"LAKPRE","BZ","      7.64","13-AUG-2025","      3.88","27-MAR-2025"
"LAKSHYA","SM","    273.00","01-FEB-2025","    102.25","28-OCT-2025"
"LAL","EQ","     16.90","30-JAN-2025","      6.45","21-JAN-2026"
"LALPATHLAB","EQ","   1770.00","19-SEP-2025","   1146.78","03-MAR-2025"
"LAMBODHARA","EQ","    162.00","15-SEP-2025","     96.31","21-JAN-2026"
"LAMOSAIC","SM","     67.80","30-JAN-2025","     24.50","27-JAN-2026"
"LANCORHOL","BE","     33.80","10-NOV-2025","     19.01","10-JUN-2025"
"LANDMARK","EQ","    662.80","18-SEP-2025","    329.80","07-APR-2025"
"LAOPALA","EQ","    287.00","25-JUL-2025","    187.37","07-APR-2025"
"LASA","EQ","     27.88","01-FEB-2025","      8.16","29-AUG-2025"
"LATENTVIEW","EQ","    517.50","08-DEC-2025","    341.20","07-APR-2025"
"LATTEYS","BE","     37.00","24-OCT-2025","     16.00","05-MAR-2025"
"LAURUSLABS","EQ","   1141.00","07-JAN-2026","    512.35","24-FEB-2025"
"LAXMICOT","EQ","     33.00","08-JUL-2025","     12.16","20-JAN-2026"
"LAXMIDENTL","EQ","    532.35","05-FEB-2025","    180.30","30-JAN-2026"
"LAXMIINDIA","EQ","    180.90","18-SEP-2025","     85.87","27-JAN-2026"
"LCCINFOTEC","BE","      9.45","31-JAN-2025","      3.64","22-JUL-2025"
"LEMERITE","EQ","    537.85","12-DEC-2025","    280.00","07-APR-2025"
"LEMONTREE","EQ","    180.68","08-SEP-2025","    117.51","03-MAR-2025"
"LENSKART","EQ","    495.00","22-DEC-2025","    356.10","10-NOV-2025"
"LEXUS","EQ","     43.00","10-FEB-2025","     24.16","30-JAN-2026"
"LFIC","EQ","    250.50","12-JUN-2025","    120.40","30-JAN-2026"
"LGBBROSLTD","EQ","   1975.00","25-NOV-2025","   1081.00","09-APR-2025"
"LGEINDIA","EQ","   1749.00","14-OCT-2025","   1325.50","21-JAN-2026"
"LGHL","EQ","    399.58","24-SEP-2025","    192.75","09-APR-2025"
"LIBAS","EQ","     15.70","26-JUN-2025","      9.56","27-JAN-2026"
"LIBERTSHOE","EQ","    474.95","06-FEB-2025","    217.10","21-JAN-2026"
"LICHSGFIN","EQ","    646.50","18-JUL-2025","    483.70","03-MAR-2025"
"LICI","EQ","    980.00","30-JUN-2025","    715.30","03-MAR-2025"
"LICMFGOLD","EQ","  16200.00","29-JAN-2026","   7352.10","30-JAN-2025"
"LICN50INAV","EQ","-","-","-","-"
"LICNETFGSC","EQ","     30.05","14-JAN-2026","     26.80","31-JAN-2025"
"LICNETFN50","EQ","    295.00","15-DEC-2025","    239.65","08-APR-2025"
"LICNETFSEN","EQ","    989.00","14-MAY-2025","    783.28","03-MAR-2025"
"LICNETINAV","EQ","-","-","-","-"
"LICNFNHGP","EQ","    294.26","05-JAN-2026","    242.47","07-APR-2025"
"LICNFNINAV","EQ","-","-","-","-"
"LICNGSINAV","EQ","-","-","-","-"
"LICNMDINAV","EQ","-","-","-","-"
"LICNMID100","EQ","     67.50","01-SEP-2025","     46.03","03-MAR-2025"
"LIKHITHA","EQ","    326.80","01-FEB-2025","    154.44","27-JAN-2026"
"LINC","EQ","    160.74","26-MAY-2025","     95.11","07-APR-2025"
"LINCOLN","EQ","    808.80","06-FEB-2025","    440.00","30-JAN-2026"
"LINDEINDIA","EQ","   7870.00","28-MAY-2025","   5242.40","04-APR-2025"
"LIQADDINAV","EQ","-","-","-","-"
"LIQCASINAV","EQ","-","-","-","-"
"LIQETFINAV","EQ","-","-","-","-"
"LIQGRBINAV","EQ","-","-","-","-"
"LIQGRWBEES","EQ","   1037.73","20-OCT-2025","    995.55","27-JAN-2026"
"LIQIDINAV","EQ","-","-","-","-"
"LIQPLSINAV","EQ","-","-","-","-"
"LIQSBIINAV","EQ","-","-","-","-"
"LIQSHRINAV","EQ","-","-","-","-"
"LIQUID","EQ","   1030.00","03-FEB-2025","    995.00","17-MAR-2025"
"LIQUID1","EQ","   1094.00","14-JAN-2026","   1006.15","07-APR-2025"
"LIQUIDADD","EQ","   1121.66","04-SEP-2025","   1052.08","06-AUG-2025"
"LIQUIDBEES","EQ","   1030.00","18-FEB-2025","    970.00","20-JAN-2026"
"LIQUIDBETF","EQ","   1207.50","04-JUN-2025","    989.99","11-MAR-2025"
"LIQUIDCASE","EQ","    113.08","05-AUG-2025","    102.00","25-AUG-2025"
"LIQUIDETF","EQ","   1002.00","19-JAN-2026","    980.55","07-APR-2025"
"LIQUIDIETF","EQ","   1029.99","27-MAY-2025","    969.99","11-DEC-2025"
"LIQUIDINAV","EQ","-","-","-","-"
"LIQUIDPLUS","EQ","   1240.88","29-MAY-2025","    994.83","04-APR-2025"
"LIQUIDSBI","EQ","   1029.99","16-JUL-2025","    999.00","21-OCT-2025"
"LIQUIDSHRI","EQ","   1095.15","15-APR-2025","   1035.76","30-JAN-2025"
"LIQUIEINAV","EQ","-","-","-","-"
"LLOYDS","SM","    125.75","22-MAY-2025","     58.00","30-JAN-2026"
"LLOYDSENGG","EQ","     84.27","10-JUL-2025","     41.13","27-JAN-2026"
"LLOYDSENT","EQ","     88.44","04-JUL-2025","     34.20","17-MAR-2025"
"LLOYDSME","EQ","   1612.00","01-JUL-2025","    942.15","03-MAR-2025"
"LMW","EQ","  18250.00","14-MAY-2025","  13450.05","28-FEB-2025"
"LODHA","EQ","   1531.00","09-JUN-2025","    863.80","27-JAN-2026"
"LOKESHMACH","EQ","    305.70","30-JAN-2025","    127.93","18-MAR-2025"
"LORDSCHLO","EQ","    241.99","23-JUL-2025","    122.60","17-MAR-2025"
"LOTUSDEV","EQ","    218.49","11-AUG-2025","    137.60","21-JAN-2026"
"LOTUSEYE","EQ","    147.00","30-JAN-2026","     54.99","03-MAR-2025"
"LOVABLE","EQ","    110.78","06-FEB-2025","     70.00","27-JAN-2026"
"LOWVOL","EQ","    219.10","07-JAN-2026","    179.33","04-MAR-2025"
"LOWVOL1","EQ","     22.90","01-DEC-2025","     18.16","05-MAR-2025"
"LOWVOLIETF","EQ","     26.81","27-JAN-2026","     19.03","07-APR-2025"
"LOYALTEX","EQ","    379.50","01-AUG-2025","    186.00","21-JAN-2026"
"LPDC","EQ","     10.16","12-JUN-2025","      6.01","21-JAN-2026"
"LRRPL","SM","     99.50","18-JUL-2025","     48.60","08-APR-2025"
"LT","EQ","   4195.00","05-JAN-2026","   2965.30","07-APR-2025"
"LTCASEINAV","EQ","-","-","-","-"
"LTF","EQ","    329.45","06-JAN-2026","    131.05","19-FEB-2025"
"LTFOODS","EQ","    518.55","17-JUL-2025","    288.25","07-APR-2025"
"LTGILTBEES","EQ","     30.13","08-DEC-2025","     26.65","31-JAN-2025"
"LTGILTCASE","EQ","     30.72","08-DEC-2025","     28.71","28-OCT-2025"
"LTGILTINAV","EQ","-","-","-","-"
"LTIM","EQ","   6429.50","19-JAN-2026","   3802.00","07-APR-2025"
"LTTS","EQ","   5645.00","06-FEB-2025","   3712.10","30-JAN-2026"
"LUMAXIND","EQ","   5878.00","05-JAN-2026","   1960.00","30-JAN-2025"
"LUMAXTECH","EQ","   1703.10","05-JAN-2026","    449.00","07-APR-2025"
"LUPIN","EQ","   2226.30","07-JAN-2026","   1795.20","07-APR-2025"
"LUXIND","EQ","   1645.80","19-MAY-2025","    873.00","27-JAN-2026"
"LXCHEM","EQ","    241.00","15-SEP-2025","    134.33","30-JAN-2026"
"LYKALABS","EQ","    157.40","04-FEB-2025","     70.21","30-JAN-2026"
"LYPSAGEMS","EQ","     10.93","03-JUN-2025","      4.41","21-JAN-2026"
"M&M","EQ","   3839.90","05-JAN-2026","   2425.00","07-APR-2025"
"M&MFIN","EQ","    412.20","23-DEC-2025","    231.02","07-APR-2025"
"MAANALU","BE","    184.74","18-DEC-2025","     75.51","28-MAR-2025"
"MACOBSTECH","SM","    246.95","12-NOV-2025","    150.60","26-MAR-2025"
"MACPOWER","EQ","   1314.90","06-FEB-2025","    601.20","18-MAR-2025"
"MADHAV","EQ","     53.88","09-JUN-2025","     34.06","28-JAN-2026"
"MADHAVBAUG","SM","    335.00","26-DEC-2025","     81.10","20-MAR-2025"
"MADHUCON","EQ","      9.49","02-JUN-2025","      4.72","28-JAN-2026"
"MADHUSUDAN","SM","    212.00","04-FEB-2025","    108.60","17-NOV-2025"
"MADRASFERT","EQ","    107.06","03-JUN-2025","     66.50","03-MAR-2025"
"MAESGEINAV","EQ","-","-","-","-"
"MAFANG","EQ","    178.78","31-OCT-2025","    100.00","07-APR-2025"
"MAFANGINAV","EQ","-","-","-","-"
"MAFSETINAV","EQ","-","-","-","-"
"MAG813INAV","EQ","-","-","-","-"
"MAGADSUGAR","EQ","    821.00","13-MAY-2025","    417.00","30-JAN-2026"
"MAGNUM","EQ","     38.29","05-FEB-2025","     19.21","27-JAN-2026"
"MAGOLDINAV","EQ","-","-","-","-"
"MAGSON","SM","    166.10","23-APR-2025","     75.50","04-FEB-2025"
"MAHABANK","EQ","     67.74","14-JAN-2026","     42.00","07-APR-2025"
"MAHAPEXLTD","EQ","    147.92","03-FEB-2025","     69.05","09-DEC-2025"
"MAHASTEEL","BE","   1032.00","02-JAN-2026","    180.71","31-JAN-2025"
"MAHEPC","EQ","    185.12","20-AUG-2025","    107.55","13-MAR-2025"
"MAHESHWARI","EQ","     65.00","10-SEP-2025","     40.85","04-DEC-2025"
"MAHICKRA","SM","    185.00","30-JAN-2026","     95.20","27-MAR-2025"
"MAHKTECH","EQ","     35.59","06-OCT-2025","     17.56","07-APR-2025"
"MAHKTEINAV","EQ","-","-","-","-"
"MAHLIFE","EQ","    427.05","01-DEC-2025","    255.69","07-APR-2025"
"MAHLOG","EQ","    381.82","18-JUL-2025","    216.55","04-MAR-2025"
"MAHSCOOTER","EQ","  18538.00","15-SEP-2025","   8822.00","05-MAR-2025"
"MAHSEAMLES","EQ","    773.80","27-JUN-2025","    500.70","27-JAN-2026"
"MAITHANALL","EQ","   1264.00","30-JUN-2025","    835.25","07-APR-2025"
"MAITREYA","SM","    329.00","21-APR-2025","    190.90","30-JAN-2026"
"MAKEINDIA","EQ","    160.24","21-NOV-2025","    119.50","07-APR-2025"
"MAKS","SM","     36.00","19-SEP-2025","     25.50","05-MAR-2025"
"MAL","SM","     80.20","21-JUL-2025","     26.25","28-MAR-2025"
"MALLCOM","EQ","   1520.00","21-OCT-2025","   1038.10","27-JAN-2026"
"MALUPAPER","EQ","     50.68","30-APR-2025","     31.10","29-JAN-2026"
"MAM150INAV","EQ","-","-","-","-"
"MAMATA","EQ","    541.00","30-JUL-2025","    311.55","07-APR-2025"
"MAMFGEINAV","EQ","-","-","-","-"
"MAN50EINAV","EQ","-","-","-","-"
"MANAKALUCO","BE","     68.12","20-JAN-2026","     17.81","28-MAR-2025"
"MANAKCOAT","EQ","    182.82","27-OCT-2025","     72.20","17-MAR-2025"
"MANAKSIA","EQ","     85.60","23-JUL-2025","     54.52","07-APR-2025"
"MANAKSTEEL","EQ","     77.78","23-DEC-2025","     43.05","27-MAR-2025"
"MANALIPETC","EQ","     81.10","18-JUL-2025","     49.93","09-MAY-2025"
"MANAPPURAM","EQ","    321.60","07-JAN-2026","    168.83","14-FEB-2025"
"MANAV","SM","     31.70","26-DEC-2025","     10.50","27-MAR-2025"
"MANBA","EQ","    159.50","25-JUN-2025","    119.00","03-MAR-2025"
"MANCREDIT","EQ","    215.75","18-JUN-2025","    145.00","07-APR-2025"
"MANDEEP","SM","     31.90","17-SEP-2025","     17.80","28-MAR-2025"
"MANGALAM","BE","    116.02","11-FEB-2025","     22.80","29-DEC-2025"
"MANGLMCEM","EQ","    888.00","05-FEB-2025","    665.00","07-APR-2025"
"MANINDS","EQ","    491.00","26-NOV-2025","    201.55","03-MAR-2025"
"MANINFRA","EQ","    205.75","01-FEB-2025","     99.00","27-JAN-2026"
"MANKIND","EQ","   2716.50","15-JUL-2025","   2059.40","27-JAN-2026"
"MANOMAY","BE","    259.88","28-NOV-2025","    146.00","03-MAR-2025"
"MANORAMA","EQ","   1760.00","28-JUL-2025","    740.50","04-MAR-2025"
"MANORG","EQ","    637.85","20-AUG-2025","    340.10","18-FEB-2025"
"MANUFGBEES","EQ","    160.69","15-DEC-2025","    142.50","29-AUG-2025"
"MANUGRAPH","EQ","     25.30","02-JUN-2025","     14.17","04-MAR-2025"
"MANXT5INAV","EQ","-","-","-","-"
"MANYAVAR","EQ","   1143.10","30-JAN-2025","    465.50","29-JAN-2026"
"MAPMYINDIA","EQ","   2166.70","16-MAY-2025","   1271.10","27-JAN-2026"
"MARALOVER","EQ","     86.90","04-FEB-2025","     36.57","23-JAN-2026"
"MARATHON","EQ","    769.45","17-JUL-2025","    352.05","11-MAR-2025"
"MARC","SM","     74.40","24-DEC-2025","     40.75","12-JAN-2026"
"MARCO","SM","     57.25","30-JAN-2025","     26.75","30-JAN-2026"
"MARICO","EQ","    780.00","06-JAN-2026","    577.85","04-MAR-2025"
"MARINE","EQ","    258.00","04-NOV-2025","    138.90","04-MAR-2025"
"MARINETRAN","ST","     28.20","29-DEC-2025","     13.30","11-NOV-2025"
"MARKOLINES","EQ","    188.00","14-OCT-2025","    131.65","21-JAN-2026"
"MARKSANS","EQ","    276.40","10-FEB-2025","    156.00","30-JAN-2026"
"MARUTI","EQ","  17370.00","05-JAN-2026","  11059.45","07-APR-2025"
"MASFIN","EQ","    350.45","16-JUL-2025","    220.06","04-MAR-2025"
"MASILINAV","EQ","-","-","-","-"
"MASKINVEST","EQ","    246.09","17-OCT-2025","    124.93","16-JAN-2026"
"MASON","SM","    220.00","12-NOV-2025","     73.50","03-MAR-2025"
"MASPTOINAV","EQ","-","-","-","-"
"MASPTOP50","EQ","     73.13","29-JAN-2026","     40.86","07-APR-2025"
"MASTEK","EQ","   2818.00","21-JUL-2025","   1887.00","07-APR-2025"
"MASTER","SM","    436.00","12-NOV-2025","    258.40","28-FEB-2025"
"MASTERTR","EQ","    174.40","28-MAY-2025","     97.00","21-JAN-2026"
"MATRIMONY","EQ","    635.00","03-FEB-2025","    475.00","05-DEC-2025"
"MAWANASUG","EQ","    111.50","11-JUN-2025","     77.66","23-JAN-2026"
"MAXESTATES","EQ","    564.30","21-JUL-2025","    341.10","17-MAR-2025"
"MAXHEALTH","EQ","   1314.30","04-JUL-2025","    940.00","30-JAN-2026"
"MAXIND","EQ","    249.06","05-FEB-2025","    144.10","27-JAN-2026"
"MAXPOSURE","SM","     89.50","01-FEB-2025","     37.20","22-JAN-2026"
"MAXVOLT","ST","    509.00","26-DEC-2025","    145.05","12-MAR-2025"
"MAYASHEEL","SM","     85.00","21-OCT-2025","     46.00","25-JUL-2025"
"MAYURUNIQ","EQ","    629.90","22-JUL-2025","    441.00","09-APR-2025"
"MAZDA","EQ","    346.25","30-JAN-2025","    189.07","21-JAN-2026"
"MAZDOCK","EQ","   3775.00","29-MAY-2025","   1918.05","19-FEB-2025"
"MBAPL","EQ","    469.70","21-OCT-2025","    240.00","07-APR-2025"
"MBEL","EQ","    535.90","10-NOV-2025","    291.00","27-JAN-2026"
"MBLINFRA","EQ","     57.00","02-APR-2025","     23.65","21-JAN-2026"
"MCL","BE","     93.20","21-JAN-2026","     39.60","04-MAR-2025"
"MCLEODRUSS","EQ","     68.47","27-OCT-2025","     27.60","05-MAR-2025"
"MCLOUD","EQ","    105.42","17-JUL-2025","     21.20","21-JAN-2026"
"MCON","ST","    185.85","30-JAN-2025","     53.40","10-OCT-2025"
"MCX","EQ","   2705.00","29-JAN-2026","    881.63","11-MAR-2025"
"MD150CINAV","EQ","-","-","-","-"
"MDL","SM","    124.50","05-FEB-2025","     50.00","30-JAN-2026"
"MEDANTA","EQ","   1456.50","08-AUG-2025","   1010.00","07-APR-2025"
"MEDIASSIST","EQ","    594.10","12-AUG-2025","    394.30","30-JAN-2026"
"MEDICAMEQ","EQ","    560.70","21-FEB-2025","    292.95","30-SEP-2025"
"MEDICO","EQ","     79.83","06-FEB-2025","     37.18","01-AUG-2025"
"MEDIORG","SM","     49.70","19-JUN-2025","     19.60","27-MAR-2025"
"MEDISTEP","SM","     53.00","18-AUG-2025","     22.05","21-JAN-2026"
"MEDPLUS","EQ","   1045.30","28-MAY-2025","    678.05","07-APR-2025"
"MEESHO","EQ","    254.40","18-DEC-2025","    153.89","12-DEC-2025"
"MEGAFLEX","ST","    127.55","31-DEC-2025","     40.00","01-FEB-2025"
"MEGASOFT","BE","    231.00","04-NOV-2025","     49.06","28-MAR-2025"
"MEGASTAR","BE","    305.00","07-NOV-2025","    187.61","09-MAY-2025"
"MEGATHERM","SM","    380.00","06-JUN-2025","    192.55","21-JAN-2026"
"MEIL","EQ","    573.70","04-SEP-2025","    250.00","29-JAN-2026"
"MENONBE","EQ","    145.90","30-JUL-2025","     86.00","07-APR-2025"
"MEP","BZ","      3.30","13-FEB-2025","      1.14","08-APR-2025"
"METAL","EQ","     12.85","29-JAN-2026","      7.73","07-APR-2025"
"METALIETF","EQ","     12.69","29-JAN-2026","      7.35","07-APR-2025"
"METALIINAV","EQ","-","-","-","-"
"METALINAV","EQ","-","-","-","-"
"METROBRAND","EQ","   1345.00","03-FEB-2025","    990.05","27-MAR-2025"
"METROPOLIS","EQ","   2263.00","03-SEP-2025","   1315.00","07-APR-2025"
"MFML","EQ","     41.55","11-FEB-2025","     20.99","22-JAN-2026"
"MFSL","EQ","   1752.20","07-JAN-2026","    950.00","17-MAR-2025"
"MGBEESINAV","EQ","-","-","-","-"
"MGEL","EQ","     18.40","26-SEP-2025","     11.62","18-FEB-2025"
"MGL","EQ","   1586.90","04-JUL-2025","   1018.60","27-JAN-2026"
"MGSL","SM","    120.00","09-OCT-2025","     73.55","22-DEC-2025"
"MHHL","SM","     70.95","06-FEB-2025","     35.15","23-JAN-2026"
"MHLXMIRU","EQ","    270.68","10-JUN-2025","    189.00","29-JAN-2026"
"MHRIL","EQ","    382.00","24-JUL-2025","    259.00","07-APR-2025"
"MICEL","EQ","     84.00","01-FEB-2025","     33.31","27-JAN-2026"
"MICROPRO","SM","     32.00","01-FEB-2025","     17.85","25-NOV-2025"
"MID150","EQ","     25.49","03-JUN-2025","     17.98","07-APR-2025"
"MID150BEES","EQ","    239.29","06-JAN-2026","    179.00","03-MAR-2025"
"MID150CASE","EQ","     12.00","11-JUN-2025","      7.66","07-APR-2025"
"MID150INAV","EQ","-","-","-","-"
"MID15INAV","EQ","-","-","-","-"
"MIDADDINAV","EQ","-","-","-","-"
"MIDCAP","EQ","    183.48","27-NOV-2025","    134.98","03-MAR-2025"
"MIDCAPADD","EQ","     25.50","31-DEC-2025","     20.88","27-JAN-2026"
"MIDCAPBETA","EQ","    235.48","01-OCT-2025","    174.82","03-MAR-2025"
"MIDCAPETF","EQ","     23.61","08-JAN-2026","     16.00","07-APR-2025"
"MIDCAPIETF","EQ","     24.00","06-NOV-2025","     17.80","07-APR-2025"
"MIDHANI","EQ","    469.00","24-JUN-2025","    226.93","03-MAR-2025"
"MIDQ50ADD","EQ","    264.64","17-JUL-2025","    191.97","07-MAY-2025"
"MIDSELIETF","EQ","     20.00","11-NOV-2025","     13.86","07-APR-2025"
"MIDSMAINAV","EQ","-","-","-","-"
"MIDSMALL","EQ","     52.62","02-JUL-2025","     40.00","07-APR-2025"
"MIDWESTLTD","EQ","   1859.90","08-JAN-2026","   1048.50","28-OCT-2025"
"MIEL","SM","     40.00","31-JAN-2025","     16.05","28-JAN-2026"
"MILTON","ST","     53.50","30-JAN-2026","     24.85","24-NOV-2025"
"MINDACORP","EQ","    619.95","13-NOV-2025","    445.05","11-AUG-2025"
"MINDPOOL","SM","     83.90","17-JUL-2025","     49.00","19-JUN-2025"
"MINDSPACE","RR","    501.91","08-DEC-2025","    355.25","17-MAR-2025"
"MINDTECK","EQ","    307.68","20-OCT-2025","    145.00","07-APR-2025"
"MINFRAINAV","EQ","-","-","-","-"
"MIRCELECTR","EQ","     36.00","07-JAN-2026","     10.24","01-APR-2025"
"MIRZAINT","EQ","     44.64","04-FEB-2025","     25.03","07-APR-2025"
"MITCON","EQ","    102.90","05-FEB-2025","     53.11","27-JAN-2026"
"MITTAL","EQ","      2.50","05-FEB-2025","       .95","29-JAN-2026"
"MKPL","EQ","      9.78","17-JUN-2025","      4.52","21-JAN-2026"
"MMEL","SM","     84.45","30-JUL-2025","     37.80","30-JAN-2026"
"MMFL","EQ","    439.20","05-JAN-2026","    288.10","21-OCT-2025"
"MMP","EQ","    318.00","02-JUL-2025","    218.00","11-MAR-2025"
"MMTC","EQ","     88.19","30-MAY-2025","     44.50","07-APR-2025"
"MNC","EQ","     32.40","09-JAN-2026","     24.52","07-APR-2025"
"MNV30FINAV","EQ","-","-","-","-"
"MOALPHA50","EQ","     54.38","05-AUG-2025","     46.05","10-JUL-2025"
"MOALPHINAV","EQ","-","-","-","-"
"MOBIKWIK","EQ","    437.65","01-FEB-2025","    190.62","27-JAN-2026"
"MOCAPIINAV","EQ","-","-","-","-"
"MOCAPITAL","EQ","     51.13","03-JUN-2025","     29.20","13-MAR-2025"
"MODEFENCE","EQ","    102.00","24-JUN-2025","     55.21","03-MAR-2025"
"MODEFINAV","EQ","-","-","-","-"
"MODINATUR","EQ","    409.95","15-DEC-2025","    307.70","21-JAN-2026"
"MODIRUBBER","EQ","    167.50","26-DEC-2025","     90.00","07-APR-2025"
"MODIS","EQ","    409.00","14-NOV-2025","    287.20","14-JAN-2026"
"MODISONLTD","EQ","    197.45","21-JUL-2025","    112.00","07-APR-2025"
"MODTHREAD","EQ","     62.00","22-AUG-2025","     31.35","11-APR-2025"
"MOENERGY","EQ","     37.88","23-OCT-2025","     33.00","27-JAN-2026"
"MOENERINAV","EQ","-","-","-","-"
"MOGOLD","EQ","    175.00","29-JAN-2026","     96.30","21-AUG-2025"
"MOGOLDINAV","EQ","-","-","-","-"
"MOGSEC","EQ","     65.80","02-JUL-2025","     57.64","10-FEB-2025"
"MOGSECINAV","EQ","-","-","-","-"
"MOHEALTH","EQ","     47.57","31-JUL-2025","     37.93","03-MAR-2025"
"MOHITIND","EQ","     40.19","14-AUG-2025","     22.90","21-JAN-2026"
"MOIL","EQ","    405.60","10-JUN-2025","    274.05","07-APR-2025"
"MOINFRA","EQ","     63.80","30-OCT-2025","     55.43","27-JAN-2026"
"MOIPO","EQ","     53.00","21-NOV-2025","     41.19","27-JAN-2026"
"MOIPOINAV","EQ","-","-","-","-"
"MOKSH","EQ","     16.65","19-DEC-2025","     11.56","21-NOV-2025"
"MOL","EQ","    106.30","30-JUL-2025","     55.02","27-JAN-2026"
"MOLDTECH","EQ","    221.00","16-OCT-2025","    109.95","17-MAR-2025"
"MOLDTKPAC","EQ","    892.90","30-JUL-2025","    410.00","07-APR-2025"
"MOLOWVINAV","EQ","-","-","-","-"
"MOLOWVOL","EQ","     39.97","09-JAN-2026","     33.05","07-APR-2025"
"MOM100","EQ","     66.59","05-DEC-2025","     50.30","03-MAR-2025"
"MOM100INAV","EQ","-","-","-","-"
"MOM30IETF","EQ","     33.61","26-JUN-2025","     25.00","07-APR-2025"
"MOM50","EQ","    279.33","01-JAN-2026","    218.00","07-APR-2025"
"MOM50INAV","EQ","-","-","-","-"
"MOME30INAV","EQ","-","-","-","-"
"MOME50INAV","EQ","-","-","-","-"
"MOMENTUM","EQ","     33.15","16-JUN-2025","     25.75","07-APR-2025"
"MOMENTUM30","EQ","     37.38","17-OCT-2025","     29.94","21-JAN-2026"
"MOMENTUM50","EQ","     56.90","01-JUL-2025","     42.40","17-MAR-2025"
"MOMGF","EQ","    182.16","22-SEP-2025","    139.07","05-AUG-2025"
"MOMGFINAV","EQ","-","-","-","-"
"MOMIDMTM","EQ","     66.73","21-NOV-2025","     59.34","21-JAN-2026"
"MOMNC","EQ","     31.65","05-JAN-2026","     28.70","22-JAN-2026"
"MOMNCINAV","EQ","-","-","-","-"
"MOMNTMINAV","EQ","-","-","-","-"
"MOMOMEINAV","EQ","-","-","-","-"
"MOMOMENTUM","EQ","     66.37","02-JUL-2025","     51.21","07-APR-2025"
"MON100","EQ","    258.80","08-OCT-2025","    159.30","07-APR-2025"
"MON100INAV","EQ","-","-","-","-"
"MON500INAV","EQ","-","-","-","-"
"MON50EQUAL","EQ","     34.85","05-JAN-2026","     29.78","09-MAY-2025"
"MONARCH","EQ","    454.95","05-FEB-2025","    265.10","30-JAN-2026"
"MONEXT50","EQ","     72.30","23-OCT-2025","     63.54","14-MAY-2025"
"MONEYBOXX","EQ","     91.50","20-OCT-2025","     44.02","23-JAN-2026"
"MONIFTY100","EQ","     27.97","28-OCT-2025","     25.02","22-JAN-2026"
"MONIFTY500","EQ","     24.71","01-SEP-2025","     19.50","07-APR-2025"
"MONOLITH","SM","    607.40","21-NOV-2025","    219.45","23-JUN-2025"
"MONOPHARMA","SM","     28.90","12-MAR-2025","      9.45","29-JAN-2026"
"MONQ50","EQ","    104.31","08-OCT-2025","     61.31","07-APR-2025"
"MONQ50INAV","EQ","-","-","-","-"
"MONT50INAV","EQ","-","-","-","-"
"MONTECARLO","EQ","    860.95","20-NOV-2025","    518.05","01-APR-2025"
"MOPSE","EQ","    114.70","29-JAN-2026","     92.55","29-AUG-2025"
"MOPSEINAV","EQ","-","-","-","-"
"MOQLTYINAV","EQ","-","-","-","-"
"MOQUALITY","EQ","    202.28","22-DEC-2025","    162.15","07-APR-2025"
"MOREALINAV","EQ","-","-","-","-"
"MOREALTY","EQ","    107.02","09-JUN-2025","     74.39","27-JAN-2026"
"MOREPENLAB","EQ","     70.50","12-JUN-2025","     33.50","27-JAN-2026"
"MOS","SM","     30.10","14-MAY-2025","     19.08","30-SEP-2025"
"MOS250INAV","EQ","-","-","-","-"
"MOSCHIP","EQ","    288.45","08-OCT-2025","    129.98","07-APR-2025"
"MOSERVICE","EQ","     35.37","01-DEC-2025","     31.88","22-JAN-2026"
"MOSERVINAV","EQ","-","-","-","-"
"MOSILVER","EQ","    385.00","29-JAN-2026","    112.32","20-AUG-2025"
"MOSILVINAV","EQ","-","-","-","-"
"MOSMALL250","EQ","     18.25","17-JUL-2025","     13.22","07-APR-2025"
"MOTHERSON","EQ","    124.71","02-JAN-2026","     71.50","07-APR-2025"
"MOTILALOFS","EQ","   1097.10","28-OCT-2025","    513.00","07-APR-2025"
"MOTISONS","EQ","     25.50","06-FEB-2025","     10.62","27-JAN-2026"
"MOTOGENFIN","EQ","     33.70","07-FEB-2025","     21.00","27-JAN-2026"
"MOTOUR","EQ","     97.20","17-JUL-2025","     75.11","27-JAN-2026"
"MOTOURINAV","EQ","-","-","-","-"
"MOVALUE","EQ","    123.24","30-JAN-2026","     85.91","04-MAR-2025"
"MOVALUINAV","EQ","-","-","-","-"
"MOXSH","ST","    101.15","22-DEC-2025","     25.50","28-MAR-2025"
"MOY100INAV","EQ","-","-","-","-"
"MPEL","SM","    153.90","06-OCT-2025","     55.00","30-JAN-2026"
"MPHASIS","EQ","   3037.20","18-SEP-2025","   2044.55","07-APR-2025"
"MPSLTD","EQ","   3079.00","24-MAR-2025","   1750.00","21-JAN-2026"
"MPTODAY","SM","     56.80","08-JUL-2025","     25.20","02-APR-2025"
"MRF","EQ"," 163600.00","24-OCT-2025"," 102124.05","05-MAR-2025"
"MRIL","SM","     82.00","04-NOV-2025","     49.15","31-DEC-2025"
"MRPL","EQ","    185.00","17-NOV-2025","     98.92","03-MAR-2025"
"MSCIADD","EQ","     33.82","01-DEC-2025","     29.33","21-JAN-2026"
"MSCIADINAV","EQ","-","-","-","-"
"MSCIINDIA","EQ","     32.14","04-NOV-2025","     25.60","07-APR-2025"
"MSCIININAV","EQ","-","-","-","-"
"MSPL","EQ","     41.00","16-SEP-2025","     21.60","04-MAR-2025"
"MSTCLTD","EQ","    634.90","01-FEB-2025","    411.10","03-MAR-2025"
"MSUMI","EQ","     53.59","06-JAN-2026","     30.72","28-FEB-2025"
"MTARTECH","EQ","   3078.00","30-JAN-2026","   1155.60","07-APR-2025"
"MTEDUCARE","BE","      2.55","29-JUL-2025","      1.39","30-JAN-2026"
"MTNL","EQ","     58.20","25-JUN-2025","     28.55","27-JAN-2026"
"MUFIN","EQ","    126.34","04-NOV-2025","     63.11","07-APR-2025"
"MUFTI","EQ","    189.00","02-JUN-2025","     85.31","21-JAN-2026"
"MUKANDLTD","EQ","    162.00","24-JUL-2025","     84.40","07-APR-2025"
"MUKKA","EQ","     41.00","01-FEB-2025","     20.16","21-JAN-2026"
"MUKTAARTS","EQ","     93.12","31-JAN-2025","     54.45","29-JAN-2026"
"MULCAPINAV","EQ","-","-","-","-"
"MULTICAP","EQ","     17.03","29-OCT-2025","     13.43","03-MAR-2025"
"MUNISH","SM","    143.00","23-OCT-2025","     72.00","27-JAN-2026"
"MUNJALAU","EQ","    114.55","30-SEP-2025","     60.52","07-APR-2025"
"MUNJALSHOW","EQ","    157.50","09-JUL-2025","    104.20","07-APR-2025"
"MURUDCERA","EQ","     48.50","11-JUN-2025","     29.92","07-APR-2025"
"MUTHOOTCAP","EQ","    366.30","16-JUL-2025","    214.10","22-JAN-2026"
"MUTHOOTFIN","EQ","   4149.50","29-JAN-2026","   1965.00","11-APR-2025"
"MUTHOOTMF","EQ","    199.39","27-NOV-2025","    119.25","18-MAR-2025"
"MVGJL","EQ","    291.00","06-FEB-2025","    160.50","29-JAN-2026"
"MVKAGRO","SM","    819.00","08-DEC-2025","     32.05","19-FEB-2025"
"MWL","EQ","    295.95","19-JAN-2026","    132.00","28-FEB-2025"
"MYMUDRA","SM","    119.10","15-SEP-2025","     51.60","28-MAR-2025"
"NACLIND","EQ","    311.42","01-AUG-2025","     49.32","28-FEB-2025"
"NAGAFERT","EQ","      9.09","01-FEB-2025","      4.04","08-DEC-2025"
"NAGREEKCAP","EQ","     42.75","10-OCT-2025","     23.23","21-JAN-2026"
"NAGREEKEXP","EQ","     40.00","17-SEP-2025","     22.50","01-APR-2025"
"NAHARCAP","EQ","    376.65","10-JUN-2025","    215.00","07-APR-2025"
"NAHARINDUS","EQ","    150.00","16-JUN-2025","     88.80","01-APR-2025"
"NAHARPOLY","EQ","    389.95","10-JUN-2025","    176.42","03-MAR-2025"
"NAHARSPING","EQ","    309.00","29-MAY-2025","    149.20","27-JAN-2026"
"NAM-INDIA","EQ","    987.35","23-OCT-2025","    498.05","07-APR-2025"
"NAMAN","SM","    119.95","22-JUL-2025","     55.75","28-MAR-2025"
"NAMOEWASTE","SM","    229.90","12-NOV-2025","    127.00","11-JUL-2025"
"NARMADA","EQ","     30.00","27-JAN-2026","     14.82","30-APR-2025"
"NATCAPSUQ","EQ","    296.00","26-SEP-2025","    154.99","27-JAN-2026"
"NATCOPHARM","EQ","   1341.00","07-FEB-2025","    726.80","07-APR-2025"
"NATHBIOGEN","EQ","    238.69","10-JUL-2025","    136.00","20-JAN-2026"
"NATIONALUM","EQ","    431.50","29-JAN-2026","    137.75","07-APR-2025"
"NAUKRI","EQ","   1637.00","06-FEB-2025","   1157.00","07-APR-2025"
"NAVA","EQ","    735.00","15-SEP-2025","    356.05","14-FEB-2025"
"NAVINFLUOR","EQ","   6273.50","19-JAN-2026","   3566.00","03-MAR-2025"
"NAVKARCORP","EQ","    140.20","30-JUL-2025","     80.54","07-APR-2025"
"NAVKARURB","BE","      4.28","31-JAN-2025","      1.17","23-DEC-2025"
"NAVNETEDUL","EQ","    168.50","04-SEP-2025","    127.51","14-FEB-2025"
"NAZARA","EQ","    363.25","13-AUG-2025","    221.35","09-DEC-2025"
"NBCC","EQ","    130.70","09-JUN-2025","     70.80","03-MAR-2025"
"NBIFIN","EQ","   3320.90","11-JUN-2025","   1911.00","30-JAN-2026"
"NCC","EQ","    261.80","01-FEB-2025","    138.57","27-JAN-2026"
"NCLIND","EQ","    239.39","30-JUN-2025","    179.21","07-APR-2025"
"NDGL","EQ","   4685.40","06-JUN-2025","   2405.00","28-JAN-2026"
"NDL","EQ","      5.08","06-FEB-2025","      2.77","30-JAN-2026"
"NDLVENTURE","EQ","    112.25","14-AUG-2025","     48.94","27-MAR-2025"
"NDRAUTO","EQ","   1220.00","18-JUL-2025","    551.00","03-MAR-2025"
"NDRINVIT","IV","    129.00","28-JAN-2026","    105.00","18-FEB-2025"
"NDTV","EQ","    141.23","11-JUN-2025","     77.11","09-DEC-2025"
"NECCLTD","EQ","     32.00","05-FEB-2025","     14.25","29-JAN-2026"
"NECLIFE","BE","     38.90","10-FEB-2025","     13.05","08-AUG-2025"
"NEELAM","SM","     41.00","01-FEB-2025","     10.95","23-JAN-2026"
"NELCAST","EQ","    180.90","01-AUG-2025","     78.55","18-MAR-2025"
"NELCO","EQ","   1161.00","17-JUN-2025","    580.15","27-JAN-2026"
"NEOCHEM","SM","    113.40","09-DEC-2025","     71.00","21-JAN-2026"
"NEOGEN","EQ","   2191.00","03-FEB-2025","    966.70","10-DEC-2025"
"NEPHROCARE","SM","    206.85","31-JAN-2025","     95.00","29-JAN-2026"
"NEPHROPLUS","EQ","    534.90","30-JAN-2026","    446.00","19-DEC-2025"
"NEPTUNE","SM","    241.55","29-JAN-2026","    126.30","09-JUN-2025"
"NESCO","EQ","   1638.90","11-SEP-2025","    842.60","03-MAR-2025"
"NESTLEIND","EQ","   1339.60","30-JAN-2026","   1055.00","05-MAR-2025"
"NETF","EQ","    292.00","01-DEC-2025","    227.05","07-APR-2025"
"NETFINAV","EQ","-","-","-","-"
"NETFSIINAV","EQ","-","-","-","-"
"NETWEB","EQ","   4479.00","08-OCT-2025","   1251.55","07-APR-2025"
"NETWORK18","EQ","     65.29","16-JUL-2025","     35.50","27-JAN-2026"
"NEULANDLAB","EQ","  19747.00","10-NOV-2025","  10190.70","03-MAR-2025"
"NEWGEN","EQ","   1377.15","20-MAY-2025","    571.45","30-JAN-2026"
"NEWJAISA","SM","     85.00","07-FEB-2025","     15.15","30-JAN-2026"
"NEXT30ADD","EQ","     41.87","07-JAN-2026","     32.27","03-MAR-2025"
"NEXT50","EQ","    732.49","02-DEC-2025","    573.45","03-MAR-2025"
"NEXT50ADD","EQ","     69.51","09-JAN-2026","     66.07","27-JAN-2026"
"NEXT50BETA","EQ","     79.10","21-OCT-2025","     59.90","03-MAR-2025"
"NEXT50ETF","EQ","     72.97","14-JAN-2026","     66.27","21-JAN-2026"
"NEXT50IETF","EQ","     76.55","08-JAN-2026","     58.70","03-MAR-2025"
"NEXT50INAV","EQ","-","-","-","-"
"NEXT5EINAV","EQ","-","-","-","-"
"NEXTMEDIA","EQ","      8.48","30-OCT-2025","      5.00","30-JAN-2026"
"NFL","EQ","    113.35","01-FEB-2025","     71.00","07-APR-2025"
"NFQLTYINAV","EQ","-","-","-","-"
"NGIL","EQ","     42.87","20-FEB-2025","     22.19","28-NOV-2025"
"NGLFINE","EQ","   2050.00","07-FEB-2025","    957.00","19-FEB-2025"
"NH","EQ","   2370.20","27-JUN-2025","   1290.80","30-JAN-2025"
"NHIT","IV","    151.50","30-JAN-2026","    128.85","03-FEB-2025"
"NHPC","EQ","     92.34","09-JUN-2025","     71.00","28-FEB-2025"
"NIACL","EQ","    214.74","31-JUL-2025","    135.60","03-MAR-2025"
"NIBE","EQ","   2001.00","12-JUN-2025","    761.50","19-MAR-2025"
"NIBL","EQ","     40.80","31-DEC-2025","     19.50","28-MAR-2025"
"NIDAN","SM","     25.75","06-FEB-2025","     15.15","30-JAN-2026"
"NIF100BEES","EQ","    290.00","23-OCT-2025","    230.35","07-APR-2025"
"NIF100IETF","EQ","     30.88","01-JAN-2026","     23.85","07-APR-2025"
"NIF100INAV","EQ","-","-","-","-"
"NIF10GINAV","EQ","-","-","-","-"
"NIF5GINAV","EQ","-","-","-","-"
"NIFITEINAV","EQ","-","-","-","-"
"NIFTY1","EQ","    320.00","21-AUG-2025","    238.25","07-APR-2025"
"NIFTY100EW","EQ","     35.50","07-JAN-2026","     24.25","02-APR-2025"
"NIFTYADD","EQ","    300.00","16-OCT-2025","    225.66","07-APR-2025"
"NIFTYBEES","EQ","    302.25","09-DEC-2025","    231.30","07-APR-2025"
"NIFTYBENAV","EQ","-","-","-","-"
"NIFTYBETA","EQ","    297.48","01-DEC-2025","    235.00","07-APR-2025"
"NIFTYBETF","EQ","    272.72","30-OCT-2025","    220.50","07-APR-2025"
"NIFTYBINAV","EQ","-","-","-","-"
"NIFTYCASE","EQ","     10.97","21-OCT-2025","      9.80","27-JAN-2026"
"NIFTYCINAV","EQ","-","-","-","-"
"NIFTYETF","EQ","    289.05","02-JAN-2026","    226.00","07-APR-2025"
"NIFTYIETF","EQ","    328.24","08-SEP-2025","    234.97","07-APR-2025"
"NIFTYQLITY","EQ","     23.03","08-JAN-2026","     18.30","07-APR-2025"
"NIITLTD","EQ","    163.80","01-FEB-2025","     71.46","27-JAN-2026"
"NIITMTS","EQ","    488.45","01-FEB-2025","    300.05","06-NOV-2025"
"NIKITA","SM","    156.00","17-DEC-2025","     77.15","30-JUL-2025"
"NILAINFRA","EQ","     13.78","11-JUL-2025","      7.67","29-JAN-2026"
"NILASPACES","EQ","     20.47","26-SEP-2025","     10.21","12-FEB-2025"
"NILKAMAL","EQ","   1865.00","25-JUL-2025","   1330.70","09-DEC-2025"
"NIM150INAV","EQ","-","-","-","-"
"NINSYS","EQ","    529.50","14-FEB-2025","    330.05","28-JAN-2026"
"NIPPOBATRY","EQ","    550.00","22-APR-2025","    370.00","29-JAN-2026"
"NIRAJ","EQ","     69.88","18-MAR-2025","     27.20","06-NOV-2025"
"NIRAJISPAT","EQ","    612.50","14-JUL-2025","    155.00","30-JAN-2026"
"NIRMAN","SM","    390.35","05-FEB-2025","     46.75","22-JAN-2026"
"NITCO","EQ","    163.95","03-JUL-2025","     77.46","27-JAN-2026"
"NITINSPIN","EQ","    438.95","01-FEB-2025","    290.50","03-MAR-2025"
"NITIRAJ","EQ","    421.60","12-MAR-2025","    171.00","12-JAN-2026"
"NIVABUPA","EQ","     95.21","19-MAY-2025","     68.54","07-APR-2025"
"NKIND","EQ","     87.78","16-SEP-2025","     53.00","17-MAR-2025"
"NLCINDIA","EQ","    292.20","07-OCT-2025","    186.03","17-FEB-2025"
"NMDC","EQ","     86.72","08-JAN-2026","     59.53","09-APR-2025"
"NMSTEEL","SM","     51.45","31-JAN-2025","     23.35","28-MAR-2025"
"NOCIL","EQ","    240.41","05-FEB-2025","    125.31","27-JAN-2026"
"NOIDATOLL","EQ","      5.63","09-SEP-2025","      2.57","28-MAR-2025"
"NORBTEAEXP","BE","     99.35","02-JAN-2026","     25.00","30-JAN-2025"
"NORTHARC","EQ","    290.00","06-OCT-2025","    141.47","07-APR-2025"
"NOVAAGRI","EQ","     70.10","01-FEB-2025","     32.00","30-JAN-2026"
"NPBET","EQ","    305.21","15-DEC-2025","    243.79","11-MAR-2025"
"NPBETINAV","EQ","-","-","-","-"
"NPST","EQ","   2531.75","24-MAR-2025","   1180.60","30-JAN-2026"
"NRAIL","EQ","    514.00","14-NOV-2025","    205.75","07-APR-2025"
"NRBBEARING","EQ","    313.25","02-DEC-2025","    191.45","03-MAR-2025"
"NRL","EQ","    106.49","07-FEB-2025","     48.80","23-JAN-2026"
"NRVANDANA","ST","     72.90","14-NOV-2025","     37.05","02-JUL-2025"
"NSIL","EQ","   8730.00","17-OCT-2025","   4600.00","03-MAR-2025"
"NSLNISP","EQ","     49.65","29-OCT-2025","     32.13","07-APR-2025"
"NTPC","EQ","    371.45","25-MAR-2025","    292.80","17-FEB-2025"
"NTPCGREEN","EQ","    120.69","01-FEB-2025","     84.55","03-MAR-2025"
"NUCLEUS","EQ","   1378.00","29-MAY-2025","    725.00","07-APR-2025"
"NURECA","EQ","    343.00","20-OCT-2025","    203.62","07-APR-2025"
"NUVAMA","EQ","   1701.70","30-JUN-2025","    947.09","07-APR-2025"
"NUVOCO","EQ","    477.50","04-SEP-2025","    287.05","18-MAR-2025"
"NV20","EQ","    161.31","12-MAY-2025","    131.63","07-APR-2025"
"NV20BEES","EQ","    160.00","01-FEB-2025","    122.02","15-SEP-2025"
"NV20IETF","EQ","     16.00","21-JAN-2026","     11.20","07-APR-2025"
"NX30ADINAV","EQ","-","-","-","-"
"NXST","RR","    168.35","30-SEP-2025","    120.00","21-MAR-2025"
"NXT-INFRA","IV","    110.00","06-MAR-2025","    100.00","09-JUL-2025"
"NYKAA","EQ","    273.22","18-NOV-2025","    154.90","04-MAR-2025"
"OAL","EQ","    432.00","27-MAY-2025","    251.00","27-JAN-2026"
"OBCL","EQ","     64.84","25-AUG-2025","     49.01","12-MAR-2025"
"OBEROIRLTY","EQ","   2005.00","25-JUN-2025","   1425.50","27-JAN-2026"
"OBSCP","SM","    360.00","28-NOV-2025","    144.90","18-FEB-2025"
"OCCLLTD","EQ","    159.42","01-AUG-2025","     63.63","03-MAR-2025"
"ODIGMA","EQ","     57.88","30-JAN-2025","     27.01","29-JAN-2026"
"OFSS","EQ","   9950.00","11-SEP-2025","   7038.00","07-APR-2025"
"OIL","EQ","    520.00","29-JAN-2026","    325.00","07-APR-2025"
"OILCOUNTUB","EQ","    100.66","07-FEB-2025","     44.11","21-JAN-2026"
"OILETFINAV","EQ","-","-","-","-"
"OILIETF","EQ","     12.74","05-JAN-2026","      9.42","04-MAR-2025"
"OLAELEC","EQ","     80.80","01-FEB-2025","     30.76","27-JAN-2026"
"OLECTRA","EQ","   1714.20","23-SEP-2025","    965.10","27-JAN-2026"
"OLIL","SM","    355.00","12-NOV-2025","     98.15","12-FEB-2025"
"OMAXAUTO","EQ","    165.80","31-JUL-2025","     77.55","07-APR-2025"
"OMAXE","EQ","    113.40","18-JUN-2025","     62.50","09-DEC-2025"
"OMFREIGHT","EQ","    107.40","18-NOV-2025","     81.10","08-OCT-2025"
"OMFURN","SM","    140.00","09-OCT-2025","     51.00","23-JAN-2026"
"OMINFRAL","EQ","    159.89","01-FEB-2025","     71.50","27-JAN-2026"
"OMKARCHEM","BZ","      8.38","13-MAR-2025","      4.77","08-DEC-2025"
"ONDOOR","SM","    276.90","07-FEB-2025","    100.00","27-JAN-2026"
"ONELIFECAP","BE","     18.59","07-NOV-2025","      9.08","04-MAR-2025"
"ONEPOINT","EQ","     69.99","20-MAY-2025","     41.01","07-APR-2025"
"ONESOURCE","EQ","   2248.00","18-JUN-2025","   1057.00","30-JAN-2026"
"ONGC","EQ","    277.77","29-JAN-2026","    205.00","07-APR-2025"
"ONMOBILE","EQ","     75.73","05-FEB-2025","     41.07","07-APR-2025"
"ONWARDTEC","EQ","    385.00","17-JUL-2025","    206.00","07-APR-2025"
"ONYX","SM","     71.00","05-FEB-2025","     28.10","26-DEC-2025"
"OPTIEMUS","EQ","    713.00","25-SEP-2025","    366.00","27-JAN-2026"
"OPTIVALUE","SM","    107.55","10-SEP-2025","     67.95","22-DEC-2025"
"ORBTEXP","EQ","    265.00","08-OCT-2025","    138.70","03-MAR-2025"
"ORCHASP","EQ","      4.16","16-OCT-2025","      2.11","28-MAR-2025"
"ORCHPHARMA","EQ","   1511.25","06-FEB-2025","    603.80","30-MAY-2025"
"ORIANA","SM","   3064.00","14-NOV-2025","   1000.00","18-MAR-2025"
"ORICONENT","BE","     67.89","29-JAN-2026","     35.66","07-APR-2025"
"ORIENTALTL","EQ","     17.60","18-JUN-2025","      7.14","30-JAN-2026"
"ORIENTBELL","EQ","    338.20","27-JUN-2025","    216.00","27-MAR-2025"
"ORIENTCEM","EQ","    362.40","22-APR-2025","    150.65","09-DEC-2025"
"ORIENTCER","EQ","     56.64","02-JAN-2026","     28.67","07-APR-2025"
"ORIENTELEC","EQ","    248.90","14-MAY-2025","    155.35","24-NOV-2025"
"ORIENTHOT","EQ","    168.99","17-JUL-2025","     98.08","18-DEC-2025"
"ORIENTLTD","EQ","    110.40","12-JUN-2025","     60.00","28-JAN-2026"
"ORIENTPPR","EQ","     31.89","01-FEB-2025","     19.20","27-JAN-2026"
"ORIENTTECH","EQ","    466.73","07-OCT-2025","    267.45","18-MAR-2025"
"ORISSAMINE","EQ","   6420.00","07-FEB-2025","   4201.00","27-JAN-2026"
"ORKLAINDIA","EQ","    760.00","06-NOV-2025","    565.00","28-JAN-2026"
"ORTINGLOBE","BE","     18.93","07-AUG-2025","      9.64","28-MAR-2025"
"OSEINTRUST","IV","-","-","-","-"
"OSELDEVICE","ST","    835.00","20-NOV-2025","    186.25","05-MAR-2025"
"OSIAHYPER","EQ","     33.08","18-SEP-2025","     11.31","14-AUG-2025"
"OSWALAGRO","EQ","    110.80","16-JUN-2025","     46.11","30-JAN-2026"
"OSWALGREEN","EQ","     50.90","11-JUN-2025","     25.48","27-JAN-2026"
"OSWALPUMPS","EQ","    888.40","21-AUG-2025","    372.15","29-JAN-2026"
"OSWALSEEDS","EQ","     20.28","26-DEC-2025","     10.72","07-AUG-2025"
"OWAIS","SM","    925.00","30-JAN-2025","    200.10","13-JAN-2026"
"PACEDIGITK","EQ","    231.95","10-OCT-2025","    160.21","27-JAN-2026"
"PAGEIND","EQ","  50590.00","27-JUN-2025","  31740.00","20-JAN-2026"
"PAISALO","EQ","     46.45","04-FEB-2025","     29.38","20-JUN-2025"
"PAKKA","EQ","    267.40","06-FEB-2025","     85.17","27-JAN-2026"
"PALASHSECU","EQ","    162.39","31-JAN-2025","     95.10","29-JAN-2026"
"PALREDTEC","EQ","     73.60","10-OCT-2025","     32.56","30-JAN-2026"
"PANACEABIO","EQ","    581.90","30-APR-2025","    281.10","28-FEB-2025"
"PANACHE","EQ","    472.15","08-OCT-2025","    171.85","15-MAY-2025"
"PANAMAPET","EQ","    403.90","19-MAY-2025","    265.55","07-NOV-2025"
"PANSARI","BE","    352.30","19-NOV-2025","    142.05","03-MAR-2025"
"PAR","EQ","    203.25","05-FEB-2025","     81.01","01-APR-2025"
"PARACABLES","EQ","     73.39","01-FEB-2025","     31.05","27-JAN-2026"
"PARADEEP","EQ","    234.39","29-JUL-2025","     83.25","03-MAR-2025"
"PARAGMILK","EQ","    376.95","13-NOV-2025","    135.49","03-MAR-2025"
"PARAGON","SM","     84.00","04-FEB-2025","     34.10","27-JAN-2026"
"PARAMATRIX","SM","    108.95","15-APR-2025","     63.60","25-MAR-2025"
"PARAMOUNT","SM","     90.00","06-FEB-2025","     39.60","30-JAN-2026"
"PARAMPARA","SM","     10.90","08-JAN-2026","      5.75","08-JUL-2025"
"PARAS","EQ","    972.50","19-MAY-2025","    404.70","03-MAR-2025"
"PARASPETRO","EQ","      3.26","10-MAR-2025","      1.53","14-JAN-2026"
"PARIN","SM","    662.00","21-JAN-2026","    311.65","07-JUL-2025"
"PARKHOSPS","EQ","    165.87","17-DEC-2025","    138.10","18-DEC-2025"
"PARKHOTELS","EQ","    200.98","06-FEB-2025","    116.85","27-JAN-2026"
"PARSVNATH","EQ","     27.39","09-JUL-2025","      8.28","21-JAN-2026"
"PARTH","SM","    306.40","26-AUG-2025","    169.00","11-AUG-2025"
"PARTYCRUS","SM","    126.95","07-FEB-2025","     63.05","07-NOV-2025"
"PASHUPATI","EQ","    860.00","15-DEC-2025","    565.50","03-FEB-2025"
"PASUPTAC","EQ","     63.50","27-NOV-2025","     38.64","03-MAR-2025"
"PATANJALI","EQ","    670.33","16-APR-2025","    492.65","28-JAN-2026"
"PATELENG","EQ","     48.72","01-FEB-2025","     26.20","12-JAN-2026"
"PATELRMART","EQ","    305.00","26-AUG-2025","    169.91","20-JAN-2026"
"PATILAUTOM","SM","    268.90","11-JUL-2025","    134.00","30-JAN-2026"
"PATINTLOG","EQ","     20.39","07-FEB-2025","     11.46","27-JAN-2026"
"PATTECH","SM","    160.00","06-AUG-2025","     60.10","26-MAR-2025"
"PAUSHAKLTD","EQ","    633.05","16-DEC-2025","    491.55","30-JAN-2026"
"PAVNAIND","EQ","     55.39","06-FEB-2025","     16.24","22-JAN-2026"
"PAYTM","EQ","   1381.80","02-DEC-2025","    651.50","11-MAR-2025"
"PCBL","EQ","    444.15","03-APR-2025","    254.50","27-JAN-2026"
"PCCL","SM","    267.50","29-JAN-2026","    150.00","05-MAY-2025"
"PCJEWELLER","EQ","     19.65","07-JUL-2025","      8.67","30-DEC-2025"
"PDMJEPAPER","EQ","    148.39","25-AUG-2025","     80.54","27-JAN-2026"
"PDSL","EQ","    504.55","01-FEB-2025","    289.95","14-OCT-2025"
"PEARLPOLY","EQ","     41.00","30-JUL-2025","     18.32","30-JAN-2026"
"PELATRO","SM","    461.00","01-JUL-2025","    280.05","28-JAN-2026"
"PENIND","EQ","    279.90","07-NOV-2025","    135.65","12-FEB-2025"
"PENINLAND","EQ","     46.00","16-JUL-2025","     18.96","27-JAN-2026"
"PENTAGON","ST","     99.50","28-OCT-2025","     50.55","08-SEP-2025"
"PERFECT","SZ","     19.40","05-FEB-2025","      3.40","30-JAN-2026"
"PERSISTENT","EQ","   6599.00","23-DEC-2025","   4148.95","07-APR-2025"
"PETRONET","EQ","    326.50","15-MAY-2025","    263.50","16-DEC-2025"
"PFC","EQ","    444.10","22-APR-2025","    329.90","18-DEC-2025"
"PFIZER","EQ","   5993.00","16-JUN-2025","   3701.00","07-APR-2025"
"PFOCUS","EQ","    250.00","13-JAN-2026","     85.00","07-APR-2025"
"PFS","EQ","     44.20","12-JUN-2025","     29.41","03-MAR-2025"
"PGEL","EQ","   1008.00","23-APR-2025","    465.00","14-AUG-2025"
"PGHH","EQ","  14800.00","03-FEB-2025","  11612.00","30-JAN-2026"
"PGHL","EQ","   6739.00","29-AUG-2025","   4903.85","27-MAR-2025"
"PGIL","EQ","   1993.30","13-NOV-2025","    875.00","07-APR-2025"
"PGINVIT","IV","     98.19","07-NOV-2025","     74.96","20-MAR-2025"
"PHANTOMFX","SM","    327.95","28-JUL-2025","    165.00","19-FEB-2025"
"PHARMABEES","EQ","     26.52","23-JAN-2026","     19.47","07-APR-2025"
"PHARMAINAV","EQ","-","-","-","-"
"PHOENIXLTD","EQ","   1993.00","12-JAN-2026","   1402.50","11-AUG-2025"
"PHOGLOBAL","SM","     29.10","20-MAY-2025","     16.75","27-MAR-2025"
"PICCADIL","EQ","    805.50","22-SEP-2025","    533.15","09-DEC-2025"
"PIDILITIND","EQ","   1574.95","03-SEP-2025","   1311.10","03-MAR-2025"
"PIGL","EQ","    307.50","30-JAN-2025","     97.85","27-JAN-2026"
"PIIND","EQ","   4330.00","30-JUL-2025","   2951.10","03-MAR-2025"
"PILANIINVS","EQ","   5980.00","23-OCT-2025","   3279.55","04-MAR-2025"
"PILITA","EQ","     20.64","10-JUN-2025","      8.20","28-JAN-2026"
"PINELABS","EQ","    284.00","14-NOV-2025","    213.50","14-JAN-2026"
"PIONEEREMB","EQ","     53.69","10-FEB-2025","     23.20","21-JAN-2026"
"PIRAMALFIN","EQ","   1954.50","19-JAN-2026","   1260.00","07-NOV-2025"
"PITTIENG","EQ","   1185.30","30-JAN-2025","    675.00","21-JAN-2026"
"PIXTRANS","EQ","   2199.10","06-FEB-2025","   1220.10","12-AUG-2025"
"PKTEA","EQ","   1013.90","06-JUN-2025","    565.00","15-MAY-2025"
"PLADAINFO","SM","     27.75","01-AUG-2025","     13.80","23-JAN-2026"
"PLASTIBLEN","EQ","    235.99","01-FEB-2025","    145.55","28-JAN-2026"
"PLATIND","EQ","    342.40","17-SEP-2025","    213.00","12-JAN-2026"
"PLAZACABLE","EQ","     73.25","06-FEB-2025","     34.63","23-JAN-2026"
"PNB","EQ","    135.15","19-JAN-2026","     85.46","04-MAR-2025"
"PNBGILTS","EQ","    119.80","24-JUL-2025","     74.25","17-MAR-2025"
"PNBHOUSING","EQ","   1141.90","09-JUN-2025","    746.70","28-FEB-2025"
"PNC","EQ","     43.59","31-JAN-2025","     21.80","21-JAN-2026"
"PNCINFRA","EQ","    331.80","17-JUL-2025","    205.45","30-JAN-2026"
"PNGJL","EQ","    701.40","21-OCT-2025","    473.80","07-APR-2025"
"POCL","EQ","   1578.00","05-JAN-2026","    490.00","17-MAR-2025"
"PODDARMENT","EQ","    361.00","11-FEB-2025","    240.20","21-JAN-2026"
"POKARNA","EQ","   1451.65","04-FEB-2025","    699.95","16-OCT-2025"
"POLICYBZR","EQ","   1978.00","17-JUN-2025","   1311.35","17-MAR-2025"
"POLYCAB","EQ","   7948.00","08-JAN-2026","   4555.00","28-FEB-2025"
"POLYMED","EQ","   2937.60","07-MAY-2025","   1483.10","28-JAN-2026"
"POLYPLEX","EQ","   1398.00","27-MAY-2025","    774.00","09-DEC-2025"
"POLYSIL","ST","    356.75","02-DEC-2025","     14.25","04-MAR-2025"
"PONNIERODE","EQ","    372.35","01-FEB-2025","    253.05","20-JAN-2026"
"POONAWALLA","EQ","    570.40","06-OCT-2025","    267.20","04-MAR-2025"
"POSITRON","SM","    420.00","29-APR-2025","    163.20","20-JAN-2026"
"POWERGRID","EQ","    322.00","21-APR-2025","    247.30","28-FEB-2025"
"POWERINDIA","EQ","  22840.00","03-DEC-2025","  10300.00","18-FEB-2025"
"POWERMECH","EQ","   3415.00","10-JUL-2025","   1700.00","03-MAR-2025"
"PPAP","EQ","    294.79","29-OCT-2025","    154.05","07-APR-2025"
"PPL","EQ","    473.90","27-MAY-2025","    186.41","27-JAN-2026"
"PPLPHARMA","EQ","    241.35","30-JAN-2025","    148.31","29-JAN-2026"
"PPSL","SM","     38.00","30-JAN-2025","      8.80","12-JAN-2026"
"PRABHA","EQ","    315.90","16-JUL-2025","    146.47","21-JAN-2026"
"PRAENG","BE","     33.88","31-OCT-2025","     17.12","09-MAY-2025"
"PRAJIND","EQ","    667.00","30-JAN-2025","    273.00","27-JAN-2026"
"PRAKASH","EQ","    190.90","05-AUG-2025","    110.24","27-JAN-2026"
"PRAKASHSTL","BE","      8.50","14-FEB-2025","      3.92","16-DEC-2025"
"PRAMARA","SM","    367.00","22-JAN-2026","    101.05","20-MAR-2025"
"PRANIK","SM","     92.90","12-JUN-2025","     48.10","09-DEC-2025"
"PRATHAM","SM","    216.80","24-APR-2025","    126.50","27-JAN-2026"
"PRAXIS","EQ","     16.95","01-FEB-2025","      6.82","29-JAN-2026"
"PRECAM","EQ","    325.45","01-FEB-2025","    130.35","27-JAN-2026"
"PRECISION","SM","     39.00","07-FEB-2025","      8.40","30-JAN-2026"
"PRECOT","EQ","    643.65","29-JUL-2025","    300.05","21-JAN-2026"
"PRECWIRE","EQ","    277.15","13-NOV-2025","    118.00","08-APR-2025"
"PREMEXPLN","EQ","    684.00","14-OCT-2025","    309.15","03-MAR-2025"
"PREMIER","BE","      4.34","06-FEB-2025","      2.55","27-MAR-2025"
"PREMIERENE","EQ","   1170.00","04-FEB-2025","    675.20","23-JAN-2026"
"PREMIERPOL","EQ","     76.00","27-FEB-2025","     38.00","19-NOV-2025"
"PREMIUM","SM","     44.25","11-JUN-2025","     26.05","12-MAY-2025"
"PRESSTONIC","SM","    121.19","14-MAY-2025","     37.29","21-JAN-2026"
"PRESTIGE","EQ","   1814.00","22-JUL-2025","   1048.05","07-APR-2025"
"PRICOLLTD","EQ","    694.20","05-JAN-2026","    367.85","07-APR-2025"
"PRIMECAB","SM","    123.65","03-NOV-2025","     70.70","01-OCT-2025"
"PRIMESECU","EQ","    325.00","18-NOV-2025","    196.85","17-FEB-2025"
"PRIMO","EQ","     31.39","24-JUL-2025","     19.70","29-JAN-2026"
"PRINCEPIPE","EQ","    407.75","01-FEB-2025","    229.05","07-APR-2025"
"PRITI","EQ","    130.98","31-JAN-2025","     49.00","21-JAN-2026"
"PRITIKA","SM","     98.63","01-FEB-2025","     64.00","29-JAN-2026"
"PRITIKAUTO","EQ","     23.14","30-JAN-2025","     12.44","21-JAN-2026"
"PRIVISCL","EQ","   3440.50","11-NOV-2025","   1368.15","04-MAR-2025"
"PRIZOR","SM","    362.00","09-OCT-2025","    105.10","28-MAR-2025"
"PRLIND","SM","    121.10","30-JAN-2025","     52.55","27-JAN-2026"
"PROFX","SM","    136.90","15-JUL-2025","     56.90","15-DEC-2025"
"PROLIFE","SM","    273.00","07-FEB-2025","     60.80","30-JAN-2026"
"PROPEQUITY","SM","    294.00","12-FEB-2025","    145.00","22-JAN-2026"
"PROSTARM","EQ","    253.49","30-JUL-2025","    108.00","13-JUN-2025"
"PROTEAN","EQ","   1535.00","06-FEB-2025","    597.90","27-JAN-2026"
"PROV","SM","   1584.00","07-FEB-2025","    815.10","02-SEP-2025"
"PROZONER","BE","     72.77","29-OCT-2025","     27.30","27-MAR-2025"
"PRSMJOHNSN","EQ","    176.00","18-SEP-2025","    105.30","04-MAR-2025"
"PRUDENT","EQ","   3098.00","31-JUL-2025","   1570.00","03-MAR-2025"
"PRUDMOULI","EQ","     55.12","07-FEB-2025","     18.15","07-JAN-2026"
"PSB","EQ","     50.50","25-MAR-2025","     25.22","07-APR-2025"
"PSBKICINAV","EQ","-","-","-","-"
"PSFL","SM","     78.00","04-FEB-2025","     25.10","28-JAN-2026"
"PSPPROJECT","EQ","   1029.90","14-NOV-2025","    609.00","19-FEB-2025"
"PSRAJ","ST","    318.10","23-DEC-2025","    122.85","28-MAR-2025"
"PSUBANK","EQ","    914.72","29-JAN-2026","    552.00","03-MAR-2025"
"PSUBANKADD","EQ","     93.97","29-JAN-2026","     55.47","03-MAR-2025"
"PSUBKBENAV","EQ","-","-","-","-"
"PSUBNKBEES","EQ","    102.28","29-JAN-2026","     61.54","03-MAR-2025"
"PSUBNKIETF","EQ","     92.68","29-JAN-2026","     55.80","03-MAR-2025"
"PTC","EQ","    207.00","24-JUL-2025","    128.80","12-FEB-2025"
"PTCIL","EQ","  19387.00","08-DEC-2025","   9756.30","20-FEB-2025"
"PTL","EQ","     47.40","02-JUL-2025","     34.72","03-MAR-2025"
"PULZ","SM","     62.90","15-MAY-2025","     23.00","30-JAN-2026"
"PUNJABCHEM","EQ","   1666.00","30-JUL-2025","    662.00","24-FEB-2025"
"PURPLEUTED","SM","    587.95","29-OCT-2025","    119.55","18-MAR-2025"
"PURVA","EQ","    338.95","09-JUN-2025","    208.70","09-MAY-2025"
"PURVFLEXI","SM","    162.00","01-FEB-2025","     65.50","29-JAN-2026"
"PUSHPA","SM","    148.75","04-NOV-2025","     91.00","09-DEC-2025"
"PVP","EQ","     39.41","25-NOV-2025","     18.30","08-JUL-2025"
"PVRINOX","EQ","   1249.70","30-OCT-2025","    830.00","07-APR-2025"
"PVSL","EQ","    163.00","16-OCT-2025","     86.75","21-APR-2025"
"PVTBANIETF","EQ","     30.03","05-JAN-2026","     23.87","11-MAR-2025"
"PVTBANKADD","EQ","     29.70","24-OCT-2025","     23.83","11-MAR-2025"
"PWL","EQ","    161.99","18-NOV-2025","    112.00","20-JAN-2026"
"PYRAMID","EQ","    198.00","04-FEB-2025","    134.91","17-MAR-2025"
"QFIL","SM","     86.90","10-FEB-2025","     55.20","30-JAN-2026"
"QGOLDHALF","EQ","    149.69","29-JAN-2026","     67.62","30-JAN-2025"
"QGOLDHINAV","EQ","-","-","-","-"
"QMSMEDI","SM","    112.87","15-APR-2025","     71.63","27-MAR-2025"
"QNIFTY","EQ","   2911.90","05-JAN-2026","   2364.00","07-APR-2025"
"QNIFTYINAV","EQ","-","-","-","-"
"QPOWER","EQ","   1082.00","30-SEP-2025","    267.80","07-APR-2025"
"QUADFUTURE","EQ","    744.00","06-FEB-2025","    248.55","18-DEC-2025"
"QUADPRO","SM","      4.65","25-JUN-2025","      2.15","29-JAN-2026"
"QUAL30IETF","EQ","     22.72","08-DEC-2025","     18.00","26-NOV-2025"
"QUALITINAV","EQ","-","-","-","-"
"QUALITY30","EQ","     22.09","01-DEC-2025","     19.51","21-AUG-2025"
"QUESS","EQ","    708.85","02-APR-2025","    191.00","27-JAN-2026"
"QUESTLAB","SM","    160.00","10-FEB-2025","     75.15","30-MAY-2025"
"QUICKHEAL","EQ","    485.50","01-FEB-2025","    182.00","30-JAN-2026"
"QUICKTOUCH","SM","     76.10","01-FEB-2025","     27.15","01-DEC-2025"
"QVCEL","SM","     40.50","03-FEB-2025","     22.20","28-MAR-2025"
"RACE","EQ","    353.00","01-FEB-2025","     98.25","27-JAN-2026"
"RACLGEAR","EQ","   1347.80","07-OCT-2025","    658.05","18-MAR-2025"
"RADAAN","EQ","      5.37","12-JUN-2025","      2.81","30-JAN-2026"
"RADHIKAJWE","EQ","    111.50","30-JUL-2025","     65.32","30-JAN-2026"
"RADIANTCMS","EQ","     73.80","16-MAY-2025","     43.95","30-JAN-2026"
"RADICO","EQ","   3591.90","20-NOV-2025","   1845.50","19-FEB-2025"
"RADIOCITY","EQ","     12.50","31-JAN-2025","      5.95","29-JAN-2026"
"RADIOWALLA","SM","    103.00","07-FEB-2025","     50.00","14-NOV-2025"
"RAILTEL","EQ","    478.95","10-JUN-2025","    265.50","03-MAR-2025"
"RAIN","EQ","    169.63","29-JAN-2026","     99.90","09-DEC-2025"
"RAINBOW","EQ","   1645.70","24-JUL-2025","   1123.00","30-JAN-2026"
"RAJESHEXPO","BZ","    237.88","22-DEC-2025","    151.11","17-MAR-2025"
"RAJINDLTD","SM","    101.90","22-JUL-2025","     70.05","13-OCT-2025"
"RAJMET","EQ","      8.55","01-FEB-2025","      3.75","27-NOV-2025"
"RAJOOENG","EQ","    145.88","16-JUL-2025","     60.27","26-DEC-2025"
"RAJPUTANA","SM","    312.50","30-JAN-2025","    173.15","28-MAR-2025"
"RAJRATAN","EQ","    540.00","08-JAN-2026","    260.00","07-APR-2025"
"RAJRILTD","BE","     31.59","12-JUN-2025","     17.99","30-JAN-2025"
"RAJSREESUG","EQ","     54.81","30-JAN-2025","     29.16","27-JAN-2026"
"RAJTV","EQ","     95.00","10-FEB-2025","     36.70","12-NOV-2025"
"RALLIS","EQ","    385.90","30-JUL-2025","    196.00","03-MAR-2025"
"RAMANEWS","EQ","     44.78","30-MAY-2025","     16.00","30-JAN-2025"
"RAMAPHO","EQ","    217.19","10-NOV-2025","     80.85","27-MAR-2025"
"RAMASTEEL","EQ","     14.90","06-JUN-2025","      7.25","21-JAN-2026"
"RAMCOCEM","EQ","   1209.00","31-JUL-2025","    788.20","12-MAR-2025"
"RAMCOIND","EQ","    398.05","22-SEP-2025","    215.00","07-APR-2025"
"RAMCOSYS","EQ","    682.35","12-DEC-2025","    270.00","03-MAR-2025"
"RAMKY","EQ","    705.00","07-OCT-2025","    402.25","03-MAR-2025"
"RAMRAT","EQ","    392.98","30-JUL-2025","    228.30","03-MAR-2025"
"RANASUG","EQ","     17.97","31-JAN-2025","     10.21","27-JAN-2026"
"RANEHOLDIN","EQ","   1798.00","06-OCT-2025","   1151.10","03-MAR-2025"
"RAPIDFLEET","SM","    229.00","20-JUN-2025","    171.00","04-SEP-2025"
"RAPPID","SM","    384.90","11-AUG-2025","    215.20","27-MAR-2025"
"RATEGAIN","EQ","    741.60","07-OCT-2025","    412.85","07-APR-2025"
"RATNAMANI","EQ","   3050.00","08-JUL-2025","   1943.50","22-JAN-2026"
"RATNAVEER","EQ","    177.00","30-MAY-2025","    115.99","07-APR-2025"
"RAYMOND","EQ","   1658.00","22-APR-2025","    361.00","27-JAN-2026"
"RAYMONDLSL","EQ","   1725.00","30-JAN-2025","    865.30","21-JAN-2026"
"RAYMONDREL","EQ","   1050.00","01-JUL-2025","    407.80","27-JAN-2026"
"RBA","EQ","     89.50","20-MAY-2025","     59.40","17-MAR-2025"
"RBLBANK","EQ","    332.00","06-NOV-2025","    149.21","19-FEB-2025"
"RBMINFRA","SM","    595.00","30-JAN-2025","    249.85","19-MAR-2025"
"RBS","SM","    143.00","18-JUL-2025","     81.00","30-JAN-2026"
"RBZJEWEL","EQ","    219.90","11-FEB-2025","    125.50","09-APR-2025"
"RCDL","SM","     30.85","12-SEP-2025","     16.50","08-JAN-2026"
"RCF","EQ","    171.38","01-FEB-2025","    110.80","03-MAR-2025"
"RCOM","BE","      1.95","30-MAY-2025","       .95","22-JAN-2026"
"READYMIX","SM","    175.00","08-SEP-2025","     55.20","04-MAR-2025"
"RECLTD","EQ","    460.20","01-FEB-2025","    330.95","18-DEC-2025"
"REDINGTON","EQ","    334.80","30-JUN-2025","    176.94","07-APR-2025"
"REDTAPE","EQ","    199.50","04-FEB-2025","    107.53","27-JAN-2026"
"REFEX","EQ","    534.00","09-JUN-2025","    214.45","27-JAN-2026"
"REFRACTORY","SM","     92.80","05-FEB-2025","     39.00","09-OCT-2025"
"REGAAL","EQ","    145.70","20-AUG-2025","     58.16","30-JAN-2026"
"REGENCERAM","EQ","     63.00","07-FEB-2025","     35.31","24-JUN-2025"
"REL100NAV","EQ","-","-","-","-"
"RELAXO","EQ","    598.75","01-FEB-2025","    354.20","23-JAN-2026"
"RELCHEMQ","EQ","    216.00","05-FEB-2025","    110.50","30-JAN-2026"
"RELCONSNAV","EQ","-","-","-","-"
"RELDIVNAV","EQ","-","-","-","-"
"RELIABLE","BE","    174.10","08-JAN-2026","     63.15","12-FEB-2025"
"RELIANCE","EQ","   1611.80","05-JAN-2026","   1114.85","07-APR-2025"
"RELIGARE","EQ","    295.00","24-JUL-2025","    202.52","09-MAY-2025"
"RELNV20NAV","EQ","-","-","-","-"
"RELTD","EQ","    191.77","22-SEP-2025","     93.41","09-MAY-2025"
"REMSONSIND","EQ","    157.00","30-JUN-2025","    101.37","27-JAN-2026"
"REMUS","SM","   1209.98","01-FEB-2025","    611.05","08-DEC-2025"
"RENUKA","EQ","     38.59","01-FEB-2025","     22.85","21-JAN-2026"
"REPCOHOME","EQ","    464.45","16-JUL-2025","    310.00","13-MAR-2025"
"REPL","EQ","    313.00","01-FEB-2025","     87.27","20-JAN-2026"
"REPRO","EQ","    627.00","22-MAY-2025","    367.00","27-JAN-2026"
"RESPONIND","EQ","    256.79","30-JAN-2025","    155.80","07-APR-2025"
"RETAIL","EQ","     44.45","21-MAY-2025","     23.00","07-JAN-2026"
"REXPIPES","SM","    171.00","16-SEP-2025","     57.00","26-MAR-2025"
"REXPRO","SM","    113.30","12-MAR-2025","     41.60","18-DEC-2025"
"RGL","EQ","    175.00","05-FEB-2025","    101.55","27-JAN-2026"
"RHETAN","EQ","     27.69","23-JAN-2026","     20.32","26-SEP-2025"
"RHFL","BZ","      7.78","12-JUN-2025","      2.61","13-JAN-2026"
"RHIM","EQ","    547.90","01-APR-2025","    376.45","18-FEB-2025"
"RHL","EQ","    314.00","10-JUL-2025","    169.50","23-JAN-2026"
"RICHA","ST","    102.05","15-APR-2025","     50.00","08-SEP-2025"
"RICOAUTO","EQ","    142.40","02-JAN-2026","     54.00","07-APR-2025"
"RIIL","EQ","   1047.90","05-JUN-2025","    681.40","27-JAN-2026"
"RILINFRA","SM","     53.90","06-JUN-2025","     25.55","03-MAR-2025"
"RISHABH","EQ","    490.00","04-SEP-2025","    201.50","04-MAR-2025"
"RITCO","EQ","    370.25","05-FEB-2025","    231.35","21-JAN-2026"
"RITES","EQ","    316.00","05-JUN-2025","    192.40","03-MAR-2025"
"RITEZONE","SM","     40.00","10-FEB-2025","     19.10","30-JAN-2026"
"RKDL","EQ","     34.58","26-MAY-2025","     19.02","28-JAN-2026"
"RKEC","EQ","     89.99","09-JUN-2025","     43.01","29-JAN-2026"
"RKFORGE","EQ","    862.60","24-MAR-2025","    474.30","21-JAN-2026"
"RKSWAMY","EQ","    256.41","07-FEB-2025","     97.50","21-JAN-2026"
"RMDRIP","EQ","    105.39","30-JAN-2026","     33.10","05-MAR-2025"
"RML","EQ","   1049.00","17-JUN-2025","    575.00","11-MAR-2025"
"RNBDENIMS","EQ","    160.00","19-JAN-2026","     97.55","09-SEP-2025"
"RNFI","SM","    404.00","22-SEP-2025","    205.00","28-MAR-2025"
"RNPL","ST","    158.00","23-JAN-2026","     69.00","29-AUG-2025"
"ROADSTAR","IV","-","-","-","-"
"ROCKINGDCE","ST","    498.26","07-FEB-2025","    139.61","13-JUN-2025"
"ROHLTD","EQ","    593.40","02-SEP-2025","    322.35","12-FEB-2025"
"ROLEXRINGS","EQ","    181.80","03-FEB-2025","     99.79","24-NOV-2025"
"ROLLT","BE","      2.53","02-JUN-2025","      1.02","05-SEP-2025"
"ROML","EQ","     73.80","16-JUN-2025","     41.01","07-APR-2025"
"ROSSARI","EQ","    766.00","15-JUL-2025","    501.90","20-JAN-2026"
"ROSSELLIND","EQ","     87.10","16-APR-2025","     40.00","27-JAN-2026"
"ROSSTECH","EQ","    840.00","28-NOV-2025","    231.15","18-MAR-2025"
"ROTO","EQ","    109.50","11-JUL-2025","     55.31","30-JAN-2026"
"ROUTE","EQ","   1260.00","06-FEB-2025","    561.00","27-JAN-2026"
"ROXHITECH","SM","     76.90","06-FEB-2025","     33.70","29-JAN-2026"
"ROYALARC","SM","    187.80","04-APR-2025","    114.25","27-FEB-2025"
"RPEL","EQ","   1065.50","02-DEC-2025","    449.50","12-MAR-2025"
"RPGLIFE","EQ","   2725.00","07-JUL-2025","   1835.00","07-APR-2025"
"RPOWER","EQ","     76.49","11-JUN-2025","     26.83","27-JAN-2026"
"RPPINFRA","EQ","    184.85","31-JAN-2025","     83.43","27-JAN-2026"
"RPPL","EQ","     37.90","30-JAN-2025","     15.51","19-JAN-2026"
"RPSGVENT","EQ","   1027.00","24-JUL-2025","    652.75","21-JAN-2026"
"RPTECH","EQ","    408.70","06-JAN-2026","    245.15","03-MAR-2025"
"RRKABEL","EQ","   1562.60","22-DEC-2025","    853.55","18-MAR-2025"
"RSSOFTWARE","EQ","    153.25","30-JAN-2025","     36.00","30-JAN-2026"
"RSWM","EQ","    191.49","11-JUN-2025","    126.05","03-MAR-2025"
"RSYSTEMS","EQ","    496.90","22-AUG-2025","    283.00","07-APR-2025"
"RTL","SM","     75.00","02-JUL-2025","     54.00","13-JAN-2026"
"RTNINDIA","EQ","     69.70","09-JUL-2025","     31.98","27-JAN-2026"
"RTNPOWER","EQ","     16.92","11-JUL-2025","      7.88","27-JAN-2026"
"RUBFILA","EQ","     92.20","16-JUL-2025","     61.80","09-MAY-2025"
"RUBICON","EQ","    754.80","17-NOV-2025","    570.75","24-OCT-2025"
"RUBYMILLS","EQ","    269.00","30-JUL-2025","    171.78","07-APR-2025"
"RUCHINFRA","EQ","     11.46","30-JAN-2025","      5.31","02-JAN-2026"
"RUCHIRA","EQ","    173.00","18-SEP-2025","    106.70","13-FEB-2025"
"RUDRA","EQ","     29.70","22-DEC-2025","     18.29","30-JAN-2026"
"RULKA","SM","    221.00","30-JAN-2025","     98.00","21-JAN-2026"
"RUPA","EQ","    238.05","07-FEB-2025","    146.99","28-JAN-2026"
"RUSHIL","EQ","     33.99","17-SEP-2025","     18.39","29-JAN-2026"
"RUSTOMJEE","EQ","    697.00","02-JUL-2025","    456.55","29-JAN-2026"
"RVHL","EQ","     71.36","17-SEP-2025","     38.15","13-AUG-2025"
"RVNL","EQ","    501.80","01-FEB-2025","    301.20","09-DEC-2025"
"RVTH","EQ","   1999.20","14-FEB-2025","    630.00","30-JAN-2026"
"S&SPOWER","EQ","    468.90","16-SEP-2025","    193.50","09-DEC-2025"
"SAAKSHI","SM","    217.70","04-JUL-2025","    118.00","29-MAY-2025"
"SAATVIKGL","EQ","    567.00","10-OCT-2025","    345.00","23-JAN-2026"
"SABAR","ST","     10.85","06-FEB-2025","      3.80","26-JUN-2025"
"SABEVENTS","BE","     13.17","30-JAN-2026","      3.69","14-FEB-2025"
"SABTNL","BE","   2247.00","21-JAN-2026","    352.60","04-FEB-2025"
"SACHEEROME","ST","    430.65","09-JAN-2026","    140.50","24-JUN-2025"
"SADBHAV","BE","     19.35","06-FEB-2025","      6.10","23-JAN-2026"
"SADBHIN","EQ","      6.50","06-FEB-2025","      3.10","29-JAN-2026"
"SADHAV","SM","    150.00","01-FEB-2025","     76.95","07-APR-2025"
"SADHNANIQ","EQ","     35.50","01-FEB-2025","      5.59","23-JAN-2026"
"SAFARI","EQ","   2543.95","03-FEB-2025","   1670.15","07-APR-2025"
"SAFEENTP","SM","    319.00","17-NOV-2025","    151.00","27-JUN-2025"
"SAGARDEEP","EQ","     36.21","10-FEB-2025","     23.55","21-JAN-2026"
"SAGCEM","EQ","    299.40","05-SEP-2025","    168.04","17-MAR-2025"
"SAGILITY","EQ","     57.89","30-OCT-2025","     37.60","16-JUN-2025"
"SAHAJSOLAR","SM","    323.55","24-APR-2025","    138.15","09-DEC-2025"
"SAHANA","SM","   1735.00","01-FEB-2025","    685.00","13-JAN-2026"
"SAHASRA","SM","    511.00","01-FEB-2025","    227.50","22-AUG-2025"
"SAHYADRI","EQ","    330.00","10-JUN-2025","    211.00","28-MAR-2025"
"SAIFL","SM","     32.75","16-JUL-2025","      9.25","28-MAR-2025"
"SAIL","EQ","    160.00","29-JAN-2026","     99.15","12-FEB-2025"
"SAILIFE","EQ","    983.35","07-JAN-2026","    636.10","09-APR-2025"
"SAJHOTELS","SM","     85.00","10-FEB-2025","     44.05","30-JAN-2026"
"SAKAR","EQ","    444.30","12-DEC-2025","    210.10","28-MAR-2025"
"SAKHTISUG","EQ","     29.05","01-FEB-2025","     16.46","20-JAN-2026"
"SAKSOFT","EQ","    253.99","11-JUL-2025","    125.03","07-APR-2025"
"SAKUMA","EQ","      3.81","29-APR-2025","      1.60","21-JAN-2026"
"SALASAR","EQ","     12.69","01-FEB-2025","      6.91","11-AUG-2025"
"SALONA","EQ","    318.80","16-DEC-2025","    215.00","04-MAR-2025"
"SALSTEEL","BE","     45.12","02-JAN-2026","     14.37","13-AUG-2025"
"SALZERELEC","EQ","   1320.90","30-JAN-2025","    535.00","27-JAN-2026"
"SAMAY","ST","     51.30","28-OCT-2025","     28.80","14-AUG-2025"
"SAMBHAAV","BE","     11.53","24-NOV-2025","      5.00","08-APR-2025"
"SAMBHV","EQ","    149.40","22-JUL-2025","     81.42","27-JAN-2026"
"SAMHI","EQ","    254.50","22-JUL-2025","    121.10","07-APR-2025"
"SAMMAANCAP","EQ","    192.95","03-NOV-2025","     97.61","07-APR-2025"
"SAMPANN","EQ","     43.44","06-NOV-2025","     24.16","01-APR-2025"
"SANATHAN","EQ","    560.20","21-JUL-2025","    286.95","03-MAR-2025"
"SANCO","BZ","      4.22","30-JUN-2025","      1.66","05-DEC-2025"
"SANDESH","EQ","   1502.00","30-JAN-2025","    995.20","29-JAN-2026"
"SANDHAR","EQ","    601.00","13-NOV-2025","    315.00","17-FEB-2025"
"SANDUMA","EQ","    273.00","05-JAN-2026","    112.40","12-FEB-2025"
"SANGAMIND","EQ","    513.00","30-JUN-2025","    293.15","03-MAR-2025"
"SANGANI","SM","     77.00","23-SEP-2025","     43.80","21-JAN-2026"
"SANGHIIND","EQ","     70.40","22-JUL-2025","     50.58","03-MAR-2025"
"SANGHVIMOV","EQ","    411.90","08-OCT-2025","    206.00","28-FEB-2025"
"SANGINITA","EQ","     14.50","30-JAN-2025","      8.46","27-MAR-2025"
"SANOFI","EQ","   6717.00","24-APR-2025","   3976.00","21-JAN-2026"
"SANOFICONR","EQ","   5894.50","30-JUN-2025","   3990.00","21-JAN-2026"
"SANSERA","EQ","   1958.30","07-JAN-2026","    972.20","07-APR-2025"
"SANSTAR","EQ","    115.01","05-FEB-2025","     80.00","07-APR-2025"
"SANWARIA","BZ","       .49","12-FEB-2025","       .24","23-JAN-2026"
"SAPPHIRE","EQ","    368.00","18-JUL-2025","    179.40","29-JAN-2026"
"SARDAEN","EQ","    639.75","16-SEP-2025","    396.60","07-APR-2025"
"SAREGAMA","EQ","    603.00","04-JUN-2025","    318.65","27-JAN-2026"
"SARLAPOLY","EQ","    127.50","22-JUL-2025","     68.70","04-MAR-2025"
"SAROJA","SM","     60.00","20-AUG-2025","     32.50","23-JAN-2026"
"SARTELE","SM","    302.95","03-APR-2025","    162.00","23-OCT-2025"
"SARVESHWAR","EQ","      9.00","14-JUL-2025","      3.82","09-DEC-2025"
"SASKEN","EQ","   2042.00","31-JAN-2025","   1153.00","19-DEC-2025"
"SASTASUNDR","EQ","    363.00","13-JAN-2026","    205.00","03-MAR-2025"
"SATECH","ST","     94.40","31-JAN-2025","     31.80","08-DEC-2025"
"SATIA","EQ","     97.50","24-JUN-2025","     58.00","30-JAN-2026"
"SATIN","EQ","    175.90","20-MAY-2025","    131.80","07-APR-2025"
"SATIPOLY","SM","    180.00","06-FEB-2025","     39.00","29-JAN-2026"
"SATKARTAR","SM","    241.95","05-FEB-2025","    124.00","27-JAN-2026"
"SATTVAENGG","SM","    118.90","17-SEP-2025","     47.20","23-JAN-2026"
"SAURASHCEM","EQ","    128.40","31-JUL-2025","     69.05","27-JAN-2026"
"SAVY","SM","    191.00","27-NOV-2025","    121.00","29-SEP-2025"
"SAWALIYA","SM","    326.10","27-JAN-2026","    208.00","07-OCT-2025"
"SBC","EQ","     30.19","22-JAN-2026","     10.95","07-APR-2025"
"SBCL","EQ","    605.00","18-JUL-2025","    342.00","07-APR-2025"
"SBFC","EQ","    123.00","03-NOV-2025","     79.24","11-FEB-2025"
"SBGLP","EQ","    120.90","31-JAN-2025","     24.95","13-MAR-2025"
"SBIBPB","EQ","     53.86","29-JAN-2026","     34.37","07-APR-2025"
"SBIBPBINAV","EQ","-","-","-","-"
"SBICARD","EQ","   1027.25","10-JUN-2025","    749.90","30-JAN-2026"
"SBICONINAV","EQ","-","-","-","-"
"SBIETFCON","EQ","    133.97","21-OCT-2025","    101.64","03-MAR-2025"
"SBIETFINAV","EQ","-","-","-","-"
"SBIETFIT","EQ","    510.00","12-FEB-2025","    335.00","07-APR-2025"
"SBIETFPB","EQ","    299.88","01-DEC-2025","    237.15","12-MAR-2025"
"SBIETFQLTY","EQ","    240.00","22-JAN-2026","    191.50","07-APR-2025"
"SBIFPBINAV","EQ","-","-","-","-"
"SBILIFE","EQ","   2109.60","07-JAN-2026","   1372.55","01-FEB-2025"
"SBILIQETF","EQ","   1030.00","30-DEC-2025","    984.99","08-SEP-2025"
"SBILIQINAV","EQ","-","-","-","-"
"SBILTYINAV","EQ","-","-","-","-"
"SBIN","EQ","   1082.50","30-JAN-2026","    680.00","03-MAR-2025"
"SBINEQINAV","EQ","-","-","-","-"
"SBINEQWETF","EQ","     34.80","05-JAN-2026","     27.30","07-APR-2025"
"SBISILINAV","EQ","-","-","-","-"
"SBISILVER","EQ","    362.00","29-JAN-2026","     86.00","07-APR-2025"
"SCHAEFFLER","EQ","   4392.00","07-OCT-2025","   2823.00","07-APR-2025"
"SCHAND","EQ","    257.90","19-JUN-2025","    138.48","30-DEC-2025"
"SCHNEIDER","EQ","   1052.00","05-AUG-2025","    540.00","09-MAY-2025"
"SCI","EQ","    280.50","24-OCT-2025","    138.26","03-MAR-2025"
"SCILAL","EQ","     65.45","05-FEB-2025","     42.85","03-MAR-2025"
"SCML","SM","    159.50","08-DEC-2025","     68.05","17-SEP-2025"
"SCODATUBES","EQ","    230.85","14-JUL-2025","    127.20","27-JAN-2026"
"SCPL","EQ","    368.95","23-APR-2025","    190.03","09-DEC-2025"
"SDBL","EQ","    173.03","27-JUN-2025","     86.07","29-JAN-2026"
"SDL26BEES","EQ","    143.99","29-DEC-2025","    124.95","07-APR-2025"
"SDL26BINAV","EQ","-","-","-","-"
"SDREAMS","SM","    161.00","06-FEB-2025","     73.00","31-DEC-2025"
"SEAMECLTD","EQ","   1319.00","29-JAN-2026","    752.55","06-AUG-2025"
"SECMARK","EQ","    174.63","23-MAY-2025","     75.00","07-APR-2025"
"SECURKLOUD","BE","     34.18","24-NOV-2025","     16.01","17-NOV-2025"
"SEITINVIT","IV","    125.00","30-JAN-2026","    108.00","14-AUG-2025"
"SEJALLTD","EQ","   1036.70","28-OCT-2025","    313.50","04-MAR-2025"
"SEL","SM","    510.00","30-JAN-2025","    181.10","09-DEC-2025"
"SELECTIPO","EQ","     57.75","14-AUG-2025","     35.40","07-APR-2025"
"SELIPOINAV","EQ","-","-","-","-"
"SELLOWRAP","SM","    139.65","29-AUG-2025","     66.65","27-JAN-2026"
"SELMC","BE","     48.77","30-APR-2025","     25.50","04-MAR-2025"
"SEMAC","EQ","    568.90","28-JUL-2025","    225.00","30-JAN-2026"
"SENCO","EQ","    546.65","05-FEB-2025","    227.40","17-MAR-2025"
"SENORES","EQ","    876.50","07-JAN-2026","    440.30","07-APR-2025"
"SENSEXADD","EQ","     88.20","01-DEC-2025","     72.00","07-APR-2025"
"SENSEXBETA","EQ","    952.91","30-DEC-2025","    779.95","07-APR-2025"
"SENSEXETF","EQ","     88.70","06-JAN-2026","     72.01","07-APR-2025"
"SENSEXIETF","EQ","    999.84","25-NOV-2025","    812.04","07-APR-2025"
"SENSEXINAV","EQ","-","-","-","-"
"SEPC","EQ","     17.46","01-FEB-2025","      7.70","27-JAN-2026"
"SERVICE","SM","     73.50","10-FEB-2025","     39.20","18-DEC-2025"
"SERVOTECH","EQ","    168.50","04-JUN-2025","     57.51","30-JAN-2026"
"SESHAPAPER","EQ","    318.00","23-JUN-2025","    211.59","27-JAN-2026"
"SETCO","EQ","     21.68","27-MAR-2025","     11.56","29-JAN-2026"
"SETF10GILT","EQ","    265.63","02-JAN-2026","    243.92","01-FEB-2025"
"SETF10INAV","EQ","-","-","-","-"
"SETF50INAV","EQ","-","-","-","-"
"SETFGOINAV","EQ","-","-","-","-"
"SETFGOLD","EQ","    153.95","28-JAN-2026","     64.96","07-APR-2025"
"SETFNIF50","EQ","    287.33","06-JAN-2026","    227.33","07-APR-2025"
"SETFNIFBK","EQ","    625.74","02-DEC-2025","    465.64","15-OCT-2025"
"SETFNIINAV","EQ","-","-","-","-"
"SETFNN50","EQ","    840.00","30-JAN-2026","    585.51","07-APR-2025"
"SETFNNINAV","EQ","-","-","-","-"
"SETL","EQ","    203.95","17-SEP-2025","    110.81","30-JAN-2026"
"SETUINFRA","BZ","      1.12","19-JUN-2025","       .37","21-JAN-2026"
"SEYAIND","BE","     25.29","10-FEB-2025","     12.63","01-APR-2025"
"SFL","EQ","    938.00","01-FEB-2025","    497.95","30-JAN-2026"
"SFML","SM","     49.00","01-FEB-2025","     26.00","14-JAN-2026"
"SGFIN","EQ","    452.80","07-JAN-2026","    332.15","30-JAN-2026"
"SGIL","EQ","    633.25","08-SEP-2025","    342.00","04-MAR-2025"
"SGL","EQ","     20.79","23-SEP-2025","     10.04","07-APR-2025"
"SGMART","EQ","    397.20","02-JAN-2026","    313.10","21-JAN-2026"
"SHADOWFAX","EQ","    119.67","28-JAN-2026","     98.55","30-JAN-2026"
"SHAH","EQ","      5.55","07-JAN-2026","      2.80","28-MAR-2025"
"SHAHALLOYS","EQ","     83.85","06-NOV-2025","     43.30","04-MAR-2025"
"SHAILY","EQ","   2799.90","17-NOV-2025","   1308.65","19-FEB-2025"
"SHAIVAL","ST","-","-","-","-"
"SHAKTIPUMP","EQ","   1049.00","17-JUN-2025","    548.45","10-DEC-2025"
"SHALBY","EQ","    274.70","22-SEP-2025","    160.40","27-JAN-2026"
"SHALPAINTS","EQ","    144.00","31-JAN-2025","     54.50","18-DEC-2025"
"SHANKARA","EQ","   1209.80","31-JUL-2025","    100.00","31-DEC-2025"
"SHANTHALA","ST","     46.90","19-AUG-2025","     20.40","11-MAR-2025"
"SHANTI","EQ","     23.87","02-JUN-2025","      6.72","29-JAN-2026"
"SHANTIGEAR","EQ","    619.80","24-JUL-2025","    395.00","22-JAN-2026"
"SHANTIGOLD","EQ","    274.10","21-AUG-2025","    184.10","18-DEC-2025"
"SHARDACROP","EQ","   1181.00","29-JUL-2025","    452.25","09-APR-2025"
"SHARDAMOTR","EQ","   1248.00","07-JUL-2025","    625.00","07-APR-2025"
"SHAREINDIA","EQ","    248.30","31-JAN-2025","    127.50","30-SEP-2025"
"SHARIABEES","EQ","    537.63","02-JUL-2025","    450.10","07-APR-2025"
"SHARIBENAV","EQ","-","-","-","-"
"SHEEL","SM","     95.55","08-OCT-2025","     62.05","22-JAN-2026"
"SHEETAL","ST","    226.75","14-JAN-2026","     71.50","28-FEB-2025"
"SHEKHAWATI","EQ","     29.49","03-FEB-2025","     12.27","27-JAN-2026"
"SHEMAROO","EQ","    161.00","01-JUL-2025","     88.80","17-MAR-2025"
"SHERA","SM","    178.00","06-FEB-2025","    111.50","21-JAN-2026"
"SHETHJI","SM","    123.65","26-NOV-2025","     95.50","14-NOV-2025"
"SHIGAN","SM","     98.75","01-FEB-2025","     41.20","22-DEC-2025"
"SHILCTECH","EQ","   4350.00","24-NOV-2025","   2852.50","27-JAN-2026"
"SHILPAMED","EQ","    500.00","16-JUN-2025","    259.50","27-JAN-2026"
"SHIVALIK","EQ","    879.05","06-FEB-2025","    301.10","29-JAN-2026"
"SHIVAMAUTO","EQ","     41.00","05-FEB-2025","     18.41","27-JAN-2026"
"SHIVAMILLS","EQ","     97.01","04-FEB-2025","     51.19","27-JAN-2026"
"SHIVASHRIT","SM","    148.50","01-SEP-2025","    111.15","30-JAN-2026"
"SHIVATEX","EQ","    241.99","06-FEB-2025","    160.00","27-JAN-2026"
"SHIVAUM","EQ","    360.55","06-JAN-2026","    237.50","12-FEB-2025"
"SHK","EQ","    275.50","04-SEP-2025","    134.52","27-JAN-2026"
"SHKSIL","SM","     84.00","15-JUL-2025","     51.00","23-DEC-2025"
"SHOPERSTOP","EQ","    627.05","03-FEB-2025","    319.30","21-JAN-2026"
"SHRADHA","EQ","     71.98","10-JUN-2025","     34.65","12-JAN-2026"
"SHREDIGCEM","EQ","    107.70","25-AUG-2025","     63.55","19-FEB-2025"
"SHREECEM","EQ","  32490.00","23-JUL-2025","  25360.00","19-DEC-2025"
"SHREEJISPG","EQ","    394.00","08-JAN-2026","    222.00","09-OCT-2025"
"SHREEKARNI","SM","    798.90","06-FEB-2025","    396.00","28-JAN-2026"
"SHREEOSFM","SM","    145.35","23-APR-2025","     69.20","28-JAN-2026"
"SHREEPUSHK","EQ","    476.00","23-SEP-2025","    220.50","07-APR-2025"
"SHREERAMA","EQ","     71.99","02-JAN-2026","     30.55","19-FEB-2025"
"SHREMINVIT","IV","    115.00","30-MAY-2025","    100.00","30-DEC-2025"
"SHRENIK","BZ","       .78","07-FEB-2025","       .37","21-JAN-2026"
"SHREYANIND","EQ","    250.00","24-JUL-2025","    160.00","27-JAN-2026"
"SHRIAHIMSA","SM","    280.10","10-NOV-2025","    126.50","09-APR-2025"
"SHRIKANHA","SM","     88.00","10-DEC-2025","     24.00","07-JAN-2026"
"SHRINGARMS","EQ","    250.70","16-JAN-2026","    177.51","30-SEP-2025"
"SHRIPISTON","EQ","   3407.20","07-JAN-2026","   1662.55","07-APR-2025"
"SHRIRAMFIN","EQ","   1029.30","30-JAN-2026","    516.00","03-FEB-2025"
"SHRIRAMPPS","EQ","    105.58","25-JUN-2025","     63.13","03-MAR-2025"
"SHRITECH","SM","     95.50","20-JUN-2025","     51.35","30-JAN-2026"
"SHUBHLAXMI","ST","     40.00","26-DEC-2025","     13.35","26-AUG-2025"
"SHUBHSHREE","SM","    494.95","20-AUG-2025","    268.70","19-FEB-2025"
"SHYAMCENT","BE","     11.48","31-JAN-2025","      4.71","21-NOV-2025"
"SHYAMDHANI","SM","    139.65","30-DEC-2025","     77.45","30-JAN-2026"
"SHYAMMETL","EQ","   1001.00","31-JUL-2025","    673.50","19-FEB-2025"
"SHYAMTEL","EQ","     19.74","20-JUN-2025","      9.11","28-JAN-2026"
"SICALLOG","BE","    126.99","30-JAN-2025","     79.07","05-MAR-2025"
"SIDDHICOTS","SM","     86.40","26-SEP-2025","     27.15","05-DEC-2025"
"SIDDHIKA","SM","    243.00","30-OCT-2025","    154.05","12-FEB-2025"
"SIEMENS","EQ","   6146.00","01-FEB-2025","   2450.00","07-APR-2025"
"SIGACHI","EQ","     59.59","16-JUN-2025","     19.30","30-JAN-2026"
"SIGIND","EQ","     81.00","03-JUN-2025","     39.99","17-MAR-2025"
"SIGMA","EQ","     65.50","03-OCT-2025","     21.01","07-APR-2025"
"SIGNATURE","EQ","   1339.50","10-FEB-2025","    775.20","27-JAN-2026"
"SIGNORIA","SM","    135.60","05-JUN-2025","     60.00","28-MAR-2025"
"SIGNPOST","EQ","    356.00","05-FEB-2025","    180.37","20-JUN-2025"
"SIKKO","BE","      6.83","24-OCT-2025","      3.03","14-FEB-2025"
"SIL","EQ","     26.90","06-FEB-2025","     13.32","21-JAN-2026"
"SILBNDINAV","EQ","-","-","-","-"
"SILCASINAV","EQ","-","-","-","-"
"SILGO","EQ","     82.55","29-DEC-2025","     25.91","30-JAN-2025"
"SILGO-RE1","BE","     14.28","28-JAN-2026","      3.00","19-JAN-2026"
"SILINV","EQ","    767.00","17-OCT-2025","    424.45","27-JAN-2026"
"SILKFLEX","SM","    112.10","13-JUN-2025","     50.65","28-FEB-2025"
"SILKY","SM","    171.00","07-JUL-2025","    103.00","29-JUL-2025"
"SILLYMONKS","BE","     28.45","06-NOV-2025","     13.45","28-MAR-2025"
"SILVER","EQ","    371.89","29-JAN-2026","     89.00","07-APR-2025"
"SILVER1","EQ","    388.00","29-JAN-2026","     85.87","07-APR-2025"
"SILVER360","EQ","    358.00","29-JAN-2026","     78.40","07-APR-2025"
"SILVERADD","EQ","    390.00","29-JAN-2026","     84.26","07-APR-2025"
"SILVERAG","EQ","    380.00","29-JAN-2026","     84.55","07-APR-2025"
"SILVERBEES","EQ","    360.00","29-JAN-2026","     77.55","07-APR-2025"
"SILVERBETA","EQ","    379.66","29-JAN-2026","     85.08","07-APR-2025"
"SILVERBND","EQ","    389.00","29-JAN-2026","    180.00","12-DEC-2025"
"SILVERCASE","EQ","     38.01","29-JAN-2026","      9.00","03-APR-2025"
"SILVERIETF","EQ","    373.50","29-JAN-2026","     88.80","07-APR-2025"
"SILVERINAV","EQ","-","-","-","-"
"SILVERTUC","EQ","   1690.20","09-JAN-2026","    610.00","01-APR-2025"
"SIMBHALS","BZ","     20.15","16-JUN-2025","      8.76","29-JAN-2026"
"SIMPLEXINF","EQ","    342.45","21-APR-2025","    188.12","27-JAN-2026"
"SINCLAIR","EQ","    114.75","11-SEP-2025","     72.86","03-MAR-2025"
"SINDHUTRAD","EQ","     39.29","07-JUL-2025","     13.00","12-MAR-2025"
"SINTERCOM","EQ","    154.90","04-FEB-2025","     82.85","27-JAN-2026"
"SIRCA","EQ","    539.00","19-NOV-2025","    230.69","07-APR-2025"
"SIS","EQ","    401.85","31-JUL-2025","    287.90","19-MAR-2025"
"SITINET","BZ","       .69","11-FEB-2025","       .31","28-JAN-2026"
"SIYSIL","EQ","    848.80","04-NOV-2025","    494.10","29-JAN-2026"
"SJLOGISTIC","SM","    685.00","06-FEB-2025","    300.00","20-JAN-2026"
"SJS","EQ","   1869.00","02-JAN-2026","    808.15","17-MAR-2025"
"SJVN","EQ","    107.50","19-MAY-2025","     69.75","27-JAN-2026"
"SKFINDIA","EQ","   5074.00","14-OCT-2025","   1657.30","29-JAN-2026"
"SKFINDUS","EQ","   2766.00","30-JAN-2026","   2311.20","19-DEC-2025"
"SKIPPER","EQ","    588.00","08-SEP-2025","    327.10","27-JAN-2026"
"SKMEGGPROD","EQ","    232.50","03-NOV-2025","     77.00","07-APR-2025"
"SKP","SM","    263.00","20-MAR-2025","    150.00","27-JAN-2026"
"SKYGOLD","EQ","    402.85","06-FEB-2025","    246.05","06-AUG-2025"
"SLONE","SM","    418.20","01-FEB-2025","    220.40","17-MAR-2025"
"SMAADDINAV","EQ","-","-","-","-"
"SMACAPINAV","EQ","-","-","-","-"
"SMALL250","EQ","     18.89","20-JAN-2026","     15.13","27-JAN-2026"
"SMALLADD","EQ","     17.15","05-JAN-2026","     15.24","27-JAN-2026"
"SMALLCAP","EQ","     54.50","23-OCT-2025","     37.45","03-MAR-2025"
"SMARTEN","SM","    157.95","25-JUL-2025","     58.75","30-JAN-2026"
"SMARTLINK","EQ","    186.00","03-FEB-2025","    116.09","27-JAN-2026"
"SMARTWORKS","EQ","    619.00","04-NOV-2025","    392.70","28-JUL-2025"
"SMCGLOBAL","EQ","     94.90","02-JAN-2026","     50.50","07-APR-2025"
"SML100CASE","EQ","     11.08","09-JAN-2026","      9.15","28-JAN-2026"
"SML100INAV","EQ","-","-","-","-"
"SMLMAH","EQ","   4743.00","25-AUG-2025","   1028.40","28-FEB-2025"
"SMLT","EQ","    176.13","31-JAN-2025","     66.00","27-JAN-2026"
"SMSPHARMA","EQ","    360.00","08-JAN-2026","    176.05","03-MAR-2025"
"SMVD","ST","     21.70","29-MAY-2025","      5.60","23-OCT-2025"
"SNEHAA","SM","    122.00","05-SEP-2025","     45.15","21-JAN-2026"
"SNOWMAN","EQ","     64.40","11-JUN-2025","     35.55","21-JAN-2026"
"SNXT30BEES","EQ","     41.84","08-JAN-2026","     37.03","19-JUN-2025"
"SNXT30INAV","EQ","-","-","-","-"
"SNXT50BETA","EQ","    102.25","17-SEP-2025","     73.30","03-MAR-2025"
"SOBHA","EQ","   1732.50","22-JUL-2025","   1075.30","07-APR-2025"
"SOCL","SM","     68.80","30-DEC-2025","     27.35","30-JAN-2026"
"SOFTTECH","EQ","    449.00","01-FEB-2025","    275.00","30-JAN-2026"
"SOLARA","EQ","    734.40","25-JUL-2025","    442.80","04-MAR-2025"
"SOLARINDS","EQ","  17820.00","30-JUN-2025","   8482.50","28-FEB-2025"
"SOLARWORLD","EQ","    388.50","30-SEP-2025","    223.30","30-JAN-2026"
"SOLEX","EQ","   1985.00","21-NOV-2025","    630.90","01-APR-2025"
"SOMANYCERA","EQ","    624.00","10-JUN-2025","    372.10","27-JAN-2026"
"SOMATEX","BE","    161.25","06-NOV-2025","     34.53","11-MAR-2025"
"SOMICONVEY","EQ","    207.02","15-APR-2025","     90.00","30-JAN-2026"
"SONACOMS","EQ","    559.50","26-MAY-2025","    380.00","07-APR-2025"
"SONAMAC","SM","    118.00","06-FEB-2025","     37.60","29-JAN-2026"
"SONAMLTD","EQ","     68.00","03-FEB-2025","     37.00","07-MAY-2025"
"SONATSOFTW","EQ","    557.00","06-FEB-2025","    286.40","07-APR-2025"
"SONUINFRA","SM","    145.00","27-MAY-2025","     68.60","21-JAN-2026"
"SOTAC","SM","    152.35","01-JUL-2025","     88.05","10-MAR-2025"
"SOTL","EQ","    489.00","01-FEB-2025","    338.10","21-JAN-2026"
"SOUTHBANK","EQ","     46.84","22-JAN-2026","     22.30","07-APR-2025"
"SOUTHWEST","BE","    242.00","01-DEC-2025","     99.06","17-MAR-2025"
"SPAL","EQ","    949.70","03-FEB-2025","    600.00","20-JAN-2026"
"SPANDANA","EQ","    343.19","06-FEB-2025","    183.81","07-APR-2025"
"SPARC","EQ","    204.40","02-JUN-2025","    109.30","03-MAR-2025"
"SPCENET","EQ","     11.24","28-OCT-2025","      4.78","21-AUG-2025"
"SPCL","SM","    201.00","06-FEB-2025","     71.00","12-DEC-2025"
"SPEB","SM","     60.00","08-DEC-2025","     46.55","01-JAN-2026"
"SPECIALITY","EQ","    162.80","03-FEB-2025","    101.03","21-JAN-2026"
"SPECTRUM","EQ","   2379.00","31-JAN-2025","   1050.00","12-JAN-2026"
"SPECTSTM","SM","    172.80","01-APR-2025","     69.30","14-JAN-2026"
"SPENCERS","EQ","     87.70","04-FEB-2025","     30.01","27-JAN-2026"
"SPIC","EQ","    128.20","03-SEP-2025","     70.50","27-JAN-2026"
"SPLIL","EQ","     59.50","30-JAN-2025","     26.50","21-JAN-2026"
"SPLPETRO","EQ","    979.00","29-SEP-2025","    462.30","21-JAN-2026"
"SPMLINFRA","EQ","    323.40","01-AUG-2025","    136.30","18-MAR-2025"
"SPORTKING","EQ","    140.00","23-JUL-2025","     69.91","04-MAR-2025"
"SPPPOLY","SM","     30.30","30-JAN-2025","     13.25","28-MAR-2025"
"SPRL","ST","    199.40","27-OCT-2025","    104.55","02-MAY-2025"
"SPUNWEB","SM","    173.55","16-SEP-2025","    105.55","30-JAN-2026"
"SRD","EQ","     91.00","02-SEP-2025","     52.00","27-MAR-2025"
"SREEL","EQ","    272.00","01-FEB-2025","    207.60","27-JAN-2026"
"SRF","EQ","   3325.00","10-JUL-2025","   2570.20","07-APR-2025"
"SRGHFL","EQ","    369.80","31-JAN-2025","    255.10","21-NOV-2025"
"SRHHYPOLTD","EQ","    716.50","17-JUL-2025","    439.30","28-JAN-2026"
"SRIVASAVI","SM","     93.00","01-FEB-2025","     39.00","30-JAN-2026"
"SRM","EQ","    649.95","17-NOV-2025","    287.05","04-MAR-2025"
"SSDL","EQ","    121.03","17-FEB-2025","     65.98","29-JAN-2026"
"SSEGL","SM","    580.00","10-NOV-2025","    345.05","27-JAN-2026"
"SSFL","SM","    216.00","08-MAY-2025","     86.00","30-JAN-2026"
"SSWL","EQ","    280.00","01-JUL-2025","    167.41","17-MAR-2025"
"STALLION","EQ","    423.80","17-OCT-2025","     60.00","03-MAR-2025"
"STANLEY","EQ","    377.50","09-JUN-2025","    170.37","21-JAN-2026"
"STAR","EQ","   1025.00","03-NOV-2025","    513.05","07-APR-2025"
"STARCEMENT","EQ","    308.95","02-SEP-2025","    197.09","17-FEB-2025"
"STARHEALTH","EQ","    534.00","17-NOV-2025","    327.30","07-APR-2025"
"STARPAPER","EQ","    196.79","31-JAN-2025","    139.00","30-JAN-2026"
"STARTECK","EQ","    358.40","07-FEB-2025","    262.80","08-DEC-2025"
"STCINDIA","EQ","    168.45","10-JUN-2025","    104.11","17-MAR-2025"
"STEELCAS","EQ","    255.80","30-JUL-2025","    142.11","07-APR-2025"
"STEELCITY","EQ","    116.90","27-JUN-2025","     82.10","28-JAN-2026"
"STEELXIND","EQ","     11.55","30-JUL-2025","      7.06","07-APR-2025"
"STEL","EQ","    633.30","04-DEC-2025","    310.10","18-FEB-2025"
"STERTOOLS","EQ","    529.00","04-FEB-2025","    217.90","27-JAN-2026"
"STLNETWORK","EQ","     35.40","19-SEP-2025","     18.00","27-JAN-2026"
"STLTECH","EQ","    140.40","18-AUG-2025","     58.86","24-APR-2025"
"STOVEKRAFT","EQ","    870.00","01-FEB-2025","    475.55","21-JAN-2026"
"STUDDS","EQ","    600.00","18-NOV-2025","    480.60","27-JAN-2026"
"STUDIOLSD","SM","     43.20","25-AUG-2025","     10.15","21-JAN-2026"
"STYL","EQ","    437.45","30-SEP-2025","    231.05","27-JAN-2026"
"STYLAMIND","EQ","   2430.00","26-DEC-2025","   1464.25","03-MAR-2025"
"STYLEBAAZA","EQ","    392.00","03-OCT-2025","    181.00","18-FEB-2025"
"STYRENIX","EQ","   3498.00","11-JUN-2025","   1839.10","29-JAN-2026"
"SUBAHOTELS","SM","    200.00","23-OCT-2025","    108.00","21-JAN-2026"
"SUBEXLTD","EQ","     19.18","05-FEB-2025","      8.84","27-JAN-2026"
"SUBROS","EQ","   1213.70","29-SEP-2025","    518.00","07-APR-2025"
"SUDARCOLOR","EQ","    620.85","17-JUL-2025","    320.00","23-JAN-2026"
"SUDARSCHEM","EQ","   1603.00","24-SEP-2025","    796.15","03-MAR-2025"
"SUDEEPPHRM","EQ","    795.00","28-NOV-2025","    524.05","21-JAN-2026"
"SUKHJITS","EQ","    245.00","10-FEB-2025","    143.61","18-DEC-2025"
"SULA","EQ","    371.95","03-FEB-2025","    181.00","30-JAN-2026"
"SUMEETINDS","EQ","     40.50","23-OCT-2025","     10.66","19-JUN-2025"
"SUMICHEM","EQ","    665.00","04-AUG-2025","    396.20","27-JAN-2026"
"SUMIT","EQ","    142.00","06-FEB-2025","     48.31","21-JAN-2026"
"SUMMITSEC","EQ","   2495.00","23-OCT-2025","   1380.00","03-MAR-2025"
"SUNCLAY","EQ","   2649.00","17-FEB-2025","   1112.80","27-JAN-2026"
"SUNDARAM","EQ","      2.48","21-FEB-2025","      1.40","21-JAN-2026"
"SUNDARMFIN","EQ","   5419.00","26-MAY-2025","   4200.00","30-SEP-2025"
"SUNDRMBRAK","EQ","   1161.90","30-JAN-2025","    560.50","30-JAN-2026"
"SUNDRMFAST","EQ","   1080.00","07-JUL-2025","    831.15","07-APR-2025"
"SUNDROP","EQ","    960.15","02-JUN-2025","    601.55","21-JAN-2026"
"SUNFLAG","EQ","    322.00","03-JUL-2025","    196.37","07-APR-2025"
"SUNLITE","ST","    415.50","16-JAN-2026","     91.00","28-MAR-2025"
"SUNPHARMA","EQ","   1851.20","02-MAY-2025","   1548.00","26-SEP-2025"
"SUNREST","SM","     75.00","07-FEB-2025","     29.55","21-JAN-2026"
"SUNTECH","SM","    110.00","02-JUL-2025","     32.20","23-JAN-2026"
"SUNTECK","EQ","    507.40","07-FEB-2025","    347.00","07-APR-2025"
"SUNTV","EQ","    691.40","15-APR-2025","    480.20","23-JAN-2026"
"SUPERHOUSE","EQ","    211.97","03-FEB-2025","    129.53","07-APR-2025"
"SUPERSPIN","EQ","     14.64","07-FEB-2025","      7.30","29-JAN-2026"
"SUPRAJIT","EQ","    517.65","24-SEP-2025","    350.00","07-APR-2025"
"SUPREME","EQ","    116.50","23-APR-2025","     56.00","27-JAN-2026"
"SUPREMEIND","EQ","   4739.00","17-JUN-2025","   3095.00","07-APR-2025"
"SUPREMEINF","BZ","    130.25","07-JUL-2025","     79.23","21-NOV-2025"
"SUPREMEPWR","SM","    240.05","24-NOV-2025","    100.00","18-MAR-2025"
"SUPRIYA","EQ","    842.00","03-APR-2025","    556.15","03-MAR-2025"
"SURAJEST","EQ","    471.80","06-FEB-2025","    209.30","27-JAN-2026"
"SURAJLTD","EQ","    450.00","30-JAN-2025","    207.60","22-DEC-2025"
"SURAKSHA","EQ","    367.00","05-FEB-2025","    231.00","04-MAR-2025"
"SURANASOL","EQ","     43.30","03-FEB-2025","     22.65","22-JAN-2026"
"SURANAT&P","EQ","     29.27","09-SEP-2025","     16.30","07-APR-2025"
"SURANI","SM","    188.95","30-JAN-2025","     47.50","12-JAN-2026"
"SURYALAXMI","EQ","     82.40","04-JUL-2025","     51.75","27-JAN-2026"
"SURYAROSNI","EQ","    359.00","25-JUN-2025","    212.55","28-FEB-2025"
"SURYODAY","EQ","    161.48","01-OCT-2025","     97.97","17-MAR-2025"
"SUTLEJTEX","EQ","     57.80","01-FEB-2025","     26.20","21-JAN-2026"
"SUVEN","EQ","    299.99","15-JUL-2025","    102.50","28-FEB-2025"
"SUVIDHAA","EQ","      6.57","17-JUL-2025","      2.57","29-JAN-2026"
"SUYOG","EQ","   1585.05","01-FEB-2025","    535.55","30-JAN-2026"
"SUZLON","EQ","     74.30","30-MAY-2025","     44.88","27-JAN-2026"
"SVLL","EQ","    855.70","10-JUN-2025","    373.00","03-MAR-2025"
"SVPGLOB","BE","      6.89","28-NOV-2025","      2.37","18-MAR-2025"
"SWANCORP","EQ","    573.80","01-FEB-2025","    362.20","07-APR-2025"
"SWARAJ","ST","    287.45","27-NOV-2025","    138.50","07-APR-2025"
"SWARAJENG","EQ","   4720.00","16-JUL-2025","   2517.00","19-FEB-2025"
"SWASTIK","SM","     52.95","03-FEB-2025","     18.90","21-JAN-2026"
"SWELECTES","EQ","    977.00","10-OCT-2025","    461.10","04-MAR-2025"
"SWIGGY","EQ","    474.00","19-SEP-2025","    297.00","13-MAY-2025"
"SWSOLAR","EQ","    348.90","12-JUN-2025","    176.60","30-JAN-2026"
"SYLVANPLY","SM","     95.00","25-JUN-2025","     50.00","30-JAN-2026"
"SYMPHONY","EQ","   1454.80","04-FEB-2025","    815.00","29-JAN-2026"
"SYNCOMF","EQ","     23.49","28-MAY-2025","     11.65","21-JAN-2026"
"SYNGENE","EQ","    767.20","31-JAN-2025","    467.70","30-JAN-2026"
"SYNOPTICS","SM","    125.00","05-FEB-2025","     48.00","28-JAN-2026"
"SYRMA","EQ","    909.90","13-NOV-2025","    370.00","07-APR-2025"
"SYSTANGO","ST","    411.00","27-NOV-2025","    192.25","07-APR-2025"
"SYSTMTXC","EQ","    177.90","24-NOV-2025","     78.00","27-JAN-2026"
"TAC","SM","    899.65","04-NOV-2025","    409.50","14-AUG-2025"
"TAGOLDINAV","EQ","-","-","-","-"
"TAINWALCHM","EQ","    274.99","22-JUL-2025","    155.00","12-DEC-2025"
"TAJGVK","EQ","    528.10","19-MAR-2025","    341.30","01-FEB-2025"
"TAKE","BE","     45.00","09-JAN-2026","      6.51","01-APR-2025"
"TALBROAUTO","EQ","    326.00","25-SEP-2025","    200.20","03-MAR-2025"
"TANKUP","ST","    817.60","08-DEC-2025","    152.55","07-MAY-2025"
"TANLA","EQ","    766.00","19-SEP-2025","    409.35","03-MAR-2025"
"TAPIFRUIT","SM","    107.85","31-JAN-2025","     59.00","09-JAN-2026"
"TARACHAND","EQ","    103.67","14-OCT-2025","     46.50","30-JAN-2025"
"TARAPUR","EQ","     40.80","11-FEB-2025","     21.50","01-SEP-2025"
"TARC","EQ","    206.10","16-JUL-2025","    103.22","17-MAR-2025"
"TARIL","EQ","    594.00","23-APR-2025","    226.50","30-JAN-2026"
"TARMAT","EQ","     73.57","06-FEB-2025","     45.10","09-MAY-2025"
"TARSONS","EQ","    458.00","27-MAY-2025","    192.30","30-JAN-2026"
"TASILVINAV","EQ","-","-","-","-"
"TASTYBITE","EQ","  11958.00","07-AUG-2025","   6563.50","30-JAN-2026"
"TATACAP","EQ","    367.30","20-JAN-2026","    315.10","21-NOV-2025"
"TATACHEM","EQ","   1026.65","17-SEP-2025","    692.00","21-JAN-2026"
"TATACOMM","EQ","   2004.00","16-OCT-2025","   1291.00","04-MAR-2025"
"TATACONSUM","EQ","   1220.90","07-JAN-2026","    930.10","11-MAR-2025"
"TATAELXSI","EQ","   6735.00","10-JUN-2025","   4700.00","07-APR-2025"
"TATAGOLD","EQ","     17.70","29-JAN-2026","      7.14","07-APR-2025"
"TATAINVEST","EQ","   1184.70","03-OCT-2025","    514.52","17-FEB-2025"
"TATAPOWER","EQ","    416.80","11-JUN-2025","    326.35","17-FEB-2025"
"TATASTEEL","EQ","    202.99","29-JAN-2026","    125.30","09-APR-2025"
"TATATECH","EQ","    803.00","06-FEB-2025","    597.00","07-APR-2025"
"TATSILV","EQ","     35.10","29-JAN-2026","      8.56","07-APR-2025"
"TATVA","EQ","   1610.00","18-NOV-2025","    621.00","17-MAR-2025"
"TAURIAN","SM","    425.00","06-OCT-2025","    193.90","09-DEC-2025"
"TBI","SM","    175.00","01-FEB-2025","     71.60","29-JAN-2026"
"TBOTEK","EQ","   1764.80","21-NOV-2025","    996.00","07-APR-2025"
"TBZ","EQ","    232.65","22-APR-2025","    155.00","18-DEC-2025"
"TCI","EQ","   1289.00","18-JUL-2025","    876.00","03-MAR-2025"
"TCIEXP","EQ","    848.00","03-JUN-2025","    478.00","22-JAN-2026"
"TCIFINANCE","BE","     38.46","09-JAN-2026","     10.00","15-DEC-2025"
"TCL","SM","    137.00","23-OCT-2025","     77.15","17-MAR-2025"
"TCPLPACK","EQ","   4900.00","26-MAR-2025","   2550.00","21-JAN-2026"
"TCS","EQ","   4150.00","05-FEB-2025","   2866.60","01-OCT-2025"
"TDPOWERSYS","EQ","    849.95","03-NOV-2025","    293.00","03-MAR-2025"
"TEAMGTY","EQ","    332.55","08-DEC-2025","    154.40","01-APR-2025"
"TEAMLEASE","EQ","   2591.95","01-FEB-2025","   1355.00","27-JAN-2026"
"TECH","EQ","     49.41","22-JAN-2026","     33.41","07-APR-2025"
"TECHD","SM","    843.60","04-NOV-2025","    366.70","22-SEP-2025"
"TECHERA","SM","    325.70","29-OCT-2025","    115.60","06-MAY-2025"
"TECHINAV","EQ","-","-","-","-"
"TECHLABS","SM","   1328.00","30-JAN-2025","    204.95","28-JAN-2026"
"TECHM","EQ","   1776.60","29-JAN-2026","   1209.40","07-APR-2025"
"TECHNOE","EQ","   1654.00","10-JUL-2025","    785.15","07-APR-2025"
"TECILCHEM","EQ","     42.16","11-APR-2025","     14.66","11-JUL-2025"
"TEGA","EQ","   2125.00","17-SEP-2025","   1200.05","07-APR-2025"
"TEJASCARGO","SM","    363.60","11-NOV-2025","    141.05","18-MAR-2025"
"TEJASNET","EQ","    947.60","01-FEB-2025","    294.00","27-JAN-2026"
"TEMBO","EQ","    837.00","11-NOV-2025","    386.00","09-MAY-2025"
"TENNIND","EQ","    556.40","05-JAN-2026","    438.05","18-DEC-2025"
"TERASOFT","EQ","    598.00","17-NOV-2025","    162.85","28-FEB-2025"
"TEXINFRA","EQ","    138.00","31-JAN-2025","     85.35","18-FEB-2025"
"TEXMOPIPES","EQ","     68.99","10-JUL-2025","     44.00","21-JAN-2026"
"TEXRAIL","EQ","    203.90","01-FEB-2025","    116.00","09-DEC-2025"
"TFCILTD","EQ","     75.90","07-OCT-2025","     24.46","12-FEB-2025"
"TFL","EQ","     21.93","01-FEB-2025","     11.75","18-NOV-2025"
"TGBHOTELS","EQ","     15.50","03-FEB-2025","      8.91","21-JAN-2026"
"TGL","ST","    487.95","31-JAN-2025","     38.50","07-NOV-2025"
"THANGAMAYL","EQ","   4149.00","08-JAN-2026","   1523.10","24-FEB-2025"
"THEINVEST","EQ","    192.33","06-FEB-2025","     97.50","27-JAN-2026"
"THEJO","EQ","   2485.80","30-JUL-2025","   1446.00","07-APR-2025"
"THELEELA","EQ","    474.40","23-JUL-2025","    382.50","19-JUN-2025"
"THEMISMED","EQ","    245.27","06-FEB-2025","     76.00","27-JAN-2026"
"THERMAX","EQ","   4091.80","17-JUL-2025","   2742.70","08-DEC-2025"
"THESL","SM","     43.50","07-OCT-2025","     21.55","30-JAN-2026"
"THOMASCOOK","EQ","    188.29","23-JUL-2025","    118.25","18-FEB-2025"
"THOMASCOTT","EQ","    494.00","06-FEB-2025","    274.75","18-MAR-2025"
"THYROCARE","EQ","    536.67","18-NOV-2025","    219.33","04-MAR-2025"
"TI","EQ","    549.70","31-OCT-2025","    199.53","07-APR-2025"
"TICL","BE","     59.23","07-FEB-2025","     19.35","25-SEP-2025"
"TIGERLOGS","EQ","     56.69","18-SEP-2025","     28.61","23-JAN-2026"
"TIIL","EQ","   3383.00","28-JUL-2025","   1868.50","21-JAN-2026"
"TIINDIA","EQ","   3419.90","16-SEP-2025","   2164.90","27-JAN-2026"
"TIJARIA","EQ","     10.90","11-FEB-2025","      3.55","27-JAN-2026"
"TIL","EQ","    409.00","04-JUL-2025","    165.40","17-MAR-2025"
"TIMESCAN","SM","     69.65","12-JUN-2025","     38.40","17-APR-2025"
"TIMETECHNO","EQ","    249.15","23-SEP-2025","    153.30","09-MAY-2025"
"TIMKEN","EQ","   3575.00","23-JUL-2025","   2202.00","07-APR-2025"
"TINNARUBR","EQ","   1088.85","23-APR-2025","    615.80","30-JAN-2026"
"TIPSFILMS","EQ","    666.00","09-JUN-2025","    349.70","30-JAN-2026"
"TIPSMUSIC","EQ","    735.00","05-FEB-2025","    483.00","10-NOV-2025"
"TIRUMALCHM","EQ","    328.80","17-SEP-2025","    182.62","27-JAN-2026"
"TIRUPATI","ST","    997.00","10-FEB-2025","    452.95","29-MAY-2025"
"TIRUPATIFL","EQ","     50.54","01-FEB-2025","     28.21","07-MAY-2025"
"TITAGARH","EQ","   1100.00","01-FEB-2025","    654.55","04-MAR-2025"
"TITAN","EQ","   4312.10","07-JAN-2026","   2925.00","07-APR-2025"
"TMB","EQ","    621.90","30-JAN-2026","    401.00","07-APR-2025"
"TMCV","EQ","    485.40","30-JAN-2026","    306.30","14-NOV-2025"
"TMPV","EQ","    744.00","11-JUN-2025","    335.60","29-JAN-2026"
"TNIDETF","EQ","    103.26","23-DEC-2025","     76.95","07-APR-2025"
"TNIDETINAV","EQ","-","-","-","-"
"TNPETRO","EQ","    129.89","03-NOV-2025","     63.66","18-MAR-2025"
"TNPL","EQ","    190.77","07-JUL-2025","    115.50","07-APR-2025"
"TNTELE","EQ","     26.00","14-JUL-2025","      7.94","07-APR-2025"
"TOKYOPLAST","EQ","    161.00","02-JUN-2025","     97.03","28-JAN-2026"
"TOLINS","EQ","    202.00","12-SEP-2025","    107.72","04-MAR-2025"
"TOP100CASE","EQ","     11.57","05-JAN-2026","      8.01","07-APR-2025"
"TOP100INAV","EQ","-","-","-","-"
"TOP10ADD","EQ","    103.43","01-JUL-2025","     86.50","07-APR-2025"
"TOP10AINAV","EQ","-","-","-","-"
"TOP15IETF","EQ","     11.33","23-OCT-2025","     10.00","01-SEP-2025"
"TOP20","EQ","      9.99","28-JAN-2026","      9.24","29-JAN-2026"
"TOPETFINAV","EQ","-","-","-","-"
"TORNTPHARM","EQ","   4107.20","19-JAN-2026","   2886.45","03-MAR-2025"
"TORNTPOWER","EQ","   1640.00","16-APR-2025","   1188.00","06-OCT-2025"
"TOTAL","EQ","     93.50","26-MAY-2025","     61.50","23-JAN-2026"
"TOUCHWOOD","EQ","    136.59","17-JUN-2025","     74.00","11-APR-2025"
"TPHQ","EQ","      1.80","10-FEB-2025","       .52","19-DEC-2025"
"TPLPLASTEH","EQ","     96.75","06-FEB-2025","     59.44","30-JAN-2026"
"TRACXN","EQ","     73.89","06-FEB-2025","     31.95","27-JAN-2026"
"TRANSRAILL","EQ","    855.80","13-AUG-2025","    394.55","07-APR-2025"
"TRANSTEEL","SM","    167.95","03-DEC-2025","     85.00","02-MAY-2025"
"TRANSWIND","ST","     25.50","13-JAN-2026","     12.70","22-SEP-2025"
"TRANSWORLD","EQ","    364.00","01-FEB-2025","    140.00","21-JAN-2026"
"TRAVELFOOD","EQ","   1445.00","27-NOV-2025","   1008.50","04-AUG-2025"
"TREEHOUSE","EQ","     17.99","01-FEB-2025","      6.19","31-JUL-2025"
"TREJHARA","BE","    284.85","02-DEC-2025","    155.60","14-OCT-2025"
"TREL","EQ","     37.95","23-APR-2025","     23.28","21-JAN-2026"
"TRENT","EQ","   6270.40","01-FEB-2025","   3693.10","21-JAN-2026"
"TRF","EQ","    450.00","23-APR-2025","    252.05","27-JAN-2026"
"TRIDENT","EQ","     34.62","21-MAY-2025","     23.11","07-APR-2025"
"TRIDHYA","SM","     34.80","10-FEB-2025","     13.00","14-JAN-2026"
"TRIGYN","EQ","    110.07","01-FEB-2025","     54.10","28-JAN-2026"
"TRITURBINE","EQ","    710.00","01-FEB-2025","    454.10","27-JAN-2026"
"TRIVENI","EQ","    468.10","28-MAY-2025","    313.10","07-APR-2025"
"TROM","SM","    226.00","30-JAN-2025","     51.30","30-JAN-2026"
"TRU","EQ","     20.84","11-JUL-2025","      6.41","29-JAN-2026"
"TRUALT","EQ","    549.00","03-OCT-2025","    310.20","27-JAN-2026"
"TRUST","SM","    117.25","30-JAN-2025","     38.00","30-JAN-2026"
"TSC","SM","     79.30","19-AUG-2025","     34.00","30-JAN-2026"
"TSFINV","EQ","    701.50","14-OCT-2025","    240.00","28-FEB-2025"
"TTKHLTCARE","EQ","   1398.90","14-JUL-2025","    951.00","22-JAN-2026"
"TTKPRESTIG","EQ","    771.20","28-OCT-2025","    561.00","29-JAN-2026"
"TTL","EQ","     16.20","11-JUN-2025","      6.42","27-JAN-2026"
"TTML","EQ","     81.12","11-JUN-2025","     41.07","27-JAN-2026"
"TUNWAL","SM","     49.80","01-DEC-2025","     27.05","29-JAN-2026"
"TVSELECT","BE","    739.35","27-OCT-2025","    271.45","03-MAR-2025"
"TVSHLTD","EQ","  16297.00","18-NOV-2025","   7855.25","28-FEB-2025"
"TVSINVIT","IV","    112.50","28-JAN-2026","    100.20","09-JUL-2025"
"TVSMOTOR","EQ","   3909.00","05-JAN-2026","   2192.75","28-FEB-2025"
"TVSSCS","EQ","    156.25","13-FEB-2025","     92.16","27-JAN-2026"
"TVSSRICHAK","EQ","   4775.80","25-NOV-2025","   2431.80","07-APR-2025"
"TVTODAY","EQ","    201.00","05-FEB-2025","    119.50","29-JAN-2026"
"TVVISION","BE","     12.40","19-DEC-2025","      3.65","14-FEB-2025"
"TWCGLDINAV","EQ","-","-","-","-"
"TWCGOLDETF","EQ","    187.98","29-JAN-2026","    130.43","02-JAN-2026"
"UBL","EQ","   2299.70","03-FEB-2025","   1401.10","27-JAN-2026"
"UCAL","EQ","    171.00","23-MAY-2025","    104.05","12-JAN-2026"
"UCL","SM","     67.10","10-FEB-2025","     38.00","08-SEP-2025"
"UCOBANK","EQ","     44.25","01-FEB-2025","     26.81","07-APR-2025"
"UDS","EQ","    371.00","05-FEB-2025","    150.04","27-JAN-2026"
"UFBL","EQ","    356.00","05-MAY-2025","    172.34","30-JAN-2026"
"UFLEX","EQ","    685.60","23-MAY-2025","    438.00","03-MAR-2025"
"UFO","EQ","     99.90","31-JAN-2025","     59.95","09-MAY-2025"
"UGARSUGAR","EQ","     53.48","21-FEB-2025","     35.81","21-JAN-2026"
"UGROCAP","EQ","    200.44","30-JAN-2025","    139.12","27-JAN-2026"
"UHTL","SM","     98.00","09-OCT-2025","     46.95","30-JAN-2026"
"UJJIVANSFB","EQ","     68.00","23-JAN-2026","     30.90","03-MAR-2025"
"ULTRACEMCO","EQ","  13097.00","04-SEP-2025","  10047.85","28-FEB-2025"
"UMA","SM","     33.75","01-FEB-2025","     18.50","30-JAN-2026"
"UMAEXPORTS","EQ","    119.79","04-FEB-2025","     32.12","21-JAN-2026"
"UMESLTD","EQ","      7.43","01-FEB-2025","      4.16","05-DEC-2025"
"UMIYA-MRO","EQ","    110.90","17-OCT-2025","     56.81","12-MAY-2025"
"UNGOLDINAV","EQ","-","-","-","-"
"UNICHEMLAB","EQ","    760.00","06-FEB-2025","    361.05","27-JAN-2026"
"UNIDT","EQ","    275.95","07-FEB-2025","    181.60","28-JAN-2026"
"UNIECOM","EQ","    164.90","03-FEB-2025","     96.03","03-MAR-2025"
"UNIENTER","EQ","    171.62","05-FEB-2025","    112.30","30-JAN-2026"
"UNIHEALTH","ST","    390.60","27-NOV-2025","    120.00","12-FEB-2025"
"UNIINFO","EQ","     34.14","01-FEB-2025","     13.50","29-JAN-2026"
"UNILEX","SM","     84.95","30-JAN-2025","     30.00","30-JAN-2026"
"UNIMECH","EQ","   1397.00","17-JUN-2025","    807.05","27-JAN-2026"
"UNIONBANK","EQ","    183.34","29-JAN-2026","    106.63","17-FEB-2025"
"UNIONGOLD","EQ","    177.00","29-JAN-2026","     82.00","11-MAR-2025"
"UNIPARTS","EQ","    543.95","16-OCT-2025","    296.65","07-APR-2025"
"UNITDSPR","EQ","   1645.00","10-JUN-2025","   1271.10","04-MAR-2025"
"UNITECH","EQ","     10.50","13-JUN-2025","      4.20","30-JAN-2026"
"UNITEDPOLY","BE","     51.16","26-SEP-2025","     11.90","04-MAR-2025"
"UNITEDTEA","EQ","    529.50","11-AUG-2025","    350.10","13-MAR-2025"
"UNIVASTU","EQ","    106.67","14-JUL-2025","     59.85","30-JAN-2026"
"UNIVCABLES","EQ","   1008.00","03-DEC-2025","    407.25","09-APR-2025"
"UNIVPHOTO","EQ","    333.40","03-JUL-2025","    174.00","07-APR-2025"
"UNOMINDA","EQ","   1382.00","07-OCT-2025","    767.60","07-APR-2025"
"UPL","EQ","    812.20","02-JAN-2026","    554.60","30-JAN-2025"
"URAVIDEF","EQ","    584.00","26-MAY-2025","    152.82","10-DEC-2025"
"URBAN","SM","    298.20","07-FEB-2025","    134.30","28-JAN-2026"
"URBANCO","EQ","    201.18","22-SEP-2025","    116.58","27-JAN-2026"
"URJA","EQ","     17.49","11-JUN-2025","      9.42","21-JAN-2026"
"USASEEDS","SM","    220.08","25-AUG-2025","     91.49","26-MAR-2025"
"USHAFIN","SM","     58.95","05-FEB-2025","     24.33","01-APR-2025"
"USHAMART","EQ","    497.10","10-NOV-2025","    278.55","18-FEB-2025"
"USK","EQ","     51.78","14-FEB-2025","     19.20","30-JAN-2026"
"UTIAMC","EQ","   1494.80","22-JUL-2025","    905.00","19-FEB-2025"
"UTIBANINAV","EQ","-","-","-","-"
"UTINEXINAV","EQ","-","-","-","-"
"UTINIFINAV","EQ","-","-","-","-"
"UTISENINAV","EQ","-","-","-","-"
"UTISXNINAV","EQ","-","-","-","-"
"UTKARSHBNK","EQ","     28.08","07-FEB-2025","     13.31","27-JAN-2026"
"UTLSOLAR","EQ","    230.99","20-NOV-2025","    192.00","18-DEC-2025"
"UTSSAV","SM","    281.00","03-NOV-2025","    145.05","03-MAR-2025"
"UTTAMSUGAR","EQ","    330.45","26-MAY-2025","    171.51","04-MAR-2025"
"UWCSL","SM","    182.50","11-MAR-2025","     98.15","30-JAN-2026"
"UYFINCORP","BE","     24.51","05-FEB-2025","     11.16","29-AUG-2025"
"V2RETAIL","EQ","   2564.10","03-NOV-2025","   1390.20","20-FEB-2025"
"VADILALIND","EQ","   7398.50","14-MAY-2025","   3503.50","28-FEB-2025"
"VAIBHAVGBL","EQ","    302.55","30-JAN-2025","    195.00","07-APR-2025"
"VAISHALI","EQ","     18.83","31-JAN-2025","      7.75","11-DEC-2025"
"VAKRANGEE","EQ","     27.31","30-JAN-2025","      6.50","23-JAN-2026"
"VAL30IETF","EQ","     17.49","31-DEC-2025","     10.96","03-MAR-2025"
"VAL30IINAV","EQ","-","-","-","-"
"VALIANTLAB","EQ","    115.19","12-JUN-2025","     56.53","29-JAN-2026"
"VALIANTORG","EQ","    507.80","12-JUN-2025","    226.00","21-JAN-2026"
"VARDHACRLC","EQ","     54.25","18-JUL-2025","     35.40","30-JAN-2026"
"VARDMNPOLY","EQ","     13.74","20-MAY-2025","      5.10","12-JAN-2026"
"VARROC","EQ","    694.70","01-DEC-2025","    374.10","07-APR-2025"
"VASA","SM","      6.00","02-APR-2025","      3.50","20-JUN-2025"
"VASCONEQ","EQ","     74.59","10-OCT-2025","     31.98","03-MAR-2025"
"VASWANI","EQ","     69.99","13-NOV-2025","     33.30","04-MAR-2025"
"VBL","EQ","    592.95","05-FEB-2025","    419.55","03-MAR-2025"
"VCL","BE","      2.66","10-DEC-2025","       .60","28-MAR-2025"
"VDEAL","SM","    260.00","27-NOV-2025","    100.25","27-MAR-2025"
"VEDL","EQ","    769.80","29-JAN-2026","    363.00","07-APR-2025"
"VEEDOL","EQ","   2035.00","19-SEP-2025","   1305.00","07-APR-2025"
"VEEKAYEM","SM","    318.00","02-SEP-2025","     88.35","30-JAN-2026"
"VELS","SM","     94.50","03-JUN-2025","     39.75","29-SEP-2025"
"VENKEYS","EQ","   2026.60","07-FEB-2025","   1315.00","24-NOV-2025"
"VENTIVE","EQ","    840.00","13-MAY-2025","    523.40","03-MAR-2025"
"VENUSPIPES","EQ","   1660.00","22-JUL-2025","    990.00","27-JAN-2026"
"VENUSREM","BE","    839.90","24-DEC-2025","    277.95","26-MAR-2025"
"VERA","SM","     76.05","06-FEB-2025","     66.00","20-MAY-2025"
"VERANDA","EQ","    272.50","28-OCT-2025","    172.15","26-DEC-2025"
"VERITAAS","SM","     90.00","05-FEB-2025","     44.00","23-JAN-2026"
"VERTEXPLUS","SM","    149.80","08-OCT-2025","     73.40","20-FEB-2025"
"VERTIS","IV","    110.10","04-DEC-2025","     98.20","01-SEP-2025"
"VERTOZ","EQ","    111.33","21-JUL-2025","      7.83","01-APR-2025"
"VESUVIUS","EQ","    646.00","10-JUN-2025","    356.13","19-FEB-2025"
"VETO","EQ","    141.00","30-MAY-2025","     92.60","03-MAR-2025"
"VGINFOTECH","SM","    208.00","31-JUL-2025","    122.00","21-JAN-2026"
"VGL","EQ","    196.95","21-AUG-2025","    114.00","30-OCT-2025"
"VGUARD","EQ","    409.75","24-JUL-2025","    298.00","16-JAN-2026"
"VHL","EQ","   4469.00","09-JUN-2025","   2850.00","03-MAR-2025"
"VHLTD","BE","    155.36","26-DEC-2025","     93.05","25-JUN-2025"
"VIAZ","SM","     99.55","12-SEP-2025","     49.30","08-MAY-2025"
"VICTORYEV","SM","     34.45","14-JAN-2026","     21.30","29-JAN-2026"
"VIDHIING","EQ","    531.90","30-JAN-2025","    272.05","12-DEC-2025"
"VIDYAWIRES","EQ","     58.45","10-DEC-2025","     44.06","27-JAN-2026"
"VIESL","ST","    307.90","27-NOV-2025","    111.95","03-MAR-2025"
"VIGOR","SM","     98.00","25-SEP-2025","     57.50","30-JAN-2026"
"VIJAYA","EQ","   1192.00","05-FEB-2025","    740.00","17-FEB-2025"
"VIJAYPD","SM","     55.50","23-OCT-2025","     35.00","07-OCT-2025"
"VIJIFIN","EQ","      4.60","22-JUL-2025","      1.99","01-APR-2025"
"VIKASECO","EQ","      3.03","01-FEB-2025","      1.45","28-JAN-2026"
"VIKASLIFE","EQ","      3.95","01-FEB-2025","      1.64","27-JAN-2026"
"VIKRAMSOLR","EQ","    407.95","10-SEP-2025","    188.25","27-JAN-2026"
"VIKRAN","EQ","    118.40","20-NOV-2025","     84.20","18-DEC-2025"
"VILAS","SM","    673.70","12-JUN-2025","    291.00","18-MAR-2025"
"VILINBIO","ST","     35.00","30-JAN-2026","     16.50","18-MAR-2025"
"VIMTALABS","EQ","    902.65","05-SEP-2025","    400.30","07-APR-2025"
"VINATIORGA","EQ","   2040.00","08-JUL-2025","   1412.50","07-APR-2025"
"VINCOFE","EQ","    179.85","08-JAN-2026","     75.00","03-MAR-2025"
"VINDHYATEL","EQ","   1889.00","17-JUN-2025","   1160.30","07-APR-2025"
"VINEETLAB","EQ","     45.21","04-FEB-2025","     22.28","09-MAY-2025"
"VINNY","EQ","      1.64","16-MAY-2025","      1.05","29-JAN-2026"
"VINSYS","SM","    475.00","19-SEP-2025","    300.00","03-MAR-2025"
"VINYAS","SM","   1440.00","22-JUL-2025","    575.80","03-MAR-2025"
"VINYLINDIA","EQ","    356.80","03-JUN-2025","    206.68","27-JAN-2026"
"VIPCLOTHNG","EQ","     45.10","26-MAY-2025","     22.86","28-JAN-2026"
"VIPIND","EQ","    492.30","15-JUL-2025","    248.35","07-APR-2025"
"VIPULLTD","BE","     17.09","14-FEB-2025","      7.38","03-DEC-2025"
"VIRINCHI","EQ","     32.69","18-SEP-2025","     19.28","21-JAN-2026"
"VISAKAIND","EQ","     98.10","01-JUL-2025","     55.05","07-APR-2025"
"VISAMAN","ST","    145.00","21-JAN-2026","     34.00","12-JUN-2025"
"VISASTEEL","EQ","     73.68","17-OCT-2025","     28.20","18-JUN-2025"
"VISHNU","EQ","    595.80","01-AUG-2025","    336.00","07-APR-2025"
"VISHNUINFR","SM","    279.95","12-FEB-2025","    145.00","06-NOV-2025"
"VISHWARAJ","EQ","     15.25","30-JAN-2025","      5.91","27-JAN-2026"
"VISHWAS","SM","     75.00","30-JAN-2025","     36.10","17-DEC-2025"
"VITAL","SM","     77.00","13-FEB-2025","     48.10","28-MAR-2025"
"VIVIANA","SM","   1162.50","13-OCT-2025","    373.75","05-MAR-2025"
"VIVIDHA","EQ","      1.05","13-MAY-2025","       .56","30-JAN-2026"
"VIVIMEDLAB","EQ","     29.40","18-DEC-2025","      6.72","23-JAN-2026"
"VIVO","SM","     81.70","27-NOV-2025","     62.00","14-MAY-2025"
"VIYASH","EQ","    257.85","19-NOV-2025","    117.35","07-APR-2025"
"VLEGOV","EQ","    157.12","30-JAN-2025","     13.92","27-JAN-2026"
"VLINFRA","SM","     63.45","21-APR-2025","     22.15","09-DEC-2025"
"VLSFINANCE","EQ","    339.00","05-DEC-2025","    186.90","04-MAR-2025"
"VMARCIND","SM","    805.00","12-NOV-2025","    200.30","27-MAR-2025"
"VMART","EQ","    945.00","23-JUN-2025","    550.50","22-JAN-2026"
"VMM","EQ","    157.60","26-AUG-2025","     95.99","28-FEB-2025"
"VMSTMT","EQ","    105.00","24-SEP-2025","     44.65","21-JAN-2026"
"VOLERCAR","SM","    255.00","03-NOV-2025","     77.40","04-MAR-2025"
"VOLTAMP","EQ","  10088.00","10-JUL-2025","   6051.00","03-MAR-2025"
"VOLTAS","EQ","   1531.00","19-MAR-2025","   1135.00","01-FEB-2025"
"VPRPL","EQ","    265.00","01-FEB-2025","     42.82","27-JAN-2026"
"VR","SM","    315.00","30-JAN-2025","    138.00","12-JAN-2026"
"VRAJ","EQ","    196.94","04-FEB-2025","    119.00","27-JAN-2026"
"VRLLOG","EQ","    324.50","17-JUL-2025","    216.83","03-MAR-2025"
"VSCL","ST","     41.00","05-FEB-2025","     16.05","29-DEC-2025"
"VSSL","EQ","    324.00","28-OCT-2025","    178.00","17-MAR-2025"
"VSTIND","EQ","    338.90","07-FEB-2025","    227.00","21-JAN-2026"
"VSTL","EQ","    204.99","08-JUL-2025","    114.00","20-JAN-2026"
"VSTTILLERS","EQ","   6374.00","01-JAN-2026","   3082.00","03-MAR-2025"
"VTL","EQ","    539.90","08-JUL-2025","    361.10","04-MAR-2025"
"WAAREEENER","EQ","   3865.00","12-SEP-2025","   1863.00","07-APR-2025"
"WAAREEINDO","BE","    725.00","13-OCT-2025","    165.07","19-JUN-2025"
"WAAREERTL","EQ","   1358.00","27-OCT-2025","    841.15","09-APR-2025"
"WABAG","EQ","   1680.00","28-MAY-2025","   1033.00","27-JAN-2026"
"WAKEFIT","EQ","    203.50","15-DEC-2025","    164.06","07-JAN-2026"
"WALCHANNAG","EQ","    291.00","04-FEB-2025","    141.60","21-JAN-2026"
"WALPAR","SM","     53.30","12-JUN-2025","     37.70","02-DEC-2025"
"WANBURY","EQ","    329.70","16-MAY-2025","    154.01","03-MAR-2025"
"WCIL","EQ","    147.29","22-SEP-2025","     65.10","07-APR-2025"
"WEALTH","EQ","   1410.00","19-JUN-2025","    790.00","21-JAN-2026"
"WEBELSOLAR","EQ","    159.00","06-FEB-2025","     72.91","27-JAN-2026"
"WEIZMANIND","EQ","    142.00","30-JAN-2025","     80.01","30-JAN-2026"
"WEL","EQ","    200.00","10-FEB-2025","    123.15","30-SEP-2025"
"WELCORP","EQ","    994.00","10-JUN-2025","    664.30","07-APR-2025"
"WELENT","EQ","    630.20","30-JAN-2025","    400.05","28-FEB-2025"
"WELINV","EQ","   1549.00","16-DEC-2025","    597.55","03-MAR-2025"
"WELSPUNLIV","EQ","    154.57","12-MAY-2025","    104.80","07-APR-2025"
"WENDT","EQ","  13608.25","30-JAN-2025","   6447.00","27-JAN-2026"
"WESTLIFE","EQ","    893.35","04-FEB-2025","    464.30","28-JAN-2026"
"WEWIN","EQ","     83.30","06-FEB-2025","     37.70","18-MAR-2025"
"WEWORK","EQ","    664.00","03-NOV-2025","    555.60","27-JAN-2026"
"WHEELS","EQ","    978.50","23-OCT-2025","    543.60","03-MAR-2025"
"WHIRLPOOL","EQ","   1473.80","23-JUL-2025","    761.60","30-JAN-2026"
"WHITEFORCE","SM","     94.80","13-AUG-2025","     49.00","27-JAN-2026"
"WILLAMAGOR","EQ","     41.00","09-JUL-2025","     25.31","17-MAR-2025"
"WINDLAS","EQ","   1140.00","17-APR-2025","    665.10","19-FEB-2025"
"WINDMACHIN","EQ","    409.00","17-JUN-2025","    228.05","20-JAN-2026"
"WINNY","SM","    309.00","07-FEB-2025","     54.00","10-DEC-2025"
"WINSOL","SM","    272.00","28-MAY-2025","    127.60","20-JAN-2026"
"WINSOME","BZ","      2.84","30-JAN-2025","      1.58","16-APR-2025"
"WIPL","EQ","    228.98","01-FEB-2025","    133.10","20-JAN-2026"
"WIPRO","EQ","    323.60","06-FEB-2025","    228.00","07-APR-2025"
"WOCKPHARMA","EQ","   1868.80","12-JUN-2025","   1110.05","28-FEB-2025"
"WOL3D","ST","    209.95","20-NOV-2025","     97.00","13-MAR-2025"
"WOMANCART","SM","    372.50","31-JAN-2025","    193.85","30-JAN-2026"
"WONDERLA","EQ","    730.25","31-JAN-2025","    489.45","30-JAN-2026"
"WORTHPERI","EQ","    190.47","06-FEB-2025","    128.50","27-JAN-2026"
"WSI","EQ","    105.40","31-JAN-2025","     62.60","11-AUG-2025"
"WSTCSTPAPR","EQ","    583.00","18-JUL-2025","    385.00","28-JAN-2026"
"WTICAB","SM","    204.00","22-JUL-2025","    113.00","27-JAN-2026"
"XCHANGING","EQ","    117.35","31-JAN-2025","     68.50","28-JAN-2026"
"XELPMOC","EQ","    155.50","19-NOV-2025","     80.21","15-APR-2025"
"XPROINDIA","EQ","   1331.50","06-JUN-2025","    851.00","12-JAN-2026"
"XTGLOBAL","EQ","     46.25","17-SEP-2025","     25.20","27-JAN-2026"
"YASHO","EQ","   2343.85","05-FEB-2025","   1130.00","09-JAN-2026"
"YASHOPTICS","SM","    153.50","22-SEP-2025","     72.60","17-MAR-2025"
"YATHARTH","EQ","    843.70","08-OCT-2025","    345.60","03-MAR-2025"
"YATRA","EQ","    202.00","17-NOV-2025","     65.51","12-MAR-2025"
"YCCL","SM","     18.40","31-JAN-2025","     10.55","13-JAN-2026"
"YESBANK","EQ","     24.30","10-OCT-2025","     16.02","12-MAR-2025"
"YUDIZ","SM","     58.10","07-FEB-2025","     24.65","27-JAN-2026"
"YUKEN","EQ","   1204.40","19-JUN-2025","    712.70","04-MAR-2025"
"ZAGGLE","EQ","    499.95","06-FEB-2025","    265.80","27-JAN-2026"
"ZEAL","SM","    165.80","28-MAY-2025","     72.00","30-JAN-2026"
"ZEEL","EQ","    151.70","04-JUL-2025","     78.40","27-JAN-2026"
"ZEELEARN","EQ","     10.89","04-AUG-2025","      4.57","01-APR-2025"
"ZEEMEDIA","EQ","     17.77","06-FEB-2025","      7.10","27-JAN-2026"
"ZENITHDRUG","SM","    107.00","04-APR-2025","     45.00","27-JAN-2026"
"ZENITHEXPO","EQ","    360.70","14-FEB-2025","    181.50","28-JAN-2026"
"ZENITHSTL","EQ","     10.33","23-OCT-2025","      4.41","29-JAN-2026"
"ZENSARTECH","EQ","    984.95","01-FEB-2025","    535.85","07-APR-2025"
"ZENTEC","EQ","   2268.00","05-JUN-2025","    945.35","19-FEB-2025"
"ZFCVINDIA","EQ","  15848.00","19-DEC-2025","   9900.00","18-FEB-2025"
"ZIMLAB","EQ","    127.00","18-JUL-2025","     65.52","09-JAN-2026"
"ZODIAC","EQ","    560.00","20-MAY-2025","    240.00","21-JAN-2026"
"ZODIACLOTH","EQ","    125.41","22-MAY-2025","     75.43","21-JAN-2026"
"ZOTA","EQ","   1740.00","21-NOV-2025","    752.00","07-APR-2025"
"ZTECH","SM","    701.00","29-DEC-2025","    460.00","03-DEC-2025"
"ZUARI","EQ","    393.55","21-AUG-2025","    169.20","04-MAR-2025"
"ZUARIIND","EQ","    416.00","25-SEP-2025","    229.99","07-APR-2025"
"ZYDUSLIFE","EQ","   1059.05","19-SEP-2025","    795.00","07-APR-2025"
"ZYDUSWELL","EQ","    530.90","19-SEP-2025","    298.64","04-MAR-2025"
