SYMBOL,SERIES,Adjusted_52_Week_High,52WH_Date,Adjusted_52_Week_Low,52WL_Date
20MICRONS,EQ,    283.93,23-JUL-2025,    158.20,12-FEB-2025
21STCENMGM,EQ,     89.33,13-JAN-2025,     36.03,27-NOV-2025
360ONE,EQ,   1273.80,07-JUL-2025,    790.50,07-APR-2025
3IINFOLTD,EQ,     29.91,06-FEB-2025,     14.60,12-JAN-2026
3MINDIA,EQ,  37305.00,02-JAN-2026,  25718.15,03-MAR-2025
3PLAND,EQ,     59.05,20-JAN-2025,     34.05,26-NOV-2025
5PAISA,EQ,    435.50,13-JAN-2025,    287.65,14-NOV-2025
63MOONS,EQ,   1130.00,17-JUL-2025,    591.25,18-FEB-2025
A2ZINFRA,EQ,     23.90,16-JAN-2025,     12.35,11-APR-2025
AAATECH,EQ,    136.00,07-OCT-2025,     66.00,18-MAR-2025
AADHARHFC,EQ,    547.80,24-SEP-2025,    346.05,28-JAN-2025
AAKASH,EQ,     13.79,24-JUN-2025,      7.06,03-JUN-2025
AAREYDRUGS,EQ,    100.00,06-NOV-2025,     31.35,18-MAR-2025
AARON,EQ,    258.00,25-AUG-2025,    152.48,18-FEB-2025
AARTECH,EQ,     81.75,13-JAN-2025,     47.00,30-DEC-2025
AARTIDRUGS,EQ,    564.05,21-JUL-2025,    312.00,07-APR-2025
AARTIIND,EQ,    495.00,28-MAY-2025,    344.20,07-APR-2025
AARTIPHARM,EQ,    971.00,16-JUL-2025,    568.10,01-FEB-2025
AARTISURF,EQ,    653.10,19-MAY-2025,    358.30,12-JAN-2026
AARVI,EQ,    152.00,17-NOV-2025,     88.00,07-APR-2025
AAVAS,EQ,   2234.00,22-APR-2025,   1415.00,12-JAN-2026
ABB,EQ,   6579.65,20-JAN-2025,   4684.45,07-APR-2025
ABBOTINDIA,EQ,  37000.00,27-JUN-2025,  25325.00,29-JAN-2025
ABCAPITAL,EQ,    369.30,06-JAN-2026,    149.01,17-FEB-2025
ABCOTS,EQ,    505.50,01-FEB-2025,    370.10,01-SEP-2025
ABDL,EQ,    696.80,04-NOV-2025,    279.00,07-APR-2025
ABFRL,EQ,    295.70,19-MAY-2025,     70.55,13-JUN-2025
ABGSEC,EQ,    113.03,21-JUL-2025,    103.71,14-JAN-2025
ABINFRA,EQ,     22.50,08-SEP-2025,      6.16,18-FEB-2025
ABLBL,EQ,    175.00,23-JUN-2025,    114.75,12-JAN-2026
ABMINTLLTD,EQ,     78.21,02-JUL-2025,     36.76,13-JAN-2026
ABREL,EQ,   2537.90,17-JUN-2025,   1526.90,12-JAN-2026
ABSLAMC,EQ,    908.00,20-AUG-2025,    556.45,07-APR-2025
ABSLBANETF,EQ,     63.26,07-JAN-2026,     47.55,18-MAR-2025
ABSLLIQUID,EQ,   1030.00,17-JAN-2025,    999.99,13-JAN-2026
ABSLNN50ET,EQ,     75.45,04-NOV-2025,     58.37,03-MAR-2025
ABSLPSE,EQ,     10.90,07-JUL-2025,      8.00,07-APR-2025
ACC,EQ,   2119.90,24-APR-2025,   1687.00,12-JAN-2026
ACCELYA,EQ,   1574.85,23-JAN-2025,   1218.50,07-APR-2025
ACCURACY,EQ,     10.32,15-JAN-2025,      5.10,18-NOV-2025
ACE,EQ,   1389.00,26-MAY-2025,    876.15,12-JAN-2026
ACEINTEG,EQ,     31.24,17-JAN-2025,     19.40,09-JAN-2026
ACI,EQ,    727.60,13-AUG-2025,    408.35,17-FEB-2025
ACL,EQ,    109.99,08-SEP-2025,     48.15,28-MAR-2025
ACMESOLAR,EQ,    324.30,15-SEP-2025,    167.75,28-JAN-2025
ACUTAAS,EQ,   2644.00,05-FEB-2025,   1040.50,28-APR-2025
ADANIENSOL,EQ,   1067.70,02-JAN-2026,    639.45,03-MAR-2025
ADANIENT,EQ,   2616.50,23-SEP-2025,   1967.52,03-MAR-2025
ADANIGREEN,EQ,   1177.55,22-SEP-2025,    758.00,03-MAR-2025
ADANIPORTS,EQ,   1549.00,01-DEC-2025,   1010.75,30-JAN-2025
ADANIPOWER,EQ,    182.70,23-SEP-2025,     89.00,13-JAN-2025
ADFFOODS,EQ,    300.85,11-JUN-2025,    192.01,12-JAN-2026
ADL,EQ,    121.77,17-APR-2025,     62.00,10-MAR-2025
ADOR,EQ,   1260.00,16-OCT-2025,    788.00,07-APR-2025
ADROITINFO,EQ,     20.30,21-JAN-2025,      9.11,22-DEC-2025
ADSL,EQ,    286.74,06-FEB-2025,    127.52,12-JAN-2026
ADVANCE,EQ,    154.00,27-OCT-2025,    102.00,10-OCT-2025
ADVANIHOTR,EQ,     68.39,21-AUG-2025,     52.29,04-MAR-2025
ADVENTHTL,EQ,    345.05,14-NOV-2025,    190.17,09-DEC-2025
ADVENZYMES,EQ,    366.25,01-AUG-2025,    257.90,03-MAR-2025
AEGISLOG,EQ,    946.50,20-MAY-2025,    609.85,28-JAN-2025
AEGISVOPAK,EQ,    302.00,18-JUL-2025,    220.00,02-JUN-2025
AEQUS,EQ,    165.40,18-DEC-2025,    134.01,29-DEC-2025
AEROENTER,EQ,    124.40,17-JAN-2025,     72.14,07-APR-2025
AEROFLEX,EQ,    272.00,06-FEB-2025,    148.01,07-APR-2025
AERONEU,EQ,    125.37,10-SEP-2025,     67.00,18-FEB-2025
AETHER,EQ,   1021.75,06-JAN-2026,    725.00,21-MAY-2025
AFCONS,EQ,    537.85,21-JAN-2025,    354.00,12-JAN-2026
AFFLE,EQ,   2185.90,22-SEP-2025,   1246.00,07-APR-2025
AFFORDABLE,EQ,    629.90,16-JAN-2025,    183.42,13-JAN-2026
AFIL,EQ,     10.16,17-APR-2025,      5.47,12-JAN-2026
AFSL,EQ,    269.50,11-JUN-2025,    165.49,03-FEB-2025
AGARIND,EQ,   1202.65,21-JAN-2025,    667.85,09-DEC-2025
AGARWALEYE,EQ,    568.00,16-OCT-2025,    327.00,30-MAY-2025
AGI,EQ,   1089.40,21-JAN-2025,    599.10,03-MAR-2025
AGIIL,EQ,    308.80,08-JAN-2026,    137.00,07-APR-2025
AGROPHOS,EQ,     47.60,31-JUL-2025,     27.20,03-MAR-2025
AHCL,EQ,    172.75,28-NOV-2025,     90.78,03-SEP-2025
AHLADA,EQ,     99.99,22-JAN-2025,     45.85,08-DEC-2025
AHLEAST,EQ,    168.00,02-SEP-2025,    122.78,07-APR-2025
AHLUCONT,EQ,   1125.00,15-JUL-2025,    620.00,18-FEB-2025
AIAENG,EQ,   4168.70,08-JAN-2026,   3001.10,28-AUG-2025
AIIL,EQ,    683.00,13-JAN-2026,    265.10,28-FEB-2025
AIRAN,EQ,     36.44,13-JAN-2025,     16.07,12-JAN-2026
AIROLAM,EQ,    137.04,10-JUN-2025,     83.50,07-MAY-2025
AJANTPHARM,EQ,   3079.90,03-FEB-2025,   2327.30,07-APR-2025
AJAXENGG,EQ,    756.20,14-MAY-2025,    549.10,07-APR-2025
AJMERA,EQ,    221.40,03-NOV-2025,    136.31,03-MAR-2025
AJOONI,EQ,      8.17,21-JAN-2025,      4.00,12-JAN-2026
AKASH,EQ,     36.45,22-JAN-2025,     23.00,07-APR-2025
AKG,EQ,     19.63,15-JAN-2025,     11.24,07-APR-2025
AKI,EQ,     16.05,11-JUL-2025,      5.77,13-JAN-2026
AKSHAR,EQ,       .76,13-OCT-2025,       .47,01-JAN-2026
AKSHARCHEM,EQ,    330.80,28-AUG-2025,    195.00,27-MAR-2025
AKSHOPTFBR,EQ,     12.95,21-APR-2025,      5.55,09-DEC-2025
AKUMS,EQ,    636.00,17-JAN-2025,    405.00,07-APR-2025
AKZOINDIA,EQ,   3957.90,17-JAN-2025,   3022.00,03-MAR-2025
ALANKIT,EQ,     21.78,14-JAN-2025,     10.30,13-JAN-2026
ALBERTDAVD,EQ,   1260.55,16-JAN-2025,    710.00,12-JAN-2026
ALEMBICLTD,EQ,    128.49,21-JAN-2025,     85.46,03-MAR-2025
ALGOQUANT,EQ,     71.01,06-JAN-2026,     61.00,09-JAN-2026
ALICON,EQ,   1050.00,10-FEB-2025,    597.15,07-APR-2025
ALIVUS,EQ,   1251.00,06-FEB-2025,    847.20,08-DEC-2025
ALKALI,EQ,    117.79,21-MAY-2025,     74.00,07-APR-2025
ALKEM,EQ,   5933.50,13-JAN-2026,   4491.65,28-FEB-2025
ALKYLAMINE,EQ,   2438.80,07-JUL-2025,   1506.70,12-JAN-2026
ALLCARGO,EQ,     45.67,20-JAN-2025,     10.08,31-DEC-2025
ALLDIGI,EQ,   1114.40,21-JAN-2025,    800.00,09-DEC-2025
ALLTIME,EQ,    334.90,25-AUG-2025,    237.20,13-JAN-2026
ALMONDZ,EQ,     34.25,24-JAN-2025,     14.41,18-DEC-2025
ALOKINDS,EQ,     23.50,08-JUL-2025,     14.01,07-APR-2025
ALPA,EQ,    132.79,20-JAN-2025,     70.75,13-JAN-2026
ALPHA,EQ,     52.94,02-JUL-2025,     39.00,07-APR-2025
ALPHAETF,EQ,     26.53,28-NOV-2025,     19.61,04-MAR-2025
ALPHAGEO,EQ,    454.55,13-JAN-2025,    211.00,18-DEC-2025
ALPL30IETF,EQ,     28.72,30-OCT-2025,     24.00,07-APR-2025
AMANTA,EQ,    154.40,23-SEP-2025,     97.75,09-DEC-2025
AMBER,EQ,   8626.00,29-OCT-2025,   5235.00,18-FEB-2025
AMBICAAGAR,EQ,     36.95,06-FEB-2025,     23.99,17-MAR-2025
AMBIKCO,EQ,   1700.00,05-JUN-2025,   1174.80,12-JAN-2026
AMBUJACEM,EQ,    624.95,22-JUL-2025,    455.00,03-MAR-2025
AMDIND,EQ,     68.07,22-SEP-2025,     39.85,18-MAR-2025
AMJLAND,EQ,     68.90,16-JUN-2025,     41.87,07-APR-2025
AMNPLST,EQ,    318.00,21-JAN-2025,    170.00,15-DEC-2025
AMRUTANJAN,EQ,    842.90,13-JAN-2025,    544.10,30-APR-2025
ANANDRATHI,EQ,   3321.40,14-OCT-2025,   1594.00,13-MAR-2025
ANANTRAJ,EQ,    928.00,21-JAN-2025,    376.15,07-APR-2025
ANDHRAPAP,EQ,     91.80,16-JAN-2025,     62.04,12-JAN-2026
ANDHRSUGAR,EQ,     94.75,20-JAN-2025,     65.10,07-APR-2025
ANGELONE,EQ,   3285.00,05-JUN-2025,   1941.00,13-MAR-2025
ANIKINDS,EQ,    133.00,04-APR-2025,     42.00,13-JAN-2026
ANMOL,EQ,     24.93,14-JAN-2025,     12.90,07-NOV-2025
ANTELOPUS,EQ,    829.75,17-JAN-2025,    357.00,13-JAN-2026
ANTGRAPHIC,EQ,      1.62,12-JUN-2025,       .77,12-DEC-2025
ANTHEM,EQ,    873.50,18-SEP-2025,    604.00,12-JAN-2026
ANUHPHR,EQ,    114.90,11-JUN-2025,     74.00,13-JAN-2026
ANUP,EQ,   3633.05,28-MAR-2025,   2040.00,13-JAN-2026
ANURAS,EQ,   1374.80,06-JAN-2026,    601.00,28-FEB-2025
AONEGOLD,EQ,     13.50,11-NOV-2025,     10.00,10-SEP-2025
AONELIQUID,EQ,   1060.00,10-JUN-2025,    908.58,26-MAY-2025
AONENIFTY,EQ,     12.00,28-MAY-2025,      9.47,17-JUL-2025
AONETMMQ50,EQ,     10.50,05-DEC-2025,      9.41,12-JAN-2026
AONETOTAL,EQ,     12.51,06-JAN-2026,      9.63,07-APR-2025
APARINDS,EQ,  10673.00,15-JAN-2025,   4308.05,07-APR-2025
APCL,EQ,    170.00,06-FEB-2025,     96.20,17-MAR-2025
APCOTEXIND,EQ,    444.00,30-JUL-2025,    286.95,17-MAR-2025
APEX,EQ,    350.53,24-NOV-2025,    186.55,07-APR-2025
APLAPOLLO,EQ,   1993.70,02-JAN-2026,   1272.70,17-FEB-2025
APLLTD,EQ,   1107.90,30-JUN-2025,    725.20,03-MAR-2025
APOLLO,EQ,    354.70,17-SEP-2025,    103.77,18-FEB-2025
APOLLOHOSP,EQ,   8099.50,23-OCT-2025,   6001.00,03-MAR-2025
APOLLOPIPE,EQ,    494.95,27-MAY-2025,    277.15,09-DEC-2025
APOLLOTYRE,EQ,    540.50,14-NOV-2025,    370.90,03-MAR-2025
APOLSINHOT,EQ,   1787.60,20-JAN-2025,   1150.00,02-JAN-2026
APTECHT,EQ,    188.28,21-JAN-2025,     86.00,12-JAN-2026
APTUS,EQ,    364.00,18-AUG-2025,    267.95,28-JAN-2025
ARCHIDPLY,EQ,    120.40,28-JUL-2025,     79.50,28-FEB-2025
ARCHIES,EQ,     25.40,16-JUN-2025,     14.72,18-MAR-2025
ARE&M,EQ,   1118.95,21-JAN-2025,    832.30,07-APR-2025
ARENTERP,EQ,     62.99,04-JUL-2025,     37.17,04-MAR-2025
ARFIN,EQ,     84.01,13-JAN-2026,     31.43,29-JUL-2025
ARIES,EQ,    459.90,25-AUG-2025,    220.11,04-MAR-2025
ARIHANTCAP,EQ,    120.00,24-OCT-2025,     58.15,03-MAR-2025
ARIHANTSUP,EQ,    530.90,20-JAN-2025,    303.00,18-DEC-2025
ARISINFRA,EQ,    208.50,25-JUN-2025,    111.11,12-JAN-2026
ARKADE,EQ,    213.69,18-JUL-2025,    125.06,12-JAN-2026
ARMANFIN,EQ,   1834.60,07-JUL-2025,   1109.95,18-MAR-2025
AROGRANITE,EQ,     49.50,20-JAN-2025,     27.61,08-DEC-2025
ARROWGREEN,EQ,    827.30,16-JAN-2025,    463.05,12-JAN-2026
ARSSBL,EQ,    794.85,18-NOV-2025,    431.00,30-SEP-2025
ARTEMISMED,EQ,    335.00,05-FEB-2025,    207.71,03-MAR-2025
ARTNIRMAN,EQ,     72.50,16-JUN-2025,     39.68,07-MAY-2025
ARVIND,EQ,    408.95,20-JAN-2025,    274.80,28-AUG-2025
ARVINDFASN,EQ,    579.00,17-SEP-2025,    320.20,07-APR-2025
ARVSMART,EQ,    821.10,05-FEB-2025,    568.35,25-NOV-2025
ASAHIINDIA,EQ,   1074.00,01-DEC-2025,    576.80,17-MAR-2025
ASAHISONG,EQ,    491.95,12-MAY-2025,    235.00,12-JAN-2026
ASAL,EQ,    674.00,15-JAN-2025,    395.50,07-APR-2025
ASALCBR,EQ,   1496.00,03-FEB-2025,    855.90,13-JAN-2026
ASHAPURMIN,EQ,    924.90,07-JAN-2026,    301.60,11-MAR-2025
ASHIANA,EQ,    376.15,16-JUN-2025,    247.80,09-MAY-2025
ASHIMASYN,EQ,     35.80,22-MAY-2025,     16.25,08-DEC-2025
ASHOKA,EQ,    294.00,17-JAN-2025,    150.25,13-JAN-2026
ASHOKAMET,EQ,     23.50,20-JAN-2025,     14.50,12-JAN-2026
ASHOKLEY,EQ,    191.80,05-JAN-2026,     95.93,07-APR-2025
ASIANENE,EQ,    391.65,03-SEP-2025,    215.00,17-MAR-2025
ASIANHOTNR,EQ,    419.50,24-MAR-2025,    267.65,13-JAN-2025
ASIANPAINT,EQ,   2985.70,04-DEC-2025,   2124.75,05-MAR-2025
ASIANTILES,EQ,     78.80,24-DEC-2025,     39.15,07-APR-2025
ASKAUTOLTD,EQ,    578.50,24-SEP-2025,    333.30,03-MAR-2025
ASMS,EQ,     23.44,14-JAN-2025,     10.95,12-JAN-2026
ASPINWALL,EQ,    345.90,07-FEB-2025,    209.30,30-DEC-2025
ASTEC,EQ,   1143.47,13-JAN-2025,    607.05,11-NOV-2025
ASTERDM,EQ,    732.20,23-OCT-2025,    387.10,04-MAR-2025
ASTRAL,EQ,   1593.50,13-NOV-2025,   1232.30,13-MAR-2025
ASTRAMICRO,EQ,   1195.90,05-JUN-2025,    584.20,03-MAR-2025
ASTRAZEN,EQ,  10691.00,13-JUN-2025,   6619.50,22-JAN-2025
ASTRON,EQ,     20.93,29-MAY-2025,      5.45,12-JAN-2026
ATALREAL,EQ,     26.50,13-JAN-2026,     11.15,28-FEB-2025
ATAM,EQ,    148.00,21-JAN-2025,     76.98,27-MAR-2025
ATGL,EQ,    798.00,23-SEP-2025,    532.60,03-MAR-2025
ATHERENERG,EQ,    790.00,21-OCT-2025,    288.15,07-MAY-2025
ATL,EQ,     37.86,25-SEP-2025,     19.82,07-APR-2025
ATLANTAA,EQ,     73.39,07-OCT-2025,     27.26,01-APR-2025
ATLANTAELE,EQ,   1097.85,07-NOV-2025,    782.10,30-SEP-2025
ATLASCYCLE,EQ,    176.39,24-JAN-2025,     76.10,19-MAR-2025
ATUL,EQ,   7788.00,07-JUL-2025,   4752.00,07-APR-2025
ATULAUTO,EQ,    583.95,10-FEB-2025,    412.65,17-MAR-2025
AUBANK,EQ,   1026.80,05-JAN-2026,    478.35,18-MAR-2025
AURIONPRO,EQ,   1684.90,16-JAN-2025,   1005.00,12-JAN-2026
AUROPHARMA,EQ,   1278.60,24-APR-2025,   1010.00,07-APR-2025
AURUM,EQ,    253.70,21-JAN-2025,    144.40,07-APR-2025
AUSOMENT,EQ,    152.25,12-JAN-2026,     72.80,21-MAR-2025
AUTOAXLES,EQ,   2039.70,06-JAN-2026,   1520.00,07-APR-2025
AUTOBEES,EQ,    299.92,06-JAN-2026,    197.07,07-APR-2025
AUTOIETF,EQ,     30.50,07-JAN-2026,     19.72,07-APR-2025
AUTOIND,EQ,    105.49,07-FEB-2025,     62.81,25-NOV-2025
AVADHSUGAR,EQ,    584.25,19-MAY-2025,    330.00,13-JAN-2026
AVALON,EQ,   1318.00,07-OCT-2025,    598.00,29-JAN-2025
AVANTEL,EQ,    215.00,10-OCT-2025,     95.33,18-FEB-2025
AVANTIFEED,EQ,    964.20,24-MAR-2025,    572.00,13-JAN-2025
AVG,EQ,    343.00,21-JAN-2025,    156.81,08-DEC-2025
AVL,EQ,    598.70,04-NOV-2025,    327.60,19-JUN-2025
AVONMORE,EQ,     26.91,21-JAN-2025,     15.00,18-DEC-2025
AVROIND,EQ,    230.52,17-JAN-2025,    101.35,10-NOV-2025
AVTNPL,EQ,     83.80,13-AUG-2025,     51.41,07-APR-2025
AWFIS,EQ,    724.00,16-JAN-2025,    458.00,13-JAN-2026
AWHCL,EQ,    693.00,03-JUL-2025,    408.05,09-DEC-2025
AWL,EQ,    291.20,21-APR-2025,    217.50,12-JAN-2026
AXISBANK,EQ,   1304.60,06-JAN-2026,    933.50,27-JAN-2025
AXISBNKETF,EQ,    632.72,07-JAN-2026,    485.00,07-APR-2025
AXISBPSETF,EQ,     14.50,27-OCT-2025,     12.00,16-JAN-2025
AXISCADES,EQ,   1779.20,23-SEP-2025,    630.00,28-JAN-2025
AXISCETF,EQ,    131.85,23-OCT-2025,    101.00,28-FEB-2025
AXISGOLD,EQ,    118.79,13-JAN-2026,     66.00,14-JAN-2025
AXISHCETF,EQ,    156.13,17-OCT-2025,    127.43,04-MAR-2025
AXISILVER,EQ,    260.60,13-JAN-2026,     86.48,07-APR-2025
AXISNIFTY,EQ,    296.38,07-JAN-2026,    236.80,11-APR-2025
AXISTECETF,EQ,    475.00,13-JAN-2025,    341.00,07-APR-2025
AXISVALUE,EQ,     33.30,05-JAN-2026,     22.84,21-AUG-2025
AXSENSEX,EQ,     91.35,02-DEC-2025,     74.00,07-APR-2025
AYMSYNTEX,EQ,    279.33,12-JUN-2025,    145.01,09-DEC-2025
AZAD,EQ,   1899.00,02-JUN-2025,   1159.45,07-APR-2025
BAGFILMS,EQ,      9.27,15-JAN-2025,      5.31,28-MAR-2025
BAIDFIN,EQ,     15.25,22-JAN-2025,      9.01,27-MAR-2025
BAJAJ-AUTO,EQ,   9888.00,08-JAN-2026,   7089.35,07-APR-2025
BAJAJCON,EQ,    310.00,06-NOV-2025,    151.00,07-APR-2025
BAJAJELEC,EQ,    769.90,15-JAN-2025,    433.35,13-JAN-2026
BAJAJFINSV,EQ,   2195.00,23-OCT-2025,   1617.00,01-FEB-2025
BAJAJHCARE,EQ,    745.00,19-MAR-2025,    379.10,13-JAN-2026
BAJAJHFL,EQ,    136.96,24-APR-2025,     92.10,09-DEC-2025
BAJAJHIND,EQ,     30.86,20-JAN-2025,     16.50,07-APR-2025
BAJAJHLDNG,EQ,  14763.00,18-AUG-2025,  10245.10,13-JAN-2025
BAJAJINDEF,EQ,    580.25,04-JUL-2025,    199.24,04-MAR-2025
BAJEL,EQ,    263.90,18-JUL-2025,    146.41,07-APR-2025
BAJFINANCE,EQ,   1102.50,23-OCT-2025,    710.52,15-JAN-2025
BALAJEE,EQ,     72.85,23-JAN-2025,     38.10,13-JAN-2026
BALAJITELE,EQ,    141.32,26-SEP-2025,     49.02,04-MAR-2025
BALAMINES,EQ,   1945.00,07-JUL-2025,   1065.60,06-JAN-2026
BALAXI,EQ,     81.13,14-JAN-2025,     23.86,09-JAN-2026
BALKRISHNA,EQ,     25.97,25-SEP-2025,     16.20,07-APR-2025
BALKRISIND,EQ,   2839.95,06-FEB-2025,   2152.05,07-APR-2025
BALMLAWRIE,EQ,    238.20,15-SEP-2025,    146.60,03-MAR-2025
BALPHARMA,EQ,    128.74,04-APR-2025,     69.00,30-DEC-2025
BALRAMCHIN,EQ,    627.80,16-JUL-2025,    407.80,09-DEC-2025
BALUFORGE,EQ,    784.00,12-JUN-2025,    428.40,03-MAR-2025
BANARBEADS,EQ,    164.70,30-OCT-2025,     97.00,29-AUG-2025
BANARISUG,EQ,   4444.00,16-MAY-2025,   3000.30,03-MAR-2025
BANCOINDIA,EQ,    879.80,06-OCT-2025,    297.50,03-MAR-2025
BANDHANBNK,EQ,    192.48,30-JUN-2025,    128.16,18-FEB-2025
BANG,EQ,     70.05,13-JAN-2025,     42.77,07-APR-2025
BANKA,EQ,     98.38,21-JAN-2025,     56.99,03-MAR-2025
BANKADD,EQ,     61.84,12-DEC-2025,     46.50,22-JAN-2025
BANKBARODA,EQ,    311.80,05-JAN-2026,    190.70,04-MAR-2025
BANKBEES,EQ,    624.70,12-DEC-2025,    490.00,11-MAR-2025
BANKBETA,EQ,     63.33,06-JAN-2026,     48.71,11-MAR-2025
BANKBETF,EQ,     65.00,15-MAY-2025,     47.00,11-MAR-2025
BANKETF,EQ,    612.84,05-JAN-2026,    481.38,11-MAR-2025
BANKIETF,EQ,     62.88,28-NOV-2025,     47.53,14-JAN-2025
BANKINDIA,EQ,    153.24,06-JAN-2026,     90.05,13-JAN-2025
BANKNIFTY1,EQ,    651.60,21-JUL-2025,    490.15,11-MAR-2025
BANKPSU,EQ,     90.51,07-JAN-2026,     55.29,03-MAR-2025
BANSALWIRE,EQ,    434.30,22-JUL-2025,    285.60,09-JAN-2026
BANSWRAS,EQ,    165.49,04-JUL-2025,    100.50,13-JAN-2026
BASF,EQ,   5424.00,20-MAY-2025,   3602.10,13-JAN-2026
BASML,EQ,     48.85,15-JAN-2025,     23.10,12-JAN-2026
BATAINDIA,EQ,   1424.60,03-FEB-2025,    906.55,13-JAN-2026
BAYERCROP,EQ,   6511.00,07-JUL-2025,   4217.45,13-FEB-2025
BBETF0432,EQ,   1346.89,09-JAN-2026,   1211.58,15-JAN-2025
BBL,EQ,   3700.00,05-FEB-2025,   2350.00,07-APR-2025
BBNPNBETF,EQ,     62.00,08-DEC-2025,     47.43,10-MAR-2025
BBNPPGOLD,EQ,    140.25,13-JAN-2026,     76.50,14-JAN-2025
BBOX,EQ,    677.75,21-JAN-2025,    320.85,09-APR-2025
BBTC,EQ,   2345.25,22-JAN-2025,   1607.05,28-FEB-2025
BBTCL,EQ,    229.35,17-NOV-2025,    120.60,26-MAR-2025
BCG,EQ,     22.00,14-JUL-2025,      9.65,12-JAN-2026
BCLIND,EQ,     52.01,20-JAN-2025,     29.31,12-JAN-2026
BCONCEPTS,EQ,    550.00,17-JAN-2025,    252.10,09-SEP-2025
BDL,EQ,   2096.60,30-MAY-2025,    907.00,03-MAR-2025
BEARDSELL,EQ,     43.24,22-JAN-2025,     23.00,07-APR-2025
BECTORFOOD,EQ,    333.42,01-FEB-2025,    224.00,30-DEC-2025
BEDMUTHA,EQ,    216.00,17-JAN-2025,     95.00,09-DEC-2025
BEL,EQ,    436.00,01-JUL-2025,    240.25,19-FEB-2025
BELLACASA,EQ,    497.35,15-OCT-2025,    339.80,12-JAN-2026
BELRISE,EQ,    190.10,02-JAN-2026,     89.15,02-JUN-2025
BEML,EQ,   2437.40,23-JUN-2025,   1175.00,03-MAR-2025
BEPL,EQ,    130.69,16-JAN-2025,     82.41,12-JAN-2026
BERGEPAINT,EQ,    605.00,03-JUL-2025,    449.05,13-JAN-2025
BESTAGRO,EQ,    569.90,20-JAN-2025,    244.15,26-MAR-2025
BETA,EQ,   2000.00,18-AUG-2025,   1429.52,04-MAR-2025
BFINVEST,EQ,    609.40,20-JAN-2025,    386.30,12-JAN-2026
BFSI,EQ,     29.52,05-JAN-2026,     22.30,01-FEB-2025
BGRENERGY,EQ,    490.80,24-OCT-2025,     69.05,05-MAR-2025
BHAGCHEM,EQ,    331.00,28-MAY-2025,    198.02,05-JAN-2026
BHAGERIA,EQ,    244.60,24-OCT-2025,    132.00,07-APR-2025
BHANDARI,EQ,      7.06,15-JAN-2025,      3.84,12-JAN-2026
BHARATFORG,EQ,   1506.50,06-JAN-2026,    919.10,07-APR-2025
BHARATGEAR,EQ,    154.20,29-SEP-2025,     64.80,01-APR-2025
BHARATRAS,EQ,   3000.00,13-AUG-2025,   2058.10,12-JAN-2026
BHARATSE,EQ,    239.45,17-OCT-2025,     69.84,07-APR-2025
BHARATWIRE,EQ,    248.70,17-JUN-2025,    122.23,04-MAR-2025
BHARTIARTL,EQ,   2174.50,21-NOV-2025,   1559.50,28-FEB-2025
BHARTIHEXA,EQ,   2052.90,01-JUL-2025,   1234.00,27-FEB-2025
BHEL,EQ,    305.90,07-JAN-2026,    176.00,03-MAR-2025
BIGBLOC,EQ,     97.83,21-JAN-2025,     48.25,11-NOV-2025
BIKAJI,EQ,    818.70,04-SEP-2025,    558.80,18-FEB-2025
BIL,EQ,    984.75,23-JUL-2025,    444.00,09-APR-2025
BIOCON,EQ,    424.95,18-NOV-2025,    291.00,03-MAR-2025
BIOFILCHEM,EQ,     62.88,17-JAN-2025,     30.35,13-JAN-2026
BIRLACABLE,EQ,    215.20,17-JUN-2025,    125.35,17-MAR-2025
BIRLACORPN,EQ,   1535.30,30-JUL-2025,    910.25,03-MAR-2025
BIRLAMONEY,EQ,    226.00,16-JAN-2025,    131.27,04-MAR-2025
BIRLANU,EQ,   2489.55,13-JAN-2025,   1500.10,24-DEC-2025
BLACKBUCK,EQ,    748.00,21-OCT-2025,    326.45,28-JAN-2025
BLAL,EQ,    248.00,05-FEB-2025,    180.50,03-MAR-2025
BLBLIMITED,EQ,     21.30,01-FEB-2025,     12.00,13-JAN-2026
BLISSGVS,EQ,    195.80,07-JAN-2026,    108.12,07-APR-2025
BLKASHYAP,EQ,     80.01,31-JUL-2025,     45.00,07-APR-2025
BLS,EQ,    518.00,20-JAN-2025,    276.95,13-OCT-2025
BLSE,EQ,    232.50,11-JUN-2025,    131.31,07-APR-2025
BLUECOAST,EQ,     86.31,19-AUG-2025,     22.71,13-JAN-2025
BLUEDART,EQ,   7225.00,26-MAY-2025,   5242.50,18-DEC-2025
BLUEJET,EQ,   1027.80,21-JUL-2025,    490.45,12-JAN-2026
BLUESTARCO,EQ,   2269.80,25-MAR-2025,   1521.00,30-MAY-2025
BLUESTONE,EQ,    793.00,09-OCT-2025,    466.00,30-DEC-2025
BLUSPRING,EQ,    100.88,21-JUL-2025,     60.20,12-JAN-2026
BMWVENTLTD,EQ,     78.00,01-OCT-2025,     50.02,13-JAN-2026
BODALCHEM,EQ,     81.49,04-JUL-2025,     48.00,12-JAN-2026
BOHRAIND,EQ,     39.29,25-MAR-2025,     14.81,12-JAN-2026
BOMDYEING,EQ,    196.75,24-JUL-2025,    117.50,07-APR-2025
BOROLTD,EQ,    410.45,16-JAN-2025,    271.00,12-JAN-2026
BORORENEW,EQ,    721.00,12-NOV-2025,    441.45,07-APR-2025
BOROSCI,EQ,    190.79,18-JUL-2025,    107.42,07-APR-2025
BOSCH-HCIL,EQ,   1893.00,13-MAR-2025,   1350.00,09-DEC-2025
BOSCHLTD,EQ,  41945.00,10-SEP-2025,  25921.60,07-APR-2025
BPCL,EQ,    388.15,01-JAN-2026,    234.01,03-MAR-2025
BPL,EQ,    106.10,20-JAN-2025,     50.00,08-DEC-2025
BRIGADE,EQ,   1332.00,05-JUN-2025,    838.50,12-JAN-2026
BRIGHOTEL,EQ,     91.77,19-AUG-2025,     65.50,12-JAN-2026
BRITANNIA,EQ,   6336.00,04-SEP-2025,   4506.00,04-MAR-2025
BRNL,EQ,     53.43,15-JAN-2025,     17.40,11-AUG-2025
BROOKS,EQ,    178.41,13-JAN-2025,     68.11,30-DEC-2025
BSE,EQ,   3030.00,10-JUN-2025,   1227.33,11-MAR-2025
BSE500IETF,EQ,     41.64,06-JAN-2026,     33.00,07-APR-2025
BSHSL,EQ,    179.99,04-FEB-2025,     94.15,09-DEC-2025
BSL,EQ,    258.80,21-JAN-2025,    127.30,20-JUN-2025
BSLGOLDETF,EQ,    126.78,13-JAN-2026,     68.57,13-JAN-2025
BSLNIFTY,EQ,     31.45,05-JAN-2026,     20.37,04-MAR-2025
BSLSENETFG,EQ,     87.82,05-DEC-2025,     61.64,11-FEB-2025
BSOFT,EQ,    564.40,13-JAN-2025,    331.00,07-APR-2025
BTML,EQ,     13.41,22-JAN-2025,      7.11,30-OCT-2025
BUTTERFLY,EQ,    829.90,21-MAY-2025,    550.70,04-MAR-2025
BVCL,EQ,     69.99,09-SEP-2025,     34.06,09-MAY-2025
BYKE,EQ,    100.80,29-MAY-2025,     48.00,30-DEC-2025
CALSOFT,EQ,     21.42,08-JUL-2025,      9.96,30-MAY-2025
CAMLINFINE,EQ,    333.30,26-JUN-2025,    113.24,28-JAN-2025
CAMPUS,EQ,    313.90,01-FEB-2025,    210.00,07-APR-2025
CAMS,EQ,    905.80,16-JAN-2025,    606.21,03-MAR-2025
CANBK,EQ,    158.00,31-DEC-2025,     78.60,03-MAR-2025
CANFINHOME,EQ,    971.50,26-DEC-2025,    558.50,25-FEB-2025
CANHLIFE,EQ,    157.80,29-DEC-2025,    106.00,17-OCT-2025
CANTABIL,EQ,    334.00,10-FEB-2025,    213.41,07-MAY-2025
CAPACITE,EQ,    396.45,21-APR-2025,    237.05,12-JAN-2026
CAPILLARY,EQ,    798.95,26-NOV-2025,    570.05,21-NOV-2025
CAPITALSFB,EQ,    330.65,22-JUL-2025,    250.00,12-MAR-2025
CAPLIPOINT,EQ,   2404.95,13-JAN-2025,   1599.00,07-APR-2025
CAPTRUST,EQ,     76.01,03-FEB-2025,     11.08,04-DEC-2025
CARBORUNIV,EQ,   1264.05,16-JAN-2025,    786.80,12-JAN-2026
CARERATING,EQ,   1964.00,11-JUN-2025,   1052.00,07-APR-2025
CARRARO,EQ,    603.75,13-JAN-2025,    253.15,09-APR-2025
CARTRADE,EQ,   3290.50,17-NOV-2025,   1294.00,22-JAN-2025
CARYSIL,EQ,   1071.90,12-NOV-2025,    482.30,28-FEB-2025
CASHIETF,EQ,   1064.57,24-OCT-2025,   1001.47,19-MAR-2025
CASTROLIND,EQ,    251.95,06-MAR-2025,    162.60,28-JAN-2025
CCHHL,EQ,     20.99,10-JUL-2025,     13.00,28-FEB-2025
CCL,EQ,   1074.40,10-NOV-2025,    525.00,07-APR-2025
CDSL,EQ,   1828.90,10-JUN-2025,   1047.45,17-MAR-2025
CEATLTD,EQ,   4438.00,23-OCT-2025,   2343.05,04-MAR-2025
CEIGALL,EQ,    333.65,14-JAN-2025,    222.61,09-DEC-2025
CELEBRITY,EQ,     15.47,05-FEB-2025,      7.31,13-JAN-2026
CELLO,EQ,    709.85,13-JAN-2025,    490.00,12-JAN-2026
CEMPRO,EQ,    944.00,30-JUN-2025,    476.60,02-MAY-2025
CENTENKA,EQ,    617.95,25-FEB-2025,    409.50,08-DEC-2025
CENTRALBK,EQ,     56.24,14-JAN-2025,     32.75,09-MAY-2025
CENTRUM,EQ,     41.90,16-JUL-2025,     22.40,07-APR-2025
CENTUM,EQ,   3044.00,05-SEP-2025,   1140.30,04-MAR-2025
CENTURYPLY,EQ,    897.10,07-FEB-2025,    650.00,07-APR-2025
CERA,EQ,   7275.00,17-JUN-2025,   5004.00,12-JAN-2026
CESC,EQ,    185.26,29-OCT-2025,    119.00,17-FEB-2025
CEWATER,EQ,    773.60,20-JAN-2025,    349.65,09-DEC-2025
CGCL,EQ,    231.35,27-MAR-2025,    150.51,04-JUN-2025
CGPOWER,EQ,    797.55,17-SEP-2025,    517.70,07-APR-2025
CHALET,EQ,   1082.00,01-AUG-2025,    634.05,18-FEB-2025
CHAMBLFERT,EQ,    742.20,06-MAY-2025,    410.20,09-DEC-2025
CHEMBOND,EQ,    618.40,24-JAN-2025,    151.60,04-DEC-2025
CHEMBONDCH,EQ,    244.99,25-AUG-2025,    140.29,09-DEC-2025
CHEMCON,EQ,    295.00,25-SEP-2025,    160.00,07-APR-2025
CHEMFAB,EQ,   1052.70,29-JAN-2025,    401.30,30-DEC-2025
CHEMICAL,EQ,     30.00,24-NOV-2025,     27.65,09-DEC-2025
CHEMPLASTS,EQ,    491.90,25-MAR-2025,    231.05,12-JAN-2026
CHENNPETRO,EQ,   1103.00,20-NOV-2025,    433.10,03-MAR-2025
CHEVIOT,EQ,   1307.90,22-JAN-2025,    974.75,07-APR-2025
CHOICEGOLD,EQ,    140.45,13-JAN-2026,    120.00,03-DEC-2025
CHOICEIN,EQ,    860.50,05-JAN-2026,    438.45,03-MAR-2025
CHOLAFIN,EQ,   1831.50,06-JAN-2026,   1169.80,27-JAN-2025
CHOLAHLDNG,EQ,   2231.60,02-JUL-2025,   1357.35,07-APR-2025
CIEINDIA,EQ,    487.00,12-JUN-2025,    356.75,07-APR-2025
CIFL,EQ,     44.50,19-JUN-2025,     29.25,28-NOV-2025
CIGNITITEC,EQ,   1929.50,08-DEC-2025,   1033.25,07-APR-2025
CINELINE,EQ,    121.89,13-JAN-2025,     73.64,18-MAR-2025
CINEVISTA,EQ,     24.88,18-JUN-2025,     13.21,12-MAR-2025
CIPLA,EQ,   1673.00,23-OCT-2025,   1335.00,07-APR-2025
CLEAN,EQ,   1600.00,30-MAY-2025,    834.30,12-JAN-2026
CLEDUCATE,EQ,    134.90,01-FEB-2025,     67.50,17-MAR-2025
CLSEL,EQ,    395.75,01-JUL-2025,    248.30,12-NOV-2025
CMSINFO,EQ,    541.15,17-JUL-2025,    324.45,12-JAN-2026
CNL,EQ,   1014.00,01-FEB-2025,    594.75,14-OCT-2025
COALINDIA,EQ,    436.70,05-JAN-2026,    349.25,17-FEB-2025
COCHINSHIP,EQ,   2545.00,06-JUN-2025,   1180.20,18-FEB-2025
COFFEEDAY,EQ,     51.46,01-SEP-2025,     21.28,24-FEB-2025
COFORGE,EQ,   1994.00,08-JUL-2025,   1194.01,07-APR-2025
COHANCE,EQ,   1328.00,20-FEB-2025,    443.30,13-JAN-2026
COLPAL,EQ,   2975.00,01-FEB-2025,   2033.00,08-JAN-2026
COMMOIETF,EQ,    100.97,06-JAN-2026,     75.61,07-APR-2025
COMPUSOFT,EQ,     27.89,16-JAN-2025,     14.50,12-JAN-2026
CONCOR,EQ,    652.04,05-JUN-2025,    481.00,03-MAR-2025
CONCORDBIO,EQ,   2451.70,10-FEB-2025,   1292.20,12-JAN-2026
CONFIPET,EQ,     76.10,20-JAN-2025,     32.51,11-DEC-2025
CONS,EQ,    132.00,04-SEP-2025,    102.46,03-MAR-2025
CONSOFINVT,EQ,    230.00,23-JAN-2025,    152.00,09-DEC-2025
CONSUMBEES,EQ,    144.38,21-OCT-2025,    110.86,07-APR-2025
CONSUMER,EQ,     12.87,08-SEP-2025,      9.00,07-APR-2025
CONSUMIETF,EQ,    133.81,23-OCT-2025,    101.23,07-APR-2025
CONTROLPR,EQ,    917.50,15-JUL-2025,    547.00,07-APR-2025
CORALFINAC,EQ,     52.49,23-JUL-2025,     33.70,03-MAR-2025
CORDSCABLE,EQ,    222.00,27-MAY-2025,    146.65,28-JAN-2025
COROMANDEL,EQ,   2718.90,31-JUL-2025,   1596.00,03-MAR-2025
CORONA,EQ,   1524.00,05-JAN-2026,   1336.60,23-DEC-2025
COSMOFIRST,EQ,   1307.20,23-JUN-2025,    525.70,07-APR-2025
COUNCODOS,EQ,     11.92,28-APR-2025,      5.01,08-DEC-2025
CPCAP,EQ,    438.00,02-APR-2025,    102.62,09-DEC-2025
CPEDU,EQ,    338.75,29-OCT-2025,    217.61,05-SEP-2025
CPPLUS,EQ,   1745.10,19-NOV-2025,   1015.00,05-AUG-2025
CPSEETF,EQ,     96.16,17-JUN-2025,     74.90,07-APR-2025
CRAFTSMAN,EQ,   8069.00,06-JAN-2026,   3700.00,07-APR-2025
CRAMC,EQ,    353.40,27-OCT-2025,    274.30,09-DEC-2025
CREATIVEYE,EQ,     12.19,11-JUN-2025,      5.27,04-MAR-2025
CREDITACC,EQ,   1490.10,27-OCT-2025,    750.20,27-JAN-2025
CREST,EQ,    449.00,15-JAN-2025,    319.10,28-FEB-2025
CRISIL,EQ,   6139.00,27-JUN-2025,   3973.60,07-APR-2025
CRIZAC,EQ,    387.95,08-SEP-2025,    254.65,24-NOV-2025
CROMPTON,EQ,    373.00,01-FEB-2025,    247.00,12-JAN-2026
CROWN,EQ,    231.99,21-JAN-2025,    114.21,12-JAN-2026
CSBBANK,EQ,    574.40,05-JAN-2026,    272.75,04-MAR-2025
CSLFINANCE,EQ,    380.20,09-JUN-2025,    227.45,07-APR-2025
CTE,EQ,    103.00,13-JAN-2025,     34.11,28-MAR-2025
CUB,EQ,    302.20,30-DEC-2025,    142.91,27-MAR-2025
CUBEXTUB,EQ,    143.69,30-DEC-2025,     67.11,09-MAY-2025
CUMMINSIND,EQ,   4615.00,12-DEC-2025,   2580.00,07-APR-2025
CUPID,EQ,    526.95,02-JAN-2026,     55.75,07-APR-2025
CYBERMEDIA,EQ,     25.28,20-JAN-2025,     11.00,01-APR-2025
CYBERTECH,EQ,    274.80,03-OCT-2025,    125.12,07-APR-2025
CYIENT,EQ,   1807.00,23-JAN-2025,   1076.30,30-DEC-2025
CYIENTDLM,EQ,    619.95,21-JAN-2025,    378.60,07-APR-2025
DABUR,EQ,    577.00,04-SEP-2025,    433.30,07-APR-2025
DALBHARAT,EQ,   2496.30,17-SEP-2025,   1601.00,12-MAR-2025
DALMIASUG,EQ,    464.90,14-MAY-2025,    275.45,12-JAN-2026
DAMCAPITAL,EQ,    361.40,13-JAN-2025,    195.55,07-APR-2025
DAMODARIND,EQ,     41.98,13-JAN-2025,     26.55,12-JAN-2026
DANGEE,EQ,      7.14,13-JAN-2025,      3.40,12-JAN-2026
DATAMATICS,EQ,   1120.00,07-AUG-2025,    522.00,07-APR-2025
DATAPATTNS,EQ,   3268.80,06-JUN-2025,   1351.15,03-MAR-2025
DAVANGERE,EQ,      6.36,22-JAN-2025,      3.03,10-OCT-2025
DBCORP,EQ,    291.85,01-JUL-2025,    189.05,12-FEB-2025
DBEIL,EQ,    185.60,29-SEP-2025,    101.64,12-JAN-2026
DBL,EQ,    585.00,24-SEP-2025,    363.15,28-JAN-2025
DBOL,EQ,    109.61,20-JAN-2025,     57.34,17-MAR-2025
DBREALTY,EQ,    252.67,09-JUL-2025,    107.52,12-JAN-2026
DBSTOCKBRO,EQ,     48.48,14-JAN-2025,     23.92,23-DEC-2025
DCAL,EQ,    321.95,23-SEP-2025,    178.00,07-MAY-2025
DCBBANK,EQ,    190.50,02-DEC-2025,    101.41,03-MAR-2025
DCI,EQ,    364.35,20-JAN-2025,    201.35,31-JUL-2025
DCM,EQ,    136.00,11-JUL-2025,     86.20,13-JAN-2026
DCMFINSERV,EQ,      9.21,23-MAY-2025,      4.41,29-DEC-2025
DCMNVL,EQ,    210.88,17-JAN-2025,    122.81,18-DEC-2025
DCMSHRIRAM,EQ,   1502.30,24-JUL-2025,    902.60,04-MAR-2025
DCMSRIND,EQ,    194.00,06-MAY-2025,     44.80,13-JAN-2026
DCW,EQ,     90.36,22-APR-2025,     51.26,09-DEC-2025
DCXINDIA,EQ,    378.00,21-JAN-2025,    153.60,18-DEC-2025
DDEVPLSTIK,EQ,    360.00,06-OCT-2025,    212.55,04-MAR-2025
DECCANCE,EQ,   1164.90,11-SEP-2025,    577.95,17-FEB-2025
DEEDEV,EQ,    336.20,02-JUL-2025,    167.00,18-FEB-2025
DEEPAKFERT,EQ,   1778.60,03-JUL-2025,    888.90,03-MAR-2025
DEEPAKNTR,EQ,   2405.00,21-JAN-2025,   1514.00,04-DEC-2025
DEEPINDS,EQ,    595.00,20-JAN-2025,    376.60,13-JAN-2026
DELHIVERY,EQ,    490.00,04-NOV-2025,    236.53,13-MAR-2025
DELPHIFX,EQ,    264.00,08-JAN-2026,    102.02,28-MAR-2025
DELTACORP,EQ,    118.02,13-JAN-2025,     65.31,12-JAN-2026
DELTAMAGNT,EQ,    115.99,10-JUN-2025,     55.01,08-MAY-2025
DEN,EQ,     42.60,16-JUL-2025,     28.14,07-APR-2025
DENORA,EQ,   1175.00,14-JAN-2025,    630.75,12-JAN-2026
DENTA,EQ,    479.60,07-OCT-2025,    251.25,07-APR-2025
DEVIT,EQ,     71.18,21-JAN-2025,     30.10,31-DEC-2025
DEVX,EQ,     64.05,17-SEP-2025,     37.82,12-JAN-2026
DEVYANI,EQ,    198.87,15-JAN-2025,    122.25,18-DEC-2025
DGCONTENT,EQ,     64.40,14-JAN-2025,     28.51,25-NOV-2025
DHAMPURSUG,EQ,    170.99,20-JAN-2025,    110.00,07-APR-2025
DHANBANK,EQ,     33.50,03-JUN-2025,     22.00,28-JAN-2025
DHANUKA,EQ,   1975.00,01-AUG-2025,   1068.00,13-JAN-2026
DHARMAJ,EQ,    386.50,25-AUG-2025,    165.10,17-FEB-2025
DHRUV,EQ,    158.03,28-JAN-2025,     41.34,08-JAN-2026
DHUNINV,EQ,   2055.15,10-FEB-2025,   1080.00,09-DEC-2025
DIACABS,EQ,    183.50,17-JUL-2025,     81.50,18-FEB-2025
DIAMINESQ,EQ,    497.80,24-JAN-2025,    251.15,06-NOV-2025
DIAMONDYD,EQ,   1295.70,16-APR-2025,    889.20,12-AUG-2025
DICIND,EQ,    748.00,10-MAR-2025,    461.10,13-JAN-2026
DIFFNKG,EQ,    418.20,11-SEP-2025,    231.85,30-APR-2025
DIGIDRIVE,EQ,     43.90,17-JAN-2025,     24.65,08-DEC-2025
DIGISPICE,EQ,     35.50,16-SEP-2025,     17.09,07-APR-2025
DIGITIDE,EQ,    279.69,23-JUL-2025,    117.93,12-JAN-2026
DIGJAMLMTD,EQ,     59.75,15-SEP-2025,     31.46,03-MAR-2025
DISHTV,EQ,      9.28,21-JAN-2025,      3.78,13-JAN-2026
DIVGIITTS,EQ,    700.00,25-SEP-2025,    410.10,07-APR-2025
DIVIDEND,EQ,     37.75,05-JAN-2026,     35.31,19-DEC-2025
DIVISLAB,EQ,   7071.50,08-JUL-2025,   4955.00,07-APR-2025
DIVOPPBEES,EQ,     85.74,23-DEC-2025,     68.30,07-APR-2025
DIXON,EQ,  18471.00,25-SEP-2025,  11180.00,13-JAN-2026
DJML,EQ,    169.00,17-JAN-2025,     52.00,11-DEC-2025
DLF,EQ,    886.80,09-JUN-2025,    601.20,07-APR-2025
DLINKINDIA,EQ,    589.55,09-JUL-2025,    349.45,03-MAR-2025
DMART,EQ,   4949.50,04-SEP-2025,   3340.00,03-MAR-2025
DMCC,EQ,    389.65,21-JAN-2025,    227.65,13-JAN-2026
DNAMEDIA,EQ,      7.17,13-JAN-2025,      3.25,12-JAN-2026
DODLA,EQ,   1525.00,15-JUL-2025,    965.50,28-FEB-2025
DOLATALGO,EQ,    111.75,13-JAN-2025,     68.00,17-MAR-2025
DOLLAR,EQ,    453.95,13-JAN-2025,    328.80,12-JAN-2026
DOLPHIN,EQ,    550.00,13-JAN-2025,    201.00,25-FEB-2025
DOMS,EQ,   3064.60,22-APR-2025,   2092.30,28-JAN-2025
DONEAR,EQ,    155.95,16-JAN-2025,     85.00,12-JAN-2026
DPABHUSHAN,EQ,   1895.00,07-FEB-2025,   1290.00,03-MAR-2025
DPSCLTD,EQ,     16.41,21-JAN-2025,      8.49,12-JAN-2026
DPWIRES,EQ,    331.90,21-JAN-2025,    185.65,13-JAN-2026
DRCSYSTEMS,EQ,     33.50,06-FEB-2025,     16.15,20-MAY-2025
DREAMFOLKS,EQ,    390.00,01-FEB-2025,     99.30,29-SEP-2025
DREDGECORP,EQ,   1116.00,13-JAN-2026,    495.00,07-APR-2025
DRREDDY,EQ,   1379.70,12-JUN-2025,   1020.00,07-APR-2025
DSSL,EQ,   1409.95,13-JAN-2025,    820.55,30-SEP-2025
DTIL,EQ,    278.00,21-JAN-2025,    146.32,17-OCT-2025
DUCON,EQ,      7.89,20-JAN-2025,      2.81,12-JAN-2026
DVL,EQ,    402.00,10-FEB-2025,    259.85,12-JAN-2026
DWARKESH,EQ,     55.50,21-JAN-2025,     34.23,12-JAN-2026
DYCL,EQ,    526.75,11-JUL-2025,    227.50,07-APR-2025
DYNAMATECH,EQ,  10039.50,26-DEC-2025,   5444.15,07-APR-2025
DYNPRO,EQ,    415.80,25-AUG-2025,    225.40,13-JAN-2026
E2E,EQ,   4100.00,14-JAN-2025,   1710.05,12-MAR-2025
EASEMYTRIP,EQ,     14.97,14-JAN-2025,      6.88,12-JAN-2026
EBANKNIFTY,EQ,     62.10,01-DEC-2025,     47.00,07-APR-2025
EBBETF0430,EQ,   1611.59,12-JAN-2026,   1232.00,29-AUG-2025
EBBETF0431,EQ,   1410.12,13-AUG-2025,   1284.56,14-JAN-2025
EBBETF0433,EQ,   1315.12,06-JAN-2026,   1179.34,15-JAN-2025
EBGNG,EQ,    401.70,18-SEP-2025,    272.00,12-JAN-2026
ECAPINSURE,EQ,     26.77,03-JUN-2025,     17.13,07-APR-2025
ECLERX,EQ,   4959.00,03-DEC-2025,   2168.00,07-APR-2025
ECOSMOBLTY,EQ,    358.40,23-JUL-2025,    165.00,07-APR-2025
EDELWEISS,EQ,    123.50,27-OCT-2025,     73.50,07-MAY-2025
EFCIL,EQ,    357.00,20-AUG-2025,    252.50,05-DEC-2025
EGOLD,EQ,    161.30,31-DEC-2025,     79.00,14-JAN-2025
EICHERMOT,EQ,   7613.50,09-JAN-2026,   4646.00,17-FEB-2025
EIDPARRY,EQ,   1246.80,31-JUL-2025,    639.00,03-MAR-2025
EIEL,EQ,    306.40,18-JUL-2025,    181.11,12-JAN-2026
EIFFL,EQ,    305.90,12-JAN-2026,    167.75,24-JAN-2025
EIHAHOTELS,EQ,    434.90,09-SEP-2025,    304.00,03-MAR-2025
EIHOTEL,EQ,    434.80,09-SEP-2025,    305.00,18-FEB-2025
EIMCOELECO,EQ,   3019.90,07-JUL-2025,   1301.00,07-APR-2025
EKC,EQ,    170.68,20-JAN-2025,    103.00,07-APR-2025
ELDEHSG,EQ,   1044.10,01-JAN-2026,    658.10,07-APR-2025
ELECON,EQ,    716.25,03-JUN-2025,    376.95,04-MAR-2025
ELECTCAST,EQ,    138.75,26-JUN-2025,     66.10,08-DEC-2025
ELECTHERM,EQ,   1280.40,24-JUN-2025,    673.35,11-FEB-2025
ELGIEQUIP,EQ,    608.40,24-JUL-2025,    401.00,09-APR-2025
ELGIRUBCO,EQ,    119.62,20-JAN-2025,     39.25,12-JAN-2026
ELIN,EQ,    234.00,23-SEP-2025,    108.21,03-MAR-2025
ELIQUID,EQ,   1026.47,13-OCT-2025,    996.00,13-OCT-2025
ELLEN,EQ,    637.70,14-JUL-2025,    277.00,13-JAN-2026
ELM250,EQ,     19.20,09-SEP-2025,     15.89,30-SEP-2025
EMAMILTD,EQ,    653.35,06-MAY-2025,    498.45,10-NOV-2025
EMAMIPAP,EQ,    122.00,26-AUG-2025,     80.65,12-JAN-2026
EMAMIREAL,EQ,    135.99,04-APR-2025,     72.87,19-FEB-2025
EMCURE,EQ,   1568.30,12-JAN-2026,    889.00,07-APR-2025
EMIL,EQ,    168.50,22-SEP-2025,     92.28,12-JAN-2026
EMKAY,EQ,    409.90,24-SEP-2025,    168.00,18-MAR-2025
EMMBI,EQ,    144.68,16-JAN-2025,     79.96,07-APR-2025
EMMVEE,EQ,    248.40,03-DEC-2025,    171.51,18-DEC-2025
EMSLIMITED,EQ,    875.00,21-JAN-2025,    384.45,13-JAN-2026
EMUDHRA,EQ,    990.00,20-JAN-2025,    534.85,12-JAN-2026
EMULTIMQ,EQ,     44.97,01-JUL-2025,     34.71,03-MAR-2025
ENDURANCE,EQ,   3079.90,09-SEP-2025,   1675.00,04-MAR-2025
ENERGY,EQ,     40.00,13-NOV-2025,     33.92,12-JAN-2026
ENGINERSIN,EQ,    255.45,11-JUL-2025,    142.20,03-MAR-2025
ENIFTY,EQ,     27.22,02-DEC-2025,     25.45,12-JAN-2026
ENIL,EQ,    174.58,28-AUG-2025,    109.95,24-DEC-2025
ENRIN,EQ,   3625.00,23-SEP-2025,   2321.20,12-JAN-2026
ENTERO,EQ,   1563.90,05-FEB-2025,    944.00,29-DEC-2025
EPACK,EQ,    559.80,13-JAN-2025,    245.65,09-DEC-2025
EPACKPEB,EQ,    344.00,07-NOV-2025,    179.32,07-OCT-2025
EPIGRAL,EQ,   2114.00,30-JUL-2025,   1110.00,12-JAN-2026
EPL,EQ,    261.37,12-FEB-2025,    175.28,07-APR-2025
EQUAL200,EQ,     13.96,05-DEC-2025,     11.03,07-APR-2025
EQUAL50,EQ,    341.70,12-JAN-2026,    303.44,15-MAY-2025
EQUAL50ADD,EQ,    351.10,23-OCT-2025,    280.01,07-APR-2025
EQUITASBNK,EQ,     75.50,17-JAN-2025,     50.00,01-SEP-2025
ERIS,EQ,   1910.00,12-JUN-2025,   1097.20,07-APR-2025
ESABINDIA,EQ,   6425.00,11-DEC-2025,   4133.05,07-APR-2025
ESAFSFB,EQ,     38.78,17-JAN-2025,     24.31,27-MAR-2025
ESCORTS,EQ,   4180.00,04-SEP-2025,   2776.40,13-JUN-2025
ESENSEX,EQ,     88.05,27-NOV-2025,     83.16,12-JAN-2026
ESG,EQ,     45.06,05-JAN-2026,     36.00,07-APR-2025
ESILVER,EQ,    263.50,13-JAN-2026,     86.27,07-APR-2025
ESSENTIA,EQ,      3.31,17-JAN-2025,      1.43,13-JAN-2026
ESTER,EQ,    173.01,06-FEB-2025,     90.00,12-JAN-2026
ETERNAL,EQ,    368.45,16-OCT-2025,    194.80,07-APR-2025
ETHOSLTD,EQ,   3245.90,27-NOV-2025,   1923.08,07-APR-2025
EUREKAFORB,EQ,    668.30,28-NOV-2025,    461.50,18-FEB-2025
EUROBOND,EQ,    254.50,19-AUG-2025,    144.85,11-MAR-2025
EUROPRATIK,EQ,    390.00,17-NOV-2025,    225.00,29-SEP-2025
EVEREADY,EQ,    475.20,05-SEP-2025,    272.30,09-APR-2025
EVERESTIND,EQ,    750.00,24-SEP-2025,    420.00,08-APR-2025
EVIETF,EQ,     33.75,18-SEP-2025,     23.56,07-JUL-2025
EVINDIA,EQ,     32.56,09-JAN-2026,     23.83,07-APR-2025
EXCEL,EQ,      1.74,17-SEP-2025,       .65,11-JUN-2025
EXCELINDUS,EQ,   1440.00,30-JUL-2025,    799.10,03-MAR-2025
EXCELSOFT,EQ,    142.59,26-NOV-2025,     81.84,12-JAN-2026
EXICOM,EQ,    245.38,21-JAN-2025,    101.41,09-DEC-2025
EXIDEIND,EQ,    431.00,10-SEP-2025,    328.00,07-APR-2025
EXPLEOSOL,EQ,   1370.90,01-JUL-2025,    735.35,07-APR-2025
FABTECH,EQ,    262.80,28-OCT-2025,    173.28,08-OCT-2025
FACT,EQ,   1112.00,05-JUN-2025,    565.00,07-APR-2025
FAIRCHEMOR,EQ,   1225.00,24-JAN-2025,    541.55,13-NOV-2025
FAZE3Q,EQ,    747.95,24-JUL-2025,    317.75,03-MAR-2025
FCL,EQ,     35.79,03-NOV-2025,     20.70,07-APR-2025
FCSSOFT,EQ,      3.42,21-FEB-2025,      1.57,18-DEC-2025
FDC,EQ,    527.80,19-SEP-2025,    366.25,03-MAR-2025
FEDERALBNK,EQ,    271.10,22-DEC-2025,    172.66,03-MAR-2025
FEDFINA,EQ,    167.10,06-JAN-2026,     80.00,07-APR-2025
FIBERWEB,EQ,     59.26,23-JUN-2025,     32.00,12-JAN-2026
FIEMIND,EQ,   2445.00,22-DEC-2025,   1255.10,07-APR-2025
FILATEX,EQ,     66.10,04-NOV-2025,     34.00,07-APR-2025
FILATFASH,EQ,       .74,09-JUL-2025,       .25,31-DEC-2025
FINCABLES,EQ,   1083.00,17-JAN-2025,    707.30,09-DEC-2025
FINEORG,EQ,   5494.00,15-JUL-2025,   3407.00,28-FEB-2025
FINIETF,EQ,     33.66,08-DEC-2025,     24.13,28-JAN-2025
FINKURVE,EQ,    134.90,06-OCT-2025,     86.00,12-JAN-2026
FINOPB,EQ,    339.00,21-OCT-2025,    200.00,04-MAR-2025
FINPIPE,EQ,    238.00,18-JUN-2025,    153.92,07-APR-2025
FIRSTCRY,EQ,    540.00,13-JAN-2025,    267.05,13-JAN-2026
FISCHER,EQ,    124.70,24-SEP-2025,     36.29,13-JAN-2026
FIVESTAR,EQ,    850.00,23-APR-2025,    498.95,12-JAN-2026
FLAIR,EQ,    357.00,30-JUL-2025,    194.03,11-MAR-2025
FLEXIADD,EQ,     11.90,16-OCT-2025,     10.44,12-JAN-2026
FLEXITUFF,EQ,     63.08,13-JAN-2025,     11.57,13-JAN-2026
FLUOROCHEM,EQ,   4083.55,28-MAR-2025,   3220.60,07-APR-2025
FMCGIETF,EQ,     62.30,04-SEP-2025,     53.00,01-JUL-2025
FMGOETZE,EQ,    622.00,01-JUL-2025,    308.00,12-MAR-2025
FMNL,EQ,     25.44,13-JAN-2025,      8.06,13-JAN-2026
FOCUS,EQ,    126.15,12-JUN-2025,     63.78,17-MAR-2025
FOODSIN,EQ,    128.45,26-JUN-2025,     63.01,12-JAN-2026
FORCEMOT,EQ,  21990.00,21-AUG-2025,   6125.00,28-JAN-2025
FORTIS,EQ,   1104.30,17-OCT-2025,    577.00,28-JAN-2025
FOSECOIND,EQ,   6846.00,08-SEP-2025,   3205.00,28-FEB-2025
FSL,EQ,    403.80,25-JUN-2025,    270.00,07-APR-2025
FUSION,EQ,    211.80,25-JUN-2025,    123.96,07-APR-2025
GABRIEL,EQ,   1388.00,08-OCT-2025,    387.00,28-JAN-2025
GAEL,EQ,    142.70,13-JAN-2026,     98.72,03-MAR-2025
GAIL,EQ,    202.79,12-JUN-2025,    150.52,04-MAR-2025
GALAPREC,EQ,   1214.75,16-JAN-2025,    685.05,08-DEC-2025
GALAXYSURF,EQ,   2750.10,30-JUL-2025,   1868.00,13-JAN-2026
GALLANTT,EQ,    802.25,05-AUG-2025,    292.05,29-JAN-2025
GANDHAR,EQ,    202.90,16-JAN-2025,    120.56,09-DEC-2025
GANDHITUBE,EQ,   1031.80,08-SEP-2025,    585.50,03-MAR-2025
GANECOS,EQ,   1923.85,03-FEB-2025,    775.00,13-JAN-2026
GANESHBE,EQ,    148.49,20-JAN-2025,     76.02,12-JAN-2026
GANESHCP,EQ,    309.95,06-OCT-2025,    195.10,12-JAN-2026
GANESHHOU,EQ,   1485.00,06-FEB-2025,    717.30,13-JAN-2026
GANGAFORGE,EQ,      7.42,21-JAN-2025,      2.70,04-DEC-2025
GANGESSECU,EQ,    191.80,16-JAN-2025,    125.00,03-MAR-2025
GARFIBRES,EQ,    985.55,27-MAR-2025,    637.20,12-JAN-2026
GARUDA,EQ,    249.30,07-NOV-2025,     87.50,09-MAY-2025
GATECH,EQ,      1.21,10-JUN-2025,       .44,13-AUG-2025
GATECHDVR,EQ,      1.16,17-APR-2025,       .42,13-AUG-2025
GATEWAY,EQ,     81.74,21-JAN-2025,     56.01,13-JAN-2026
GEECEE,EQ,    465.00,05-FEB-2025,    306.15,12-JAN-2026
GEEKAYWIRE,EQ,     47.58,16-JAN-2025,     29.65,25-NOV-2025
GEMAROMA,EQ,    349.60,26-AUG-2025,    133.00,09-DEC-2025
GENCON,EQ,     55.92,07-OCT-2025,     21.96,27-MAR-2025
GENESYS,EQ,   1055.00,20-JAN-2025,    374.05,13-JAN-2026
GENUSPAPER,EQ,     22.01,02-JUL-2025,     12.01,30-DEC-2025
GENUSPOWER,EQ,    430.00,02-JUN-2025,    236.85,13-MAR-2025
GEOJITFSL,EQ,    106.75,16-JAN-2025,     60.73,17-MAR-2025
GESHIP,EQ,   1179.00,12-NOV-2025,    797.50,04-MAR-2025
GFLLIMITED,EQ,     81.00,21-OCT-2025,     48.70,07-APR-2025
GHCL,EQ,    779.00,31-JAN-2025,    511.05,07-APR-2025
GHCLTEXTIL,EQ,    100.00,03-FEB-2025,     65.00,07-APR-2025
GICHSGFIN,EQ,    206.00,17-JUL-2025,    156.01,03-MAR-2025
GICRE,EQ,    458.70,21-JAN-2025,    351.00,04-MAR-2025
GILLANDERS,EQ,    151.90,01-AUG-2025,     91.62,18-MAR-2025
GILLETTE,EQ,  11500.00,15-JUL-2025,   7411.65,17-FEB-2025
GILT10BETA,EQ,     26.99,06-JAN-2026,     24.22,13-JAN-2025
GILT5BETA,EQ,     65.00,08-OCT-2025,     58.85,13-JAN-2025
GILT5YBEES,EQ,     71.00,28-FEB-2025,     57.60,31-JAN-2025
GINNIFILA,EQ,     57.80,11-AUG-2025,     19.01,28-MAR-2025
GIPCL,EQ,    223.90,09-JUL-2025,    140.02,09-DEC-2025
GKENERGY,EQ,    239.60,23-OCT-2025,    129.00,09-DEC-2025
GKSL,EQ,    123.00,30-DEC-2025,    100.00,07-JAN-2026
GKWLIMITED,EQ,   2450.00,21-JAN-2025,   1371.00,18-MAR-2025
GLAND,EQ,   2131.00,29-JUL-2025,   1277.80,07-APR-2025
GLAXO,EQ,   3515.70,05-JUN-2025,   1921.00,03-FEB-2025
GLENMARK,EQ,   2284.80,11-JUL-2025,   1275.50,28-FEB-2025
GLOBALE,EQ,     28.50,13-JAN-2025,     10.50,08-DEC-2025
GLOBALVECT,EQ,    311.40,06-FEB-2025,    181.01,12-JAN-2026
GLOBE,EQ,      4.52,17-JAN-2025,      2.02,28-AUG-2025
GLOBECIVIL,EQ,     95.00,23-JUL-2025,     50.00,12-JAN-2026
GLOBUSSPR,EQ,   1303.20,31-JUL-2025,    751.00,14-JAN-2025
GLOSTERLTD,EQ,    830.00,02-JUL-2025,    532.95,03-MAR-2025
GLOTTIS,EQ,     93.00,07-OCT-2025,     53.42,12-JAN-2026
GMBREW,EQ,   1328.80,06-JAN-2026,    579.95,03-MAR-2025
GMDCLTD,EQ,    651.00,10-OCT-2025,    226.59,03-MAR-2025
GMMPFAUDLR,EQ,   1418.00,01-AUG-2025,    991.10,07-APR-2025
GMRAIRPORT,EQ,    110.36,02-DEC-2025,     67.75,28-FEB-2025
GMRP&UI,EQ,    141.01,22-APR-2025,     89.36,03-MAR-2025
GNA,EQ,    411.70,14-JAN-2025,    271.05,07-APR-2025
GNFC,EQ,    584.70,05-FEB-2025,    449.00,03-MAR-2025
GOACARBON,EQ,    663.45,16-JAN-2025,    370.45,12-JAN-2026
GOCLCORP,EQ,    417.50,10-JUN-2025,    245.00,07-APR-2025
GOCOLORS,EQ,   1006.15,20-JAN-2025,    401.85,13-JAN-2026
GODAVARIB,EQ,    348.70,24-JUL-2025,    145.00,28-MAR-2025
GODFRYPHLP,EQ,   3947.00,16-SEP-2025,   1370.82,28-JAN-2025
GODIGIT,EQ,    381.40,24-SEP-2025,    264.60,07-APR-2025
GODREJAGRO,EQ,    876.35,24-JUL-2025,    538.10,12-JAN-2026
GODREJCP,EQ,   1309.00,04-SEP-2025,    979.50,04-MAR-2025
GODREJIND,EQ,   1390.00,06-JUN-2025,    766.00,17-FEB-2025
GODREJPROP,EQ,   2522.00,05-FEB-2025,   1857.80,13-JAN-2026
GOKEX,EQ,   1136.95,15-JAN-2025,    595.00,13-JAN-2026
GOKUL,EQ,     60.99,13-JAN-2025,     36.21,21-NOV-2025
GOKULAGRO,EQ,    221.50,01-DEC-2025,     96.55,07-APR-2025
GOLD1,EQ,    119.00,13-JAN-2026,     66.02,14-JAN-2025
GOLD360,EQ,    154.95,09-JAN-2026,     78.20,19-JUN-2025
GOLDADD,EQ,    137.53,13-JAN-2026,     76.21,14-JAN-2025
GOLDBEES,EQ,    117.14,13-JAN-2026,     65.70,14-JAN-2025
GOLDBETA,EQ,    119.90,13-JAN-2026,     66.20,14-JAN-2025
GOLDBND,EQ,    144.00,13-JAN-2026,    127.96,15-DEC-2025
GOLDCASE,EQ,     22.70,13-JAN-2026,     11.25,15-JAN-2025
GOLDETF,EQ,    139.89,26-DEC-2025,     76.59,15-JAN-2025
GOLDIAM,EQ,    569.00,16-JAN-2025,    251.35,07-APR-2025
GOLDIETF,EQ,    124.50,12-JAN-2026,     67.39,14-JAN-2025
GOLDTECH,EQ,     80.44,01-JUL-2025,     45.35,10-DEC-2025
GOODLUCK,EQ,   1349.00,03-OCT-2025,    567.75,18-FEB-2025
GOPAL,EQ,    398.00,10-SEP-2025,    255.90,17-MAR-2025
GPIL,EQ,    290.00,29-OCT-2025,    145.75,03-MAR-2025
GPPL,EQ,    200.09,08-JAN-2026,    122.50,03-MAR-2025
GPTHEALTH,EQ,    185.00,05-AUG-2025,    126.10,04-MAR-2025
GPTINFRA,EQ,    149.80,30-MAY-2025,     84.48,05-MAR-2025
GRANULES,EQ,    627.00,07-JAN-2026,    422.00,09-APR-2025
GRAPHITE,EQ,    685.00,06-JAN-2026,    365.75,04-MAR-2025
GRASIM,EQ,   2977.80,29-OCT-2025,   2276.95,13-JAN-2025
GRAVITA,EQ,   2259.95,21-JAN-2025,   1379.65,07-APR-2025
GREAVESCOT,EQ,    305.85,06-FEB-2025,    168.25,07-APR-2025
GREENLAM,EQ,    300.00,21-JAN-2025,    197.42,05-MAY-2025
GREENPANEL,EQ,    395.00,06-FEB-2025,    202.81,07-APR-2025
GREENPLY,EQ,    351.95,24-JUL-2025,    232.50,12-JAN-2026
GREENPOWER,EQ,     17.30,14-JAN-2025,     10.75,13-JAN-2026
GRINDWELL,EQ,   1965.00,01-FEB-2025,   1356.05,04-MAR-2025
GRINFRA,EQ,   1444.40,10-JUN-2025,    901.00,17-MAR-2025
GRMOVER,EQ,    185.45,24-DEC-2025,     58.63,13-JAN-2025
GROBTEA,EQ,   1359.90,09-JUN-2025,    747.00,05-MAR-2025
GROWW,EQ,    193.80,18-NOV-2025,    112.00,12-NOV-2025
GROWWCAPM,EQ,     11.78,05-DEC-2025,      9.40,31-DEC-2025
GROWWDEFNC,EQ,     93.89,19-MAY-2025,     49.83,03-MAR-2025
GROWWEV,EQ,     32.38,05-JAN-2026,     23.00,07-APR-2025
GROWWGOLD,EQ,    138.48,13-JAN-2026,     76.80,15-JAN-2025
GROWWLIQID,EQ,    108.34,06-JAN-2026,    100.00,12-MAY-2025
GROWWLOVOL,EQ,     11.50,26-JUN-2025,      9.00,18-JUN-2025
GROWWMC150,EQ,    228.75,07-JAN-2026,    215.48,09-DEC-2025
GROWWMETAL,EQ,     11.69,06-JAN-2026,     10.03,30-DEC-2025
GROWWMOM50,EQ,     12.00,10-JUN-2025,      9.11,02-MAY-2025
GROWWN200,EQ,     12.45,07-APR-2025,      9.00,10-MAR-2025
GROWWNET,EQ,     12.14,23-JUL-2025,      9.17,14-JUL-2025
GROWWNIFTY,EQ,     11.00,18-SEP-2025,      9.50,12-AUG-2025
GROWWNXT50,EQ,     72.25,01-DEC-2025,     64.00,28-AUG-2025
GROWWPOWER,EQ,     11.30,08-DEC-2025,      9.36,12-JAN-2026
GROWWRAIL,EQ,     43.66,19-MAY-2025,     28.72,07-APR-2025
GROWWRLTY,EQ,     11.30,12-NOV-2025,      9.52,13-JAN-2026
GROWWSC250,EQ,     10.47,30-OCT-2025,      9.17,12-JAN-2026
GROWWSLVR,EQ,    257.00,13-JAN-2026,     94.20,23-MAY-2025
GRPLTD,EQ,   3304.05,22-JAN-2025,   1604.10,08-DEC-2025
GRSE,EQ,   3538.40,23-JUN-2025,   1184.90,03-MAR-2025
GRWRHITECH,EQ,   4782.90,30-MAY-2025,   2317.35,09-APR-2025
GSEC10ABSL,EQ,    111.10,26-NOV-2025,    102.66,15-JAN-2025
GSEC10IETF,EQ,    265.36,18-JUL-2025,    240.30,14-JAN-2025
GSEC10YEAR,EQ,     31.00,26-MAR-2025,     27.26,13-JAN-2025
GSEC5IETF,EQ,     66.70,01-AUG-2025,     58.01,13-JAN-2025
GSFC,EQ,    220.59,04-SEP-2025,    158.30,03-MAR-2025
GSPL,EQ,    387.00,17-JAN-2025,    261.45,04-MAR-2025
GSS,EQ,     59.90,20-FEB-2025,     15.19,12-JAN-2026
GTECJAINX,EQ,     37.80,21-JAN-2025,     18.30,13-JAN-2026
GTL,EQ,     13.00,12-JUN-2025,      7.54,12-JAN-2026
GTLINFRA,EQ,      2.17,12-JUN-2025,      1.13,12-JAN-2026
GTPL,EQ,    135.90,20-JAN-2025,     88.00,13-JAN-2026
GUFICBIO,EQ,    485.80,14-JAN-2025,    298.80,07-APR-2025
GUJALKALI,EQ,    752.55,17-JAN-2025,    467.00,12-JAN-2026
GUJAPOLLO,EQ,    556.00,26-AUG-2025,    246.55,04-MAR-2025
GUJGASLTD,EQ,    508.70,03-JUL-2025,    360.25,03-MAR-2025
GUJTHEM,EQ,    479.00,27-OCT-2025,    208.00,03-MAR-2025
GULFOILLUB,EQ,   1331.90,01-JUL-2025,    911.00,07-APR-2025
GULFPETRO,EQ,     56.20,21-JAN-2025,     32.91,11-DEC-2025
GULPOLY,EQ,    224.47,05-FEB-2025,    129.50,09-DEC-2025
GVPIL,EQ,    394.00,19-AUG-2025,    205.25,07-APR-2025
GVPTECH,EQ,     12.00,30-JUN-2025,      7.61,13-MAR-2025
GVT&D,EQ,   3323.80,03-NOV-2025,   1254.00,09-APR-2025
HAL,EQ,   5165.00,16-MAY-2025,   3046.05,03-MAR-2025
HAPPSTMNDS,EQ,    773.70,11-FEB-2025,    428.15,13-JAN-2026
HAPPYFORGE,EQ,   1193.60,05-JAN-2026,    724.10,07-APR-2025
HARIOMPIPE,EQ,    572.20,22-SEP-2025,    320.35,17-MAR-2025
HARRMALAYA,EQ,    299.00,17-JAN-2025,    156.52,26-DEC-2025
HARSHA,EQ,    470.00,13-JAN-2025,    329.95,07-APR-2025
HATHWAY,EQ,     17.98,16-JUL-2025,     11.80,12-JAN-2026
HATSUN,EQ,   1179.00,28-OCT-2025,    859.55,07-MAY-2025
HAVELLS,EQ,   1712.85,03-FEB-2025,   1380.00,10-DEC-2025
HAVISHA,EQ,      3.05,12-JUN-2025,      1.52,05-DEC-2025
HBLENGINE,EQ,   1122.00,10-NOV-2025,    405.00,17-MAR-2025
HCC,EQ,     31.42,11-JUN-2025,     16.92,16-DEC-2025
HCG,EQ,    804.65,24-OCT-2025,    472.55,17-FEB-2025
HCL-INSYS,EQ,     24.50,20-MAY-2025,     11.80,07-APR-2025
HCLTECH,EQ,   2012.20,13-JAN-2025,   1302.75,07-APR-2025
HDBFS,EQ,    891.90,03-JUL-2025,    705.05,07-NOV-2025
HDFCAMC,EQ,   2967.25,16-OCT-2025,   1781.53,12-FEB-2025
HDFCBANK,EQ,   1020.50,23-OCT-2025,    812.15,13-JAN-2025
HDFCBSE500,EQ,     39.55,28-JUL-2025,     31.14,07-APR-2025
HDFCGOLD,EQ,    120.90,29-DEC-2025,     67.71,13-JAN-2025
HDFCGROWTH,EQ,    133.30,07-JAN-2026,    103.11,07-APR-2025
HDFCLIFE,EQ,    820.75,30-JUN-2025,    584.30,15-JAN-2025
HDFCLIQUID,EQ,   1045.47,21-JUL-2025,    990.00,24-MAR-2025
HDFCLOWVOL,EQ,     23.00,16-JUN-2025,     17.70,12-MAR-2025
HDFCMID150,EQ,     23.39,07-JAN-2026,     17.51,18-FEB-2025
HDFCMOMENT,EQ,     33.23,23-OCT-2025,     25.50,07-APR-2025
HDFCNEXT50,EQ,     73.00,23-SEP-2025,     57.00,03-MAR-2025
HDFCNIF100,EQ,     29.00,19-SEP-2025,     21.15,15-MAY-2025
HDFCNIFBAN,EQ,     62.30,09-DEC-2025,     48.51,18-MAR-2025
HDFCNIFIT,EQ,     46.35,13-JAN-2025,     32.24,07-APR-2025
HDFCNIFTY,EQ,    301.88,02-DEC-2025,    240.55,07-APR-2025
HDFCPSUBK,EQ,     90.13,06-JAN-2026,     55.68,03-MAR-2025
HDFCPVTBAN,EQ,     29.97,23-OCT-2025,     23.66,13-JAN-2025
HDFCQUAL,EQ,     61.50,07-JAN-2026,     49.53,04-MAR-2025
HDFCSENSEX,EQ,     98.48,08-DEC-2025,     80.55,07-APR-2025
HDFCSILVER,EQ,    252.49,13-JAN-2026,     85.67,07-APR-2025
HDFCSML250,EQ,    183.18,11-JUL-2025,    135.21,03-MAR-2025
HDFCVALUE,EQ,    143.11,21-JAN-2025,    117.50,07-APR-2025
HEADSUP,EQ,     14.48,27-FEB-2025,      8.36,26-DEC-2025
HEALTHADD,EQ,    152.49,07-JAN-2026,    126.98,03-MAR-2025
HEALTHIETF,EQ,    157.19,02-DEC-2025,    128.14,04-MAR-2025
HEALTHY,EQ,     16.25,16-JUL-2025,     12.20,07-APR-2025
HECPROJECT,EQ,    184.10,25-JUN-2025,     82.01,08-APR-2025
HEG,EQ,    672.00,31-DEC-2025,    331.25,17-FEB-2025
HEIDELBERG,EQ,    242.78,27-JAN-2025,    165.12,12-JAN-2026
HEMIPROP,EQ,    190.69,03-OCT-2025,    111.03,07-APR-2025
HERANBA,EQ,    403.70,31-JUL-2025,    208.00,12-MAR-2025
HERITGFOOD,EQ,    540.00,18-SEP-2025,    352.10,07-APR-2025
HEROMOTOCO,EQ,   6388.50,05-DEC-2025,   3344.00,07-APR-2025
HESTERBIO,EQ,   2350.00,04-AUG-2025,   1242.95,28-MAR-2025
HEUBACHIND,EQ,    620.85,17-JUL-2025,    430.40,11-DEC-2025
HEXATRADEX,EQ,    245.80,20-JAN-2025,    155.15,17-DEC-2025
HEXT,EQ,    900.00,09-JUL-2025,    590.30,07-APR-2025
HFCL,EQ,    106.95,01-FEB-2025,     60.72,26-DEC-2025
HGINFRA,EQ,   1405.10,20-JAN-2025,    691.60,12-JAN-2026
HGM,EQ,     82.40,15-SEP-2025,     41.50,04-MAR-2025
HGS,EQ,    669.95,16-JAN-2025,    424.75,12-JAN-2026
HIKAL,EQ,    456.75,16-APR-2025,    209.54,12-JAN-2026
HILINFRA,EQ,    131.40,14-AUG-2025,     54.31,12-JAN-2026
HILTON,EQ,     94.62,27-JAN-2025,     29.50,12-JAN-2026
HIMATSEIDE,EQ,    184.90,21-JAN-2025,    100.54,12-JAN-2026
HINDALCO,EQ,    970.80,06-JAN-2026,    546.45,07-APR-2025
HINDCOMPOS,EQ,    537.75,10-JUN-2025,    401.75,07-APR-2025
HINDCON,EQ,     44.90,01-FEB-2025,     24.81,13-JAN-2026
HINDCOPPER,EQ,    575.00,07-JAN-2026,    183.82,07-APR-2025
HINDOILEXP,EQ,    218.80,07-FEB-2025,    135.70,20-NOV-2025
HINDPETRO,EQ,    508.45,05-JAN-2026,    287.55,03-MAR-2025
HINDUNILVR,EQ,   2750.00,04-SEP-2025,   2136.00,04-MAR-2025
HINDWAREAP,EQ,    392.70,17-OCT-2025,    177.42,18-FEB-2025
HINDZINC,EQ,    656.35,29-DEC-2025,    378.15,03-MAR-2025
HIRECT,EQ,   2108.50,20-AUG-2025,    799.00,07-APR-2025
HISARMETAL,EQ,    232.88,30-JAN-2025,    148.50,12-JAN-2026
HITECH,EQ,    146.19,16-JAN-2025,     84.40,12-JAN-2026
HITECHCORP,EQ,    242.89,21-JAN-2025,    155.37,12-JAN-2026
HLEGLAS,EQ,    661.95,03-NOV-2025,    217.83,13-MAR-2025
HLVLTD,EQ,     18.30,20-JAN-2025,      8.20,31-DEC-2025
HMAAGRO,EQ,     40.40,01-FEB-2025,     26.83,12-JAN-2026
HMVL,EQ,    103.40,19-MAY-2025,     61.76,08-DEC-2025
HNDFDS,EQ,    608.00,16-APR-2025,    421.50,07-APR-2025
HNGSNGBEES,EQ,    579.92,06-OCT-2025,    309.05,13-JAN-2025
HOMEFIRST,EQ,   1519.00,25-JUL-2025,    878.40,07-APR-2025
HONASA,EQ,    334.20,09-JUN-2025,    197.51,12-FEB-2025
HONAUT,EQ,  42100.00,24-JAN-2025,  31025.00,07-APR-2025
HONDAPOWER,EQ,   3256.00,10-JUL-2025,   1815.00,07-APR-2025
HPAL,EQ,     75.00,13-JAN-2025,     39.00,12-JAN-2026
HPIL,EQ,    175.88,31-JUL-2025,    110.40,09-MAY-2025
HPL,EQ,    639.90,15-JUL-2025,    339.00,03-MAR-2025
HSCL,EQ,    570.05,13-JAN-2025,    365.35,07-APR-2025
HTMEDIA,EQ,     28.64,06-OCT-2025,     15.10,09-MAY-2025
HUBTOWN,EQ,    365.70,25-AUG-2025,    162.05,09-MAY-2025
HUDCO,EQ,    253.73,03-JUN-2025,    158.85,03-MAR-2025
HUHTAMAKI,EQ,    272.65,23-OCT-2025,    170.56,03-MAR-2025
HYUNDAI,EQ,   2890.00,22-SEP-2025,   1541.70,07-APR-2025
IBULLSLTD,EQ,     21.25,30-OCT-2025,     11.40,20-JAN-2025
ICDSLTD,EQ,     68.49,26-MAY-2025,     37.13,21-APR-2025
ICEMAKE,EQ,   1088.75,24-APR-2025,    575.15,17-FEB-2025
ICICIAMC,EQ,   2725.20,08-JAN-2026,   2530.00,22-DEC-2025
ICICIB22,EQ,    123.24,07-JAN-2026,     93.02,03-MAR-2025
ICICIBANK,EQ,   1500.00,25-JUL-2025,   1186.00,23-JAN-2025
ICICIGI,EQ,   2068.70,01-JUL-2025,   1613.70,04-MAR-2025
ICICIPRULI,EQ,    706.80,13-JAN-2026,    525.80,07-APR-2025
ICIL,EQ,    355.50,13-FEB-2025,    213.55,07-APR-2025
ICRA,EQ,   7130.00,16-JUL-2025,   5015.10,07-APR-2025
IDBI,EQ,    118.38,05-JAN-2026,     65.89,13-JAN-2025
IDEA,EQ,     12.80,31-DEC-2025,      6.12,14-AUG-2025
IDEAFORGE,EQ,    659.85,24-JUN-2025,    304.20,07-APR-2025
IDFCFIRSTB,EQ,     87.00,02-JAN-2026,     52.46,07-APR-2025
IDFNIFTYET,EQ,    340.80,15-DEC-2025,    235.01,07-APR-2025
IEX,EQ,    215.40,09-JUN-2025,    130.26,07-AUG-2025
IFBAGRO,EQ,   1790.00,08-JAN-2026,    440.00,07-APR-2025
IFBIND,EQ,   2019.80,31-OCT-2025,   1060.00,28-FEB-2025
IFCI,EQ,     74.50,29-MAY-2025,     36.20,07-APR-2025
IFGLEXPOR,EQ,    338.00,06-OCT-2025,    163.03,18-FEB-2025
IGARASHI,EQ,    689.75,05-FEB-2025,    401.05,07-APR-2025
IGCL,EQ,    122.00,22-JUL-2025,     70.10,12-JAN-2026
IGIL,EQ,    589.85,13-JAN-2025,    282.00,12-MAR-2025
IGL,EQ,    229.00,08-JUL-2025,    172.00,16-APR-2025
IGPL,EQ,    519.80,21-JUL-2025,    366.00,12-JAN-2026
IIFL,EQ,    675.00,06-JAN-2026,    279.80,04-MAR-2025
IIFLCAPS,EQ,    411.30,07-JAN-2026,    180.00,07-APR-2025
IITL,EQ,    407.85,30-JAN-2025,    144.30,12-JAN-2026
IKIO,EQ,    304.00,21-MAR-2025,    166.00,19-FEB-2025
IKS,EQ,   1992.20,15-JAN-2025,   1236.80,07-APR-2025
IMAGICAA,EQ,     76.30,12-FEB-2025,     43.90,29-DEC-2025
IMFA,EQ,   1510.60,05-JAN-2026,    549.80,07-APR-2025
IMPAL,EQ,   1184.50,17-JUL-2025,    870.10,28-FEB-2025
INCREDIBLE,EQ,     52.87,08-SEP-2025,     28.50,03-MAR-2025
INDBANK,EQ,     47.15,07-OCT-2025,     25.50,07-APR-2025
INDGN,EQ,    681.70,21-JAN-2025,    499.00,28-FEB-2025
INDHOTEL,EQ,    858.00,25-MAR-2025,    672.60,07-NOV-2025
INDIACEM,EQ,    485.80,08-JAN-2026,    238.85,28-FEB-2025
INDIAGLYCO,EQ,   1222.00,20-NOV-2025,    503.53,03-MAR-2025
INDIAMART,EQ,   2799.00,14-JUL-2025,   1900.10,07-APR-2025
INDIANB,EQ,    894.85,18-NOV-2025,    473.90,13-JAN-2025
INDIANCARD,EQ,    384.00,20-MAY-2025,    217.50,05-MAR-2025
INDIANHUME,EQ,    479.00,04-JUL-2025,    281.05,17-FEB-2025
INDIASHLTR,EQ,   1011.75,21-JUL-2025,    607.00,04-FEB-2025
INDIGO,EQ,   6232.50,18-AUG-2025,   3945.00,22-JAN-2025
INDIGOPNTS,EQ,   1345.90,18-NOV-2025,    910.00,07-APR-2025
INDIQUBE,EQ,    243.80,22-SEP-2025,    186.00,12-JAN-2026
INDNIPPON,EQ,   1099.90,08-OCT-2025,    545.30,17-MAR-2025
INDOAMIN,EQ,    176.25,07-JUL-2025,    105.00,04-MAR-2025
INDOBORAX,EQ,    301.85,28-JUL-2025,    142.35,19-FEB-2025
INDOCO,EQ,    349.80,16-JUL-2025,    190.00,28-FEB-2025
INDOFARM,EQ,    271.69,20-OCT-2025,    136.80,07-APR-2025
INDORAMA,EQ,     75.00,03-NOV-2025,     32.00,05-MAR-2025
INDOSTAR,EQ,    366.30,01-JUL-2025,    215.05,25-NOV-2025
INDOTECH,EQ,   3489.90,13-JAN-2025,   1450.00,13-JAN-2026
INDOTHAI,EQ,    466.35,19-NOV-2025,    143.65,03-SEP-2025
INDOUS,EQ,    253.80,17-JAN-2025,    109.50,26-NOV-2025
INDOWIND,EQ,     24.80,01-FEB-2025,     13.58,18-DEC-2025
INDRAMEDCO,EQ,    640.85,06-NOV-2025,    307.25,13-MAR-2025
INDSWFTLAB,EQ,    124.00,08-JUL-2025,     68.72,09-MAY-2025
INDTERRAIN,EQ,     47.00,14-JAN-2025,     29.65,13-MAR-2025
INDUSINDBK,EQ,   1086.55,07-FEB-2025,    606.00,12-MAR-2025
INDUSTOWER,EQ,    454.95,09-JAN-2026,    312.55,03-SEP-2025
INFIBEAM,EQ,     22.31,20-JAN-2025,     13.62,07-APR-2025
INFOBEAN,EQ,   1030.00,07-JAN-2026,    270.55,07-APR-2025
INFOMEDIA,EQ,      9.89,11-JUN-2025,      5.60,10-MAR-2025
INFRABEES,EQ,   1018.30,05-JAN-2026,    783.98,03-MAR-2025
INFRAIETF,EQ,    101.00,19-DEC-2025,     77.65,03-MAR-2025
INFY,EQ,   1982.80,13-JAN-2025,   1307.00,07-APR-2025
INGERRAND,EQ,   4477.80,01-OCT-2025,   3055.00,12-FEB-2025
INNOVACAP,EQ,   1099.95,14-JAN-2025,    660.00,09-DEC-2025
INNOVANA,EQ,    649.50,10-JUL-2025,    270.50,27-MAR-2025
INOXGREEN,EQ,    279.00,03-NOV-2025,    104.00,09-APR-2025
INOXINDIA,EQ,   1288.00,02-JUL-2025,    884.20,27-JAN-2025
INOXWIND,EQ,    199.01,02-JUN-2025,    110.19,12-JAN-2026
INSECTICID,EQ,   1098.00,01-AUG-2025,    542.55,17-FEB-2025
INSPIRISYS,EQ,    120.74,14-MAY-2025,     66.55,07-APR-2025
INTELLECT,EQ,   1255.00,17-JUN-2025,    577.40,07-APR-2025
INTENTECH,EQ,    149.90,23-SEP-2025,     79.50,19-AUG-2025
INTERARCH,EQ,   2762.60,10-NOV-2025,   1264.00,07-APR-2025
INTERNET,EQ,     16.12,10-JUL-2025,     13.23,12-JAN-2026
INTLCONV,EQ,    114.54,07-OCT-2025,     61.20,18-FEB-2025
INVENTURE,EQ,      2.05,13-JAN-2025,      1.10,01-JAN-2026
IOB,EQ,     54.54,14-JAN-2025,     33.50,07-APR-2025
IOC,EQ,    174.50,12-NOV-2025,    110.72,03-MAR-2025
IOLCP,EQ,    126.66,19-SEP-2025,     57.50,07-APR-2025
IONEXCHANG,EQ,    656.50,20-JAN-2025,    330.95,09-DEC-2025
IPCALAB,EQ,   1634.75,13-JAN-2025,   1168.20,07-APR-2025
IPL,EQ,    245.84,21-AUG-2025,    119.79,03-MAR-2025
IRB,EQ,     60.88,01-FEB-2025,     40.28,12-JAN-2026
IRCON,EQ,    229.50,01-FEB-2025,    134.24,03-MAR-2025
IRCTC,EQ,    831.75,01-FEB-2025,    626.00,13-JAN-2026
IREDA,EQ,    212.55,17-JAN-2025,    129.11,09-DEC-2025
IRFC,EQ,    155.52,01-FEB-2025,    108.04,03-MAR-2025
IRIS,EQ,    577.00,14-JAN-2025,    228.05,23-MAY-2025
IRISDOREME,EQ,     39.49,29-DEC-2025,     20.73,27-MAR-2025
IRMENERGY,EQ,    393.00,23-SEP-2025,    237.00,17-MAR-2025
ISFT,EQ,    146.91,21-JAN-2025,     83.05,25-NOV-2025
ISGEC,EQ,   1310.75,13-JAN-2025,    748.05,09-DEC-2025
ISHANCH,EQ,     83.37,13-OCT-2025,     36.00,07-MAY-2025
IT,EQ,     48.48,13-JAN-2025,     32.55,07-APR-2025
ITADD,EQ,     47.57,13-JAN-2025,     32.61,07-APR-2025
ITBEES,EQ,     48.33,14-JAN-2025,     33.63,07-APR-2025
ITBETA,EQ,    469.99,03-FEB-2025,    325.00,07-APR-2025
ITC,EQ,    471.50,01-FEB-2025,    333.70,13-JAN-2026
ITCHOTELS,EQ,    261.62,21-JUL-2025,    155.10,31-JAN-2025
ITDC,EQ,    712.80,06-OCT-2025,    467.05,19-FEB-2025
ITETF,EQ,     46.00,13-JAN-2025,     31.70,07-APR-2025
ITI,EQ,    441.80,13-JAN-2025,    234.04,07-APR-2025
ITIETF,EQ,     48.25,24-JAN-2025,     33.43,07-APR-2025
IVALUE,EQ,    340.00,20-NOV-2025,    240.00,12-JAN-2026
IVC,EQ,     11.80,23-JAN-2025,      7.05,04-NOV-2025
IVP,EQ,    217.95,16-JAN-2025,    138.05,09-DEC-2025
IVZINGOLD,EQ,  12500.00,13-JAN-2026,   6803.00,14-JAN-2025
IVZINNIFTY,EQ,   3109.52,24-NOV-2025,   2480.00,03-MAR-2025
IXIGO,EQ,    339.15,16-OCT-2025,    117.00,04-MAR-2025
IZMO,EQ,   1374.70,29-SEP-2025,    229.70,04-MAR-2025
J&KBANK,EQ,    117.25,01-JUL-2025,     86.61,13-JAN-2025
JAGRAN,EQ,     83.80,29-MAY-2025,     65.01,09-MAY-2025
JAGSNPHARM,EQ,    301.65,28-JUL-2025,    176.11,12-JAN-2026
JAIBALAJI,EQ,    174.30,17-JAN-2025,     59.90,11-DEC-2025
JAICORPLTD,EQ,    180.50,13-JAN-2025,     81.49,09-MAY-2025
JAINREC,EQ,    461.00,18-NOV-2025,    247.57,01-OCT-2025
JAIPURKURT,EQ,     59.00,07-FEB-2025,     26.00,31-DEC-2025
JAMNAAUTO,EQ,    138.50,07-JAN-2026,     68.57,03-MAR-2025
JARO,EQ,    890.00,30-SEP-2025,    386.00,12-JAN-2026
JASH,EQ,    698.95,22-APR-2025,    397.65,13-JAN-2026
JAYAGROGN,EQ,    308.85,10-FEB-2025,    189.00,12-JAN-2026
JAYBARMARU,EQ,    111.85,25-SEP-2025,     55.50,07-APR-2025
JAYKAY,EQ,    219.70,03-DEC-2025,    169.41,12-JAN-2026
JAYNECOIND,EQ,     94.30,05-JAN-2026,     28.00,04-MAR-2025
JAYSREETEA,EQ,    122.71,09-JUN-2025,     81.67,08-DEC-2025
JBCHEPHARM,EQ,   1939.00,07-JAN-2026,   1385.75,07-APR-2025
JBMA,EQ,    824.00,31-JAN-2025,    489.80,17-MAR-2025
JGCHEM,EQ,    558.00,21-JUL-2025,    280.45,07-APR-2025
JHS,EQ,     21.00,21-JAN-2025,      8.66,05-JAN-2026
JINDALPHOT,EQ,   1616.60,10-DEC-2025,    536.00,03-MAR-2025
JINDALPOLY,EQ,    914.95,05-FEB-2025,    415.10,13-JAN-2026
JINDALSAW,EQ,    286.40,20-MAR-2025,    153.00,09-DEC-2025
JINDALSTEL,EQ,   1098.00,13-NOV-2025,    723.35,31-JAN-2025
JINDRILL,EQ,    990.35,06-FEB-2025,    490.50,18-DEC-2025
JINDWORLD,EQ,     90.33,16-JAN-2025,     27.00,13-JAN-2026
JIOFIN,EQ,    338.60,05-AUG-2025,    198.65,03-MAR-2025
JISLDVREQS,EQ,     41.00,21-JAN-2025,     25.66,10-DEC-2025
JISLJALEQS,EQ,     83.40,21-JAN-2025,     37.15,12-JAN-2026
JITFINFRA,EQ,    655.00,20-JAN-2025,    248.25,12-JAN-2026
JKCEMENT,EQ,   7565.50,20-AUG-2025,   4218.90,17-MAR-2025
JKIL,EQ,    776.35,07-FEB-2025,    540.00,09-DEC-2025
JKIPL,EQ,    126.95,03-OCT-2025,     82.30,12-JAN-2026
JKLAKSHMI,EQ,   1021.20,22-JUL-2025,    660.50,28-FEB-2025
JKPAPER,EQ,    444.80,03-OCT-2025,    275.75,03-MAR-2025
JKTYRE,EQ,    524.70,02-JAN-2026,    243.00,03-MAR-2025
JLHL,EQ,   1770.00,25-MAR-2025,   1266.00,07-APR-2025
JMA,EQ,    111.99,05-MAY-2025,     64.30,07-APR-2025
JMFINANCIL,EQ,    199.80,22-AUG-2025,     80.20,07-APR-2025
JNKINDIA,EQ,    634.00,16-JAN-2025,    210.71,08-DEC-2025
JOCIL,EQ,    202.90,16-JAN-2025,    132.02,18-MAR-2025
JPOLYINVST,EQ,   1184.90,03-DEC-2025,    554.30,03-MAR-2025
JPPOWER,EQ,     27.70,14-JUL-2025,     12.36,03-MAR-2025
JSFB,EQ,    552.50,10-JUN-2025,    363.80,21-JAN-2025
JSL,EQ,    884.00,07-JAN-2026,    496.60,07-APR-2025
JSLL,EQ,    849.50,23-SEP-2025,    280.00,18-FEB-2025
JSWCEMENT,EQ,    162.15,04-SEP-2025,    106.65,04-DEC-2025
JSWENERGY,EQ,    582.00,20-JAN-2025,    418.75,17-FEB-2025
JSWHL,EQ,  27740.00,21-APR-2025,  14300.05,17-FEB-2025
JSWINFRA,EQ,    349.00,24-SEP-2025,    218.20,18-FEB-2025
JSWSTEEL,EQ,   1223.90,29-OCT-2025,    880.00,13-JAN-2025
JTEKTINDIA,EQ,    188.50,09-SEP-2025,    103.98,03-MAR-2025
JTLIND,EQ,    111.50,21-JAN-2025,     51.31,12-JAN-2026
JUBLCPL,EQ,   3013.40,02-SEP-2025,   1020.00,07-APR-2025
JUBLFOOD,EQ,    760.50,03-FEB-2025,    512.10,12-JAN-2026
JUBLINGREA,EQ,    851.80,17-JUL-2025,    535.20,07-APR-2025
JUBLPHARMA,EQ,   1248.00,30-JUL-2025,    802.00,07-APR-2025
JUNIORBEES,EQ,    777.00,23-OCT-2025,    595.00,03-MAR-2025
JUNIPER,EQ,    345.55,28-MAY-2025,    220.80,09-DEC-2025
JUSTDIAL,EQ,   1048.90,21-APR-2025,    701.50,11-DEC-2025
JWL,EQ,    522.00,20-JAN-2025,    247.15,09-DEC-2025
JYOTHYLAB,EQ,    423.00,05-FEB-2025,    257.25,12-JAN-2026
JYOTICNC,EQ,   1330.00,02-JUN-2025,    750.10,28-FEB-2025
JYOTISTRUC,EQ,     25.16,06-FEB-2025,      8.63,13-JAN-2026
KABRAEXTRU,EQ,    506.45,13-JAN-2025,    199.00,12-JAN-2026
KAJARIACER,EQ,   1321.90,08-AUG-2025,    758.70,07-APR-2025
KAKATCEM,EQ,    184.50,21-JAN-2025,    116.51,12-JAN-2026
KALAMANDIR,EQ,    223.03,28-OCT-2025,    113.00,09-MAY-2025
KALPATARU,EQ,    457.40,09-JUL-2025,    325.40,11-DEC-2025
KALYANIFRG,EQ,    890.00,20-MAY-2025,    488.15,03-MAR-2025
KALYANKJIL,EQ,    617.70,24-JUL-2025,    399.40,11-MAR-2025
KAMATHOTEL,EQ,    353.60,18-MAR-2025,    197.15,13-JAN-2025
KAMDHENU,EQ,     47.50,17-JAN-2025,     21.70,18-DEC-2025
KAMOPAINTS,EQ,     17.80,15-JAN-2025,      5.91,15-DEC-2025
KANANIIND,EQ,      2.74,21-JAN-2025,      1.42,12-DEC-2025
KANORICHEM,EQ,    117.24,21-JAN-2025,     69.50,08-DEC-2025
KANPRPLA,EQ,    249.50,02-JUN-2025,    104.50,07-APR-2025
KANSAINER,EQ,    271.18,22-APR-2025,    218.20,04-MAR-2025
KAPSTON,EQ,    356.75,19-NOV-2025,    190.00,07-APR-2025
KARMAENG,EQ,     86.93,13-JUN-2025,     44.91,03-MAR-2025
KARURVYSYA,EQ,    280.45,06-JAN-2026,    154.63,13-MAR-2025
KAUSHALYA,EQ,   1841.90,04-SEP-2025,    787.80,03-MAR-2025
KAVDEFENCE,EQ,    162.87,01-OCT-2025,     41.14,18-MAR-2025
KAYA,EQ,    487.90,23-SEP-2025,    204.43,07-APR-2025
KAYNES,EQ,   7705.00,07-OCT-2025,   3548.20,12-JAN-2026
KCP,EQ,    230.00,28-MAY-2025,    163.11,12-JAN-2026
KCPSUGIND,EQ,     48.49,20-JAN-2025,     24.01,12-JAN-2026
KDDL,EQ,   3351.00,26-MAR-2025,   2050.00,18-FEB-2025
KEC,EQ,    998.85,16-JAN-2025,    627.45,07-APR-2025
KECL,EQ,    182.00,21-JAN-2025,     90.00,13-JAN-2026
KEEPLEARN,EQ,      4.74,23-APR-2025,      2.01,08-DEC-2025
KEI,EQ,   4587.30,07-JAN-2026,   2424.00,07-APR-2025
KELLTONTEC,EQ,     33.53,23-JAN-2025,     16.58,13-JAN-2026
KERNEX,EQ,   1450.00,21-JAN-2025,    621.55,18-MAR-2025
KEYFINSERV,EQ,    479.00,15-APR-2025,    170.10,19-FEB-2025
KFINTECH,EQ,   1388.50,25-JUN-2025,    784.15,19-FEB-2025
KHADIM,EQ,    396.85,01-FEB-2025,    153.27,29-DEC-2025
KHAICHEM,EQ,    135.80,16-SEP-2025,     43.17,07-APR-2025
KHAITANLTD,EQ,    167.50,27-MAY-2025,     71.56,04-MAR-2025
KHANDSE,EQ,     32.50,21-JAN-2025,     18.11,12-JAN-2026
KICL,EQ,   6554.90,28-OCT-2025,   3470.00,04-MAR-2025
KILITCH,EQ,    500.00,15-JUL-2025,    294.07,07-APR-2025
KIMS,EQ,    798.40,24-JUL-2025,    474.05,03-MAR-2025
KINGFA,EQ,   4880.00,15-OCT-2025,   2550.00,09-MAY-2025
KIOCL,EQ,    634.55,06-OCT-2025,    209.84,07-APR-2025
KIRIINDUS,EQ,    779.00,01-JAN-2026,    474.05,12-JAN-2026
KIRLOSBROS,EQ,   2475.00,27-JUN-2025,   1422.35,04-MAR-2025
KIRLOSENG,EQ,   1329.00,22-DEC-2025,    544.40,28-FEB-2025
KIRLOSIND,EQ,   4726.00,21-JUL-2025,   2810.80,09-MAY-2025
KIRLPNU,EQ,   1550.00,16-JUL-2025,    953.00,28-FEB-2025
KITEX,EQ,    324.42,23-MAY-2025,    147.01,04-MAR-2025
KKCL,EQ,    595.00,23-SEP-2025,    410.60,13-NOV-2025
KMEW,EQ,   1959.30,22-DEC-2025,    632.03,07-APR-2025
KMSUGAR,EQ,     34.65,06-FEB-2025,     25.02,09-DEC-2025
KNAGRI,EQ,    298.00,15-JAN-2025,    172.60,22-APR-2025
KNRCON,EQ,    332.00,13-JAN-2025,    139.76,12-JAN-2026
KOHINOOR,EQ,     45.00,23-APR-2025,     24.30,12-JAN-2026
KOKUYOCMLN,EQ,    137.90,25-JUN-2025,     85.53,12-JAN-2026
KOLTEPATIL,EQ,    497.55,02-JUL-2025,    239.00,03-MAR-2025
KOPRAN,EQ,    214.75,21-JAN-2025,    123.11,24-NOV-2025
KOTAKBANK,EQ,    460.38,22-APR-2025,    344.75,13-JAN-2025
KOTARISUG,EQ,     46.50,21-JAN-2025,     26.00,09-DEC-2025
KOTHARIPET,EQ,    191.95,17-JUN-2025,    116.49,09-DEC-2025
KOTHARIPRO,EQ,    109.00,17-SEP-2025,     60.91,04-MAR-2025
KPEL,EQ,    583.70,11-JUN-2025,    314.30,12-JAN-2026
KPIGREEN,EQ,    563.00,16-JUL-2025,    313.40,29-JAN-2025
KPIL,EQ,   1335.60,06-NOV-2025,    786.30,07-APR-2025
KPITTECH,EQ,   1479.00,30-JAN-2025,   1020.60,07-APR-2025
KPRMILL,EQ,   1389.00,09-MAY-2025,    755.50,04-MAR-2025
KRBL,EQ,    495.00,22-AUG-2025,    241.25,03-MAR-2025
KREBSBIO,EQ,    113.50,09-JUN-2025,     60.35,12-JAN-2026
KRIDHANINF,EQ,      5.86,13-JAN-2025,      3.03,01-APR-2025
KRISHANA,EQ,    619.00,25-AUG-2025,    175.15,13-FEB-2025
KRISHIVAL,EQ,    483.81,23-OCT-2025,    200.95,25-APR-2025
KRISHNADEF,EQ,   1027.50,06-JUN-2025,    503.00,04-MAR-2025
KRITI,EQ,    177.51,31-JUL-2025,     73.00,09-DEC-2025
KRITIKA,EQ,     11.49,17-JAN-2025,      6.78,19-DEC-2025
KRITINUT,EQ,    135.85,20-JAN-2025,     63.55,18-DEC-2025
KRN,EQ,   1012.00,06-FEB-2025,    675.30,13-JAN-2025
KRONOX,EQ,    207.49,07-JUL-2025,    129.90,12-JAN-2026
KROSS,EQ,    237.60,18-SEP-2025,    150.06,07-APR-2025
KRSNAA,EQ,    922.00,13-JAN-2025,    625.75,30-MAY-2025
KRYSTAL,EQ,    735.00,20-JAN-2025,    415.60,18-FEB-2025
KSB,EQ,    912.00,26-AUG-2025,    582.25,17-FEB-2025
KSCL,EQ,   1602.00,16-APR-2025,    867.45,27-JAN-2025
KSHINTL,EQ,    403.70,06-JAN-2026,    330.40,13-JAN-2026
KSHITIJPOL,EQ,      4.49,16-JAN-2025,      1.99,18-DEC-2025
KSL,EQ,   1030.00,21-JAN-2025,    666.50,09-APR-2025
KSOLVES,EQ,    536.35,20-JAN-2025,    271.65,12-JAN-2026
KTKBANK,EQ,    220.40,27-NOV-2025,    162.20,04-MAR-2025
KUANTUM,EQ,    135.00,24-JUL-2025,     87.59,09-DEC-2025
LAGNAM,EQ,    138.10,17-APR-2025,     65.00,05-DEC-2025
LAL,EQ,     19.37,21-JAN-2025,      7.32,13-JAN-2026
LALPATHLAB,EQ,   1770.00,19-SEP-2025,   1146.78,03-MAR-2025
LAMBODHARA,EQ,    164.99,20-JAN-2025,     99.65,04-MAR-2025
LANDMARK,EQ,    662.80,18-SEP-2025,    329.80,07-APR-2025
LAOPALA,EQ,    311.95,15-JAN-2025,    187.37,07-APR-2025
LASA,EQ,     28.94,20-JAN-2025,      8.16,29-AUG-2025
LATENTVIEW,EQ,    517.50,08-DEC-2025,    341.20,07-APR-2025
LAURUSLABS,EQ,   1141.00,07-JAN-2026,    501.15,27-JAN-2025
LAXMICOT,EQ,     33.00,08-JUL-2025,     15.50,12-JAN-2026
LAXMIDENTL,EQ,    584.00,20-JAN-2025,    239.00,12-JAN-2026
LAXMIINDIA,EQ,    180.90,18-SEP-2025,    107.01,13-JAN-2026
LEMERITE,EQ,    537.85,12-DEC-2025,    275.00,13-JAN-2025
LEMONTREE,EQ,    180.68,08-SEP-2025,    117.51,03-MAR-2025
LENSKART,EQ,    495.00,22-DEC-2025,    356.10,10-NOV-2025
LEXUS,EQ,     45.50,29-JAN-2025,     25.06,09-JAN-2026
LFIC,EQ,    250.50,12-JUN-2025,    150.62,12-JAN-2026
LGBBROSLTD,EQ,   1975.00,25-NOV-2025,   1081.00,09-APR-2025
LGEINDIA,EQ,   1749.00,14-OCT-2025,   1373.00,12-JAN-2026
LGHL,EQ,    399.58,24-SEP-2025,    192.75,09-APR-2025
LIBAS,EQ,     16.29,14-JAN-2025,     10.25,11-DEC-2025
LIBERTSHOE,EQ,    482.00,21-JAN-2025,    239.50,13-JAN-2026
LICHSGFIN,EQ,    646.50,18-JUL-2025,    483.70,03-MAR-2025
LICI,EQ,    980.00,30-JUN-2025,    715.30,03-MAR-2025
LICMFGOLD,EQ,  12828.00,13-JAN-2026,   7066.15,14-JAN-2025
LICNETFGSC,EQ,     30.00,28-MAY-2025,     26.59,13-JAN-2025
LICNETFN50,EQ,    295.00,15-DEC-2025,    239.65,08-APR-2025
LICNETFSEN,EQ,    989.00,14-MAY-2025,    783.28,03-MAR-2025
LICNFNHGP,EQ,    298.00,24-JAN-2025,    242.47,07-APR-2025
LICNMID100,EQ,     67.50,01-SEP-2025,     46.03,03-MAR-2025
LIKHITHA,EQ,    352.70,16-JAN-2025,    166.96,12-JAN-2026
LINC,EQ,    160.74,26-MAY-2025,     95.11,07-APR-2025
LINCOLN,EQ,    818.00,13-JAN-2025,    464.40,15-DEC-2025
LINDEINDIA,EQ,   7870.00,28-MAY-2025,   5242.40,04-APR-2025
LIQGRWBEES,EQ,   1037.73,20-OCT-2025,   1001.14,25-JUL-2025
LIQUID,EQ,   1030.00,03-FEB-2025,    995.00,17-MAR-2025
LIQUID1,EQ,   1094.00,04-AUG-2025,   1006.15,07-APR-2025
LIQUIDADD,EQ,   1121.66,04-SEP-2025,   1051.62,13-JAN-2025
LIQUIDBEES,EQ,   1030.00,18-FEB-2025,    970.00,20-JUN-2025
LIQUIDBETF,EQ,   1207.50,04-JUN-2025,    989.99,11-MAR-2025
LIQUIDCASE,EQ,    113.08,05-AUG-2025,    102.00,25-AUG-2025
LIQUIDETF,EQ,   1000.01,13-JAN-2026,    980.55,07-APR-2025
LIQUIDIETF,EQ,   1029.99,27-MAY-2025,    969.99,11-DEC-2025
LIQUIDPLUS,EQ,   1240.88,29-MAY-2025,    994.83,04-APR-2025
LIQUIDSBI,EQ,   1029.99,16-JUL-2025,    999.00,21-OCT-2025
LIQUIDSHRI,EQ,   1095.15,15-APR-2025,   1032.85,13-JAN-2025
LLOYDSENGG,EQ,     84.27,10-JUL-2025,     44.54,07-APR-2025
LLOYDSENT,EQ,     88.44,04-JUL-2025,     34.20,17-MAR-2025
LLOYDSME,EQ,   1612.00,01-JUL-2025,    942.15,03-MAR-2025
LMW,EQ,  18250.00,14-MAY-2025,  13450.05,28-FEB-2025
LODHA,EQ,   1531.00,09-JUN-2025,   1035.15,17-MAR-2025
LOKESHMACH,EQ,    329.90,21-JAN-2025,    127.93,18-MAR-2025
LORDSCHLO,EQ,    241.99,23-JUL-2025,    122.60,17-MAR-2025
LOTUSDEV,EQ,    218.49,11-AUG-2025,    150.50,18-DEC-2025
LOTUSEYE,EQ,    139.20,03-SEP-2025,     54.99,03-MAR-2025
LOVABLE,EQ,    121.95,13-JAN-2025,     75.14,12-JAN-2026
LOWVOL,EQ,    219.10,07-JAN-2026,    179.33,04-MAR-2025
LOWVOL1,EQ,     22.90,01-DEC-2025,     18.16,05-MAR-2025
LOWVOLIETF,EQ,     24.01,06-JAN-2026,     19.03,07-APR-2025
LOYALTEX,EQ,    379.50,01-AUG-2025,    191.00,09-JAN-2026
LPDC,EQ,     10.16,12-JUN-2025,      6.10,24-NOV-2025
LT,EQ,   4195.00,05-JAN-2026,   2965.30,07-APR-2025
LTF,EQ,    329.45,06-JAN-2026,    129.20,13-JAN-2025
LTFOODS,EQ,    518.55,17-JUL-2025,    288.25,07-APR-2025
LTGILTBEES,EQ,     30.13,08-DEC-2025,     26.65,31-JAN-2025
LTGILTCASE,EQ,     30.72,08-DEC-2025,     28.71,28-OCT-2025
LTIM,EQ,   6380.00,05-DEC-2025,   3802.00,07-APR-2025
LTTS,EQ,   5645.00,06-FEB-2025,   3951.30,29-SEP-2025
LUMAXIND,EQ,   5878.00,05-JAN-2026,   1960.00,30-JAN-2025
LUMAXTECH,EQ,   1703.10,05-JAN-2026,    449.00,07-APR-2025
LUPIN,EQ,   2226.30,07-JAN-2026,   1795.20,07-APR-2025
LUXIND,EQ,   1839.95,20-JAN-2025,    962.10,13-JAN-2026
LXCHEM,EQ,    241.00,15-SEP-2025,    147.12,12-JAN-2026
LYKALABS,EQ,    164.00,20-JAN-2025,     72.20,09-DEC-2025
LYPSAGEMS,EQ,     10.93,03-JUN-2025,      4.57,22-DEC-2025
M&M,EQ,   3839.90,05-JAN-2026,   2425.00,07-APR-2025
M&MFIN,EQ,    412.20,23-DEC-2025,    231.02,07-APR-2025
MACPOWER,EQ,   1454.85,15-JAN-2025,    601.20,18-MAR-2025
MADHAV,EQ,     54.45,21-JAN-2025,     37.62,17-MAR-2025
MADHUCON,EQ,      9.58,13-JAN-2025,      5.64,28-MAR-2025
MADRASFERT,EQ,    107.06,03-JUN-2025,     66.50,03-MAR-2025
MAFANG,EQ,    178.78,31-OCT-2025,    100.00,07-APR-2025
MAGADSUGAR,EQ,    821.00,13-MAY-2025,    440.05,03-MAR-2025
MAGNUM,EQ,     41.40,13-JAN-2025,     19.75,20-NOV-2025
MAHABANK,EQ,     65.97,05-JAN-2026,     42.00,07-APR-2025
MAHAPEXLTD,EQ,    148.77,13-JAN-2025,     69.05,09-DEC-2025
MAHEPC,EQ,    185.12,20-AUG-2025,     96.50,13-JAN-2025
MAHESHWARI,EQ,     66.48,21-JAN-2025,     40.85,04-DEC-2025
MAHKTECH,EQ,     35.59,06-OCT-2025,     16.91,13-JAN-2025
MAHLIFE,EQ,    427.05,01-DEC-2025,    255.69,07-APR-2025
MAHLOG,EQ,    381.82,18-JUL-2025,    216.55,04-MAR-2025
MAHSCOOTER,EQ,  18538.00,15-SEP-2025,   8822.00,05-MAR-2025
MAHSEAMLES,EQ,    773.80,27-JUN-2025,    517.15,12-JAN-2026
MAITHANALL,EQ,   1264.00,30-JUN-2025,    835.25,07-APR-2025
MAKEINDIA,EQ,    160.24,21-NOV-2025,    119.50,07-APR-2025
MALLCOM,EQ,   1520.00,21-OCT-2025,   1050.00,04-MAR-2025
MALUPAPER,EQ,     50.68,30-APR-2025,     31.21,03-MAR-2025
MAMATA,EQ,    552.95,16-JAN-2025,    311.55,07-APR-2025
MANAKALUCO,EQ,     48.63,13-JAN-2026,     17.81,28-MAR-2025
MANAKCOAT,EQ,    182.82,27-OCT-2025,     72.20,17-MAR-2025
MANAKSIA,EQ,     86.47,21-JAN-2025,     54.52,07-APR-2025
MANAKSTEEL,EQ,     77.78,23-DEC-2025,     43.05,27-MAR-2025
MANALIPETC,EQ,     81.10,18-JUL-2025,     49.93,09-MAY-2025
MANAPPURAM,EQ,    321.60,07-JAN-2026,    168.83,14-FEB-2025
MANBA,EQ,    165.70,21-JAN-2025,    119.00,03-MAR-2025
MANCREDIT,EQ,    215.75,18-JUN-2025,    145.00,07-APR-2025
MANGLMCEM,EQ,    980.00,14-JAN-2025,    665.00,07-APR-2025
MANINDS,EQ,    491.00,26-NOV-2025,    201.55,03-MAR-2025
MANINFRA,EQ,    238.88,17-JAN-2025,    115.80,12-JAN-2026
MANKIND,EQ,   2754.70,20-JAN-2025,   2090.00,17-DEC-2025
MANORAMA,EQ,   1760.00,28-JUL-2025,    740.50,04-MAR-2025
MANORG,EQ,    637.85,20-AUG-2025,    340.10,18-FEB-2025
MANUFGBEES,EQ,    160.69,15-DEC-2025,    142.50,29-AUG-2025
MANUGRAPH,EQ,     25.30,02-JUN-2025,     14.17,04-MAR-2025
MANYAVAR,EQ,   1220.95,15-JAN-2025,    533.20,12-JAN-2026
MAPMYINDIA,EQ,   2166.70,16-MAY-2025,   1540.00,17-MAR-2025
MARALOVER,EQ,     90.60,21-JAN-2025,     39.55,05-JAN-2026
MARATHON,EQ,    769.45,17-JUL-2025,    352.05,11-MAR-2025
MARICO,EQ,    780.00,06-JAN-2026,    577.85,04-MAR-2025
MARINE,EQ,    258.00,04-NOV-2025,    138.90,04-MAR-2025
MARKOLINES,EQ,    188.00,14-OCT-2025,    137.20,09-JAN-2026
MARKSANS,EQ,    276.40,10-FEB-2025,    162.00,07-OCT-2025
MARUTI,EQ,  17370.00,05-JAN-2026,  11059.45,07-APR-2025
MASFIN,EQ,    350.45,16-JUL-2025,    220.06,04-MAR-2025
MASPTOP50,EQ,     72.48,30-DEC-2025,     40.86,07-APR-2025
MASTEK,EQ,   2947.15,13-JAN-2025,   1887.00,07-APR-2025
MASTERTR,EQ,    174.40,28-MAY-2025,    100.50,18-NOV-2025
MATRIMONY,EQ,    700.15,13-JAN-2025,    475.00,05-DEC-2025
MAWANASUG,EQ,    111.50,11-JUN-2025,     78.32,08-DEC-2025
MAXESTATES,EQ,    595.00,20-JAN-2025,    341.10,17-MAR-2025
MAXHEALTH,EQ,   1314.30,04-JUL-2025,    940.05,04-MAR-2025
MAXIND,EQ,    253.68,21-JAN-2025,    159.43,17-MAR-2025
MAYURUNIQ,EQ,    629.90,22-JUL-2025,    441.00,09-APR-2025
MAZDA,EQ,    428.88,16-JAN-2025,    200.00,12-JAN-2026
MAZDOCK,EQ,   3775.00,29-MAY-2025,   1918.05,19-FEB-2025
MBAPL,EQ,    469.70,21-OCT-2025,    240.00,07-APR-2025
MBEL,EQ,    535.90,10-NOV-2025,    340.00,12-JAN-2026
MBLINFRA,EQ,     65.01,21-JAN-2025,     26.36,08-JAN-2026
MCLEODRUSS,EQ,     68.47,27-OCT-2025,     27.60,05-MAR-2025
MCLOUD,EQ,    105.42,17-JUL-2025,     23.02,12-JAN-2026
MCX,EQ,   2338.00,08-JAN-2026,    881.63,11-MAR-2025
MEDANTA,EQ,   1456.50,08-AUG-2025,    996.45,20-JAN-2025
MEDIASSIST,EQ,    629.60,15-JAN-2025,    415.25,07-APR-2025
MEDICAMEQ,EQ,    560.70,21-FEB-2025,    292.95,30-SEP-2025
MEDICO,EQ,     79.83,06-FEB-2025,     37.18,01-AUG-2025
MEDPLUS,EQ,   1045.30,28-MAY-2025,    642.00,27-JAN-2025
MEESHO,EQ,    254.40,18-DEC-2025,    153.89,12-DEC-2025
MEIL,EQ,    573.70,04-SEP-2025,    345.30,12-JAN-2026
MENONBE,EQ,    145.90,30-JUL-2025,     86.00,07-APR-2025
METAL,EQ,     12.69,29-DEC-2025,      7.73,07-APR-2025
METALIETF,EQ,     11.96,06-JAN-2026,      7.35,07-APR-2025
METROBRAND,EQ,   1345.00,03-FEB-2025,    990.05,27-MAR-2025
METROPOLIS,EQ,   2263.00,03-SEP-2025,   1315.00,07-APR-2025
MFML,EQ,     47.00,15-JAN-2025,     23.00,12-JAN-2026
MFSL,EQ,   1752.20,07-JAN-2026,    950.00,17-MAR-2025
MGEL,EQ,     18.40,26-SEP-2025,     11.62,18-FEB-2025
MGL,EQ,   1586.90,04-JUL-2025,   1040.20,09-JAN-2026
MHLXMIRU,EQ,    270.68,10-JUN-2025,    193.63,13-JAN-2026
MHRIL,EQ,    382.00,24-JUL-2025,    259.00,07-APR-2025
MICEL,EQ,     84.00,01-FEB-2025,     38.73,13-JAN-2026
MID150,EQ,     25.49,03-JUN-2025,     17.98,07-APR-2025
MID150BEES,EQ,    239.29,06-JAN-2026,    179.00,03-MAR-2025
MID150CASE,EQ,     12.00,11-JUN-2025,      7.66,07-APR-2025
MIDCAP,EQ,    183.48,27-NOV-2025,    134.98,03-MAR-2025
MIDCAPADD,EQ,     25.50,31-DEC-2025,     21.69,12-JAN-2026
MIDCAPBETA,EQ,    235.48,01-OCT-2025,    174.82,03-MAR-2025
MIDCAPETF,EQ,     23.61,08-JAN-2026,     16.00,07-APR-2025
MIDCAPIETF,EQ,     24.00,06-NOV-2025,     17.80,07-APR-2025
MIDHANI,EQ,    469.00,24-JUN-2025,    226.93,03-MAR-2025
MIDQ50ADD,EQ,    264.64,17-JUL-2025,    191.97,07-MAY-2025
MIDSELIETF,EQ,     20.00,11-NOV-2025,     13.86,07-APR-2025
MIDSMALL,EQ,     52.62,02-JUL-2025,     40.00,07-APR-2025
MIDWESTLTD,EQ,   1859.90,08-JAN-2026,   1048.50,28-OCT-2025
MINDACORP,EQ,    619.95,13-NOV-2025,    445.05,11-AUG-2025
MINDTECK,EQ,    307.68,20-OCT-2025,    145.00,07-APR-2025
MIRCELECTR,EQ,     36.00,07-JAN-2026,     10.24,01-APR-2025
MIRZAINT,EQ,     44.64,04-FEB-2025,     25.03,07-APR-2025
MITCON,EQ,    113.98,17-JAN-2025,     60.41,07-APR-2025
MITTAL,EQ,      2.50,05-FEB-2025,      1.00,09-JAN-2026
MKPL,EQ,      9.78,17-JUN-2025,      5.40,18-MAR-2025
MMFL,EQ,    472.00,17-JAN-2025,    288.10,21-OCT-2025
MMP,EQ,    333.95,13-JAN-2025,    218.00,11-MAR-2025
MMTC,EQ,     88.19,30-MAY-2025,     44.50,07-APR-2025
MNC,EQ,     32.40,09-JAN-2026,     24.52,07-APR-2025
MOALPHA50,EQ,     54.38,05-AUG-2025,     46.05,10-JUL-2025
MOBIKWIK,EQ,    551.35,13-JAN-2025,    219.20,29-AUG-2025
MOCAPITAL,EQ,     51.13,03-JUN-2025,     29.20,13-MAR-2025
MODEFENCE,EQ,    102.00,24-JUN-2025,     55.21,03-MAR-2025
MODINATUR,EQ,    409.95,15-DEC-2025,    322.95,09-JAN-2026
MODIRUBBER,EQ,    167.50,26-DEC-2025,     90.00,07-APR-2025
MODIS,EQ,    409.00,14-NOV-2025,    304.50,08-DEC-2025
MODISONLTD,EQ,    197.45,21-JUL-2025,    112.00,07-APR-2025
MODTHREAD,EQ,     62.00,22-AUG-2025,     31.35,11-APR-2025
MOENERGY,EQ,     37.88,23-OCT-2025,     33.50,31-DEC-2025
MOGOLD,EQ,    139.80,13-JAN-2026,     96.30,21-AUG-2025
MOGSEC,EQ,     65.80,02-JUL-2025,     57.00,16-JAN-2025
MOHEALTH,EQ,     47.57,31-JUL-2025,     37.93,03-MAR-2025
MOHITIND,EQ,     40.19,14-AUG-2025,     23.90,19-FEB-2025
MOIL,EQ,    405.60,10-JUN-2025,    274.05,07-APR-2025
MOINFRA,EQ,     63.80,30-OCT-2025,     56.28,29-AUG-2025
MOIPO,EQ,     53.00,21-NOV-2025,     43.67,12-JAN-2026
MOKSH,EQ,     19.09,15-JAN-2025,     11.56,21-NOV-2025
MOL,EQ,    106.30,30-JUL-2025,     56.11,07-APR-2025
MOLDTECH,EQ,    221.00,16-OCT-2025,    109.95,17-MAR-2025
MOLDTKPAC,EQ,    892.90,30-JUL-2025,    410.00,07-APR-2025
MOLOWVOL,EQ,     39.97,09-JAN-2026,     33.05,07-APR-2025
MOM100,EQ,     66.59,05-DEC-2025,     50.30,03-MAR-2025
MOM30IETF,EQ,     33.61,26-JUN-2025,     25.00,07-APR-2025
MOM50,EQ,    279.33,01-JAN-2026,    218.00,07-APR-2025
MOMENTUM,EQ,     33.15,16-JUN-2025,     25.75,07-APR-2025
MOMENTUM30,EQ,     37.38,17-OCT-2025,     30.23,12-JAN-2026
MOMENTUM50,EQ,     56.90,01-JUL-2025,     42.40,17-MAR-2025
MOMGF,EQ,    182.16,22-SEP-2025,    139.07,05-AUG-2025
MOMIDMTM,EQ,     66.73,21-NOV-2025,     59.48,01-SEP-2025
MOMNC,EQ,     31.65,05-JAN-2026,     29.32,09-DEC-2025
MOMOMENTUM,EQ,     66.37,02-JUL-2025,     51.21,07-APR-2025
MON100,EQ,    258.80,08-OCT-2025,    159.30,07-APR-2025
MON50EQUAL,EQ,     34.85,05-JAN-2026,     29.78,09-MAY-2025
MONARCH,EQ,    483.90,20-JAN-2025,    293.50,12-JAN-2026
MONEXT50,EQ,     72.30,23-OCT-2025,     63.54,14-MAY-2025
MONEYBOXX,EQ,     91.50,20-OCT-2025,     53.90,07-JAN-2026
MONIFTY100,EQ,     27.97,28-OCT-2025,     25.85,11-NOV-2025
MONIFTY500,EQ,     24.71,01-SEP-2025,     19.50,07-APR-2025
MONQ50,EQ,    104.31,08-OCT-2025,     61.31,07-APR-2025
MONTECARLO,EQ,    860.95,20-NOV-2025,    518.05,01-APR-2025
MOPSE,EQ,    108.00,06-OCT-2025,     92.55,29-AUG-2025
MOQUALITY,EQ,    202.28,22-DEC-2025,    162.15,07-APR-2025
MOREALTY,EQ,    107.02,09-JUN-2025,     77.00,07-APR-2025
MOREPENLAB,EQ,     71.32,21-JAN-2025,     37.81,12-JAN-2026
MOSCHIP,EQ,    288.45,08-OCT-2025,    129.98,07-APR-2025
MOSERVICE,EQ,     35.37,01-DEC-2025,     33.09,12-JAN-2026
MOSILVER,EQ,    258.54,13-JAN-2026,    112.32,20-AUG-2025
MOSMALL250,EQ,     18.25,17-JUL-2025,     13.22,07-APR-2025
MOTHERSON,EQ,    124.71,02-JAN-2026,     71.50,07-APR-2025
MOTILALOFS,EQ,   1097.10,28-OCT-2025,    513.00,07-APR-2025
MOTISONS,EQ,     26.69,13-JAN-2025,     13.00,12-JAN-2026
MOTOGENFIN,EQ,     33.70,07-FEB-2025,     22.01,06-JAN-2026
MOTOUR,EQ,     97.20,17-JUL-2025,     79.95,12-JAN-2026
MOVALUE,EQ,    120.58,05-JAN-2026,     85.91,04-MAR-2025
MPHASIS,EQ,   3078.40,24-JAN-2025,   2044.55,07-APR-2025
MPSLTD,EQ,   3079.00,24-MAR-2025,   1754.20,13-JAN-2025
MRF,EQ, 163600.00,24-OCT-2025, 102124.05,05-MAR-2025
MRPL,EQ,    185.00,17-NOV-2025,     98.92,03-MAR-2025
MSCIADD,EQ,     33.82,01-DEC-2025,     30.06,12-JAN-2026
MSCIINDIA,EQ,     32.14,04-NOV-2025,     25.60,07-APR-2025
MSPL,EQ,     41.00,16-SEP-2025,     21.60,04-MAR-2025
MSTCLTD,EQ,    643.35,21-JAN-2025,    411.10,03-MAR-2025
MSUMI,EQ,     53.59,06-JAN-2026,     30.72,28-FEB-2025
MTARTECH,EQ,   2742.00,09-JAN-2026,   1155.60,07-APR-2025
MTNL,EQ,     58.20,25-JUN-2025,     33.12,12-JAN-2026
MUFIN,EQ,    126.34,04-NOV-2025,     63.11,07-APR-2025
MUFTI,EQ,    189.00,02-JUN-2025,     91.32,09-DEC-2025
MUKANDLTD,EQ,    162.00,24-JUL-2025,     84.40,07-APR-2025
MUKKA,EQ,     41.00,01-FEB-2025,     22.02,12-JAN-2026
MUKTAARTS,EQ,     93.98,13-JAN-2025,     57.10,22-DEC-2025
MULTICAP,EQ,     17.03,29-OCT-2025,     13.43,03-MAR-2025
MUNJALAU,EQ,    114.55,30-SEP-2025,     60.52,07-APR-2025
MUNJALSHOW,EQ,    164.00,20-JAN-2025,    104.20,07-APR-2025
MURUDCERA,EQ,     49.72,13-JAN-2025,     29.92,07-APR-2025
MUTHOOTCAP,EQ,    366.30,16-JUL-2025,    234.01,07-APR-2025
MUTHOOTFIN,EQ,   3995.00,06-JAN-2026,   1965.00,11-APR-2025
MUTHOOTMF,EQ,    199.39,27-NOV-2025,    119.25,18-MAR-2025
MVGJL,EQ,    298.20,16-JAN-2025,    173.00,12-JAN-2026
MWL,EQ,    286.50,26-DEC-2025,    132.00,28-FEB-2025
NACLIND,EQ,    311.42,01-AUG-2025,     49.32,28-FEB-2025
NAGAFERT,EQ,      9.42,21-JAN-2025,      4.04,08-DEC-2025
NAGREEKEXP,EQ,     43.50,20-JAN-2025,     22.50,01-APR-2025
NAHARCAP,EQ,    376.65,10-JUN-2025,    215.00,07-APR-2025
NAHARINDUS,EQ,    150.00,16-JUN-2025,     88.80,01-APR-2025
NAHARPOLY,EQ,    389.95,10-JUN-2025,    176.42,03-MAR-2025
NAHARSPING,EQ,    309.00,29-MAY-2025,    178.82,12-JAN-2026
NAM-INDIA,EQ,    987.35,23-OCT-2025,    498.05,07-APR-2025
NARMADA,EQ,     28.25,08-OCT-2025,     14.82,30-APR-2025
NATCAPSUQ,EQ,    296.00,26-SEP-2025,    160.00,31-DEC-2025
NATCOPHARM,EQ,   1341.00,07-FEB-2025,    726.80,07-APR-2025
NATHBIOGEN,EQ,    238.69,10-JUL-2025,    137.55,12-MAR-2025
NATIONALUM,EQ,    359.80,13-JAN-2026,    137.75,07-APR-2025
NAUKRI,EQ,   1637.00,06-FEB-2025,   1157.00,07-APR-2025
NAVA,EQ,    735.00,15-SEP-2025,    356.05,14-FEB-2025
NAVINFLUOR,EQ,   6223.00,12-DEC-2025,   3502.00,29-JAN-2025
NAVKARCORP,EQ,    161.40,16-JAN-2025,     80.54,07-APR-2025
NAVNETEDUL,EQ,    168.50,04-SEP-2025,    127.51,14-FEB-2025
NAZARA,EQ,    363.25,13-AUG-2025,    219.06,14-JAN-2025
NBCC,EQ,    130.70,09-JUN-2025,     70.80,03-MAR-2025
NBIFIN,EQ,   3320.90,11-JUN-2025,   2050.00,18-FEB-2025
NCC,EQ,    261.80,01-FEB-2025,    145.05,12-JAN-2026
NCLIND,EQ,    239.39,30-JUN-2025,    179.21,07-APR-2025
NDGL,EQ,   4685.40,06-JUN-2025,   2745.70,12-JAN-2026
NDL,EQ,      5.08,06-FEB-2025,      2.82,13-JAN-2026
NDLVENTURE,EQ,    112.25,14-AUG-2025,     48.94,27-MAR-2025
NDRAUTO,EQ,   1220.00,18-JUL-2025,    551.00,03-MAR-2025
NDTV,EQ,    141.23,11-JUN-2025,     77.11,09-DEC-2025
NECCLTD,EQ,     32.70,20-JAN-2025,     17.25,13-JAN-2026
NELCAST,EQ,    180.90,01-AUG-2025,     78.55,18-MAR-2025
NELCO,EQ,   1259.85,13-JAN-2025,    691.50,12-JAN-2026
NEOGEN,EQ,   2191.00,03-FEB-2025,    966.70,10-DEC-2025
NEPHROPLUS,EQ,    512.50,06-JAN-2026,    446.00,19-DEC-2025
NESCO,EQ,   1638.90,11-SEP-2025,    842.60,03-MAR-2025
NESTLEIND,EQ,   1332.70,07-JAN-2026,   1055.00,05-MAR-2025
NETF,EQ,    292.00,01-DEC-2025,    227.05,07-APR-2025
NETWEB,EQ,   4479.00,08-OCT-2025,   1251.55,07-APR-2025
NETWORK18,EQ,     65.29,16-JUL-2025,     39.66,03-MAR-2025
NEULANDLAB,EQ,  19747.00,10-NOV-2025,  10190.70,03-MAR-2025
NEWGEN,EQ,   1798.90,15-JAN-2025,    758.20,07-APR-2025
NEXT30ADD,EQ,     41.87,07-JAN-2026,     32.27,03-MAR-2025
NEXT50,EQ,    732.49,02-DEC-2025,    573.45,03-MAR-2025
NEXT50ADD,EQ,     69.51,09-JAN-2026,     67.62,12-JAN-2026
NEXT50BETA,EQ,     79.10,21-OCT-2025,     59.90,03-MAR-2025
NEXT50IETF,EQ,     76.55,08-JAN-2026,     58.70,03-MAR-2025
NEXTMEDIA,EQ,      8.48,30-OCT-2025,      5.11,28-NOV-2025
NFL,EQ,    114.91,17-JAN-2025,     71.00,07-APR-2025
NGIL,EQ,     44.00,27-JAN-2025,     22.19,28-NOV-2025
NGLFINE,EQ,   2050.00,07-FEB-2025,    957.00,19-FEB-2025
NH,EQ,   2370.20,27-JUN-2025,   1256.55,13-JAN-2025
NHPC,EQ,     92.34,09-JUN-2025,     71.00,28-FEB-2025
NIACL,EQ,    214.74,31-JUL-2025,    135.60,03-MAR-2025
NIBE,EQ,   2001.00,12-JUN-2025,    761.50,19-MAR-2025
NIBL,EQ,     40.80,31-DEC-2025,     19.50,28-MAR-2025
NIF100BEES,EQ,    290.00,23-OCT-2025,    230.35,07-APR-2025
NIF100IETF,EQ,     30.88,01-JAN-2026,     23.85,07-APR-2025
NIFTY1,EQ,    320.00,21-AUG-2025,    238.25,07-APR-2025
NIFTY100EW,EQ,     35.50,07-JAN-2026,     24.25,02-APR-2025
NIFTYADD,EQ,    300.00,16-OCT-2025,    225.66,07-APR-2025
NIFTYBEES,EQ,    302.25,09-DEC-2025,    231.30,07-APR-2025
NIFTYBETA,EQ,    297.48,01-DEC-2025,    235.00,07-APR-2025
NIFTYBETF,EQ,    272.72,30-OCT-2025,    220.50,07-APR-2025
NIFTYCASE,EQ,     10.97,21-OCT-2025,     10.09,07-NOV-2025
NIFTYETF,EQ,    289.05,02-JAN-2026,    226.00,07-APR-2025
NIFTYIETF,EQ,    328.24,08-SEP-2025,    234.97,07-APR-2025
NIFTYQLITY,EQ,     23.03,08-JAN-2026,     18.30,07-APR-2025
NIITLTD,EQ,    178.80,21-JAN-2025,     81.25,12-JAN-2026
NIITMTS,EQ,    499.00,24-JAN-2025,    300.05,06-NOV-2025
NILAINFRA,EQ,     13.78,11-JUL-2025,      8.12,07-APR-2025
NILASPACES,EQ,     20.47,26-SEP-2025,     10.21,12-FEB-2025
NILKAMAL,EQ,   1890.00,13-JAN-2025,   1330.70,09-DEC-2025
NINSYS,EQ,    529.50,14-FEB-2025,    381.00,12-JAN-2026
NIPPOBATRY,EQ,    562.75,23-JAN-2025,    382.50,06-JAN-2026
NIRAJ,EQ,     69.88,18-MAR-2025,     27.20,06-NOV-2025
NIRAJISPAT,EQ,    612.50,14-JUL-2025,    180.40,13-JAN-2026
NITCO,EQ,    163.95,03-JUL-2025,     78.11,09-DEC-2025
NITINSPIN,EQ,    438.95,01-FEB-2025,    290.50,03-MAR-2025
NITIRAJ,EQ,    421.60,12-MAR-2025,    171.00,12-JAN-2026
NIVABUPA,EQ,     95.21,19-MAY-2025,     68.54,07-APR-2025
NKIND,EQ,     87.78,16-SEP-2025,     53.00,17-MAR-2025
NLCINDIA,EQ,    292.20,07-OCT-2025,    186.03,17-FEB-2025
NMDC,EQ,     86.72,08-JAN-2026,     59.53,09-APR-2025
NOCIL,EQ,    241.90,21-JAN-2025,    138.00,12-JAN-2026
NOIDATOLL,EQ,      8.53,13-JAN-2025,      2.57,28-MAR-2025
NORTHARC,EQ,    290.00,06-OCT-2025,    141.47,07-APR-2025
NOVAAGRI,EQ,     70.10,01-FEB-2025,     36.10,12-JAN-2026
NPBET,EQ,    305.21,15-DEC-2025,    240.38,27-JAN-2025
NPST,EQ,   2639.95,20-JAN-2025,   1287.00,13-JAN-2026
NRAIL,EQ,    514.00,14-NOV-2025,    205.75,07-APR-2025
NRBBEARING,EQ,    313.25,02-DEC-2025,    191.45,03-MAR-2025
NRL,EQ,    106.49,07-FEB-2025,     52.70,07-APR-2025
NSIL,EQ,   8730.00,17-OCT-2025,   4600.00,03-MAR-2025
NSLNISP,EQ,     49.65,29-OCT-2025,     32.13,07-APR-2025
NTPC,EQ,    371.45,25-MAR-2025,    292.80,17-FEB-2025
NTPCGREEN,EQ,    123.90,15-JAN-2025,     84.55,03-MAR-2025
NUCLEUS,EQ,   1378.00,29-MAY-2025,    725.00,07-APR-2025
NURECA,EQ,    447.50,20-JAN-2025,    203.62,07-APR-2025
NUVAMA,EQ,   1701.70,30-JUN-2025,    947.09,07-APR-2025
NUVOCO,EQ,    477.50,04-SEP-2025,    287.05,18-MAR-2025
NV20,EQ,    161.31,12-MAY-2025,    131.63,07-APR-2025
NV20BEES,EQ,    160.00,01-FEB-2025,    122.02,15-SEP-2025
NV20IETF,EQ,     16.00,28-JAN-2025,     11.20,07-APR-2025
NYKAA,EQ,    273.22,18-NOV-2025,    154.90,04-MAR-2025
OAL,EQ,    432.00,27-MAY-2025,    261.55,03-MAR-2025
OBCL,EQ,     64.84,25-AUG-2025,     49.01,12-MAR-2025
OBEROIRLTY,EQ,   2124.00,13-JAN-2025,   1451.95,28-FEB-2025
OCCLLTD,EQ,    159.42,01-AUG-2025,     63.63,03-MAR-2025
ODIGMA,EQ,     67.00,22-JAN-2025,     27.50,13-JAN-2026
OFSS,EQ,  11399.95,13-JAN-2025,   7038.00,07-APR-2025
OIL,EQ,    491.50,16-JUN-2025,    325.00,07-APR-2025
OILCOUNTUB,EQ,    100.66,07-FEB-2025,     52.05,12-JAN-2026
OILIETF,EQ,     12.74,05-JAN-2026,      9.42,04-MAR-2025
OLAELEC,EQ,     80.80,01-FEB-2025,     30.76,18-DEC-2025
OLECTRA,EQ,   1714.20,23-SEP-2025,    989.95,07-APR-2025
OMAXAUTO,EQ,    165.80,31-JUL-2025,     77.55,07-APR-2025
OMAXE,EQ,    113.40,18-JUN-2025,     62.50,09-DEC-2025
OMFREIGHT,EQ,    107.40,18-NOV-2025,     81.10,08-OCT-2025
OMINFRAL,EQ,    159.89,01-FEB-2025,     78.88,12-JAN-2026
ONEPOINT,EQ,     69.99,20-MAY-2025,     41.01,07-APR-2025
ONESOURCE,EQ,   2248.00,18-JUN-2025,   1209.95,03-MAR-2025
ONGC,EQ,    270.47,20-JAN-2025,    205.00,07-APR-2025
ONMOBILE,EQ,     75.73,05-FEB-2025,     41.07,07-APR-2025
ONWARDTEC,EQ,    385.00,17-JUL-2025,    206.00,07-APR-2025
OPTIEMUS,EQ,    725.00,15-JAN-2025,    378.45,07-APR-2025
ORBTEXP,EQ,    265.00,08-OCT-2025,    138.70,03-MAR-2025
ORCHASP,EQ,      4.16,16-OCT-2025,      2.11,28-MAR-2025
ORCHPHARMA,EQ,   1825.05,13-JAN-2025,    603.80,30-MAY-2025
ORIENTALTL,EQ,     17.60,18-JUN-2025,      7.77,13-JAN-2026
ORIENTBELL,EQ,    338.20,27-JUN-2025,    216.00,27-MAR-2025
ORIENTCEM,EQ,    362.40,22-APR-2025,    150.65,09-DEC-2025
ORIENTCER,EQ,     56.64,02-JAN-2026,     28.67,07-APR-2025
ORIENTELEC,EQ,    248.90,14-MAY-2025,    155.35,24-NOV-2025
ORIENTHOT,EQ,    179.98,20-JAN-2025,     98.08,18-DEC-2025
ORIENTLTD,EQ,    110.40,12-JUN-2025,     70.10,13-JAN-2026
ORIENTPPR,EQ,     34.40,21-JAN-2025,     20.82,07-APR-2025
ORIENTTECH,EQ,    613.50,20-JAN-2025,    267.45,18-MAR-2025
ORISSAMINE,EQ,   6740.00,17-JAN-2025,   4310.00,07-APR-2025
ORKLAINDIA,EQ,    760.00,06-NOV-2025,    587.05,19-DEC-2025
OSIAHYPER,EQ,     33.08,18-SEP-2025,     11.31,14-AUG-2025
OSWALAGRO,EQ,    110.80,16-JUN-2025,     52.15,13-JAN-2026
OSWALGREEN,EQ,     53.10,20-JAN-2025,     29.25,12-JAN-2026
OSWALPUMPS,EQ,    888.40,21-AUG-2025,    451.00,13-JAN-2026
OSWALSEEDS,EQ,     20.28,26-DEC-2025,     10.72,07-AUG-2025
PACEDIGITK,EQ,    231.95,10-OCT-2025,    174.90,13-JAN-2026
PAGEIND,EQ,  50590.00,27-JUN-2025,  34055.00,12-JAN-2026
PAISALO,EQ,     48.36,17-JAN-2025,     29.38,20-JUN-2025
PAKKA,EQ,    306.65,20-JAN-2025,     92.72,13-JAN-2026
PALASHSECU,EQ,    163.00,14-JAN-2025,     96.65,13-JAN-2026
PALREDTEC,EQ,     82.60,22-JAN-2025,     36.34,19-DEC-2025
PANACEABIO,EQ,    581.90,30-APR-2025,    281.10,28-FEB-2025
PANACHE,EQ,    472.15,08-OCT-2025,    171.85,15-MAY-2025
PANAMAPET,EQ,    403.90,19-MAY-2025,    265.55,07-NOV-2025
PAR,EQ,    206.12,28-JAN-2025,     81.01,01-APR-2025
PARACABLES,EQ,     78.12,13-JAN-2025,     33.96,09-DEC-2025
PARADEEP,EQ,    234.39,29-JUL-2025,     83.25,03-MAR-2025
PARAGMILK,EQ,    376.95,13-NOV-2025,    135.49,03-MAR-2025
PARAS,EQ,    972.50,19-MAY-2025,    404.70,03-MAR-2025
PARASPETRO,EQ,      3.26,10-MAR-2025,      1.57,23-DEC-2025
PARKHOSPS,EQ,    165.87,17-DEC-2025,    138.10,18-DEC-2025
PARKHOTELS,EQ,    202.00,20-JAN-2025,    125.60,13-JAN-2026
PARSVNATH,EQ,     27.39,09-JUL-2025,      8.70,09-JAN-2026
PASHUPATI,EQ,    860.00,15-DEC-2025,    559.00,13-JAN-2025
PASUPTAC,EQ,     63.50,27-NOV-2025,     38.64,03-MAR-2025
PATANJALI,EQ,    670.33,16-APR-2025,    521.00,04-DEC-2025
PATELENG,EQ,     51.63,20-JAN-2025,     26.20,12-JAN-2026
PATELRMART,EQ,    305.00,26-AUG-2025,    176.61,13-JAN-2026
PATINTLOG,EQ,     21.49,21-JAN-2025,     12.78,13-JAN-2026
PAUSHAKLTD,EQ,    633.05,16-DEC-2025,    540.00,12-JAN-2026
PAVNAIND,EQ,     56.40,24-JAN-2025,     19.80,30-DEC-2025
PAYTM,EQ,   1381.80,02-DEC-2025,    651.50,11-MAR-2025
PCBL,EQ,    444.15,03-APR-2025,    274.50,12-JAN-2026
PCJEWELLER,EQ,     19.65,07-JUL-2025,      8.67,30-DEC-2025
PDMJEPAPER,EQ,    166.32,13-JAN-2025,     86.82,12-JAN-2026
PDSL,EQ,    559.90,13-JAN-2025,    289.95,14-OCT-2025
PEARLPOLY,EQ,     41.00,30-JUL-2025,     20.26,09-DEC-2025
PENIND,EQ,    279.90,07-NOV-2025,    135.65,12-FEB-2025
PENINLAND,EQ,     46.00,16-JUL-2025,     20.87,04-MAR-2025
PERSISTENT,EQ,   6599.00,23-DEC-2025,   4148.95,07-APR-2025
PETRONET,EQ,    332.40,17-JAN-2025,    263.50,16-DEC-2025
PFC,EQ,    444.10,22-APR-2025,    329.90,18-DEC-2025
PFIZER,EQ,   5993.00,16-JUN-2025,   3701.00,07-APR-2025
PFOCUS,EQ,    250.00,13-JAN-2026,     85.00,07-APR-2025
PFS,EQ,     44.20,12-JUN-2025,     29.41,03-MAR-2025
PGEL,EQ,   1008.00,23-APR-2025,    465.00,14-AUG-2025
PGHH,EQ,  14950.00,20-JAN-2025,  12105.60,27-MAR-2025
PGHL,EQ,   6739.00,29-AUG-2025,   4903.85,27-MAR-2025
PGIL,EQ,   1993.30,13-NOV-2025,    875.00,07-APR-2025
PHARMABEES,EQ,     24.40,24-OCT-2025,     19.47,07-APR-2025
PHOENIXLTD,EQ,   1993.00,12-JAN-2026,   1402.50,11-AUG-2025
PICCADIL,EQ,    805.50,22-SEP-2025,    533.15,09-DEC-2025
PIDILITIND,EQ,   1574.95,03-SEP-2025,   1311.10,03-MAR-2025
PIGL,EQ,    405.00,13-JAN-2025,    106.74,07-JUL-2025
PIIND,EQ,   4330.00,30-JUL-2025,   2951.10,03-MAR-2025
PILANIINVS,EQ,   5980.00,23-OCT-2025,   3279.55,04-MAR-2025
PILITA,EQ,     20.64,10-JUN-2025,      8.49,31-DEC-2025
PINELABS,EQ,    284.00,14-NOV-2025,    214.51,13-JAN-2026
PIONEEREMB,EQ,     54.60,22-JAN-2025,     26.77,24-NOV-2025
PIRAMALFIN,EQ,   1915.00,07-JAN-2026,   1260.00,07-NOV-2025
PITTIENG,EQ,   1304.35,13-JAN-2025,    706.80,12-JAN-2026
PIXTRANS,EQ,   2247.00,13-JAN-2025,   1220.10,12-AUG-2025
PKTEA,EQ,   1013.90,06-JUN-2025,    565.00,15-MAY-2025
PLASTIBLEN,EQ,    253.98,16-JAN-2025,    153.35,13-JAN-2026
PLATIND,EQ,    389.70,21-JAN-2025,    213.00,12-JAN-2026
PLAZACABLE,EQ,     77.22,22-JAN-2025,     38.11,10-DEC-2025
PNB,EQ,    128.24,05-JAN-2026,     85.46,04-MAR-2025
PNBGILTS,EQ,    119.80,24-JUL-2025,     74.25,17-MAR-2025
PNBHOUSING,EQ,   1141.90,09-JUN-2025,    746.70,28-FEB-2025
PNC,EQ,     49.49,15-JAN-2025,     22.12,26-MAR-2025
PNCINFRA,EQ,    331.80,17-JUL-2025,    235.00,13-JAN-2026
PNGJL,EQ,    701.40,21-OCT-2025,    473.80,07-APR-2025
POCL,EQ,   1578.00,05-JAN-2026,    490.00,17-MAR-2025
PODDARMENT,EQ,    361.00,11-FEB-2025,    250.00,18-NOV-2025
POKARNA,EQ,   1451.65,04-FEB-2025,    699.95,16-OCT-2025
POLICYBZR,EQ,   1978.00,17-JUN-2025,   1311.35,17-MAR-2025
POLYCAB,EQ,   7948.00,08-JAN-2026,   4555.00,28-FEB-2025
POLYMED,EQ,   2937.60,07-MAY-2025,   1683.10,31-DEC-2025
POLYPLEX,EQ,   1398.00,27-MAY-2025,    774.00,09-DEC-2025
PONNIERODE,EQ,    398.90,16-JAN-2025,    260.00,13-JAN-2026
POONAWALLA,EQ,    570.40,06-OCT-2025,    267.20,04-MAR-2025
POWERGRID,EQ,    322.00,21-APR-2025,    247.30,28-FEB-2025
POWERINDIA,EQ,  22840.00,03-DEC-2025,   8801.00,28-JAN-2025
POWERMECH,EQ,   3415.00,10-JUL-2025,   1700.00,03-MAR-2025
PPAP,EQ,    294.79,29-OCT-2025,    154.05,07-APR-2025
PPL,EQ,    474.95,29-JAN-2025,    214.02,12-JAN-2026
PPLPHARMA,EQ,    251.95,23-JAN-2025,    163.64,12-JAN-2026
PRABHA,EQ,    315.90,16-JUL-2025,    155.04,27-MAR-2025
PRAJIND,EQ,    807.00,21-JAN-2025,    293.40,09-DEC-2025
PRAKASH,EQ,    190.90,05-AUG-2025,    120.91,08-DEC-2025
PRAXIS,EQ,     20.49,13-JAN-2025,      8.65,02-MAY-2025
PRECAM,EQ,    370.00,17-JAN-2025,    145.00,07-APR-2025
PRECOT,EQ,    643.65,29-JUL-2025,    325.00,09-JAN-2026
PRECWIRE,EQ,    277.15,13-NOV-2025,    118.00,08-APR-2025
PREMEXPLN,EQ,    684.00,14-OCT-2025,    309.15,03-MAR-2025
PREMIERENE,EQ,   1212.00,21-JAN-2025,    709.05,09-JAN-2026
PREMIERPOL,EQ,     76.00,27-FEB-2025,     38.00,19-NOV-2025
PRESTIGE,EQ,   1814.00,22-JUL-2025,   1048.05,07-APR-2025
PRICOLLTD,EQ,    694.20,05-JAN-2026,    367.85,07-APR-2025
PRIMESECU,EQ,    325.00,18-NOV-2025,    196.85,17-FEB-2025
PRIMO,EQ,     31.39,24-JUL-2025,     21.51,09-DEC-2025
PRINCEPIPE,EQ,    411.25,16-JAN-2025,    229.05,07-APR-2025
PRITI,EQ,    137.61,15-JAN-2025,     52.80,12-JAN-2026
PRITIKAUTO,EQ,     25.19,21-JAN-2025,     12.80,08-APR-2025
PRIVISCL,EQ,   3440.50,11-NOV-2025,   1368.15,04-MAR-2025
PROSTARM,EQ,    253.49,30-JUL-2025,    108.00,13-JUN-2025
PROTEAN,EQ,   1535.00,06-FEB-2025,    697.60,12-JAN-2026
PRSMJOHNSN,EQ,    176.00,18-SEP-2025,    105.30,04-MAR-2025
PRUDENT,EQ,   3098.00,31-JUL-2025,   1570.00,03-MAR-2025
PRUDMOULI,EQ,     67.69,13-JAN-2025,     18.15,07-JAN-2026
PSB,EQ,     52.00,16-JAN-2025,     25.22,07-APR-2025
PSPPROJECT,EQ,   1029.90,14-NOV-2025,    609.00,19-FEB-2025
PSUBANK,EQ,    896.02,08-JAN-2026,    552.00,03-MAR-2025
PSUBANKADD,EQ,     89.83,07-JAN-2026,     55.47,03-MAR-2025
PSUBNKBEES,EQ,     99.40,06-JAN-2026,     61.54,03-MAR-2025
PSUBNKIETF,EQ,     89.46,13-JAN-2026,     55.80,03-MAR-2025
PTC,EQ,    207.00,24-JUL-2025,    127.69,13-JAN-2025
PTCIL,EQ,  19387.00,08-DEC-2025,   9756.30,20-FEB-2025
PTL,EQ,     47.40,02-JUL-2025,     34.72,03-MAR-2025
PUNJABCHEM,EQ,   1666.00,30-JUL-2025,    662.00,24-FEB-2025
PURVA,EQ,    361.85,17-JAN-2025,    208.70,09-MAY-2025
PVRINOX,EQ,   1249.70,30-OCT-2025,    830.00,07-APR-2025
PVSL,EQ,    163.00,16-OCT-2025,     86.75,21-APR-2025
PVTBANIETF,EQ,     30.03,05-JAN-2026,     22.23,28-JAN-2025
PVTBANKADD,EQ,     29.70,24-OCT-2025,     23.63,27-JAN-2025
PWL,EQ,    161.99,18-NOV-2025,    121.22,20-NOV-2025
PYRAMID,EQ,    198.00,04-FEB-2025,    134.91,17-MAR-2025
QGOLDHALF,EQ,    117.70,13-JAN-2026,     65.44,13-JAN-2025
QNIFTY,EQ,   2911.90,05-JAN-2026,   2364.00,07-APR-2025
QPOWER,EQ,   1082.00,30-SEP-2025,    267.80,07-APR-2025
QUADFUTURE,EQ,    744.00,06-FEB-2025,    248.55,18-DEC-2025
QUAL30IETF,EQ,     22.72,08-DEC-2025,     18.00,26-NOV-2025
QUALITY30,EQ,     22.09,01-DEC-2025,     19.51,21-AUG-2025
QUESS,EQ,    708.85,02-APR-2025,    197.33,08-DEC-2025
QUICKHEAL,EQ,    592.00,13-JAN-2025,    221.50,13-JAN-2026
RACE,EQ,    363.95,28-JAN-2025,    122.00,13-JAN-2026
RACLGEAR,EQ,   1347.80,07-OCT-2025,    658.05,18-MAR-2025
RADAAN,EQ,      6.02,13-JAN-2025,      2.98,19-NOV-2025
RADHIKAJWE,EQ,    118.99,22-JAN-2025,     70.67,18-DEC-2025
RADIANTCMS,EQ,     76.00,15-JAN-2025,     49.38,28-MAR-2025
RADICO,EQ,   3591.90,20-NOV-2025,   1845.50,19-FEB-2025
RADIOCITY,EQ,     12.50,31-JAN-2025,      6.02,01-DEC-2025
RAILTEL,EQ,    478.95,10-JUN-2025,    265.50,03-MAR-2025
RAIN,EQ,    168.50,07-AUG-2025,     99.90,09-DEC-2025
RAINBOW,EQ,   1645.70,24-JUL-2025,   1218.00,03-MAR-2025
RAJMET,EQ,      8.55,01-FEB-2025,      3.75,27-NOV-2025
RAJOOENG,EQ,    145.88,16-JUL-2025,     60.27,26-DEC-2025
RAJRATAN,EQ,    540.00,08-JAN-2026,    260.00,07-APR-2025
RAJSREESUG,EQ,     64.00,20-JAN-2025,     30.37,05-DEC-2025
RAJTV,EQ,     95.00,10-FEB-2025,     36.70,12-NOV-2025
RALLIS,EQ,    385.90,30-JUL-2025,    196.00,03-MAR-2025
RAMANEWS,EQ,     44.78,30-MAY-2025,     14.50,28-JAN-2025
RAMAPHO,EQ,    217.19,10-NOV-2025,     80.85,27-MAR-2025
RAMASTEEL,EQ,     14.90,06-JUN-2025,      8.50,07-APR-2025
RAMCOCEM,EQ,   1209.00,31-JUL-2025,    788.20,12-MAR-2025
RAMCOIND,EQ,    398.05,22-SEP-2025,    215.00,07-APR-2025
RAMCOSYS,EQ,    682.35,12-DEC-2025,    270.00,03-MAR-2025
RAMKY,EQ,    705.00,07-OCT-2025,    402.25,03-MAR-2025
RAMRAT,EQ,    392.98,30-JUL-2025,    228.30,03-MAR-2025
RANASUG,EQ,     18.81,20-JAN-2025,     11.80,13-JAN-2026
RANEHOLDIN,EQ,   1798.00,06-OCT-2025,   1151.10,03-MAR-2025
RATEGAIN,EQ,    762.70,23-JAN-2025,    412.85,07-APR-2025
RATNAMANI,EQ,   3153.55,16-JAN-2025,   2175.10,13-JAN-2026
RATNAVEER,EQ,    190.00,21-JAN-2025,    115.99,07-APR-2025
RAYMOND,EQ,   1658.00,22-APR-2025,    397.95,12-JAN-2026
RAYMONDLSL,EQ,   1978.85,21-JAN-2025,    911.35,07-MAY-2025
RAYMONDREL,EQ,   1050.00,01-JUL-2025,    460.00,24-NOV-2025
RBA,EQ,     89.50,20-MAY-2025,     59.40,17-MAR-2025
RBLBANK,EQ,    332.00,06-NOV-2025,    146.10,20-JAN-2025
RBZJEWEL,EQ,    219.90,11-FEB-2025,    125.50,09-APR-2025
RCF,EQ,    176.40,21-JAN-2025,    110.80,03-MAR-2025
RECLTD,EQ,    495.60,20-JAN-2025,    330.95,18-DEC-2025
REDINGTON,EQ,    334.80,30-JUN-2025,    176.94,07-APR-2025
REDTAPE,EQ,    199.50,04-FEB-2025,    112.49,12-JAN-2026
REFEX,EQ,    534.00,09-JUN-2025,    215.10,15-DEC-2025
REGAAL,EQ,    145.70,20-AUG-2025,     66.00,12-JAN-2026
REGENCERAM,EQ,     63.00,07-FEB-2025,     35.31,24-JUN-2025
RELAXO,EQ,    601.95,13-JAN-2025,    390.00,12-JAN-2026
RELCHEMQ,EQ,    216.25,14-JAN-2025,    132.00,31-DEC-2025
RELIANCE,EQ,   1611.80,05-JAN-2026,   1114.85,07-APR-2025
RELIGARE,EQ,    295.00,24-JUL-2025,    202.52,09-MAY-2025
RELTD,EQ,    191.77,22-SEP-2025,     93.41,09-MAY-2025
REMSONSIND,EQ,    157.00,30-JUN-2025,    101.71,06-MAY-2025
RENUKA,EQ,     40.30,20-JAN-2025,     24.44,12-JAN-2026
REPCOHOME,EQ,    464.45,16-JUL-2025,    310.00,13-MAR-2025
REPL,EQ,    337.00,16-JAN-2025,     99.00,13-JAN-2026
REPRO,EQ,    627.00,22-MAY-2025,    381.60,07-APR-2025
RESPONIND,EQ,    266.94,21-JAN-2025,    155.80,07-APR-2025
RETAIL,EQ,     44.45,21-MAY-2025,     23.00,07-JAN-2026
RGL,EQ,    207.40,21-JAN-2025,    103.01,09-APR-2025
RHETAN,EQ,     26.15,05-JAN-2026,     20.32,26-SEP-2025
RHIM,EQ,    547.90,01-APR-2025,    376.45,18-FEB-2025
RHL,EQ,    314.00,10-JUL-2025,    171.50,29-DEC-2025
RICOAUTO,EQ,    142.40,02-JAN-2026,     54.00,07-APR-2025
RIIL,EQ,   1051.10,20-JAN-2025,    726.45,07-APR-2025
RISHABH,EQ,    490.00,04-SEP-2025,    201.50,04-MAR-2025
RITCO,EQ,    410.00,21-JAN-2025,    235.00,07-APR-2025
RITES,EQ,    316.00,05-JUN-2025,    192.40,03-MAR-2025
RKDL,EQ,     34.58,26-MAY-2025,     21.30,19-FEB-2025
RKEC,EQ,     98.70,13-JAN-2025,     43.50,08-DEC-2025
RKFORGE,EQ,   1020.00,20-JAN-2025,    475.40,19-DEC-2025
RKSWAMY,EQ,    264.80,20-JAN-2025,    106.32,12-JAN-2026
RMDRIP,EQ,     94.00,13-JAN-2026,     33.10,05-MAR-2025
RML,EQ,   1049.00,17-JUN-2025,    575.00,11-MAR-2025
RNBDENIMS,EQ,    155.02,24-OCT-2025,     97.55,09-SEP-2025
ROHLTD,EQ,    593.40,02-SEP-2025,    311.35,28-JAN-2025
ROLEXRINGS,EQ,    184.83,16-JAN-2025,     99.79,24-NOV-2025
ROML,EQ,     73.80,16-JUN-2025,     41.01,07-APR-2025
ROSSARI,EQ,    839.90,13-JAN-2025,    541.00,13-JAN-2026
ROSSELLIND,EQ,     87.10,16-APR-2025,     47.25,29-DEC-2025
ROSSTECH,EQ,    840.00,28-NOV-2025,    231.15,18-MAR-2025
ROTO,EQ,    109.50,11-JUL-2025,     56.25,24-NOV-2025
ROUTE,EQ,   1335.00,15-JAN-2025,    636.45,24-NOV-2025
RPEL,EQ,   1065.50,02-DEC-2025,    449.50,12-MAR-2025
RPGLIFE,EQ,   2725.00,07-JUL-2025,   1835.00,07-APR-2025
RPOWER,EQ,     76.49,11-JUN-2025,     31.27,03-MAR-2025
RPPINFRA,EQ,    191.96,21-JAN-2025,     87.96,12-JAN-2026
RPPL,EQ,     38.99,21-JAN-2025,     16.32,17-DEC-2025
RPSGVENT,EQ,   1049.00,13-JAN-2025,    681.00,07-APR-2025
RPTECH,EQ,    408.70,06-JAN-2026,    245.15,03-MAR-2025
RRKABEL,EQ,   1562.60,22-DEC-2025,    853.55,18-MAR-2025
RSSOFTWARE,EQ,    191.55,13-JAN-2025,     44.50,12-JAN-2026
RSWM,EQ,    191.49,11-JUN-2025,    126.05,03-MAR-2025
RSYSTEMS,EQ,    496.90,22-AUG-2025,    283.00,07-APR-2025
RTNINDIA,EQ,     69.70,09-JUL-2025,     37.42,07-APR-2025
RTNPOWER,EQ,     16.92,11-JUL-2025,      8.44,04-MAR-2025
RUBFILA,EQ,     92.20,16-JUL-2025,     61.80,09-MAY-2025
RUBICON,EQ,    754.80,17-NOV-2025,    570.75,24-OCT-2025
RUBYMILLS,EQ,    269.00,30-JUL-2025,    171.78,07-APR-2025
RUCHINFRA,EQ,     12.45,20-JAN-2025,      5.31,02-JAN-2026
RUCHIRA,EQ,    173.00,18-SEP-2025,    106.70,13-FEB-2025
RUDRA,EQ,     29.70,22-DEC-2025,     23.00,12-JAN-2026
RUPA,EQ,    240.84,21-JAN-2025,    156.60,30-DEC-2025
RUSHIL,EQ,     33.99,17-SEP-2025,     19.57,07-APR-2025
RUSTOMJEE,EQ,    697.00,02-JUL-2025,    480.05,09-MAY-2025
RVHL,EQ,     74.15,20-JAN-2025,     38.15,13-AUG-2025
RVNL,EQ,    501.80,01-FEB-2025,    301.20,09-DEC-2025
RVTH,EQ,   2149.95,16-JAN-2025,    642.55,12-JAN-2026
S&SPOWER,EQ,    479.00,27-JAN-2025,    193.50,09-DEC-2025
SAATVIKGL,EQ,    567.00,10-OCT-2025,    350.60,09-DEC-2025
SADBHIN,EQ,      6.59,17-JAN-2025,      3.22,14-AUG-2025
SADHNANIQ,EQ,     40.93,20-JAN-2025,      5.59,26-NOV-2025
SAFARI,EQ,   2594.00,29-JAN-2025,   1670.15,07-APR-2025
SAGARDEEP,EQ,     36.21,10-FEB-2025,     25.00,24-NOV-2025
SAGCEM,EQ,    299.40,05-SEP-2025,    168.04,17-MAR-2025
SAGILITY,EQ,     57.89,30-OCT-2025,     37.60,16-JUN-2025
SAHYADRI,EQ,    330.00,10-JUN-2025,    211.00,28-MAR-2025
SAIL,EQ,    152.80,06-JAN-2026,     99.15,12-FEB-2025
SAILIFE,EQ,    983.35,07-JAN-2026,    636.10,09-APR-2025
SAKAR,EQ,    444.30,12-DEC-2025,    210.10,28-MAR-2025
SAKHTISUG,EQ,     31.67,20-JAN-2025,     17.69,12-JAN-2026
SAKSOFT,EQ,    253.99,11-JUL-2025,    125.03,07-APR-2025
SAKUMA,EQ,      4.04,21-JAN-2025,      2.02,09-JAN-2026
SALASAR,EQ,     13.53,21-JAN-2025,      6.91,11-AUG-2025
SALONA,EQ,    318.80,16-DEC-2025,    215.00,04-MAR-2025
SALZERELEC,EQ,   1579.30,21-JAN-2025,    617.55,13-JAN-2026
SAMBHV,EQ,    149.40,22-JUL-2025,     86.89,09-DEC-2025
SAMHI,EQ,    254.50,22-JUL-2025,    121.10,07-APR-2025
SAMMAANCAP,EQ,    192.95,03-NOV-2025,     97.61,07-APR-2025
SAMPANN,EQ,     43.44,06-NOV-2025,     24.16,01-APR-2025
SANATHAN,EQ,    560.20,21-JUL-2025,    286.95,03-MAR-2025
SANDESH,EQ,   1622.40,13-JAN-2025,   1005.00,18-FEB-2025
SANDHAR,EQ,    601.00,13-NOV-2025,    315.00,17-FEB-2025
SANDUMA,EQ,    273.00,05-JAN-2026,    112.40,12-FEB-2025
SANGAMIND,EQ,    513.00,30-JUN-2025,    293.15,03-MAR-2025
SANGHIIND,EQ,     70.40,22-JUL-2025,     50.58,03-MAR-2025
SANGHVIMOV,EQ,    411.90,08-OCT-2025,    206.00,28-FEB-2025
SANGINITA,EQ,     15.32,13-JAN-2025,      8.46,27-MAR-2025
SANOFI,EQ,   6717.00,24-APR-2025,   4040.00,12-JAN-2026
SANOFICONR,EQ,   5894.50,30-JUN-2025,   4194.00,13-JAN-2026
SANSERA,EQ,   1958.30,07-JAN-2026,    972.20,07-APR-2025
SANSTAR,EQ,    118.00,21-JAN-2025,     80.00,07-APR-2025
SAPPHIRE,EQ,    368.00,18-JUL-2025,    217.00,12-JAN-2026
SARDAEN,EQ,    639.75,16-SEP-2025,    396.60,07-APR-2025
SAREGAMA,EQ,    603.00,04-JUN-2025,    340.30,09-DEC-2025
SARLAPOLY,EQ,    127.50,22-JUL-2025,     68.70,04-MAR-2025
SARVESHWAR,EQ,      9.00,14-JUL-2025,      3.82,09-DEC-2025
SASKEN,EQ,   2148.80,15-JAN-2025,   1153.00,19-DEC-2025
SASTASUNDR,EQ,    363.00,13-JAN-2026,    205.00,03-MAR-2025
SATIA,EQ,     97.50,24-JUN-2025,     63.08,12-JAN-2026
SATIN,EQ,    175.90,20-MAY-2025,    131.80,07-APR-2025
SAURASHCEM,EQ,    128.40,31-JUL-2025,     73.73,04-MAR-2025
SBC,EQ,     29.28,08-JAN-2026,     10.95,07-APR-2025
SBCL,EQ,    605.00,18-JUL-2025,    342.00,07-APR-2025
SBFC,EQ,    123.00,03-NOV-2025,     79.24,11-FEB-2025
SBGLP,EQ,    127.80,14-JAN-2025,     24.95,13-MAR-2025
SBIBPB,EQ,     53.29,21-OCT-2025,     34.37,07-APR-2025
SBICARD,EQ,   1027.25,10-JUN-2025,    705.55,13-JAN-2025
SBIETFCON,EQ,    133.97,21-OCT-2025,    101.64,03-MAR-2025
SBIETFIT,EQ,    510.00,12-FEB-2025,    335.00,07-APR-2025
SBIETFPB,EQ,    299.88,01-DEC-2025,    235.89,27-JAN-2025
SBIETFQLTY,EQ,    238.92,24-DEC-2025,    191.50,07-APR-2025
SBILIFE,EQ,   2109.60,07-JAN-2026,   1372.55,01-FEB-2025
SBILIQETF,EQ,   1030.00,30-DEC-2025,    984.99,08-SEP-2025
SBIN,EQ,   1029.50,13-JAN-2026,    680.00,03-MAR-2025
SBINEQWETF,EQ,     34.80,05-JAN-2026,     27.30,07-APR-2025
SBISILVER,EQ,    257.72,13-JAN-2026,     86.00,07-APR-2025
SCHAEFFLER,EQ,   4392.00,07-OCT-2025,   2823.00,07-APR-2025
SCHAND,EQ,    257.90,19-JUN-2025,    138.48,30-DEC-2025
SCHNEIDER,EQ,   1052.00,05-AUG-2025,    540.00,09-MAY-2025
SCI,EQ,    280.50,24-OCT-2025,    138.26,03-MAR-2025
SCILAL,EQ,     65.45,05-FEB-2025,     42.85,03-MAR-2025
SCODATUBES,EQ,    230.85,14-JUL-2025,    135.10,04-JUN-2025
SCPL,EQ,    368.95,23-APR-2025,    190.03,09-DEC-2025
SDBL,EQ,    173.03,27-JUN-2025,     95.61,12-FEB-2025
SDL26BEES,EQ,    143.99,29-DEC-2025,    124.95,07-APR-2025
SEAMECLTD,EQ,   1159.85,31-DEC-2025,    752.55,06-AUG-2025
SECMARK,EQ,    174.63,23-MAY-2025,     75.00,07-APR-2025
SELECTIPO,EQ,     57.75,14-AUG-2025,     35.40,07-APR-2025
SEMAC,EQ,    568.90,28-JUL-2025,    270.00,30-JAN-2025
SENCO,EQ,    546.65,05-FEB-2025,    227.40,17-MAR-2025
SENORES,EQ,    876.50,07-JAN-2026,    435.25,13-JAN-2025
SENSEXADD,EQ,     88.20,01-DEC-2025,     72.00,07-APR-2025
SENSEXBETA,EQ,    952.91,30-DEC-2025,    779.95,07-APR-2025
SENSEXETF,EQ,     88.70,06-JAN-2026,     72.01,07-APR-2025
SENSEXIETF,EQ,    999.84,25-NOV-2025,    812.04,07-APR-2025
SEPC,EQ,     18.59,14-JAN-2025,      8.51,09-DEC-2025
SEQUENT,EQ,    257.85,19-NOV-2025,    117.35,07-APR-2025
SERVOTECH,EQ,    168.50,04-JUN-2025,     70.19,13-JAN-2026
SESHAPAPER,EQ,    318.00,23-JUN-2025,    226.00,12-JAN-2026
SETCO,EQ,     21.68,27-MAR-2025,     13.22,13-JAN-2026
SETF10GILT,EQ,    265.63,02-JAN-2026,    241.01,14-JAN-2025
SETFGOLD,EQ,    121.63,13-JAN-2026,     64.96,07-APR-2025
SETFNIF50,EQ,    287.33,06-JAN-2026,    227.33,07-APR-2025
SETFNIFBK,EQ,    625.74,02-DEC-2025,    465.64,15-OCT-2025
SETFNN50,EQ,    766.90,03-NOV-2025,    585.51,07-APR-2025
SFL,EQ,    975.05,16-JAN-2025,    549.05,12-JAN-2026
SGFIN,EQ,    452.80,07-JAN-2026,    339.90,29-SEP-2025
SGIL,EQ,    633.25,08-SEP-2025,    342.00,04-MAR-2025
SGL,EQ,     20.79,23-SEP-2025,     10.04,07-APR-2025
SGLTL,EQ,    213.80,16-JAN-2025,    124.00,04-MAR-2025
SGMART,EQ,    397.20,02-JAN-2026,    321.95,11-DEC-2025
SHAH,EQ,      5.55,07-JAN-2026,      2.80,28-MAR-2025
SHAHALLOYS,EQ,     83.85,06-NOV-2025,     43.30,04-MAR-2025
SHAILY,EQ,   2799.90,17-NOV-2025,   1301.00,29-JAN-2025
SHAKTIPUMP,EQ,   1272.80,13-JAN-2025,    548.45,10-DEC-2025
SHALBY,EQ,    274.70,22-SEP-2025,    177.25,16-JUN-2025
SHALPAINTS,EQ,    144.00,31-JAN-2025,     54.50,18-DEC-2025
SHANKARA,EQ,   1209.80,31-JUL-2025,    100.00,31-DEC-2025
SHANTI,EQ,     23.87,02-JUN-2025,      7.78,08-JAN-2026
SHANTIGEAR,EQ,    619.80,24-JUL-2025,    399.00,03-MAR-2025
SHANTIGOLD,EQ,    274.10,21-AUG-2025,    184.10,18-DEC-2025
SHARDACROP,EQ,   1181.00,29-JUL-2025,    452.25,09-APR-2025
SHARDAMOTR,EQ,   1248.00,07-JUL-2025,    625.00,07-APR-2025
SHAREINDIA,EQ,    284.00,16-JAN-2025,    127.50,30-SEP-2025
SHARIABEES,EQ,    545.80,14-JAN-2025,    450.10,07-APR-2025
SHEKHAWATI,EQ,     31.73,16-JAN-2025,     17.31,20-NOV-2025
SHEMAROO,EQ,    161.00,01-JUL-2025,     88.80,17-MAR-2025
SHILCTECH,EQ,   4350.00,24-NOV-2025,   3141.00,12-JAN-2026
SHILPAMED,EQ,    500.00,16-JUN-2025,    277.50,07-APR-2025
SHIVALIK,EQ,    879.05,06-FEB-2025,    326.65,08-JAN-2026
SHIVAMAUTO,EQ,     44.23,23-JAN-2025,     21.00,29-DEC-2025
SHIVAMILLS,EQ,    102.00,16-JAN-2025,     54.62,13-JAN-2026
SHIVATEX,EQ,    273.59,21-JAN-2025,    168.00,07-APR-2025
SHIVAUM,EQ,    360.55,06-JAN-2026,    237.50,12-FEB-2025
SHK,EQ,    275.50,04-SEP-2025,    156.61,03-MAR-2025
SHOPERSTOP,EQ,    688.70,15-JAN-2025,    365.00,12-JAN-2026
SHRADHA,EQ,     75.86,20-JAN-2025,     34.65,12-JAN-2026
SHREDIGCEM,EQ,    107.70,25-AUG-2025,     63.55,19-FEB-2025
SHREECEM,EQ,  32490.00,23-JUL-2025,  24817.80,13-JAN-2025
SHREEJISPG,EQ,    394.00,08-JAN-2026,    222.00,09-OCT-2025
SHREEPUSHK,EQ,    476.00,23-SEP-2025,    220.50,07-APR-2025
SHREERAMA,EQ,     71.99,02-JAN-2026,     30.55,19-FEB-2025
SHREYANIND,EQ,    250.00,24-JUL-2025,    164.11,28-MAR-2025
SHRINGARMS,EQ,    245.92,07-JAN-2026,    177.51,30-SEP-2025
SHRIPISTON,EQ,   3407.20,07-JAN-2026,   1662.55,07-APR-2025
SHRIRAMFIN,EQ,   1025.60,01-JAN-2026,    493.35,20-JAN-2025
SHRIRAMPPS,EQ,    105.58,25-JUN-2025,     63.13,03-MAR-2025
SHYAMMETL,EQ,   1001.00,31-JUL-2025,    673.50,19-FEB-2025
SHYAMTEL,EQ,     19.80,21-JAN-2025,     11.36,30-DEC-2025
SIEMENS,EQ,   6216.25,20-JAN-2025,   2450.00,07-APR-2025
SIGACHI,EQ,     59.59,16-JUN-2025,     28.06,12-JAN-2026
SIGIND,EQ,     81.00,03-JUN-2025,     39.99,17-MAR-2025
SIGMA,EQ,     65.50,03-OCT-2025,     21.01,07-APR-2025
SIGNATURE,EQ,   1339.50,10-FEB-2025,    911.00,12-JAN-2026
SIGNPOST,EQ,    395.00,24-JAN-2025,    180.37,20-JUN-2025
SIL,EQ,     28.29,16-JAN-2025,     15.01,12-JAN-2026
SILGO,EQ,     82.55,29-DEC-2025,     24.73,28-JAN-2025
SILINV,EQ,    767.00,17-OCT-2025,    430.00,04-MAR-2025
SILVER,EQ,    262.20,13-JAN-2026,     89.00,07-APR-2025
SILVER1,EQ,    256.70,13-JAN-2026,     85.87,07-APR-2025
SILVER360,EQ,    257.86,13-JAN-2026,     78.40,07-APR-2025
SILVERADD,EQ,    253.92,13-JAN-2026,     84.09,15-JAN-2025
SILVERAG,EQ,    255.59,13-JAN-2026,     84.55,07-APR-2025
SILVERBEES,EQ,    251.40,13-JAN-2026,     77.55,07-APR-2025
SILVERBETA,EQ,    254.08,13-JAN-2026,     85.08,07-APR-2025
SILVERBND,EQ,    269.90,13-JAN-2026,    180.00,12-DEC-2025
SILVERCASE,EQ,     26.93,13-JAN-2026,      9.00,03-APR-2025
SILVERIETF,EQ,    262.00,13-JAN-2026,     88.80,07-APR-2025
SILVERTUC,EQ,   1690.20,09-JAN-2026,    610.00,01-APR-2025
SIMPLEXINF,EQ,    342.45,21-APR-2025,    219.00,05-MAR-2025
SINCLAIR,EQ,    114.75,11-SEP-2025,     72.86,03-MAR-2025
SINDHUTRAD,EQ,     39.29,07-JUL-2025,     13.00,12-MAR-2025
SINTERCOM,EQ,    171.00,13-JAN-2025,     93.20,12-JAN-2026
SIRCA,EQ,    539.00,19-NOV-2025,    230.69,07-APR-2025
SIS,EQ,    401.85,31-JUL-2025,    287.90,19-MAR-2025
SIYSIL,EQ,   1028.95,17-JAN-2025,    555.10,14-AUG-2025
SJS,EQ,   1869.00,02-JAN-2026,    808.15,17-MAR-2025
SJVN,EQ,    107.50,19-MAY-2025,     69.85,19-DEC-2025
SKFINDIA,EQ,   5074.00,14-OCT-2025,   1720.00,19-DEC-2025
SKFINDUS,EQ,   2755.00,09-DEC-2025,   2311.20,19-DEC-2025
SKIPPER,EQ,    588.00,08-SEP-2025,    342.50,07-APR-2025
SKMEGGPROD,EQ,    232.50,03-NOV-2025,     77.00,07-APR-2025
SKYGOLD,EQ,    402.85,06-FEB-2025,    246.05,06-AUG-2025
SMALL250,EQ,     17.64,18-NOV-2025,     15.85,09-DEC-2025
SMALLADD,EQ,     17.15,05-JAN-2026,     15.87,12-JAN-2026
SMALLCAP,EQ,     54.50,23-OCT-2025,     37.45,03-MAR-2025
SMARTLINK,EQ,    204.99,16-JAN-2025,    119.50,09-APR-2025
SMARTWORKS,EQ,    619.00,04-NOV-2025,    392.70,28-JUL-2025
SMCGLOBAL,EQ,     94.90,02-JAN-2026,     50.50,07-APR-2025
SML100CASE,EQ,     11.08,09-JAN-2026,      9.48,09-DEC-2025
SMLMAH,EQ,   4743.00,25-AUG-2025,   1028.40,28-FEB-2025
SMLT,EQ,    176.13,31-JAN-2025,     76.40,12-JAN-2026
SMSPHARMA,EQ,    360.00,08-JAN-2026,    176.05,03-MAR-2025
SNOWMAN,EQ,     66.89,17-JAN-2025,     37.86,12-JAN-2026
SNXT30BEES,EQ,     41.84,08-JAN-2026,     37.03,19-JUN-2025
SNXT50BETA,EQ,    102.25,17-SEP-2025,     66.72,24-JAN-2025
SOBHA,EQ,   1732.50,22-JUL-2025,   1075.30,07-APR-2025
SOFTTECH,EQ,    480.00,20-JAN-2025,    294.90,13-JAN-2026
SOLARA,EQ,    734.40,25-JUL-2025,    442.80,04-MAR-2025
SOLARINDS,EQ,  17820.00,30-JUN-2025,   8482.50,28-FEB-2025
SOLARWORLD,EQ,    388.50,30-SEP-2025,    262.25,12-JAN-2026
SOLEX,EQ,   1985.00,21-NOV-2025,    630.90,01-APR-2025
SOMANYCERA,EQ,    624.00,10-JUN-2025,    392.50,01-JAN-2026
SOMICONVEY,EQ,    207.20,13-JAN-2025,    110.41,12-JAN-2026
SONACOMS,EQ,    588.95,17-JAN-2025,    380.00,07-APR-2025
SONAMLTD,EQ,     68.00,03-FEB-2025,     37.00,07-MAY-2025
SONATSOFTW,EQ,    604.95,13-JAN-2025,    286.40,07-APR-2025
SOTL,EQ,    535.10,13-JAN-2025,    343.25,07-APR-2025
SOUTHBANK,EQ,     43.26,07-JAN-2026,     22.30,07-APR-2025
SPAL,EQ,    965.00,16-JAN-2025,    628.00,26-MAR-2025
SPANDANA,EQ,    399.33,13-JAN-2025,    183.81,07-APR-2025
SPARC,EQ,    204.40,02-JUN-2025,    109.30,03-MAR-2025
SPECIALITY,EQ,    162.80,03-FEB-2025,    106.00,02-JAN-2026
SPECTRUM,EQ,   2379.00,31-JAN-2025,   1050.00,12-JAN-2026
SPENCERS,EQ,     94.90,16-JAN-2025,     36.71,13-JAN-2026
SPIC,EQ,    128.20,03-SEP-2025,     66.22,13-JAN-2025
SPLIL,EQ,     60.00,20-JAN-2025,     30.00,13-JAN-2026
SPLPETRO,EQ,    979.00,29-SEP-2025,    518.05,03-MAR-2025
SPMLINFRA,EQ,    323.40,01-AUG-2025,    136.30,18-MAR-2025
SPORTKING,EQ,    140.00,23-JUL-2025,     69.91,04-MAR-2025
SRD,EQ,     91.00,02-SEP-2025,     52.00,27-MAR-2025
SREEL,EQ,    279.70,28-JAN-2025,    212.00,12-JAN-2026
SRF,EQ,   3325.00,10-JUL-2025,   2484.50,15-JAN-2025
SRGHFL,EQ,    389.00,20-JAN-2025,    255.10,21-NOV-2025
SRHHYPOLTD,EQ,    726.00,15-JAN-2025,    464.30,07-APR-2025
SRM,EQ,    649.95,17-NOV-2025,    287.05,04-MAR-2025
SSDL,EQ,    128.19,21-JAN-2025,     71.11,12-JAN-2026
SSWL,EQ,    280.00,01-JUL-2025,    167.41,17-MAR-2025
STANLEY,EQ,    382.65,13-JAN-2025,    188.10,31-DEC-2025
STAR,EQ,   1025.00,03-NOV-2025,    513.05,07-APR-2025
STARCEMENT,EQ,    308.95,02-SEP-2025,    196.25,14-JAN-2025
STARHEALTH,EQ,    534.00,17-NOV-2025,    327.30,07-APR-2025
STARPAPER,EQ,    208.35,23-JAN-2025,    152.49,13-MAR-2025
STARTECK,EQ,    358.40,07-FEB-2025,    253.85,27-JAN-2025
STCINDIA,EQ,    168.45,10-JUN-2025,    104.11,17-MAR-2025
STEELCAS,EQ,    255.80,30-JUL-2025,    142.11,07-APR-2025
STEELCITY,EQ,    116.90,27-JUN-2025,     85.51,18-FEB-2025
STEELXIND,EQ,     11.55,30-JUL-2025,      7.06,07-APR-2025
STEL,EQ,    633.30,04-DEC-2025,    310.10,18-FEB-2025
STERTOOLS,EQ,    548.00,16-JAN-2025,    246.05,12-JAN-2026
STLNETWORK,EQ,     35.40,19-SEP-2025,     20.66,05-SEP-2025
STLTECH,EQ,    140.40,18-AUG-2025,     58.86,24-APR-2025
STOVEKRAFT,EQ,    975.40,20-JAN-2025,    524.70,03-JUN-2025
STUDDS,EQ,    600.00,18-NOV-2025,    503.00,09-DEC-2025
STYL,EQ,    437.45,30-SEP-2025,    264.20,29-DEC-2025
STYLAMIND,EQ,   2430.00,26-DEC-2025,   1464.25,03-MAR-2025
STYLEBAAZA,EQ,    392.00,03-OCT-2025,    181.00,18-FEB-2025
STYRENIX,EQ,   3498.00,11-JUN-2025,   1863.10,12-JAN-2026
SUBEXLTD,EQ,     21.31,21-JAN-2025,     10.16,12-JAN-2026
SUBROS,EQ,   1213.70,29-SEP-2025,    518.00,07-APR-2025
SUDARSCHEM,EQ,   1603.00,24-SEP-2025,    796.15,03-MAR-2025
SUDEEPPHRM,EQ,    795.00,28-NOV-2025,    543.90,09-JAN-2026
SUKHJITS,EQ,    258.00,21-JAN-2025,    143.61,18-DEC-2025
SULA,EQ,    394.65,13-JAN-2025,    193.60,12-JAN-2026
SUMEETINDS,EQ,     40.50,23-OCT-2025,     10.66,19-JUN-2025
SUMICHEM,EQ,    665.00,04-AUG-2025,    431.45,12-JAN-2026
SUMIT,EQ,    147.88,20-JAN-2025,     54.15,12-JAN-2026
SUMMITSEC,EQ,   2671.40,13-JAN-2025,   1380.00,03-MAR-2025
SUNCLAY,EQ,   2914.25,16-JAN-2025,   1182.00,09-DEC-2025
SUNDARAM,EQ,      2.50,14-JAN-2025,      1.52,30-OCT-2025
SUNDARMFIN,EQ,   5419.00,26-MAY-2025,   4200.00,30-SEP-2025
SUNDRMBRAK,EQ,   1174.15,24-JAN-2025,    620.10,12-JAN-2026
SUNDRMFAST,EQ,   1102.70,23-JAN-2025,    831.15,07-APR-2025
SUNDROP,EQ,    960.15,02-JUN-2025,    665.00,13-JAN-2026
SUNFLAG,EQ,    322.00,03-JUL-2025,    196.37,07-APR-2025
SUNPHARMA,EQ,   1851.20,02-MAY-2025,   1548.00,26-SEP-2025
SUNTECK,EQ,    545.00,21-JAN-2025,    347.00,07-APR-2025
SUNTV,EQ,    691.40,15-APR-2025,    518.05,26-SEP-2025
SUPERHOUSE,EQ,    211.97,03-FEB-2025,    129.53,07-APR-2025
SUPERSPIN,EQ,     16.67,22-JAN-2025,      7.40,18-DEC-2025
SUPRAJIT,EQ,    517.65,24-SEP-2025,    350.00,07-APR-2025
SUPREME,EQ,    116.50,23-APR-2025,     61.20,12-JAN-2026
SUPREMEIND,EQ,   4739.00,17-JUN-2025,   3095.00,07-APR-2025
SUPRIYA,EQ,    842.00,03-APR-2025,    556.15,03-MAR-2025
SURAJEST,EQ,    571.50,13-JAN-2025,    217.95,19-DEC-2025
SURAJLTD,EQ,    507.00,14-JAN-2025,    207.60,22-DEC-2025
SURAKSHA,EQ,    368.40,16-JAN-2025,    231.00,04-MAR-2025
SURANASOL,EQ,     43.48,17-JAN-2025,     25.91,13-JAN-2026
SURANAT&P,EQ,     29.27,09-SEP-2025,     16.30,07-APR-2025
SURYALAXMI,EQ,     83.99,21-JAN-2025,     54.00,22-DEC-2025
SURYAROSNI,EQ,    359.00,25-JUN-2025,    212.55,28-FEB-2025
SURYODAY,EQ,    161.48,01-OCT-2025,     97.97,17-MAR-2025
SUTLEJTEX,EQ,     61.40,20-JAN-2025,     28.05,12-JAN-2026
SUVEN,EQ,    299.99,15-JUL-2025,    102.50,28-FEB-2025
SUVIDHAA,EQ,      6.79,16-JAN-2025,      3.35,29-DEC-2025
SUYOG,EQ,   1765.00,21-JAN-2025,    545.00,13-JAN-2026
SUZLON,EQ,     74.30,30-MAY-2025,     46.15,07-APR-2025
SVLL,EQ,    855.70,10-JUN-2025,    373.00,03-MAR-2025
SWANCORP,EQ,    702.00,17-JAN-2025,    362.20,07-APR-2025
SWARAJENG,EQ,   4720.00,16-JUL-2025,   2517.00,19-FEB-2025
SWELECTES,EQ,    977.00,10-OCT-2025,    461.10,04-MAR-2025
SWIGGY,EQ,    514.80,16-JAN-2025,    297.00,13-MAY-2025
SWSOLAR,EQ,    466.75,16-JAN-2025,    191.70,12-JAN-2026
SYMPHONY,EQ,   1454.80,04-FEB-2025,    838.10,19-DEC-2025
SYNCOMF,EQ,     23.49,28-MAY-2025,     12.80,12-JAN-2026
SYNGENE,EQ,    862.35,23-JAN-2025,    599.55,09-MAY-2025
SYRMA,EQ,    909.90,13-NOV-2025,    370.00,07-APR-2025
SYSTMTXC,EQ,    177.90,24-NOV-2025,    101.00,07-JAN-2026
TAINWALCHM,EQ,    315.00,21-JAN-2025,    155.00,12-DEC-2025
TAJGVK,EQ,    528.10,19-MAR-2025,    330.20,28-JAN-2025
TALBROAUTO,EQ,    326.00,25-SEP-2025,    200.20,03-MAR-2025
TANLA,EQ,    766.00,19-SEP-2025,    409.35,03-MAR-2025
TARACHAND,EQ,    103.67,14-OCT-2025,     46.50,30-JAN-2025
TARC,EQ,    206.10,16-JUL-2025,    103.22,17-MAR-2025
TARIL,EQ,    594.00,23-APR-2025,    230.10,11-DEC-2025
TARMAT,EQ,     73.57,06-FEB-2025,     45.10,09-MAY-2025
TARSONS,EQ,    458.00,27-MAY-2025,    198.00,24-NOV-2025
TASTYBITE,EQ,  11958.00,07-AUG-2025,   7435.50,12-JAN-2026
TATACAP,EQ,    364.50,08-JAN-2026,    315.10,21-NOV-2025
TATACHEM,EQ,   1026.65,17-SEP-2025,    742.25,06-JAN-2026
TATACOMM,EQ,   2004.00,16-OCT-2025,   1291.00,04-MAR-2025
TATACONSUM,EQ,   1220.90,07-JAN-2026,    926.05,16-JAN-2025
TATAELXSI,EQ,   6735.00,10-JUN-2025,   4700.00,07-APR-2025
TATAGOLD,EQ,     14.50,11-DEC-2025,      7.14,07-APR-2025
TATAINVEST,EQ,   1184.70,03-OCT-2025,    514.52,17-FEB-2025
TATAPOWER,EQ,    416.80,11-JUN-2025,    326.35,17-FEB-2025
TATASTEEL,EQ,    187.85,06-JAN-2026,    122.62,13-JAN-2025
TATATECH,EQ,    841.30,21-JAN-2025,    597.00,07-APR-2025
TATSILV,EQ,     25.53,13-JAN-2026,      8.56,07-APR-2025
TATVA,EQ,   1610.00,18-NOV-2025,    621.00,17-MAR-2025
TBOTEK,EQ,   1764.80,21-NOV-2025,    996.00,07-APR-2025
TBZ,EQ,    232.65,22-APR-2025,    155.00,18-DEC-2025
TCI,EQ,   1289.00,18-JUL-2025,    876.00,03-MAR-2025
TCIEXP,EQ,    848.00,03-JUN-2025,    524.90,12-JAN-2026
TCPLPACK,EQ,   4900.00,26-MAR-2025,   2805.50,13-JAN-2026
TCS,EQ,   4322.95,13-JAN-2025,   2866.60,01-OCT-2025
TDPOWERSYS,EQ,    849.95,03-NOV-2025,    293.00,03-MAR-2025
TEAMGTY,EQ,    332.55,08-DEC-2025,    149.20,14-JAN-2025
TEAMLEASE,EQ,   2787.45,13-JAN-2025,   1463.80,12-JAN-2026
TECH,EQ,     47.30,14-JAN-2025,     33.41,07-APR-2025
TECHM,EQ,   1736.40,24-JAN-2025,   1209.40,07-APR-2025
TECHNOE,EQ,   1654.00,10-JUL-2025,    785.15,07-APR-2025
TECILCHEM,EQ,     42.16,11-APR-2025,     14.66,11-JUL-2025
TEGA,EQ,   2125.00,17-SEP-2025,   1200.05,07-APR-2025
TEJASNET,EQ,   1150.00,20-JAN-2025,    364.25,12-JAN-2026
TEMBO,EQ,    837.00,11-NOV-2025,    386.00,09-MAY-2025
TENNIND,EQ,    556.40,05-JAN-2026,    438.05,18-DEC-2025
TEXINFRA,EQ,    138.00,31-JAN-2025,     85.35,18-FEB-2025
TEXMOPIPES,EQ,     68.99,10-JUL-2025,     44.50,07-APR-2025
TEXRAIL,EQ,    205.50,17-JAN-2025,    116.00,09-DEC-2025
TFCILTD,EQ,     75.90,07-OCT-2025,     24.46,12-FEB-2025
TFL,EQ,     23.35,24-JAN-2025,     11.75,18-NOV-2025
TGBHOTELS,EQ,     15.50,03-FEB-2025,      9.05,16-APR-2025
THANGAMAYL,EQ,   4149.00,08-JAN-2026,   1523.10,24-FEB-2025
THEINVEST,EQ,    192.33,06-FEB-2025,    106.20,05-JAN-2026
THEJO,EQ,   2485.80,30-JUL-2025,   1446.00,07-APR-2025
THELEELA,EQ,    474.40,23-JUL-2025,    382.50,19-JUN-2025
THEMISMED,EQ,    272.00,20-JAN-2025,     92.15,12-JAN-2026
THERMAX,EQ,   4246.80,17-JAN-2025,   2742.70,08-DEC-2025
THOMASCOOK,EQ,    188.29,23-JUL-2025,    118.25,18-FEB-2025
THOMASCOTT,EQ,    494.00,06-FEB-2025,    274.75,18-MAR-2025
THYROCARE,EQ,    536.67,18-NOV-2025,    219.33,04-MAR-2025
TI,EQ,    549.70,31-OCT-2025,    199.53,07-APR-2025
TIGERLOGS,EQ,     56.69,18-SEP-2025,     32.11,30-DEC-2025
TIIL,EQ,   3383.00,28-JUL-2025,   2050.00,07-APR-2025
TIINDIA,EQ,   3485.00,21-JAN-2025,   2356.00,12-JAN-2026
TIJARIA,EQ,     10.90,11-FEB-2025,      4.01,13-JAN-2026
TIL,EQ,    409.00,04-JUL-2025,    165.40,17-MAR-2025
TIMETECHNO,EQ,    249.15,23-SEP-2025,    153.30,09-MAY-2025
TIMKEN,EQ,   3575.00,23-JUL-2025,   2202.00,07-APR-2025
TINNARUBR,EQ,   1088.85,23-APR-2025,    694.10,12-JAN-2026
TIPSFILMS,EQ,    666.00,09-JUN-2025,    363.60,01-DEC-2025
TIPSMUSIC,EQ,    735.00,05-FEB-2025,    483.00,10-NOV-2025
TIRUMALCHM,EQ,    328.80,17-SEP-2025,    201.27,03-MAR-2025
TIRUPATIFL,EQ,     57.05,13-JAN-2025,     28.21,07-MAY-2025
TITAGARH,EQ,   1111.00,17-JAN-2025,    654.55,04-MAR-2025
TITAN,EQ,   4312.10,07-JAN-2026,   2925.00,07-APR-2025
TMB,EQ,    575.60,12-JAN-2026,    401.00,07-APR-2025
TMCV,EQ,    448.00,02-JAN-2026,    306.30,14-NOV-2025
TMPV,EQ,    786.65,21-JAN-2025,    337.70,18-DEC-2025
TNIDETF,EQ,    103.26,23-DEC-2025,     76.95,07-APR-2025
TNPETRO,EQ,    129.89,03-NOV-2025,     63.66,18-MAR-2025
TNPL,EQ,    190.77,07-JUL-2025,    115.50,07-APR-2025
TNTELE,EQ,     26.00,14-JUL-2025,      7.94,07-APR-2025
TOKYOPLAST,EQ,    161.00,02-JUN-2025,    102.00,13-JAN-2026
TOLINS,EQ,    202.00,12-SEP-2025,    107.72,04-MAR-2025
TOP100CASE,EQ,     11.57,05-JAN-2026,      8.01,07-APR-2025
TOP10ADD,EQ,    103.43,01-JUL-2025,     86.50,07-APR-2025
TOP15IETF,EQ,     11.33,23-OCT-2025,     10.00,01-SEP-2025
TOP20,EQ,      9.92,23-DEC-2025,      9.46,12-JAN-2026
TORNTPHARM,EQ,   4104.80,07-JAN-2026,   2886.45,03-MAR-2025
TORNTPOWER,EQ,   1640.00,16-APR-2025,   1188.00,06-OCT-2025
TOTAL,EQ,     93.50,26-MAY-2025,     61.99,12-FEB-2025
TOUCHWOOD,EQ,    147.53,13-JAN-2025,     74.00,11-APR-2025
TPHQ,EQ,      2.21,13-JAN-2025,       .52,19-DEC-2025
TPLPLASTEH,EQ,     97.67,16-JAN-2025,     60.01,07-APR-2025
TRACXN,EQ,     76.75,16-JAN-2025,     36.01,12-JAN-2026
TRANSRAILL,EQ,    855.80,13-AUG-2025,    394.55,07-APR-2025
TRANSWORLD,EQ,    402.00,16-JAN-2025,    164.10,13-JAN-2026
TRAVELFOOD,EQ,   1445.00,27-NOV-2025,   1008.50,04-AUG-2025
TREEHOUSE,EQ,     19.00,23-JAN-2025,      6.19,31-JUL-2025
TREL,EQ,     38.60,13-JAN-2025,     23.91,09-DEC-2025
TRENT,EQ,   6523.85,13-JAN-2025,   3827.80,13-JAN-2026
TRF,EQ,    450.00,23-APR-2025,    272.25,09-DEC-2025
TRIDENT,EQ,     34.62,21-MAY-2025,     23.11,07-APR-2025
TRIGYN,EQ,    122.40,15-JAN-2025,     61.45,13-JAN-2026
TRITURBINE,EQ,    725.65,21-JAN-2025,    460.30,03-MAR-2025
TRIVENI,EQ,    468.10,28-MAY-2025,    313.10,07-APR-2025
TRU,EQ,     20.84,11-JUL-2025,      6.61,28-APR-2025
TRUALT,EQ,    549.00,03-OCT-2025,    363.55,12-JAN-2026
TSFINV,EQ,    701.50,14-OCT-2025,    240.00,28-FEB-2025
TTKHLTCARE,EQ,   1398.90,14-JUL-2025,    980.00,13-JAN-2026
TTKPRESTIG,EQ,    810.60,27-JAN-2025,    582.45,17-MAR-2025
TTL,EQ,     16.20,11-JUN-2025,      7.70,12-JAN-2026
TTML,EQ,     84.50,20-JAN-2025,     44.52,08-DEC-2025
TVSHLTD,EQ,  16297.00,18-NOV-2025,   7855.25,28-FEB-2025
TVSMOTOR,EQ,   3909.00,05-JAN-2026,   2171.40,13-JAN-2025
TVSSCS,EQ,    167.17,21-JAN-2025,    100.01,09-DEC-2025
TVSSRICHAK,EQ,   4775.80,25-NOV-2025,   2431.80,07-APR-2025
TVTODAY,EQ,    214.46,20-JAN-2025,    130.57,09-DEC-2025
TWCGOLDETF,EQ,    141.20,13-JAN-2026,    130.43,02-JAN-2026
UBL,EQ,   2299.70,03-FEB-2025,   1495.40,12-JAN-2026
UCAL,EQ,    184.99,15-JAN-2025,    104.05,12-JAN-2026
UCOBANK,EQ,     46.27,14-JAN-2025,     26.81,07-APR-2025
UDS,EQ,    371.00,05-FEB-2025,    164.18,09-DEC-2025
UFBL,EQ,    420.95,17-JAN-2025,    173.75,09-DEC-2025
UFLEX,EQ,    685.60,23-MAY-2025,    438.00,03-MAR-2025
UFO,EQ,     99.90,31-JAN-2025,     59.95,09-MAY-2025
UGARSUGAR,EQ,     64.38,20-JAN-2025,     38.91,14-AUG-2025
UGROCAP,EQ,    229.36,21-JAN-2025,    142.40,07-APR-2025
UJJIVANSFB,EQ,     60.20,08-JAN-2026,     30.88,28-JAN-2025
ULTRACEMCO,EQ,  13097.00,04-SEP-2025,  10047.85,28-FEB-2025
UMAEXPORTS,EQ,    119.79,04-FEB-2025,     34.11,12-JAN-2026
UMESLTD,EQ,      7.43,01-FEB-2025,      4.16,05-DEC-2025
UMIYA-MRO,EQ,    110.90,17-OCT-2025,     56.81,12-MAY-2025
UNICHEMLAB,EQ,    790.70,24-JAN-2025,    400.00,12-JAN-2026
UNIDT,EQ,    275.95,07-FEB-2025,    184.46,09-JUN-2025
UNIECOM,EQ,    164.90,03-FEB-2025,     96.03,03-MAR-2025
UNIENTER,EQ,    171.62,05-FEB-2025,    129.44,18-FEB-2025
UNIINFO,EQ,     38.80,16-JAN-2025,     13.94,01-APR-2025
UNIMECH,EQ,   1397.00,17-JUN-2025,    850.00,17-MAR-2025
UNIONBANK,EQ,    167.30,06-JAN-2026,    100.81,13-JAN-2025
UNIONGOLD,EQ,    144.30,13-JAN-2026,     82.00,11-MAR-2025
UNIPARTS,EQ,    543.95,16-OCT-2025,    296.65,07-APR-2025
UNITDSPR,EQ,   1645.00,10-JUN-2025,   1271.10,04-MAR-2025
UNITECH,EQ,     10.81,21-JAN-2025,      5.12,13-JAN-2026
UNITEDTEA,EQ,    529.50,11-AUG-2025,    350.10,13-MAR-2025
UNIVASTU,EQ,    115.12,15-JAN-2025,     61.00,12-JAN-2026
UNIVCABLES,EQ,   1008.00,03-DEC-2025,    407.25,09-APR-2025
UNIVPHOTO,EQ,    333.40,03-JUL-2025,    174.00,07-APR-2025
UNOMINDA,EQ,   1382.00,07-OCT-2025,    767.60,07-APR-2025
UPL,EQ,    812.20,02-JAN-2026,    530.95,13-JAN-2025
URAVIDEF,EQ,    584.00,26-MAY-2025,    152.82,10-DEC-2025
URBANCO,EQ,    201.18,22-SEP-2025,    120.97,16-DEC-2025
URJA,EQ,     17.99,20-JAN-2025,     10.45,12-JAN-2026
USHAMART,EQ,    497.10,10-NOV-2025,    278.55,18-FEB-2025
USK,EQ,     54.09,16-JAN-2025,     21.16,12-JAN-2026
UTIAMC,EQ,   1494.80,22-JUL-2025,    905.00,19-FEB-2025
UTKARSHBNK,EQ,     28.08,07-FEB-2025,     13.65,12-JAN-2026
UTLSOLAR,EQ,    230.99,20-NOV-2025,    192.00,18-DEC-2025
UTTAMSUGAR,EQ,    330.45,26-MAY-2025,    171.51,04-MAR-2025
V2RETAIL,EQ,   2564.10,03-NOV-2025,   1390.20,20-FEB-2025
VADILALIND,EQ,   7398.50,14-MAY-2025,   3414.05,22-JAN-2025
VAIBHAVGBL,EQ,    302.55,30-JAN-2025,    195.00,07-APR-2025
VAISHALI,EQ,     18.83,31-JAN-2025,      7.75,11-DEC-2025
VAKRANGEE,EQ,     34.09,13-JAN-2025,      7.34,12-JAN-2026
VAL30IETF,EQ,     17.49,31-DEC-2025,     10.96,03-MAR-2025
VALIANTLAB,EQ,    115.19,12-JUN-2025,     63.50,13-JAN-2026
VALIANTORG,EQ,    507.80,12-JUN-2025,    227.05,17-MAR-2025
VARDHACRLC,EQ,     54.25,18-JUL-2025,     36.01,12-JAN-2026
VARDMNPOLY,EQ,     14.89,21-JAN-2025,      5.10,12-JAN-2026
VARROC,EQ,    694.70,01-DEC-2025,    374.10,07-APR-2025
VASCONEQ,EQ,     74.59,10-OCT-2025,     31.98,03-MAR-2025
VASWANI,EQ,     69.99,13-NOV-2025,     33.30,04-MAR-2025
VBL,EQ,    592.95,05-FEB-2025,    419.55,03-MAR-2025
VEDL,EQ,    642.50,13-JAN-2026,    363.00,07-APR-2025
VEEDOL,EQ,   2035.00,19-SEP-2025,   1305.00,07-APR-2025
VENKEYS,EQ,   2026.60,07-FEB-2025,   1315.00,24-NOV-2025
VENTIVE,EQ,    840.00,13-MAY-2025,    523.40,03-MAR-2025
VENUSPIPES,EQ,   1660.00,22-JUL-2025,   1005.30,07-APR-2025
VERANDA,EQ,    272.50,28-OCT-2025,    172.15,26-DEC-2025
VERTOZ,EQ,    111.33,21-JUL-2025,      7.83,01-APR-2025
VESUVIUS,EQ,    646.00,10-JUN-2025,    356.13,19-FEB-2025
VETO,EQ,    149.00,20-JAN-2025,     92.60,03-MAR-2025
VGL,EQ,    196.95,21-AUG-2025,    114.00,30-OCT-2025
VGUARD,EQ,    409.75,24-JUL-2025,    300.00,04-MAR-2025
VHL,EQ,   4469.00,09-JUN-2025,   2850.00,03-MAR-2025
VIDHIING,EQ,    560.00,22-JAN-2025,    272.05,12-DEC-2025
VIDYAWIRES,EQ,     58.45,10-DEC-2025,     46.81,12-JAN-2026
VIJAYA,EQ,   1275.00,13-JAN-2025,    740.00,17-FEB-2025
VIJIFIN,EQ,      4.60,22-JUL-2025,      1.99,01-APR-2025
VIKASECO,EQ,      3.18,16-JAN-2025,      1.45,25-NOV-2025
VIKASLIFE,EQ,      4.08,16-JAN-2025,      1.72,12-JAN-2026
VIKRAMSOLR,EQ,    407.95,10-SEP-2025,    221.58,12-JAN-2026
VIKRAN,EQ,    118.40,20-NOV-2025,     84.20,18-DEC-2025
VIMTALABS,EQ,    902.65,05-SEP-2025,    391.85,27-JAN-2025
VINATIORGA,EQ,   2040.00,08-JUL-2025,   1412.50,07-APR-2025
VINCOFE,EQ,    179.85,08-JAN-2026,     75.00,03-MAR-2025
VINDHYATEL,EQ,   1889.00,17-JUN-2025,   1160.30,07-APR-2025
VINEETLAB,EQ,     48.64,21-JAN-2025,     22.28,09-MAY-2025
VINNY,EQ,      1.79,16-JAN-2025,      1.18,13-JAN-2026
VINYLINDIA,EQ,    356.80,03-JUN-2025,    215.10,03-MAR-2025
VIPCLOTHNG,EQ,     45.10,26-MAY-2025,     28.00,28-MAR-2025
VIPIND,EQ,    492.30,15-JUL-2025,    248.35,07-APR-2025
VIRINCHI,EQ,     32.69,18-SEP-2025,     19.46,07-APR-2025
VISAKAIND,EQ,     98.10,01-JUL-2025,     55.05,07-APR-2025
VISHNU,EQ,    595.80,01-AUG-2025,    336.00,07-APR-2025
VISHWARAJ,EQ,     15.58,20-JAN-2025,      6.42,12-JAN-2026
VIVIDHA,EQ,      1.05,13-MAY-2025,       .57,13-JAN-2026
VIVIMEDLAB,EQ,     29.40,18-DEC-2025,      9.50,13-JAN-2026
VLEGOV,EQ,    172.70,16-JAN-2025,     17.28,12-JAN-2026
VLSFINANCE,EQ,    339.00,05-DEC-2025,    186.90,04-MAR-2025
VMART,EQ,    945.00,23-JUN-2025,    610.65,13-JAN-2026
VMM,EQ,    157.60,26-AUG-2025,     95.99,28-FEB-2025
VMSTMT,EQ,    105.00,24-SEP-2025,     47.13,12-JAN-2026
VOLTAMP,EQ,  10088.00,10-JUL-2025,   6051.00,03-MAR-2025
VOLTAS,EQ,   1699.00,16-JAN-2025,   1135.00,01-FEB-2025
VPRPL,EQ,    269.45,21-JAN-2025,     48.40,12-JAN-2026
VRAJ,EQ,    218.90,13-JAN-2025,    121.00,18-DEC-2025
VRLLOG,EQ,    324.50,17-JUL-2025,    216.60,28-JAN-2025
VSSL,EQ,    324.00,28-OCT-2025,    178.00,17-MAR-2025
VSTIND,EQ,    341.30,21-JAN-2025,    237.90,01-JAN-2026
VSTL,EQ,    208.99,16-JAN-2025,    117.02,09-DEC-2025
VSTTILLERS,EQ,   6374.00,01-JAN-2026,   3082.00,03-MAR-2025
VTL,EQ,    539.90,08-JUL-2025,    361.10,04-MAR-2025
WAAREEENER,EQ,   3865.00,12-SEP-2025,   1863.00,07-APR-2025
WAAREERTL,EQ,   1358.00,27-OCT-2025,    841.15,09-APR-2025
WABAG,EQ,   1680.00,28-MAY-2025,   1114.00,28-JAN-2025
WAKEFIT,EQ,    203.50,15-DEC-2025,    164.06,07-JAN-2026
WALCHANNAG,EQ,    291.00,04-FEB-2025,    142.79,04-MAR-2025
WANBURY,EQ,    329.70,16-MAY-2025,    154.01,03-MAR-2025
WCIL,EQ,    147.29,22-SEP-2025,     65.10,07-APR-2025
WEALTH,EQ,   1489.40,13-JAN-2025,    801.20,15-MAY-2025
WEBELSOLAR,EQ,    174.40,21-JAN-2025,     79.86,19-DEC-2025
WEIZMANIND,EQ,    142.00,30-JAN-2025,     91.00,12-JAN-2026
WEL,EQ,    200.00,10-FEB-2025,    123.15,30-SEP-2025
WELCORP,EQ,    994.00,10-JUN-2025,    664.30,07-APR-2025
WELENT,EQ,    630.20,30-JAN-2025,    400.05,28-FEB-2025
WELINV,EQ,   1549.00,16-DEC-2025,    597.55,03-MAR-2025
WELSPUNLIV,EQ,    159.44,15-JAN-2025,    104.80,07-APR-2025
WENDT,EQ,  15922.25,21-JAN-2025,   7171.00,12-JAN-2026
WESTLIFE,EQ,    893.35,04-FEB-2025,    493.40,12-JAN-2026
WEWORK,EQ,    664.00,03-NOV-2025,    570.10,17-DEC-2025
WHEELS,EQ,    978.50,23-OCT-2025,    543.60,03-MAR-2025
WHIRLPOOL,EQ,   1730.00,16-JAN-2025,    807.00,13-JAN-2026
WILLAMAGOR,EQ,     41.00,09-JUL-2025,     25.31,17-MAR-2025
WINDLAS,EQ,   1140.00,17-APR-2025,    665.10,19-FEB-2025
WINDMACHIN,EQ,    409.00,17-JUN-2025,    230.56,03-MAR-2025
WIPL,EQ,    230.84,20-JAN-2025,    137.90,13-JUN-2025
WIPRO,EQ,    324.60,23-JAN-2025,    228.00,07-APR-2025
WOCKPHARMA,EQ,   1868.80,12-JUN-2025,   1110.05,28-FEB-2025
WONDERLA,EQ,    848.55,20-JAN-2025,    505.00,29-DEC-2025
WORTHPERI,EQ,    190.47,06-FEB-2025,    132.00,31-DEC-2025
WSI,EQ,    113.09,14-JAN-2025,     62.60,11-AUG-2025
WSTCSTPAPR,EQ,    583.00,18-JUL-2025,    385.10,03-MAR-2025
XCHANGING,EQ,    117.35,31-JAN-2025,     74.62,12-JAN-2026
XPROINDIA,EQ,   1500.00,13-JAN-2025,    851.00,12-JAN-2026
XTGLOBAL,EQ,     46.25,17-SEP-2025,     28.65,18-FEB-2025
YASHO,EQ,   2343.85,05-FEB-2025,   1130.00,09-JAN-2026
YATHARTH,EQ,    843.70,08-OCT-2025,    345.60,03-MAR-2025
YATRA,EQ,    202.00,17-NOV-2025,     65.51,12-MAR-2025
YESBANK,EQ,     24.30,10-OCT-2025,     16.02,12-MAR-2025
YUKEN,EQ,   1204.40,19-JUN-2025,    712.70,04-MAR-2025
ZAGGLE,EQ,    547.10,21-JAN-2025,    298.65,09-APR-2025
ZEEL,EQ,    151.70,04-JUL-2025,     88.72,12-JAN-2026
ZEELEARN,EQ,     10.89,04-AUG-2025,      4.57,01-APR-2025
ZEEMEDIA,EQ,     19.90,13-JAN-2025,      8.40,12-JAN-2026
ZENITHEXPO,EQ,    360.70,14-FEB-2025,    193.00,20-MAR-2025
ZENITHSTL,EQ,     10.33,23-OCT-2025,      5.65,15-APR-2025
ZENSARTECH,EQ,    984.95,01-FEB-2025,    535.85,07-APR-2025
ZENTEC,EQ,   2445.00,13-JAN-2025,    945.35,19-FEB-2025
ZFCVINDIA,EQ,  15848.00,19-DEC-2025,   9561.00,27-JAN-2025
ZIMLAB,EQ,    127.00,18-JUL-2025,     65.52,09-JAN-2026
ZODIAC,EQ,    560.00,20-MAY-2025,    265.00,12-JAN-2026
ZODIACLOTH,EQ,    126.59,27-JAN-2025,     79.98,09-JAN-2026
ZOTA,EQ,   1740.00,21-NOV-2025,    752.00,07-APR-2025
ZUARI,EQ,    393.55,21-AUG-2025,    169.20,04-MAR-2025
ZUARIIND,EQ,    416.00,25-SEP-2025,    229.99,07-APR-2025
ZYDUSLIFE,EQ,   1059.05,19-SEP-2025,    795.00,07-APR-2025
ZYDUSWELL,EQ,    530.90,19-SEP-2025,    298.64,04-MAR-2025
