sn,symbol,companyName,industry,industryInfo.macro,industryInfo.sector,industryInfo.industry,industryInfo.basicIndustry,priceInfo.lastPrice,MarketCap,ffmc,impactCost,DailyVol,Yearlyvol,ff_shares,total_shares,ff_per
1,20MICRONS,20 Microns Limited,Industrial Minerals,Commodities,Metals & Mining,Minerals & Mining,Industrial Minerals,263.15,928.56,510.7540076,0.17,3.39,64.77,19409234.57,35286338.59,55.00
2,21STCENMGM,21st Century Management Services Limited,Other Capital Market related Services,Financial Services,Financial Services,Capital Markets,Other Capital Market related Services,98.68,103.61,29.90942447,0.36,2.09,39.93,3030951,10499594.65,28.87
3,360ONE,360 ONE WAM LIMITED,Stockbroking & Allied,Financial Services,Financial Services,Capital Markets,Stockbroking & Allied,964.85,35188.74,13377.81041,0.06,2.34,44.71,138651711.7,364706845.6,38.02
4,3IINFOLTD,3i Infotech Limited,Computers - Software & Consulting,Information Technology,Information Technology,IT - Software,Computers - Software & Consulting,29.64,502.11,449.3475352,0.13,2.99,57.12,151601732.5,169402834,89.49
5,3MINDIA,3M India Limited,Diversified,Diversified,Diversified,Diversified,Diversified,33846.95,38128.83,9532.206526,0.07,1.8,34.39,2816267.5,11265071.15,25.00
6,3PLAND,3P Land Holdings Limited,Investment Company,Financial Services,Financial Services,Finance,Investment Company,36.72,66.1,16.46431531,1.9,3.41,65.15,4483746,18001089.32,24.91
7,5PAISA,5Paisa Capital Limited,Stockbroking & Allied,Financial Services,Financial Services,Capital Markets,Stockbroking & Allied,512.6,1600.34,537.2655491,0.11,2.4,45.85,10481185.12,31220054.62,33.57
8,63MOONS,63 moons technologies limited,Computers - Software & Consulting,Information Technology,Information Technology,IT - Software,Computers - Software & Consulting,370.35,1706.52,923.7931364,0.91,3.26,62.28,24943786.59,46078574.32,54.13
9,A2ZINFRA,A2Z Infra Engineering Limited,Civil Construction,Industrials,Construction,Construction,Civil Construction,16.18,284.96,204.6838801,3.46,2.92,55.79,126504252.2,176118665,71.83
10,AAATECH,Aaa Technologies Limited,Consulting Services,Services,Services,Commercial Services & Supplies,Consulting Services,118.9,152.51,43.44601446,1.13,3.32,63.43,3653996.17,12826745.16,28.49
11,AADHARHFC,Aadhar Housing Finance Limited,Housing Finance Company,Financial Services,Financial Services,Finance,Housing Finance Company,429.9,18474.46,3508.577668,0.1,1.77,33.82,81613809.45,429738543.8,18.99
12,AAKASH,Aakash Exploration Services Limited,Offshore Support Solution Drilling,Energy,Oil Gas & Consumable Fuels,Oil,Offshore Support Solution Drilling,10.91,110.46,1,1.47,3.29,62.86,916590.2841,101246562.8,0.91
13,AAREYDRUGS,Aarey Drugs & Pharmaceuticals Limited,Pharmaceuticals,Healthcare,Healthcare,Pharmaceuticals & Biotechnology,Pharmaceuticals,63.64,177.9,77.47080663,1.18,3.09,59.03,12173288.28,27954116.91,43.55
14,AARON,Aaron Industries Limited,Industrial Products,Industrials,Capital Goods,Industrial Manufacturing,Industrial Products,254.6,266.65,71.84554963,0.43,2.38,45.47,2821899.043,10473291.44,26.94
15,AARTECH,Aartech Solonics Limited,Heavy Electrical Equipment,Industrials,Capital Goods,Electrical Equipment,Heavy Electrical Equipment,64.93,171.9,81.17247907,0.67,2.91,55.6,12501536.9,26474665.02,47.22
16,AARTIDRUGS,Aarti Drugs Limited,Pharmaceuticals,Healthcare,Healthcare,Pharmaceuticals & Biotechnology,Pharmaceuticals,510.5,4693.28,1774.177834,0.08,2.09,39.93,34753728.38,91934965.72,37.80
17,AARTIIND,Aarti Industries Limited,Specialty Chemicals,Commodities,Chemicals,Chemicals & Petrochemicals,Specialty Chemicals,531.7,19275.15,10688.28188,0.03,2.33,44.51,201020911.8,362519277.8,55.45
18,AARTIPHARM,Aarti Pharmalabs Limited,Pharmaceuticals,Healthcare,Healthcare,Pharmaceuticals & Biotechnology,Pharmaceuticals,590,5346.93,2843.061304,0.09,2.6,49.67,48187479.72,90625932.2,53.17
19,AARTISURF,Aarti Surfactants Limited,Specialty Chemicals,Commodities,Chemicals,Chemicals & Petrochemicals,Specialty Chemicals,781,660.61,320.7696679,0.17,2.82,53.88,4107166.042,8458514.725,48.56
20,AARVEEDEN,Aarvee Denims & Exports Limited,Other Textile Products,Consumer Discretionary,Textiles,Textiles & Apparels,Other Textile Products,1,112.84,1,1.43,,,10000000,1128400000,0.89
21,AARVI,Aarvi Encon Limited,Diversified Commercial Services,Services,Services,Commercial Services & Supplies,Diversified Commercial Services,132,195.15,51.63188406,0.4,3.12,59.61,3911506.368,14784090.91,26.46
22,AAVAS,Aavas Financiers Limited,Housing Finance Company,Financial Services,Financial Services,Finance,Housing Finance Company,1725,13651.92,9849.275087,0.05,1.96,37.45,57097246.88,79141565.22,72.15
23,ABAN,Aban Offshore Limited,Offshore Support Solution Drilling,Energy,Oil Gas & Consumable Fuels,Oil,Offshore Support Solution Drilling,71.38,416.61,219.5551863,0.73,3.26,62.28,30758641.95,58365088.26,52.70
24,ABB,ABB India Limited,Heavy Electrical Equipment,Industrials,Capital Goods,Electrical Equipment,Heavy Electrical Equipment,7744,164101.85,40495.90474,0.03,2.2,42.03,52293265.42,211908380.7,24.68
25,ABBOTINDIA,Abbott India Limited,Pharmaceuticals,Healthcare,Healthcare,Pharmaceuticals & Biotechnology,Pharmaceuticals,28086,38408.28,9418.670233,0.05,1.38,26.36,3353510.729,13675240.33,24.52
26,ABCAPITAL,Aditya Birla Capital Limited,Investment Company,Financial Services,Financial Services,Finance,Investment Company,225,58614.81,15970.30759,0.05,2.16,41.27,709791448.5,2605102667,27.25
27,ABDL,Allied Blenders and Distillers Limited,Breweries & Distilleries,Fast Moving Consumer Goods,Fast Moving Consumer Goods,Beverages,Breweries & Distilleries,311,8698.99,1163.306658,0.08,1.38,26.36,37405358.78,279710289.4,13.37
28,ABFRL,Aditya Birla Fashion and Retail Limited,Speciality Retail,Consumer Discretionary,Consumer Services,Retailing,Speciality Retail,324.55,34753.01,12953.83753,0.07,2.33,44.51,399132260.9,1070806039,37.27
29,ABMINTLLTD,ABM International Limited,Trading & Distributors,Services,Services,Commercial Services & Supplies,Trading & Distributors,55.1,51.84,12.43180835,5.01,3.44,65.72,2256226.56,9408348.457,23.98
30,ABSLAMC,Aditya Birla Sun Life AMC Limited,Asset Management Company,Financial Services,Financial Services,Capital Markets,Asset Management Company,677.5,19532.1,4881.813316,0.1,2.01,38.4,72056285.11,288296679,24.99
31,ACC,ACC Limited,Cement & Cement Products,Commodities,Construction Materials,Cement & Cement Products,Cement & Cement Products,2351,44148.79,15959.96256,0.05,2.02,38.59,67885846.72,187787282,36.15
32,ACCELYA,Accelya Solutions India Limited,Computers - Software & Consulting,Information Technology,Information Technology,IT - Software,Computers - Software & Consulting,1634,2438.95,606.8280933,0.12,2.43,46.43,3713758.221,14926254.59,24.88
33,ACCURACY,Accuracy Shipping Limited,Logistics Solution Provider,Services,Services,Transport Services,Logistics Solution Provider,10,150.56,54.67330448,2.97,3.16,60.37,54673304.48,150560000,36.31
34,ACE,Action Construction Equipment Limited,Construction Vehicles,Industrials,Capital Goods,Agricultural Commercial & Construction Vehicles,Construction Vehicles,1280,15242.65,5255.970259,0.06,3.07,58.65,41062267.64,119083203.1,34.48
35,ACEINTEG,Ace Integrated Solutions Limited,Diversified Commercial Services,Services,Services,Commercial Services & Supplies,Diversified Commercial Services,34.45,35.14,9.286007835,2.07,3.15,60.18,2695503,10200290.28,26.43
36,ACI,Archean Chemical Industries Limited,Specialty Chemicals,Commodities,Chemicals,Chemicals & Petrochemicals,Specialty Chemicals,678,8349.66,3877.396572,0.07,2.27,43.37,57188740,123151327.4,46.44
37,ACL,Andhra Cements Limited,Cement & Cement Products,Commodities,Construction Materials,Cement & Cement Products,Cement & Cement Products,89,820.33,82.03238427,0.53,2.45,46.81,9217121.828,92171910.11,10.00
38,ACLGATI,Allcargo Gati Limited,Logistics Solution Provider,Services,Services,Transport Services,Logistics Solution Provider,104.4,1534.87,760.3477863,0.11,2.66,50.82,72830247.73,147018199.2,49.54
39,ADANIENSOL,Adani Energy Solutions Limited,Power Distribution,Utilities,Power,Power,Power Distribution,935,112319.93,34146.49334,0.04,3.33,63.62,365203137.3,1201282674,30.40
40,ADANIENT,Adani Enterprises Limited,Trading - Minerals,Commodities,Metals & Mining,Metals & Minerals Trading,Trading - Minerals,3011,343254.34,70760.85192,0.03,3.01,57.51,235007811.1,1140001129,20.61
41,ADANIGREEN,Adani Green Energy Limited,Power Generation,Utilities,Power,Power,Power Generation,1751,277364.09,63010.46381,0.04,3.15,60.18,359854162.2,1584032496,22.72
42,ADANIPORTS,Adani Ports and Special Economic Zone Limited,Port & Port services,Services,Services,Transport Infrastructure,Port & Port services,1353,292266.8,99595.17265,0.04,2.59,49.48,736106228,2160138950,34.08
43,ADANIPOWER,Adani Power Limited,Integrated Power Utilities,Utilities,Power,Power,Integrated Power Utilities,624.9,241020.11,54486.45319,0.12,2.97,56.74,871922758.6,3856938870,22.61
44,ADFFOODS,ADF Foods Limited,Packaged Foods,Fast Moving Consumer Goods,Fast Moving Consumer Goods,Food Products,Packaged Foods,268.05,2944.89,929.3583772,0.12,2.94,56.17,34671082.9,109863458.3,31.56
45,ADL,Archidply Decor Limited,Plywood Boards/ Laminates,Consumer Discretionary,Consumer Durables,Consumer Durables,Plywood Boards/ Laminates,100.05,55.69,15.05621519,1.73,3.39,64.77,1504869.085,5566216.892,27.04
46,ADORWELD,Ador Welding Limited,Other Industrial Products,Industrials,Capital Goods,Industrial Products,Other Industrial Products,1300,1767.8,726.5095222,0.13,2.33,44.51,5588534.786,13598461.54,41.10
47,ADROITINFO,Adroit Infotech Limited,IT Enabled Services,Information Technology,Information Technology,IT - Services,IT Enabled Services,17.35,42.97,25.39789654,1.38,2.99,57.12,14638557.08,24766570.61,59.11
48,ADSL,Allied Digital Services Limited,IT Enabled Services,Information Technology,Information Technology,IT - Services,IT Enabled Services,243.1,1357.05,647.2914765,0.12,3.68,70.31,26626551.89,55822706.71,47.70
49,ADVANIHOTR,Advani Hotels & Resorts (India) Limited,Hotels & Resorts,Consumer Discretionary,Consumer Services,Leisure Services,Hotels & Resorts,70.8,654.46,149.6767039,0.22,2.76,52.73,21140777.39,92437853.11,22.87
50,ADVENZYMES,Advanced Enzyme Technologies Limited,Biotechnology,Healthcare,Healthcare,Pharmaceuticals & Biotechnology,Biotechnology,465.15,5201.5,2213.647827,0.1,2.28,43.56,47589978.01,111824142.7,42.56
51,AEGISLOG,Aegis Logistics Limited,Trading - Gas,Energy,Oil Gas & Consumable Fuels,Gas,Trading - Gas,675,23692.5,8462.67669,0.05,3.13,59.8,125372988,351000000,35.72
52,AEROFLEX,Aeroflex Industries Limited,Iron & Steel Products,Industrials,Capital Goods,Industrial Products,Iron & Steel Products,188,2431.22,802.4543113,0.1,2.27,43.37,42683739.96,129320212.8,33.01
53,AETHER,Aether Industries Limited,Specialty Chemicals,Commodities,Chemicals,Chemicals & Petrochemicals,Specialty Chemicals,915.45,12134.98,2209.076062,0.1,1.73,33.05,24131040.06,132557540,18.20
54,AFFLE,Affle (India) Limited,IT Enabled Services,Information Technology,Information Technology,IT - Services,IT Enabled Services,1506,21132.95,9467.563408,0.05,2.03,38.78,62865626.88,140325033.2,44.80
55,AFIL,Akme Fintrade (India) Limited,Non Banking Financial Company (NBFC),Financial Services,Financial Services,Finance,Non Banking Financial Company (NBFC),98.85,421.84,77.71221688,0.56,1.95,37.25,7861630.438,42674759.74,18.42
56,AGARIND,Agarwal Industrial Corporation Limited,Petrochemicals,Commodities,Chemicals,Chemicals & Petrochemicals,Petrochemicals,1076.5,1610.21,687.1554045,0.12,2.94,56.17,6383236.456,14957826.29,42.67
57,AGI,AGI Greenpac Limited,Packaging,Industrials,Capital Goods,Industrial Products,Packaging,912,5900.4,2312.969051,0.08,3,57.31,25361502.75,64697368.42,39.20
58,AGIIL,Agi Infra Limited,Residential Commercial Projects,Consumer Discretionary,Realty,Realty,Residential Commercial Projects,920,1123.94,271.5659575,0.99,1.94,37.06,2951803.886,12216739.13,24.16
59,AGRITECH,Agri-Tech (India) Limited,Other Agricultural Products,Fast Moving Consumer Goods,Fast Moving Consumer Goods,Agricultural Food & other Products,Other Agricultural Products,205,121.77,83.89770345,0.59,3.53,67.44,4092570.9,5940000,68.90
60,AGROPHOS,Agro Phos India Limited,Fertilizers,Commodities,Chemicals,Fertilizers & Agrochemicals,Fertilizers,44.8,90.83,40.86516794,0.49,3.47,66.29,9121689.273,20274553.57,44.99
61,AGSTRA,AGS Transact Technologies Limited,Financial Technology (Fintech),Financial Services,Financial Services,Financial Technology (Fintech),Financial Technology (Fintech),89.2,1082.92,367.9107738,0.45,3.15,60.18,41245602.44,121403587.4,33.97
62,AHL,Abans Holdings Limited,Holding Company,Financial Services,Financial Services,Finance,Holding Company,350,1756.85,490.3449146,0.19,3.11,59.42,14009854.7,50195714.29,27.91
63,AHLADA,Ahlada Engineers Limited,Furniture Home Furnishing,Consumer Discretionary,Consumer Durables,Consumer Durables,Furniture Home Furnishing,99.86,129.03,63.36335532,0.7,3.04,58.08,6345218.838,12921089.53,49.11
64,AHLEAST,Asian Hotels (East) Limited,Hotels & Resorts,Consumer Discretionary,Consumer Services,Leisure Services,Hotels & Resorts,155.98,269.72,89.00165332,0.51,2.73,52.16,5705965.721,17291960.51,33.00
65,AHLUCONT,Ahluwalia Contracts (India) Limited,Civil Construction,Industrials,Construction,Construction,Civil Construction,1083,7254.75,3238.666722,0.09,2.72,51.97,29904586.54,66987534.63,44.64
66,AIAENG,AIA Engineering Limited,Castings & Forgings,Industrials,Capital Goods,Industrial Products,Castings & Forgings,4133,38982.61,16185.96905,0.06,1.74,33.24,39162760.83,94320372.61,41.52
67,AIIL,Authum Investment & Infrastructure Limited,Non Banking Financial Company (NBFC),Financial Services,Financial Services,Finance,Non Banking Financial Company (NBFC),1711.75,29073.23,7252.260322,0.21,2.49,47.57,42367520.5,169845070.8,24.94
68,AIRAN,Airan Limited,IT Enabled Services,Information Technology,Information Technology,IT - Services,IT Enabled Services,33.77,422.19,116.643355,0.83,3.34,63.81,34540525.6,125019247.9,27.63
69,AIROLAM,Airo Lam limited,Plywood Boards/ Laminates,Consumer Discretionary,Consumer Durables,Consumer Durables,Plywood Boards/ Laminates,142.7,214.08,100.2247219,0.61,2.93,55.98,7023456.336,15002102.31,46.82
70,AJANTPHARM,Ajanta Pharma Limited,Pharmaceuticals,Healthcare,Healthcare,Pharmaceuticals & Biotechnology,Pharmaceuticals,3308,41320.92,13890.44126,0.06,1.95,37.25,41990451.2,124912091.9,33.62
71,AJMERA,Ajmera Realty & Infra India Limited,Residential Commercial Projects,Consumer Discretionary,Realty,Realty,Residential Commercial Projects,612,2171.67,555.6467709,0.18,2.87,54.83,9079195.602,35484803.92,25.59
72,AJOONI,Ajooni Biotech Limited,Animal Feed,Fast Moving Consumer Goods,Fast Moving Consumer Goods,Food Products,Animal Feed,7.65,131.77,96.32792374,1.25,3.44,65.72,125918854.6,172248366,73.10
73,AKASH,Akash Infra Projects Limited,Civil Construction,Industrials,Construction,Construction,Civil Construction,35,59.02,14.99775695,0.97,3.61,68.97,4285073.415,16862857.14,25.41
74,AKG,Akg Exim Limited,Trading & Distributors,Services,Services,Commercial Services & Supplies,Trading & Distributors,19,60.38,27.5803711,0.61,3.11,59.42,14515984.79,31778947.37,45.68
75,AKI,AKI India Limited,Leather And Leather Products,Consumer Discretionary,Consumer Durables,Consumer Durables,Leather And Leather Products,19.25,170.42,41.5387405,1.86,2.7,51.58,21578566.49,88529870.13,24.37
76,AKSHAR,Akshar Spintex Limited,Other Textile Products,Consumer Discretionary,Textiles,Textiles & Apparels,Other Textile Products,1.54,121.27,106.8129282,2.21,3.36,64.19,693590442.8,787467532.5,88.08
77,AKSHARCHEM,AksharChem India Limited,Dyes And Pigments,Commodities,Chemicals,Chemicals & Petrochemicals,Dyes And Pigments,305.95,245.77,87.98341863,0.64,3.06,58.46,2875745.012,8033011.93,35.80
78,AKSHOPTFBR,Aksh Optifibre Limited,Telecom - Equipment & Accessories,Telecommunication,Telecommunication,Telecom - Equipment & Accessories,Telecom - Equipment & Accessories,8.01,130.32,96.49884624,0.88,2.96,56.55,120472966.6,162696629.2,74.05
79,AKUMS,Akums Drugs and Pharmaceuticals Limited,Pharmaceuticals,Healthcare,Healthcare,Pharmaceuticals & Biotechnology,Pharmaceuticals,826.4,13007.04,1300.703917,0.08,1.5,28.66,15739398.8,157393998.1,10.00
80,AKZOINDIA,Akzo Nobel India Limited,Paints,Consumer Discretionary,Consumer Durables,Consumer Durables,Paints,3775.45,17193.52,3411.658166,0.11,1.6,30.57,9036427.886,45540319.7,19.84
81,ALANKIT,Alankit Limited,Diversified Commercial Services,Services,Services,Commercial Services & Supplies,Diversified Commercial Services,22.09,598.99,237.0765516,1.29,3.07,58.65,107323020.2,271158895.4,39.58
82,ALBERTDAVD,Albert David Limited,Pharmaceuticals,Healthcare,Healthcare,Pharmaceuticals & Biotechnology,Pharmaceuticals,1419,809.85,300.9558873,0.24,2.67,51.01,2120901.25,5707188.161,37.16
83,ALEMBICLTD,Alembic Limited,Residential Commercial Projects,Consumer Discretionary,Realty,Realty,Residential Commercial Projects,132.55,3403.64,898.898747,0.08,2.72,51.97,67815823.99,256781591.9,26.41
84,ALICON,Alicon Castalloy Limited,Auto Components & Equipments,Consumer Discretionary,Automobile and Auto Components,Auto Components,Auto Components & Equipments,1263,2053.87,532.8581884,0.17,2.66,50.82,4218988.031,16261836.9,25.94
85,ALKALI,Alkali Metals Limited,Specialty Chemicals,Commodities,Chemicals,Chemicals & Petrochemicals,Specialty Chemicals,113.1,115.16,34.77484941,0.49,3.3,63.05,3074699.329,10182139.7,30.20
86,ALKEM,Alkem Laboratories Limited,Pharmaceuticals,Healthcare,Healthcare,Pharmaceuticals & Biotechnology,Pharmaceuticals,6131.5,73311.28,31980.1397,0.03,1.57,29.99,52157122.56,119565000.4,43.62
87,ALKYLAMINE,Alkyl Amines Chemicals Limited,Specialty Chemicals,Commodities,Chemicals,Chemicals & Petrochemicals,Specialty Chemicals,2215,11326.63,3065.756943,0.07,1.94,37.06,13840889.13,51136027.09,27.07
88,ALLCARGO,Allcargo Logistics Limited,Logistics Solution Provider,Services,Services,Transport Services,Logistics Solution Provider,60.3,5926.18,2146.158726,0.07,2.57,49.1,355913553.3,982782752.9,36.21
89,ALMONDZ,Almondz Global Securities Limited,Stockbroking & Allied,Financial Services,Financial Services,Capital Markets,Stockbroking & Allied,29.55,497.45,210.9928964,3.31,3.17,60.56,71401995.38,168341793.6,42.41
90,ALOKINDS,Alok Industries Limited,Other Textile Products,Consumer Discretionary,Textiles,Textiles & Apparels,Other Textile Products,24.43,12130.08,3024.563241,0.23,3.11,59.42,1238052903,4965239460,24.93
91,ALPA,Alpa Laboratories Limited,Pharmaceuticals,Healthcare,Healthcare,Pharmaceuticals & Biotechnology,Pharmaceuticals,119.34,251.1,107.2341341,0.3,3.25,62.09,8985598.636,21040723.98,42.71
92,ALPHAGEO,Alphageo (India) Limited,Offshore Support Solution Drilling,Energy,Oil Gas & Consumable Fuels,Oil,Offshore Support Solution Drilling,421.1,268.02,140.4405131,0.42,3.22,61.52,3335086.99,6364758.965,52.40
93,ALPSINDUS,Alps Industries Limited,Other Textile Products,Consumer Discretionary,Textiles,Textiles & Apparels,Other Textile Products,3.91,15.29,11.83933647,4.91,3.88,74.13,30279632.92,39104859.34,77.43
94,AMBER,Amber Enterprises India Limited,Household Appliances,Consumer Discretionary,Consumer Durables,Consumer Durables,Household Appliances,4905.9,16563.55,9250.542694,0.05,2.67,51.01,18855954.45,33762510.45,55.85
95,AMBICAAGAR,Ambica Agarbathies & Aroma industries Limited,Household Products,Fast Moving Consumer Goods,Fast Moving Consumer Goods,Household Products,Household Products,27.99,48.08,27.20590534,1.3,2.94,56.17,9719866.145,17177563.42,56.58
96,AMBIKCO,Ambika Cotton Mills Limited,Other Textile Products,Consumer Discretionary,Textiles,Textiles & Apparels,Other Textile Products,1620,927.45,453.6603126,0.15,2.19,41.84,2800372.3,5725000,48.91
97,AMBUJACEM,Ambuja Cements Limited,Cement & Cement Products,Commodities,Construction Materials,Cement & Cement Products,Cement & Cement Products,590.55,145459.76,35562.14685,0.04,2.23,42.6,602186891,2463123529,24.45
98,AMDIND,AMD Industries Limited,Packaging,Industrials,Capital Goods,Industrial Products,Packaging,65.9,126.31,41.96612402,0.79,3.43,65.53,6368152.355,19166919.58,33.22
99,AMIORG,Ami Organics Limited,Pharmaceuticals,Healthcare,Healthcare,Pharmaceuticals & Biotechnology,Pharmaceuticals,1607,6577.05,3807.001018,0.07,2.37,45.28,23690112.12,40927504.67,57.88
100,AMJLAND,Amj Land Holdings Limited,Residential Commercial Projects,Consumer Discretionary,Realty,Realty,Residential Commercial Projects,45.3,185.73,60.38435187,0.82,8.34,159.34,13329879,41000000,32.51
101,AMNPLST,Amines & Plasticizers Limited,Commodity Chemicals,Commodities,Chemicals,Chemicals & Petrochemicals,Commodity Chemicals,285.05,1568.35,389.3306927,0.44,3.14,59.99,13658329.86,55020171.9,24.82
102,AMRUTANJAN,Amrutanjan Health Care Limited,Pharmaceuticals,Healthcare,Healthcare,Pharmaceuticals & Biotechnology,Pharmaceuticals,735.4,2126.09,1018.498075,0.12,2.01,38.4,13849579.48,28910660.86,47.90
103,ANANDRATHI,Anand Rathi Wealth Limited,Financial Products Distributor,Financial Services,Financial Services,Capital Markets,Financial Products Distributor,3900,16189.02,6855.112544,0.06,1.9,36.3,17577211.65,41510307.69,42.34
104,ANANTRAJ,Anant Raj Limited,Residential Commercial Projects,Consumer Discretionary,Realty,Realty,Residential Commercial Projects,667.7,22828.05,8889.971445,0.06,2.93,55.98,133143199.7,341890819.2,38.94
105,ANDHRAPAP,ANDHRA PAPER LIMITED,Paper & Paper Products,Commodities,Forest Materials,Paper Forest & Jute Products,Paper & Paper Products,100.1,1990.49,545.7387387,0.08,2.05,39.17,54519354.51,198850149.9,27.42
106,ANDHRSUGAR,The Andhra Sugars Limited,Commodity Chemicals,Commodities,Chemicals,Chemicals & Petrochemicals,Commodity Chemicals,104.18,1412.01,737.4309017,0.13,2.11,40.31,70784306.18,135535611.4,52.23
107,ANGELONE,Angel One Limited,Stockbroking & Allied,Financial Services,Financial Services,Capital Markets,Stockbroking & Allied,2522,22736.08,14556.36641,0.03,3.11,59.42,57717551.19,90150991.28,64.02
108,ANIKINDS,Anik Industries Limited,Trading & Distributors,Services,Services,Commercial Services & Supplies,Trading & Distributors,1,204.54,1,1.38,,,10000000,2045400000,0.49
109,ANMOL,Anmol India Limited,Trading - Coal,Energy,Oil Gas & Consumable Fuels,Consumable Fuels,Trading - Coal,30.2,171.88,73.76347597,0.76,2.6,49.67,24424992.04,56913907.28,42.92
110,ANSALAPI,Ansal Properties & Infrastructure Limited,Residential Commercial Projects,Consumer Discretionary,Realty,Realty,Residential Commercial Projects,12.75,200.69,101.7721216,5,2.99,57.12,79821271.86,157403921.6,50.71
111,ANTGRAPHIC,Antarctica Limited,Packaging,Industrials,Capital Goods,Industrial Products,Packaging,1,29.3,1,2.69,,,10000000,293000000,3.41
112,ANUP,The Anup Engineering Limited,Industrial Products,Industrials,Capital Goods,Industrial Manufacturing,Industrial Products,2745,5490.68,3224.312169,0.1,2.9,55.4,11746128.12,20002477.23,58.72
113,ANURAS,Anupam Rasayan India Limited,Specialty Chemicals,Commodities,Chemicals,Chemicals & Petrochemicals,Specialty Chemicals,730,8017.93,1675.627566,0.07,1.6,30.57,22953802.27,109834657.5,20.90
114,APARINDS,Apar Industries Limited,Other Electrical Equipment,Industrials,Capital Goods,Electrical Equipment,Other Electrical Equipment,9400,37758.22,15844.32919,0.05,2.69,51.39,16855669.35,40168319.15,41.96
115,APCL,Anjani Portland Cement Limited,Cement & Cement Products,Commodities,Construction Materials,Cement & Cement Products,Cement & Cement Products,177.49,521.37,120.8296842,0.41,2.38,45.47,6807689.681,29374612.65,23.18
116,APCOTEXIND,Apcotex Industries Limited,Rubber,Industrials,Capital Goods,Industrial Products,Rubber,423.7,2196.67,904.4529058,0.17,2.13,40.69,21346540.14,51844937.46,41.17
117,APEX,Apex Frozen Foods Limited,Seafood,Fast Moving Consumer Goods,Fast Moving Consumer Goods,Food Products,Seafood,229,715.63,195.4672438,0.16,2.71,51.77,8535687.5,31250218.34,27.31
118,APLAPOLLO,APL Apollo Tubes Limited,Iron & Steel Products,Industrials,Capital Goods,Industrial Products,Iron & Steel Products,1568,43515.85,28292.52719,0.05,2.07,39.55,180437035.7,277524553.6,65.02
119,APLLTD,Alembic Pharmaceuticals Limited,Pharmaceuticals,Healthcare,Healthcare,Pharmaceuticals & Biotechnology,Pharmaceuticals,1207,23725.17,6740.249356,0.09,2.29,43.75,55842993.84,196563131.7,28.41
120,APOLLO,Apollo Micro Systems Limited,Aerospace & Defense,Industrials,Capital Goods,Aerospace & Defense,Aerospace & Defense,97.1,2976.01,1082.516029,0.57,3.11,59.42,111484658,306489186.4,36.37
121,APOLLOHOSP,Apollo Hospitals Enterprise Limited,Hospital,Healthcare,Healthcare,Healthcare Services,Hospital,6780.45,97492.47,68554.65598,0.02,1.44,27.51,101106351.3,143784660.3,70.32
122,APOLLOPIPE,Apollo Pipes Limited,Plastic Products - Industrial,Industrials,Capital Goods,Industrial Products,Plastic Products - Industrial,558,2307.51,1125.058267,0.12,2.11,40.31,20162334.53,41353225.81,48.76
123,APOLLOTYRE,Apollo Tyres Limited,Tyres & Rubber Products,Consumer Discretionary,Automobile and Auto Components,Auto Components,Tyres & Rubber Products,502,31882.07,16662.52493,0.03,1.88,35.92,331922807.4,635100996,52.26
124,APOLSINHOT,Apollo Sindoori Hotels Limited,Hotels & Resorts,Consumer Discretionary,Consumer Services,Leisure Services,Hotels & Resorts,1800,468.07,144.1507296,0.36,3.28,62.66,800837.3868,2600388.889,30.80
125,APTECHT,Aptech Limited,Education,Consumer Discretionary,Consumer Services,Other Consumer Services,Education,204,1183.7,599.7037269,0.1,2.72,51.97,29397241.51,58024509.8,50.66
126,APTUS,Aptus Value Housing Finance India Limited,Housing Finance Company,Financial Services,Financial Services,Finance,Housing Finance Company,369.2,18440.55,7297.277316,0.08,2.14,40.88,197651064.9,499473185.3,39.57
127,ARCHIDPLY,Archidply Industries Limited,Plywood Boards/ Laminates,Consumer Discretionary,Consumer Durables,Consumer Durables,Plywood Boards/ Laminates,125.84,249.98,75.27082716,1.76,3.59,68.59,5981470.69,19864907.82,30.11
128,ARCHIES,Archies Limited,Leisure Products,Consumer Discretionary,Consumer Durables,Consumer Durables,Leisure Products,29,97.96,36.22193931,0.96,3.33,63.62,12490323.9,33779310.34,36.98
129,ARE&M,Amara Raja Energy & Mobility Limited,Auto Components & Equipments,Consumer Discretionary,Automobile and Auto Components,Auto Components,Auto Components & Equipments,1328.5,24314.92,16230.74377,0.04,2.63,50.25,122173457,183025367,66.75
130,ARENTERP,Rajdarshan Industries Limited,Trading - Minerals,Commodities,Metals & Mining,Metals & Minerals Trading,Trading - Minerals,46,14.3,5.195429579,2.56,3.89,74.32,1129441.213,3108695.652,36.33
131,ARIES,Aries Agro Limited,Fertilizers,Commodities,Chemicals,Fertilizers & Agrochemicals,Fertilizers,244.8,318.35,146.2259686,0.2,3.28,62.66,5973283.033,13004493.46,45.93
132,ARIHANTCAP,Arihant Capital Markets Limited,Stockbroking & Allied,Financial Services,Financial Services,Capital Markets,Stockbroking & Allied,99.75,1038.53,297.9175643,0.17,3.37,64.38,29866422.48,104113283.2,28.69
133,ARIHANTSUP,Arihant Superstructures Limited,Residential Commercial Projects,Consumer Discretionary,Realty,Realty,Residential Commercial Projects,365.15,1502.96,380.0151807,0.25,3.27,62.47,10407097.92,41160071.2,25.28
134,ARMANFIN,Arman Financial Services Limited,Non Banking Financial Company (NBFC),Financial Services,Financial Services,Finance,Non Banking Financial Company (NBFC),1587,1664.85,1067.775482,0.11,2.65,50.63,6728263.904,10490548.2,64.14
135,AROGRANITE,Aro Granite Industries Limited,Granites & Marbles,Consumer Discretionary,Consumer Durables,Consumer Durables,Granites & Marbles,54.75,83.77,48.10608367,0.56,2.92,55.79,8786499.3,15300456.62,57.43
136,ARROWGREEN,Arrow Greentech Limited,Packaging,Industrials,Capital Goods,Industrial Products,Packaging,745,1124.05,326.0232347,0.21,3.93,75.08,4376150.801,15087919.46,29.00
137,ARSHIYA,Arshiya Limited,Logistics Solution Provider,Services,Services,Transport Services,Logistics Solution Provider,3.37,88.79,76.02051869,2.83,3.27,62.47,225580174.1,263471810.1,85.62
138,ARSSINFRA,ARSS Infrastructure Projects Limited,Civil Construction,Industrials,Construction,Construction,Civil Construction,18.6,42.29,22.50525474,3.01,2.8,53.49,12099599.32,22736559.14,53.22
139,ARTEMISMED,Artemis Medicare Services Limited,Hospital,Healthcare,Healthcare,Healthcare Services,Hospital,254.95,3508.17,814.467124,0.16,2.86,54.64,31946151.17,137602275,23.22
140,ARTNIRMAN,Art Nirman Limited,Residential Commercial Projects,Consumer Discretionary,Realty,Realty,Residential Commercial Projects,59.8,149.24,39.18094895,3.04,3.62,69.16,6551998.152,24956521.74,26.25
141,ARVEE,Arvee Laboratories (India) Limited,Specialty Chemicals,Commodities,Chemicals,Chemicals & Petrochemicals,Specialty Chemicals,177.98,196.13,51.89900716,2.85,3.72,71.07,2916002.2,11019777.5,26.46
142,ARVIND,Arvind Limited,Garments & Apparels,Consumer Discretionary,Textiles,Textiles & Apparels,Garments & Apparels,344,9003.53,5370.361539,0.07,2.55,48.72,156115161,261730523.3,59.65
143,ARVINDFASN,Arvind Fashions Limited,Speciality Retail,Consumer Discretionary,Consumer Services,Retailing,Speciality Retail,568,7566.78,4216.261367,0.08,2.29,43.75,74229953.65,133217957.7,55.72
144,ARVSMART,Arvind SmartSpaces Limited,Residential Commercial Projects,Consumer Discretionary,Realty,Realty,Residential Commercial Projects,775.35,3532.07,1700.001281,0.13,3.17,60.56,21925598.52,45554523.76,48.13
145,ASAHIINDIA,Asahi India Glass Limited,Auto Components & Equipments,Consumer Discretionary,Automobile and Auto Components,Auto Components,Auto Components & Equipments,727,17672.64,7980.168045,0.09,2.32,44.32,109768473.8,243089958.7,45.16
146,ASAHISONG,Asahi Songwon Colors Limited,Dyes And Pigments,Commodities,Chemicals,Chemicals & Petrochemicals,Dyes And Pigments,450,530.43,136.9752925,0.41,3.08,58.84,3043895.39,11787333.33,25.82
147,ASAL,Automotive Stampings and Assemblies Limited,Auto Components & Equipments,Consumer Discretionary,Automobile and Auto Components,Auto Components,Auto Components & Equipments,707.95,1123.12,278.7022244,0.14,3.46,66.1,3936750.116,15864397.2,24.81
148,ASALCBR,Associated Alcohols & Breweries Ltd.,Breweries & Distilleries,Fast Moving Consumer Goods,Fast Moving Consumer Goods,Beverages,Breweries & Distilleries,885.8,1601.46,626.3228543,0.13,2.8,53.49,7070702.803,18079250.4,39.11
149,ASHAPURMIN,Ashapura Minechem Limited,Industrial Minerals,Commodities,Metals & Mining,Minerals & Mining,Industrial Minerals,280.95,2683.81,1403.635761,0.32,3.25,62.09,49960340.31,95526250.22,52.30
150,ASHIANA,Ashiana Housing Limited,Residential Commercial Projects,Consumer Discretionary,Realty,Realty,Residential Commercial Projects,300.4,3019.77,1069.628545,0.14,2.75,52.54,35606809.07,100524966.7,35.42
151,ASHIMASYN,Ashima Limited,Other Textile Products,Consumer Discretionary,Textiles,Textiles & Apparels,Other Textile Products,34.41,659.5,174.3084439,1.49,3.96,75.66,50656333.6,191659401.3,26.43
152,ASHOKA,Ashoka Buildcon Limited,Civil Construction,Industrials,Construction,Construction,Civil Construction,230.34,6466.18,2942.091856,0.07,3.02,57.7,127728221.6,280723278.6,45.50
153,ASHOKAMET,Ashoka Metcast Limited,Trading - Metals,Commodities,Metals & Mining,Metals & Minerals Trading,Trading - Metals,19.55,48.87,22.65062207,0.98,2.97,56.74,11585995.94,24997442.46,46.35
154,ASHOKLEY,Ashok Leyland Limited,Commercial Vehicles,Industrials,Capital Goods,Agricultural Commercial & Construction Vehicles,Commercial Vehicles,222.45,65320.82,31787.92212,0.03,1.92,36.68,1428991779,2936427062,48.66
155,ASIANENE,Asian Energy Services Limited,Oil Equipment & Services,Energy,Oil Gas & Consumable Fuels,Oil,Oil Equipment & Services,356.4,1458.55,480.3316758,0.76,3.15,60.18,13477319.75,40924523.01,32.93
156,ASIANHOTNR,Asian Hotels (North) Limited,Hotels & Resorts,Consumer Discretionary,Consumer Services,Leisure Services,Hotels & Resorts,216.49,421.14,383.5033031,2.45,2.91,55.6,17714596.66,19453092.52,91.06
157,ASIANPAINT,Asian Paints Limited,Paints,Consumer Discretionary,Consumer Durables,Consumer Durables,Paints,3069.9,294464.13,138680.2375,0.02,1.23,23.5,451741872.8,959197791.5,47.10
158,ASIANTILES,Asian Granito India Limited,Ceramics,Consumer Discretionary,Consumer Durables,Consumer Durables,Ceramics,76.51,969.73,688.3258338,0.13,3.01,57.51,89965472.99,126745523.5,70.98
159,ASKAUTOLTD,ASK Automotive Limited,Auto Components & Equipments,Consumer Discretionary,Automobile and Auto Components,Auto Components,Auto Components & Equipments,389,7668.85,1150.327071,0.1,1.95,37.25,29571390,197142673.5,15.00
160,ASMS,Bartronics India Limited,IT Enabled Services,Information Technology,Information Technology,IT - Services,IT Enabled Services,21.74,662.15,95.56411246,0.45,2.92,55.79,43957733.42,304576816.9,14.43
161,ASPINWALL,Aspinwall and Company Limited,Logistics Solution Provider,Services,Services,Transport Services,Logistics Solution Provider,269.35,210.59,67.71842847,0.44,3.09,59.03,2514142.509,7818451.828,32.16
162,ASTEC,Astec LifeSciences Limited,Pesticides & Agrochemicals,Commodities,Chemicals,Fertilizers & Agrochemicals,Pesticides & Agrochemicals,1089,2135.68,709.0131611,0.13,2.4,45.85,6510681.001,19611386.59,33.20
163,ASTERDM,Aster DM Healthcare Limited,Hospital,Healthcare,Healthcare,Healthcare Services,Hospital,404.1,20185.32,8616.912431,0.04,2.29,43.75,213237130.2,499512991.8,42.69
164,ASTRAL,Astral Limited,Plastic Products - Industrial,Industrials,Capital Goods,Industrial Products,Plastic Products - Industrial,1893,50851.09,23337.85479,0.04,1.75,33.43,123285022.6,268626994.2,45.89
165,ASTRAMICRO,Astra Microwave Products Limited,Aerospace & Defense,Industrials,Capital Goods,Aerospace & Defense,Aerospace & Defense,818.95,7775.52,6916.349639,0.06,2.81,53.68,84453869.45,94944990.54,88.95
166,ASTRAZEN,AstraZeneca Pharma India Limited,Pharmaceuticals,Healthcare,Healthcare,Pharmaceuticals & Biotechnology,Pharmaceuticals,7790,19475,4787.5003,0.1,2.76,52.73,6145700,25000000,24.58
167,ASTRON,Astron Paper & Board Mill Limited,Paper & Paper Products,Commodities,Forest Materials,Paper Forest & Jute Products,Paper & Paper Products,21.84,101.56,74.07413395,0.98,2.7,51.58,33916728,46501831.5,72.94
168,ATALREAL,Atal Realtech Limited,Residential Commercial Projects,Consumer Discretionary,Realty,Realty,Residential Commercial Projects,8.79,97.58,1,2.17,2.86,54.64,1137656.428,111012514.2,1.02
169,ATAM,Atam Valves Limited,Industrial Products,Industrials,Capital Goods,Industrial Manufacturing,Industrial Products,143.15,164.09,63.64209719,0.55,2.78,53.11,4445832.846,11462801.26,38.78
170,ATFL,Agro Tech Foods Limited,Edible Oil,Fast Moving Consumer Goods,Fast Moving Consumer Goods,Agricultural Food & other Products,Edible Oil,860,2095.76,994.0551283,0.14,2.57,49.1,11558780.56,24369302.33,47.43
171,ATGL,Adani Total Gas Limited,LPG/CNG/PNG/LNG Supplier,Energy,Oil Gas & Consumable Fuels,Gas,LPG/CNG/PNG/LNG Supplier,744.95,81930.35,20599.66651,0.04,3.2,61.14,276524149.4,1099810054,25.14
172,ATL,Allcargo Terminals Limited,Port & Port services,Services,Services,Transport Infrastructure,Port & Port services,40.49,994.82,316.0954755,0.17,2.75,52.54,78067541.49,245695233.4,31.77
173,ATLANTAA,ATLANTAA LIMITED,Road Assets - Toll Annuity Hybrid-Annuity,Services,Services,Transport Infrastructure,Road Assets - Toll Annuity Hybrid-Annuity,56.64,461.62,1,0.84,,,176553.6723,81500706.21,0.22
174,ATUL,Atul Limited,Specialty Chemicals,Commodities,Chemicals,Chemicals & Petrochemicals,Specialty Chemicals,7540,22199.08,11975.76165,0.04,1.62,30.95,15882973.01,29441750.66,53.95
175,ATULAUTO,Atul Auto Limited,Commercial Vehicles,Industrials,Capital Goods,Agricultural Commercial & Construction Vehicles,Commercial Vehicles,619.1,1718.08,622.8750738,0.31,3.1,59.23,10060976.8,27751251.82,36.25
176,AUBANK,AU Small Finance Bank Limited,Other Bank,Financial Services,Financial Services,Banks,Other Bank,731.6,54388.85,40885.46042,0.04,1.89,36.11,558849923.8,743423318.8,75.17
177,AURIONPRO,Aurionpro Solutions Limited,Computers - Software & Consulting,Information Technology,Information Technology,IT - Software,Computers - Software & Consulting,1493.55,8246.42,4040.612276,0.96,3.12,59.61,27053746.28,55213551.61,49.00
178,AUROPHARMA,Aurobindo Pharma Limited,Pharmaceuticals,Healthcare,Healthcare,Pharmaceuticals & Biotechnology,Pharmaceuticals,1459.55,84770.9,40734.19806,0.02,1.8,34.39,279087376.7,580801616.9,48.05
179,AURUM,Aurum PropTech Limited,IT Enabled Services,Information Technology,Information Technology,IT - Services,IT Enabled Services,190,554.6,363.9402213,0.44,2.9,55.4,19154748.49,29189473.68,65.62
180,AUSOMENT,Ausom Enterprise Limited,Gems Jewellery And Watches,Consumer Discretionary,Consumer Durables,Consumer Durables,Gems Jewellery And Watches,135.3,184.33,1,2.09,3.98,76.04,73909.83001,13623798.97,0.54
181,AUTOAXLES,Automotive Axles Limited,Auto Components & Equipments,Consumer Discretionary,Automobile and Auto Components,Auto Components,Auto Components & Equipments,1854,2801.76,804.085555,0.11,1.86,35.54,4337031.041,15111974.11,28.70
182,AUTOIND,Autoline Industries Limited,Auto Components & Equipments,Consumer Discretionary,Automobile and Auto Components,Auto Components,Auto Components & Equipments,114.5,446.13,227.4294786,0.21,3.45,65.91,19862836.56,38963318.78,50.98
183,AVADHSUGAR,Avadh Sugar & Energy Limited,Sugar,Fast Moving Consumer Goods,Fast Moving Consumer Goods,Agricultural Food & other Products,Sugar,729,1459.34,570.2061006,0.11,2.72,51.97,7821757.21,20018381.34,39.07
184,AVALON,Avalon Technologies Limited,Other Electrical Equipment,Industrials,Capital Goods,Electrical Equipment,Other Electrical Equipment,548.75,3620.91,1338.083516,0.11,2.34,44.71,24384209.86,65984692.48,36.95
185,AVANTEL,Avantel Limited,Aerospace & Defense,Industrials,Capital Goods,Aerospace & Defense,Aerospace & Defense,185,4500.49,2634.423207,0.1,1.07,20.44,142401254.4,243269729.7,58.54
186,AVANTIFEED,Avanti Feeds Limited,Animal Feed,Fast Moving Consumer Goods,Fast Moving Consumer Goods,Food Products,Animal Feed,585.5,7977.18,2340.417343,0.06,2.65,50.63,39972969.14,136245602,29.34
187,AVG,AVG Logistics Limited,Logistics Solution Provider,Services,Services,Transport Services,Logistics Solution Provider,448,611.87,196.0797559,0.18,2.84,54.26,4376780.267,13657812.5,32.05
188,AVONMORE,Avonmore Capital & Management Services Limited,Non Banking Financial Company (NBFC),Financial Services,Financial Services,Finance,Non Banking Financial Company (NBFC),1,348.9,1,0.96,,,10000000,3489000000,0.29
189,AVROIND,AVRO INDIA LIMITED,Plastic Products - Consumer,Consumer Discretionary,Consumer Durables,Consumer Durables,Plastic Products - Consumer,155,156.35,45.64744196,0.49,3.46,66.1,2944996.255,10087096.77,29.20
190,AVTNPL,AVT Natural Products Limited,Other Agricultural Products,Fast Moving Consumer Goods,Fast Moving Consumer Goods,Agricultural Food & other Products,Other Agricultural Products,84.56,1287.71,299.6985778,0.16,2.37,45.28,35442121.31,152283585.6,23.27
191,AWFIS,Awfis Space Solutions Limited,Diversified Commercial Services,Services,Services,Commercial Services & Supplies,Diversified Commercial Services,635,4458.45,810.4799217,0.09,2.44,46.62,12763463.33,70211811.02,18.18
192,AWHCL,Antony Waste Handling Cell Limited,Waste Management,Utilities,Utilities,Other Utilities,Waste Management,702.85,1994.84,1073.961798,0.09,3.1,59.23,15280099.56,28382158.36,53.84
193,AWL,Adani Wilmar Limited,Edible Oil,Fast Moving Consumer Goods,Fast Moving Consumer Goods,Agricultural Food & other Products,Edible Oil,331.6,43097.34,5227.018093,0.06,2.45,46.81,157630219.9,1299678528,12.13
194,AXISBANK,Axis Bank Limited,Private Sector Bank,Financial Services,Financial Services,Banks,Private Sector Bank,1151.3,356137.41,327710.1639,0.02,1.54,29.42,2846435889,3093350213,92.02
195,AXISCADES,AXISCADES Technologies Limited,IT Enabled Services,Information Technology,Information Technology,IT - Services,IT Enabled Services,523,2208.92,877.3206467,0.12,3.54,67.63,16774773.36,42235564.05,39.72
196,AXITA,Axita Cotton Limited,Other Textile Products,Consumer Discretionary,Textiles,Textiles & Apparels,Other Textile Products,15.95,554.8,206.5533595,0.11,3.01,57.51,129500538.8,347836990.6,37.23
197,AYMSYNTEX,AYM Syntex Limited,Other Textile Products,Consumer Discretionary,Textiles,Textiles & Apparels,Other Textile Products,217.8,1104.93,1,0.8,,,45913.68228,50731404.96,0.09
198,AZAD,Azad Engineering Limited,Heavy Electrical Equipment,Industrials,Capital Goods,Electrical Equipment,Heavy Electrical Equipment,1337,7903.41,2694.75361,0.43,2.24,42.8,20155225.21,59113014.21,34.10
199,BAFNAPH,Bafna Pharmaceuticals Limited,Pharmaceuticals,Healthcare,Healthcare,Pharmaceuticals & Biotechnology,Pharmaceuticals,82,193.98,22.68657667,3.2,3.12,59.61,2766655.691,23656097.56,11.70
200,BAGFILMS,B.A.G Films and Media Limited,TV Broadcasting & Software Production,Consumer Discretionary,Media Entertainment & Publication,Entertainment,TV Broadcasting & Software Production,11.75,232.35,123.373026,2.07,3.83,73.17,104998320,197744680.9,53.10
201,BAIDFIN,Baid Finserv Limited,Non Banking Financial Company (NBFC),Financial Services,Financial Services,Finance,Non Banking Financial Company (NBFC),14.6,175.3,108.8101127,0.54,2.93,55.98,74527474.42,120068493.2,62.07
202,BAJAJ-AUTO,Bajaj Auto Limited,2/3 Wheelers,Consumer Discretionary,Automobile and Auto Components,Automobiles,2/3 Wheelers,11628,324720.75,128812.4988,0.03,1.5,28.66,110777862.7,279257610.9,39.67
203,BAJAJCON,Bajaj Consumer Care Limited,Personal Care,Fast Moving Consumer Goods,Fast Moving Consumer Goods,Personal Products,Personal Care,231.45,3172.09,1922.084957,0.09,1.94,37.06,83045364.29,137052927.2,60.59
204,BAJAJELEC,Bajaj Electricals Limited,Household Appliances,Consumer Discretionary,Consumer Durables,Consumer Durables,Household Appliances,913,10524.82,3789.103614,0.1,1.68,32.1,41501682.52,115277327.5,36.00
205,BAJAJFINSV,Bajaj Finserv Limited,Holding Company,Financial Services,Financial Services,Finance,Holding Company,1879,300012.81,102472.0747,0.03,1.51,28.85,545354309.2,1596662108,34.16
206,BAJAJHCARE,Bajaj Healthcare Limited,Pharmaceuticals,Healthcare,Healthcare,Pharmaceuticals & Biotechnology,Pharmaceuticals,358,988.02,318.8122072,0.13,2.6,49.67,8905368.917,27598324.02,32.27
207,BAJAJHIND,Bajaj Hindusthan Sugar Limited,Sugar,Fast Moving Consumer Goods,Fast Moving Consumer Goods,Agricultural Food & other Products,Sugar,37.88,4838.64,3382.092855,0.06,3.48,66.49,892843942.8,1277360084,69.90
208,BAJAJHLDNG,Bajaj Holdings & Investment Limited,Holding Company,Financial Services,Financial Services,Finance,Holding Company,10305,114687.96,44495.94739,0.04,1.73,33.05,43178988.25,111293508,38.80
209,BAJEL,Bajel Projects Limited,Integrated Power Utilities,Utilities,Power,Power,Integrated Power Utilities,275.55,3183.57,1147.739126,0.48,2.91,55.6,41652662.89,115535111.6,36.05
210,BAJFINANCE,Bajaj Finance Limited,Non Banking Financial Company (NBFC),Financial Services,Financial Services,Finance,Non Banking Financial Company (NBFC),7260,449391.33,202817.0473,0.02,1.65,31.52,279362324.2,618996322.3,45.13
211,BALAJITELE,Balaji Telefilms Limited,Media & Entertainment,Consumer Discretionary,Media Entertainment & Publication,Entertainment,Media & Entertainment,60.85,617.8,250.2988729,0.6,3.16,60.37,41133750.68,101528348.4,40.51
212,BALAMINES,Balaji Amines Limited,Specialty Chemicals,Commodities,Chemicals,Chemicals & Petrochemicals,Specialty Chemicals,2168,7024.54,2333.719714,0.07,2.27,43.37,10764389.82,32401014.76,33.22
213,BALAXI,BALAXI PHARMACEUTICALS LIMITED,Pharmaceuticals,Healthcare,Healthcare,Pharmaceuticals & Biotechnology,Pharmaceuticals,97,535.51,130.917873,0.46,3.07,58.65,13496687.94,55207216.49,24.45
214,BALKRISHNA,Balkrishna Paper Mills Limited,Paper & Paper Products,Commodities,Forest Materials,Paper Forest & Jute Products,Paper & Paper Products,24.05,77.49,31.03191908,0.99,3.81,72.79,12903084.86,32220374.22,40.05
215,BALKRISIND,Balkrishna Industries Limited,Tyres & Rubber Products,Consumer Discretionary,Automobile and Auto Components,Auto Components,Tyres & Rubber Products,2823,54573.44,22627.45912,0.03,1.89,36.11,80153946.59,193317180.3,41.46
216,BALMLAWRIE,Balmer Lawrie & Company Limited,Diversified,Diversified,Diversified,Diversified,Diversified,244.9,4187.88,1582.831768,0.08,2.83,54.07,64631758.61,171003675,37.80
217,BALPHARMA,Bal Pharma Limited,Pharmaceuticals,Healthcare,Healthcare,Pharmaceuticals & Biotechnology,Pharmaceuticals,125.25,199.41,95.66982019,0.48,3.05,58.27,7638308.997,15920958.08,47.98
218,BALRAMCHIN,Balrampur Chini Mills Limited,Sugar,Fast Moving Consumer Goods,Fast Moving Consumer Goods,Agricultural Food & other Products,Sugar,628.4,12677.92,7187.51999,0.04,2.18,41.65,114378103,201749204.3,56.69
219,BALUFORGE,Balu Forge Industries Limited,Castings & Forgings,Industrials,Capital Goods,Industrial Products,Castings & Forgings,712,7792.26,3193.02014,0.09,2.68,51.2,44845788.48,109441853.9,40.98
220,BANARBEADS,Banaras Beads Limited,Gems Jewellery And Watches,Consumer Discretionary,Consumer Durables,Consumer Durables,Gems Jewellery And Watches,102,67.69,14.49285584,0.78,2.57,49.1,1420868.22,6636274.51,21.41
221,BANARISUG,Bannari Amman Sugars Limited,Sugar,Fast Moving Consumer Goods,Fast Moving Consumer Goods,Agricultural Food & other Products,Sugar,3739,4688.59,996.1480223,0.3,2.14,40.88,2664209.741,12539689.76,21.25
222,BANCOINDIA,Banco Products (I) Limited,Auto Components & Equipments,Consumer Discretionary,Automobile and Auto Components,Auto Components,Auto Components & Equipments,700,5006.31,1561.596849,0.1,2.79,53.3,22308526.42,71518714.29,31.19
223,BANDHANBNK,Bandhan Bank Limited,Private Sector Bank,Financial Services,Financial Services,Banks,Private Sector Bank,184.49,29720.81,15275.3056,0.03,2.31,44.13,827974719.4,1610971326,51.40
224,BANG,Bang Overseas Limited,Garments & Apparels,Consumer Discretionary,Textiles,Textiles & Apparels,Garments & Apparels,49.25,66.78,18.04329737,1.29,3.24,61.9,3663613.68,13559390.86,27.02
225,BANKA,Banka BioLoo Limited,Civil Construction,Industrials,Construction,Construction,Civil Construction,106.14,115.13,49.9157064,4.01,2.93,55.98,4702817.637,10846994.54,43.36
226,BANKBARODA,Bank of Baroda,Public Sector Bank,Financial Services,Financial Services,Banks,Public Sector Bank,243.39,125865.78,45277.57264,0.04,2.22,42.41,1860288945,5171362012,35.97
227,BANKINDIA,Bank of India,Public Sector Bank,Financial Services,Financial Services,Banks,Public Sector Bank,105.49,48026.09,12783.24934,0.04,2.45,46.81,1211797264,4552667551,26.62
228,BANSALWIRE,Bansal Wire Industries Limited,Iron & Steel Products,Industrials,Capital Goods,Industrial Products,Iron & Steel Products,413.1,6467.33,841.5285082,0.09,1.25,23.88,20371060.47,156556039.7,13.01
229,BANSWRAS,Banswara Syntex Limited,Other Textile Products,Consumer Discretionary,Textiles,Textiles & Apparels,Other Textile Products,131.2,449.12,201.5138281,0.26,2.55,48.72,15359285.68,34231707.32,44.87
230,BARBEQUE,Barbeque Nation Hospitality Limited,Restaurants,Consumer Discretionary,Consumer Services,Leisure Services,Restaurants,640.05,2500.86,1382.414906,0.11,2.08,39.74,21598545.51,39072884.93,55.28
231,BASF,BASF India Limited,Specialty Chemicals,Commodities,Chemicals,Chemicals & Petrochemicals,Specialty Chemicals,8298.85,35922.1,9439.789929,0.08,2.71,51.77,11374816.91,43285635.96,26.28
232,BASML,Bannari Amman Spinning Mills Limited,Other Textile Products,Consumer Discretionary,Textiles,Textiles & Apparels,Other Textile Products,55.59,360.46,132.2772449,0.27,2.92,55.79,23795151.08,64842597.59,36.70
233,BATAINDIA,Bata India Limited,Footwear,Consumer Discretionary,Consumer Durables,Consumer Durables,Footwear,1357.8,17451.47,8650.745727,0.03,1.29,24.65,63711487.16,128527544.6,49.57
234,BAYERCROP,Bayer Cropscience Limited,Pesticides & Agrochemicals,Commodities,Chemicals,Fertilizers & Agrochemicals,Pesticides & Agrochemicals,6599,33065.77,9356.522202,0.08,1.68,32.1,14178697.08,50107243.52,28.30
235,BBL,Bharat Bijlee Limited,Other Electrical Equipment,Industrials,Capital Goods,Electrical Equipment,Other Electrical Equipment,4380,4950.77,3261.995726,0.16,3.16,60.37,7447478.827,11303127.85,65.89
236,BBOX,Black Box Limited,IT Enabled Services,Information Technology,Information Technology,IT - Services,IT Enabled Services,466.75,7844.9,2118.398875,0.57,3.18,60.75,45386156.93,168074986.6,27.00
237,BBTC,Bombay Burmah Trading Corporation Limited,Packaged Foods,Fast Moving Consumer Goods,Fast Moving Consumer Goods,Food Products,Packaged Foods,2485,17338.32,4293.522152,0.07,3.11,59.42,17277755.14,69771911.47,24.76
238,BBTCL,B&B Triplewall Containers Limited,Packaging,Industrials,Capital Goods,Industrial Products,Packaging,225.92,463.39,132.3946747,0.63,1.95,37.25,5860245.869,20511242.92,28.57
239,BCLIND,Bcl Industries Limited,Edible Oil,Fast Moving Consumer Goods,Fast Moving Consumer Goods,Agricultural Food & other Products,Edible Oil,54.5,1608.64,532.5483824,0.1,3.12,59.61,97715299.52,295163302.8,33.11
240,BCONCEPTS,Brand Concepts Limited,Speciality Retail,Consumer Discretionary,Consumer Services,Retailing,Speciality Retail,602.9,676.32,300.5476559,0.6,2.77,52.92,4985033.271,11217780.73,44.44
241,BDL,Bharat Dynamics Limited,Aerospace & Defense,Industrials,Capital Goods,Aerospace & Defense,Aerospace & Defense,1122.95,41163.14,10321.08005,0.13,2.85,54.45,91910415,366562536.2,25.07
242,BEARDSELL,Beardsell Limited,Other Industrial Products,Industrials,Capital Goods,Industrial Products,Other Industrial Products,44,173.52,76.12497293,0.75,3.92,74.89,17301130.21,39436363.64,43.87
243,BECTORFOOD,Mrs. Bectors Food Specialities Limited,Packaged Foods,Fast Moving Consumer Goods,Fast Moving Consumer Goods,Food Products,Packaged Foods,1812,11125.34,5431.07907,0.06,2.76,52.73,29972842.55,61398123.62,48.82
244,BEDMUTHA,Bedmutha Industries Limited,Iron & Steel Products,Industrials,Capital Goods,Industrial Products,Iron & Steel Products,211,680.77,166.3361184,1.11,3.02,57.7,7883228.361,32263981.04,24.43
245,BEL,Bharat Electronics Limited,Aerospace & Defense,Industrials,Capital Goods,Aerospace & Defense,Aerospace & Defense,267.4,195463.49,95509.12765,0.04,2.35,44.9,3571769919,7309778983,48.86
246,BEML,BEML Limited,Construction Vehicles,Industrials,Capital Goods,Agricultural Commercial & Construction Vehicles,Construction Vehicles,3535,14721.33,6741.500925,0.04,3.43,65.53,19070723.97,41644497.88,45.79
247,BEPL,Bhansali Engineering Polymers Limited,Specialty Chemicals,Commodities,Chemicals,Chemicals & Petrochemicals,Specialty Chemicals,139.35,3467.84,1313.580646,0.08,2.77,52.92,94264847.2,248858270.5,37.88
248,BERGEPAINT,Berger Paints (I) Limited,Paints,Consumer Discretionary,Consumer Durables,Consumer Durables,Paints,566.55,66048.18,16088.80708,0.03,1.54,29.42,283978591.2,1165796134,24.36
249,BESTAGRO,Best Agrolife Limited,Pesticides & Agrochemicals,Commodities,Chemicals,Fertilizers & Agrochemicals,Pesticides & Agrochemicals,527.05,1246.2,523.001054,0.78,3.08,58.84,9923177.194,23644815.48,41.97
250,BFINVEST,BF Investment Limited,Holding Company,Financial Services,Financial Services,Finance,Holding Company,603.9,2274.75,493.7545381,0.13,2.94,56.17,8176097.666,37667660.21,21.71
251,BFUTILITIE,BF Utilities Limited,Road Assets - Toll Annuity Hybrid-Annuity,Services,Services,Transport Infrastructure,Road Assets - Toll Annuity Hybrid-Annuity,931.95,3510.43,1379.095292,0.08,3.5,66.87,14797953.67,37667578.73,39.29
252,BGRENERGY,BGR Energy Systems Limited,Civil Construction,Industrials,Construction,Construction,Civil Construction,47.97,346.16,169.2232904,0.68,3.55,67.82,35276900.22,72161767.77,48.89
253,BHAGCHEM,Bhagiradha Chemicals & Industries Limited,Pesticides & Agrochemicals,Commodities,Chemicals,Fertilizers & Agrochemicals,Pesticides & Agrochemicals,331,4118.8,2147.607093,0.2,3.09,59.03,64882389.53,124435045.3,52.14
254,BHAGERIA,Bhageria Industries Limited,Dyes And Pigments,Commodities,Chemicals,Chemicals & Petrochemicals,Dyes And Pigments,214,933.99,256.480811,0.22,2.97,56.74,11985084.63,43644392.52,27.46
255,BHAGYANGR,Bhagyanagar India Limited,Copper,Commodities,Metals & Mining,Non - Ferrous Metals,Copper,99.28,317.65,87.08052607,0.32,3.35,64,8771205.285,31995366.64,27.41
256,BHANDARI,Bhandari Hosiery Exports Limited,Other Textile Products,Consumer Discretionary,Textiles,Textiles & Apparels,Other Textile Products,6.15,147.63,101.839825,0.61,3.25,62.09,165593211.4,240048780.5,68.98
257,BHARATFORG,Bharat Forge Limited,Auto Components & Equipments,Consumer Discretionary,Automobile and Auto Components,Auto Components,Auto Components & Equipments,1437,66905.09,36534.99435,0.03,2.11,40.31,254244915.5,465588656.9,54.61
258,BHARATGEAR,Bharat Gears Limited,Auto Components & Equipments,Consumer Discretionary,Automobile and Auto Components,Auto Components,Auto Components & Equipments,99.83,153.29,66.78242932,0.3,2.25,42.99,6689615.278,15355103.68,43.57
259,BHARATRAS,Bharat Rasayan Limited,Pesticides & Agrochemicals,Commodities,Chemicals,Fertilizers & Agrochemicals,Pesticides & Agrochemicals,11018,4578.27,1061.408797,0.17,2.82,53.88,963340.712,4155264.113,23.18
260,BHARATWIRE,Bharat Wire Ropes Limited,Iron & Steel Products,Industrials,Capital Goods,Industrial Products,Iron & Steel Products,249.3,1706.43,604.7760613,0.23,3.22,61.52,24258967.56,68448856.8,35.44
261,BHARTIARTL,Bharti Airtel Limited,Telecom - Cellular & Fixed line services,Telecommunication,Telecommunication,Telecom - Services,Telecom - Cellular & Fixed line services,1662.6,946543.86,445014.7584,0.02,1.41,26.94,2676619502,5693154457,47.01
262,BHARTIHEXA,Bharti Hexacom Limited,Telecom - Cellular & Fixed line services,Telecommunication,Telecommunication,Telecom - Services,Telecom - Cellular & Fixed line services,1392,69600,8091,0.11,2.1,40.12,58125000,500000000,11.63
263,BHEL,Bharat Heavy Electricals Limited,Heavy Electrical Equipment,Industrials,Capital Goods,Electrical Equipment,Heavy Electrical Equipment,256.95,89471.62,32936.64987,0.04,2.94,56.17,1281831090,3482063436,36.81
264,BIGBLOC,Bigbloc Construction Limited,Cement & Cement Products,Commodities,Construction Materials,Cement & Cement Products,Cement & Cement Products,109.2,1546.01,424.5753166,0.15,3.22,61.52,38880523.5,141576007.3,27.46
265,BIKAJI,Bikaji Foods International Limited,Packaged Foods,Fast Moving Consumer Goods,Fast Moving Consumer Goods,Food Products,Packaged Foods,859,21507.83,5350.997366,0.07,2.09,39.93,62293333.71,250382188.6,24.88
266,BIL,Bhartiya International Limited,Leather And Leather Products,Consumer Discretionary,Consumer Durables,Consumer Durables,Leather And Leather Products,620,756.98,315.6492433,1.27,3.36,64.19,5091116.827,12209354.84,41.70
267,BINANIIND,Binani Industries Limited,Holding Company,Financial Services,Financial Services,Finance,Holding Company,17.03,53.42,24.12849009,2.38,3.36,64.19,14168226.71,31368173.81,45.17
268,BIOCON,Biocon Limited,Pharmaceuticals,Healthcare,Healthcare,Pharmaceuticals & Biotechnology,Pharmaceuticals,340,40820.4,15256.74696,0.04,2.14,40.88,448727851.8,1200600000,37.38
269,BIOFILCHEM,Biofil Chemicals & Pharmaceuticals Limited,Pharmaceuticals,Healthcare,Healthcare,Pharmaceuticals & Biotechnology,Pharmaceuticals,71,115.54,61.45079478,0.54,3.63,69.35,8655041.518,16273239.44,53.19
270,BIRLACABLE,Birla Cable Limited,Telecom - Equipment & Accessories,Telecommunication,Telecommunication,Telecom - Equipment & Accessories,Telecom - Equipment & Accessories,236.1,708.3,223.8341328,0.14,3.21,61.33,9480480,30000000,31.60
271,BIRLACORPN,Birla Corporation Limited,Cement & Cement Products,Commodities,Construction Materials,Cement & Cement Products,Cement & Cement Products,1199,9232.94,3394.952444,0.07,2.1,40.12,28314866.09,77005337.78,36.77
272,BIRLAMONEY,Aditya Birla Money Limited,Stockbroking & Allied,Financial Services,Financial Services,Capital Markets,Stockbroking & Allied,135.96,768.3,203.3849052,0.58,3.03,57.89,14959172.2,56509267.43,26.47
273,BLAL,BEML Land Assets Limited,Investment Company,Financial Services,Financial Services,Finance,Investment Company,228.5,951.58,435.9382782,0.32,2.85,54.45,19078261.63,41644638.95,45.81
274,BLBLIMITED,BLB Limited,Investment Company,Financial Services,Financial Services,Finance,Investment Company,18.8,99.39,61.6042404,2.57,3.27,62.47,32768212.98,52867021.28,61.98
275,BLISSGVS,Bliss GVS Pharma Limited,Pharmaceuticals,Healthcare,Healthcare,Pharmaceuticals & Biotechnology,Pharmaceuticals,121.14,1273.72,798.0888352,0.12,2.86,54.64,65881528.41,105144461,62.66
276,BLKASHYAP,B. L. Kashyap and Sons Limited,Civil Construction,Industrials,Construction,Construction,Civil Construction,88.39,1992.66,762.6802513,0.11,2.99,57.12,86285807.36,225439529.4,38.27
277,BLS,BLS International Services Limited,Tour Travel Related Services,Consumer Discretionary,Consumer Services,Leisure Services,Tour Travel Related Services,342.75,14112.42,3975.581507,0.06,2.91,55.6,115990707.7,411740919,28.17
278,BLSE,BLS E-Services Limited,IT Enabled Services,Information Technology,Information Technology,IT - Services,IT Enabled Services,211,1917.07,485.9201976,0.1,2.38,45.47,23029393.25,90856398.1,25.35
279,BLUECHIP,Blue Chip India Limited,Investment Company,Financial Services,Financial Services,Finance,Investment Company,6.2,34.29,30.43213888,0.2,14.6,278.93,49084094.97,55306451.61,88.75
280,BLUEDART,Blue Dart Express Limited,Logistics Solution Provider,Services,Services,Transport Services,Logistics Solution Provider,8602,20410.77,5075.260133,0.07,2.03,38.78,5900093.157,23727935.36,24.87
281,BLUEJET,Blue Jet Healthcare Limited,Pharmaceuticals,Healthcare,Healthcare,Pharmaceuticals & Biotechnology,Pharmaceuticals,484,8395.73,1175.40172,0.13,2.09,39.93,24285159.5,173465495.9,14.00
282,BLUESTARCO,Blue Star Limited,Household Appliances,Consumer Discretionary,Consumer Durables,Consumer Durables,Household Appliances,1922,39519.16,24863.8366,0.05,2.23,42.6,129364394.4,205614776.3,62.92
283,BODALCHEM,Bodal Chemicals Limited,Dyes And Pigments,Commodities,Chemicals,Chemicals & Petrochemicals,Dyes And Pigments,78,982.36,412.2892066,0.11,2.53,48.34,52857590.58,125943589.7,41.97
284,BOMDYEING,Bombay Dyeing & Mfg Company Limited,Other Textile Products,Consumer Discretionary,Textiles,Textiles & Apparels,Other Textile Products,210.45,4346.53,1982.881257,0.06,3.15,60.18,94221014.85,206535044,45.62
285,BOROLTD,Borosil Limited,Glass - Consumer,Consumer Discretionary,Consumer Durables,Consumer Durables,Glass - Consumer,396.3,4732.44,1432.496107,0.11,2.26,43.18,36146760.22,119415594.2,30.27
286,BORORENEW,BOROSIL RENEWABLES LIMITED,Glass - Industrial,Industrials,Capital Goods,Industrial Products,Glass - Industrial,452,5900.67,2139.140368,0.06,2.58,49.29,47326114.33,130545796.5,36.25
287,BOROSCI,Borosil Scientific Limited,Glass - Industrial,Industrials,Capital Goods,Industrial Products,Glass - Industrial,180.5,1603.96,425.085324,0.38,1.88,35.92,23550433.46,88862049.86,26.50
288,BOSCHLTD,Bosch Limited,Auto Components & Equipments,Consumer Discretionary,Automobile and Auto Components,Auto Components,Auto Components & Equipments,36819.7,108594.7,31852.23656,0.03,1.53,29.23,8650868.029,29493640.63,29.33
289,BPCL,Bharat Petroleum Corporation Limited,Refineries & Marketing,Energy,Oil Gas & Consumable Fuels,Petroleum Products,Refineries & Marketing,335.2,145426.7,64792.68655,0.03,2.09,39.93,1932956043,4338505370,44.55
290,BPL,BPL Limited,Consumer Electronics,Consumer Discretionary,Consumer Durables,Consumer Durables,Consumer Electronics,106.64,522.28,192.5809157,0.35,3.39,64.77,18058975.59,48975994,36.87
291,BRIGADE,Brigade Enterprises Limited,Residential Commercial Projects,Consumer Discretionary,Realty,Realty,Residential Commercial Projects,1399,34166.99,19270.11682,0.06,2.45,46.81,137742078.8,244224374.6,56.40
292,BRITANNIA,Britannia Industries Limited,Packaged Foods,Fast Moving Consumer Goods,Fast Moving Consumer Goods,Food Products,Packaged Foods,6116.5,147327.09,71989.76352,0.02,1.19,22.73,117697643.3,240868290.7,48.86
293,BRNL,Bharat Road Network Limited,Civil Construction,Industrials,Construction,Construction,Civil Construction,44.99,377.69,180.8683123,0.73,3.36,64.19,40201892.05,83949766.61,47.89
294,BROOKS,Brooks Laboratories Limited,Pharmaceuticals,Healthcare,Healthcare,Pharmaceuticals & Biotechnology,Pharmaceuticals,145.04,380.68,1,1.74,,,68946.49752,26246552.68,0.26
295,BSE,BSE Limited,Exchange and Data Platform,Financial Services,Financial Services,Capital Markets,Exchange and Data Platform,3861,52268.81,52265.3102,0.04,3.41,65.15,135367288.8,135376353.3,99.99
296,BSHSL,Bombay Super Hybrid Seeds Limited,Other Agricultural Products,Fast Moving Consumer Goods,Fast Moving Consumer Goods,Agricultural Food & other Products,Other Agricultural Products,162.39,1704.08,437.5642407,0.32,2.73,52.16,26945270.07,104937496.2,25.68
297,BSL,BSL Limited,Other Textile Products,Consumer Discretionary,Textiles,Textiles & Apparels,Other Textile Products,207,213.05,87.2102965,0.49,2.86,54.64,4213057.802,10292270.53,40.93
298,BSOFT,BIRLASOFT LIMITED,Computers - Software & Consulting,Information Technology,Information Technology,IT - Software,Computers - Software & Consulting,567.8,15688.36,9254.972595,0.04,2.24,42.8,162997051.7,276300810.1,58.99
299,BTML,Bodhi Tree Multimedia Limited,Digital Entertainment,Consumer Discretionary,Media Entertainment & Publication,Entertainment,Digital Entertainment,11.49,143.58,92.89635678,2.99,3.13,59.8,80849744.8,124960835.5,64.70
300,BURNPUR,Burnpur Cement Limited,Cement & Cement Products,Commodities,Construction Materials,Cement & Cement Products,Cement & Cement Products,6.52,56.15,55.04394895,2.27,3.63,69.35,84423234.58,86119631.9,98.03
301,BUTTERFLY,Butterfly Gandhimathi Appliances Limited,Household Appliances,Consumer Discretionary,Consumer Durables,Consumer Durables,Household Appliances,895,1600.22,373.420895,0.19,2.53,48.34,4172300.503,17879553.07,23.34
302,BVCL,Barak Valley Cements Limited,Cement & Cement Products,Commodities,Construction Materials,Cement & Cement Products,Cement & Cement Products,57.87,128.24,57.25091693,1.97,3.09,59.03,9893021.76,22160013.82,44.64
303,BYKE,The Byke Hospitality Ltd,Hotels & Resorts,Consumer Discretionary,Consumer Services,Leisure Services,Hotels & Resorts,65.5,307.18,144.83872,0.98,2.93,55.98,22112781.68,46897709.92,47.15
304,CALSOFT,California Software Company Limited,Computers - Software & Consulting,Information Technology,Information Technology,IT - Software,Computers - Software & Consulting,20.61,31.86,20.44053188,1.78,3.36,64.19,9917773.837,15458515.28,64.16
305,CAMLINFINE,Camlin Fine Sciences Limited,Specialty Chemicals,Commodities,Chemicals,Chemicals & Petrochemicals,Specialty Chemicals,99,1658.2,808.8148247,0.1,2.69,51.39,81698467.14,167494949.5,48.78
306,CAMPUS,Campus Activewear Limited,Footwear,Consumer Discretionary,Consumer Durables,Consumer Durables,Footwear,311.4,9507.2,2484.848475,0.06,2.21,42.22,79796033.22,305305073.9,26.14
307,CAMS,Computer Age Management Services Limited,Depositories Clearing Houses and Other Intermediaries,Financial Services,Financial Services,Capital Markets,Depositories Clearing Houses and Other Intermediaries,4121,20309.5,19649.22262,0.03,2.34,44.71,47680714.92,49282941.03,96.75
308,CANBK,Canara Bank,Public Sector Bank,Financial Services,Financial Services,Banks,Public Sector Bank,103.79,94144.29,34895.0516,0.04,2.22,42.41,3362082243,9070651315,37.07
309,CANFINHOME,Can Fin Homes Limited,Housing Finance Company,Financial Services,Financial Services,Finance,Housing Finance Company,823.8,10969.24,6947.739092,0.04,2.07,39.55,84337692.31,133154163.6,63.34
310,CANTABIL,Cantabil Retail India Limited,Garments & Apparels,Consumer Discretionary,Textiles,Textiles & Apparels,Garments & Apparels,226.05,1890.64,444.6572357,0.17,2.69,51.39,19670746.99,83638133.16,23.52
311,CAPACITE,Capacit'e Infraprojects Limited,Civil Construction,Industrials,Construction,Construction,Civil Construction,361.6,3059.28,1983.724235,0.08,2.96,56.55,54859630.39,84603982.3,64.84
312,CAPITALSFB,Capital Small Finance Bank Limited,Other Bank,Financial Services,Financial Services,Banks,Other Bank,290.9,1311.06,339.1142208,0.14,1.39,26.56,11657415.63,45069095.91,25.87
313,CAPLIPOINT,Caplin Point Laboratories Limited,Pharmaceuticals,Healthcare,Healthcare,Pharmaceuticals & Biotechnology,Pharmaceuticals,1917.95,14578.66,3862.00452,0.07,2.68,51.2,20136106.36,76011679.14,26.49
314,CAPTRUST,Capital Trust Limited,Non Banking Financial Company (NBFC),Financial Services,Financial Services,Finance,Non Banking Financial Company (NBFC),124.43,211.65,35.36382797,0.54,3.73,71.26,2842066.059,17009563.61,16.71
315,CARBORUNIV,Carborundum Universal Limited,Abrasives & Bearings,Industrials,Capital Goods,Industrial Products,Abrasives & Bearings,1410.1,26835.35,15642.08678,0.07,2.04,38.97,110928918.4,190308134.2,58.29
316,CAREERP,Career Point Limited,Education,Consumer Discretionary,Consumer Services,Other Consumer Services,Education,480,873.26,317.1518294,0.7,2.84,54.26,6607329.779,18192916.67,36.32
317,CARERATING,CARE Ratings Limited,Ratings,Financial Services,Financial Services,Capital Markets,Ratings,1120,3348.88,3049.674304,0.13,2,38.21,27229234.86,29900714.29,91.07
318,CARTRADE,Cartrade Tech Limited,E-Retail/ E-Commerce,Consumer Discretionary,Consumer Services,Retailing,E-Retail/ E-Commerce,850,4020.51,3041.843397,0.07,2.85,54.45,35786392.91,47300117.65,75.66
319,CARYSIL,CARYSIL LIMITED,Household Appliances,Consumer Discretionary,Consumer Durables,Consumer Durables,Household Appliances,754,2142.54,1218.374916,0.1,2.45,46.81,16158818.51,28415649.87,56.87
320,CASTROLIND,Castrol India Limited,Lubricants,Energy,Oil Gas & Consumable Fuels,Petroleum Products,Lubricants,220.9,21849.71,10660.6937,0.05,2.53,48.34,482602702.4,989122227.3,48.79
321,CCHHL,Country Club Hospitality & Holidays Limited,Hotels & Resorts,Consumer Discretionary,Consumer Services,Leisure Services,Hotels & Resorts,20.22,330.53,84.457578,2.4,3.66,69.92,41769326.41,163466864.5,25.55
322,CCL,CCL Products (India) Limited,Tea & Coffee,Fast Moving Consumer Goods,Fast Moving Consumer Goods,Agricultural Food & other Products,Tea & Coffee,660.55,8820.19,4721.44597,0.08,2.07,39.55,71477495.58,133527969.1,53.53
323,CDSL,Central Depository Services (India) Limited,Depositories Clearing Houses and Other Intermediaries,Financial Services,Financial Services,Capital Markets,Depositories Clearing Houses and Other Intermediaries,1372.5,28685.25,24381.71668,0.04,2.5,47.76,177644566,209000000,85.00
324,CEATLTD,CEAT Limited,Tyres & Rubber Products,Consumer Discretionary,Automobile and Auto Components,Auto Components,Tyres & Rubber Products,2938.15,11884.84,6176.172998,0.05,2.3,43.94,21020618.41,40450079.13,51.97
325,CEIGALL,Ceigall India Limited,Civil Construction,Industrials,Construction,Construction,Civil Construction,383.25,6676.4,867.9321687,0.07,0.8,15.28,22646631.93,174204827.1,13.00
326,CELEBRITY,Celebrity Fashions Limited,Garments & Apparels,Consumer Discretionary,Textiles,Textiles & Apparels,Garments & Apparels,15.7,88.79,53.50210019,0.64,3.28,62.66,34077770.82,56554140.13,60.26
327,CELLO,Cello World Limited,Houseware,Consumer Discretionary,Consumer Durables,Consumer Durables,Houseware,880,19437.88,3796.257424,0.08,1.59,30.38,43139288.91,220885000,19.53
328,CENTENKA,Century Enka Limited,Other Textile Products,Consumer Discretionary,Textiles,Textiles & Apparels,Other Textile Products,621.9,1358.89,1002.508847,0.15,2.58,49.29,16120097.23,21850619.07,73.77
329,CENTEXT,Century Extrusions Limited,Aluminium Copper & Zinc Products,Industrials,Capital Goods,Industrial Products,Aluminium Copper & Zinc Products,24,192,90.946944,0.97,3.49,66.68,37894560,80000000,47.37
330,CENTRALBK,Central Bank of India,Public Sector Bank,Financial Services,Financial Services,Banks,Public Sector Bank,55.29,47996.91,3320.234531,0.05,2.94,56.17,600512666.1,8680938687,6.92
331,CENTRUM,Centrum Capital Limited,Other Financial Services,Financial Services,Financial Services,Finance,Other Financial Services,32.15,1337.55,479.0418345,0.16,3.3,63.05,149002125.8,416034214.6,35.81
332,CENTUM,Centum Electronics Limited,Industrial Products,Industrials,Capital Goods,Industrial Manufacturing,Industrial Products,1768,2280.16,913.4120431,0.15,3.22,61.52,5166357.71,12896832.58,40.06
333,CENTURYPLY,Century Plyboards (India) Limited,Plywood Boards/ Laminates,Consumer Discretionary,Consumer Durables,Consumer Durables,Plywood Boards/ Laminates,854.7,18989.13,5186.765683,0.08,1.91,36.49,60685219.18,222173043.2,27.31
334,CENTURYTEX,Century Textiles & Industries Limited,Paper & Paper Products,Commodities,Forest Materials,Paper Forest & Jute Products,Paper & Paper Products,2658,29688.71,13860.1157,0.05,2.8,53.49,52144904.82,111695673.4,46.68
335,CERA,Cera Sanitaryware Limited,Sanitary Ware,Consumer Discretionary,Consumer Durables,Consumer Durables,Sanitary Ware,7755,10002.04,4454.869964,0.06,1.95,37.25,5744513.171,12897537.07,44.54
336,CEREBRAINT,Cerebra Integrated Technologies Limited,Computers Hardware & Equipments,Information Technology,Information Technology,IT - Hardware,Computers Hardware & Equipments,1,125.09,1,2.28,,,10000000,1250900000,0.80
337,CESC,CESC Limited,Integrated Power Utilities,Utilities,Power,Power,Integrated Power Utilities,183.7,24350.73,11554.56692,0.04,2.55,48.72,628991122.5,1325570495,47.45
338,CGCL,Capri Global Capital Limited,Non Banking Financial Company (NBFC),Financial Services,Financial Services,Finance,Non Banking Financial Company (NBFC),198.1,12256.55,3688.705461,0.11,2.75,52.54,186204213.1,618705199.4,30.10
339,CGPOWER,CG Power and Industrial Solutions Limited,Heavy Electrical Equipment,Industrials,Capital Goods,Electrical Equipment,Heavy Electrical Equipment,756.35,115607.2,48231.43819,0.04,2.34,44.71,637686761.3,1528488134,41.72
340,CHALET,Chalet Hotels Limited,Hotels & Resorts,Consumer Discretionary,Consumer Services,Leisure Services,Hotels & Resorts,830.95,18135.15,5884.836678,0.08,2.09,39.93,70820587.01,218245983.5,32.45
341,CHAMBLFERT,Chambal Fertilizers & Chemicals Limited,Fertilizers,Commodities,Chemicals,Fertilizers & Agrochemicals,Fertilizers,479.9,19227.3,7251.077693,0.05,2.8,53.49,151095596.9,400652219.2,37.71
342,CHEMBOND,Chembond Chemicals Ltd,Specialty Chemicals,Commodities,Chemicals,Chemicals & Petrochemicals,Specialty Chemicals,564,758.48,228.4430774,0.28,3.06,58.46,4050409.173,13448226.95,30.12
343,CHEMCON,Chemcon Speciality Chemicals Limited,Specialty Chemicals,Commodities,Chemicals,Chemicals & Petrochemicals,Specialty Chemicals,249.6,914.3,233.4497198,0.16,2.08,39.74,9352953.517,36630608.97,25.53
344,CHEMFAB,Chemfab Alkalis Limited,Commodity Chemicals,Commodities,Chemicals,Chemicals & Petrochemicals,Commodity Chemicals,980.9,1400.39,366.2781004,0.49,3.43,65.53,3734102.36,14276582.73,26.16
345,CHEMPLASTS,Chemplast Sanmar Limited,Commodity Chemicals,Commodities,Chemicals,Chemicals & Petrochemicals,Commodity Chemicals,493,7794.8,3508.237715,0.1,2.27,43.37,71161008.41,158109533.5,45.01
346,CHENNPETRO,Chennai Petroleum Corporation Limited,Refineries & Marketing,Energy,Oil Gas & Consumable Fuels,Petroleum Products,Refineries & Marketing,910,13550.94,4373.348231,0.04,3.27,62.47,48058771.77,148911428.6,32.27
347,CHEVIOT,Cheviot Company Limited,Jute & Jute Products,Commodities,Forest Materials,Paper Forest & Jute Products,Jute & Jute Products,1318.45,770.22,180.4876639,0.21,1.99,38.02,1368938.253,5841859.76,23.43
348,CHOICEIN,Choice International Limited,Holding Company,Financial Services,Financial Services,Finance,Holding Company,452,9011.93,3585.045203,0.06,1.66,31.71,79315159.37,199378982.3,39.78
349,CHOLAFIN,Cholamandalam Investment and Finance Company Limited,Non Banking Financial Company (NBFC),Financial Services,Financial Services,Finance,Non Banking Financial Company (NBFC),1476.75,124109.65,61466.29796,0.03,1.99,38.02,416226835.7,840424242.4,49.53
350,CHOLAHLDNG,Cholamandalam Financial Holdings Limited,Investment Company,Financial Services,Financial Services,Finance,Investment Company,1935,36334.94,18965.56638,0.08,2.16,41.27,98013262.95,187777467.7,52.20
351,CIEINDIA,CIE Automotive India Limited,Auto Components & Equipments,Consumer Discretionary,Automobile and Auto Components,Auto Components,Auto Components & Equipments,528,20030.33,6697.602705,0.08,2,38.21,126848536.1,379362310.6,33.44
352,CIGNITITEC,Cigniti Technologies Limited,IT Enabled Services,Information Technology,Information Technology,IT - Services,IT Enabled Services,1385,3781.06,1865.93123,0.05,1.89,36.11,13472427.65,27300072.2,49.35
353,CINELINE,Cineline India Limited,Film Production Distribution & Exhibition,Consumer Discretionary,Media Entertainment & Publication,Entertainment,Film Production Distribution & Exhibition,106.7,365.62,110.9413072,0.37,2.75,52.54,10397498.34,34266166.82,30.34
354,CINEVISTA,Cinevista Limited,Media & Entertainment,Consumer Discretionary,Media Entertainment & Publication,Entertainment,Media & Entertainment,19.39,111.37,36.27154136,1.7,3.33,63.62,18706313.23,57436823.1,32.57
355,CIPLA,Cipla Limited,Pharmaceuticals,Healthcare,Healthcare,Pharmaceuticals & Biotechnology,Pharmaceuticals,1624,131148.88,89117.62942,0.02,1.45,27.7,548753875.7,807566995.1,67.95
356,CLEAN,Clean Science and Technology Limited,Specialty Chemicals,Commodities,Chemicals,Chemicals & Petrochemicals,Specialty Chemicals,1505,15992.77,3374.73037,0.06,1.71,32.67,22423457.61,106264252.5,21.10
357,CLEDUCATE,CL Educate Limited,Education,Consumer Discretionary,Consumer Services,Other Consumer Services,Education,111,600.49,279.0308861,0.32,3.11,59.42,25137917.66,54098198.2,46.47
358,CLSEL,Chaman Lal Setia Exports Limited,Other Agricultural Products,Fast Moving Consumer Goods,Fast Moving Consumer Goods,Agricultural Food & other Products,Other Agricultural Products,320,1655.47,424.2581523,0.14,2.75,52.54,13258067.26,51733437.5,25.63
359,CMSINFO,CMS Info Systems Limited,Diversified Commercial Services,Services,Services,Commercial Services & Supplies,Diversified Commercial Services,580,9464.62,8876.812081,0.06,1.83,34.96,153048484.2,163183103.4,93.79
360,COALINDIA,Coal India Limited,Coal,Energy,Oil Gas & Consumable Fuels,Consumable Fuels,Coal,481.4,296673.74,109042.4337,0.05,2.06,39.36,2265110797,6162728292,36.76
361,COASTCORP,Coastal Corporation Limited,Seafood,Fast Moving Consumer Goods,Fast Moving Consumer Goods,Food Products,Seafood,254,340.24,169.4243231,0.26,2.84,54.26,6670248.94,13395275.59,49.80
362,COCHINSHIP,Cochin Shipyard Limited,Ship Building & Allied Services,Industrials,Capital Goods,Industrial Manufacturing,Ship Building & Allied Services,1571.5,41343.14,11218.99974,0.2,3.69,70.5,71390389.7,263080750.9,27.14
363,COFFEEDAY,Coffee Day Enterprises Limited,Restaurants,Consumer Discretionary,Consumer Services,Leisure Services,Restaurants,35.39,747.62,624.5810471,0.25,3.57,68.2,176485178.6,211251766,83.54
364,COFORGE,Coforge Limited,Computers - Software & Consulting,Information Technology,Information Technology,IT - Software,Computers - Software & Consulting,7195,47986.17,47667.16119,0.03,2.01,38.4,66250397.76,66693773.45,99.34
365,COLPAL,Colgate Palmolive (India) Limited,Personal Care,Fast Moving Consumer Goods,Fast Moving Consumer Goods,Personal Products,Personal Care,3696,100525.89,48850.85798,0.03,1.37,26.17,132172234.8,271985633.1,48.60
366,COMPUSOFT,Compucom Software Limited,Education,Consumer Discretionary,Consumer Services,Other Consumer Services,Education,28.63,226.54,64.73022898,0.53,4.02,76.8,22609231.22,79126790.08,28.57
367,COMSYN,Commercial Syn Bags Limited,Packaging,Industrials,Capital Goods,Industrial Products,Packaging,58,231.72,91.64727847,1.14,2.33,44.51,15801254.91,39951724.14,39.55
368,CONCOR,Container Corporation of India Limited,Logistics Solution Provider,Services,Services,Transport Services,Logistics Solution Provider,869.2,52959.86,23875.7899,0.05,2.25,42.99,274686952.3,609294293.6,45.08
369,CONCORDBIO,Concord Biotech Limited,Pharmaceuticals,Healthcare,Healthcare,Pharmaceuticals & Biotechnology,Pharmaceuticals,1830,19144.77,6027.67193,0.08,2.43,46.43,32938097.98,104616229.5,31.48
370,CONFIPET,Confidence Petroleum India Limited,LPG/CNG/PNG/LNG Supplier,Energy,Oil Gas & Consumable Fuels,Gas,LPG/CNG/PNG/LNG Supplier,79.45,2572.03,846.4284466,0.09,2.88,55.02,106535990.8,323729389.6,32.91
371,CONSOFINVT,Consolidated Finvest & Holdings Limited,Investment Company,Financial Services,Financial Services,Finance,Investment Company,190,614.2,141.1894443,0.33,2.8,53.49,7431023.384,32326315.79,22.99
372,CONTROLPR,Control Print Limited,Computers Hardware & Equipments,Information Technology,Information Technology,IT - Hardware,Computers Hardware & Equipments,811,1297.13,598.0680026,0.15,2.1,40.12,7374451.327,15994204.69,46.11
373,CORALFINAC,Coral India Finance & Housing Limited,Diversified Commercial Services,Services,Services,Commercial Services & Supplies,Diversified Commercial Services,51.3,206.75,48.8100513,1.92,3.73,71.26,9514629.882,40302144.25,23.61
374,CORDSCABLE,Cords Cable Industries Limited,Cables - Electricals,Industrials,Capital Goods,Industrial Products,Cables - Electricals,192.45,248.8,119.4408178,0.94,3.45,65.91,6206329.839,12928033.26,48.01
375,COROMANDEL,Coromandel International Limited,Fertilizers,Commodities,Chemicals,Fertilizers & Agrochemicals,Fertilizers,1570.75,46263.54,18353.25456,0.04,1.69,32.29,116843893.4,294531529.5,39.67
376,COSMOFIRST,COSMO FIRST LIMITED,Packaging,Industrials,Capital Goods,Industrial Products,Packaging,727.35,1909.27,976.2442365,0.12,2.74,52.35,13421932.17,26249673.47,51.13
377,COUNCODOS,Country Condo's Limited,Residential Commercial Projects,Consumer Discretionary,Realty,Realty,Residential Commercial Projects,6.72,52.15,22.16882851,1.6,3.56,68.01,32989328.14,77604166.67,42.51
378,CRAFTSMAN,Craftsman Automation Limited,Auto Components & Equipments,Consumer Discretionary,Automobile and Auto Components,Auto Components,Auto Components & Equipments,6040,1,1,0,,,1655.629139,1655.629139,100.00
379,CREATIVE,Creative Newtech Limited,Trading & Distributors,Services,Services,Commercial Services & Supplies,Trading & Distributors,820,1157.32,499.9500927,0.28,3.19,60.94,6096952.35,14113658.54,43.20
380,CREATIVEYE,Creative Eye Limited,Media & Entertainment,Consumer Discretionary,Media Entertainment & Publication,Entertainment,Media & Entertainment,5.74,11.51,5.035942147,4.92,3.93,75.08,8773418.375,20052264.81,43.75
381,CREDITACC,CREDITACCESS GRAMEEN LIMITED,Microfinance Institutions,Financial Services,Financial Services,Finance,Microfinance Institutions,1144,18241.42,6065.984858,0.06,2.09,39.93,53024343.16,159452972,33.25
382,CREST,Crest Ventures Limited,Non Banking Financial Company (NBFC),Financial Services,Financial Services,Finance,Non Banking Financial Company (NBFC),468,1331.46,397.07599,0.21,3.44,65.72,8484529.7,28450000,29.82
383,CRISIL,CRISIL Limited,Other Financial Services,Financial Services,Financial Services,Finance,Other Financial Services,4305,31482.31,10465.35093,0.06,1.75,33.43,24309758.25,73129639.95,33.24
384,CROMPTON,Crompton Greaves Consumer Electricals Limited,Household Appliances,Consumer Discretionary,Consumer Durables,Consumer Durables,Household Appliances,425.25,27371.21,27302.56216,0.04,1.91,36.49,642035559.2,643649853,99.75
385,CROWN,Crown Lifters Limited,Industrial Products,Industrials,Capital Goods,Industrial Manufacturing,Industrial Products,234.08,262.72,60.82559303,4.14,2.73,52.16,2598495.943,11223513.33,23.15
386,CSBBANK,CSB Bank Limited,Private Sector Bank,Financial Services,Financial Services,Banks,Private Sector Bank,310,5378.06,3067.151006,0.08,1.95,37.25,98940355.02,173485806.5,57.03
387,CSLFINANCE,CSL Finance Limited,Non Banking Financial Company (NBFC),Financial Services,Financial Services,Finance,Non Banking Financial Company (NBFC),406,924.97,466.8096117,0.22,2.95,56.36,11497773.69,22782512.32,50.47
388,CTE,Cambridge Technology Enterprises Limited,Computers - Software & Consulting,Information Technology,Information Technology,IT - Software,Computers - Software & Consulting,104.5,205.14,83.84013984,2.4,3.64,69.54,8022979.889,19630622.01,40.87
389,CUB,City Union Bank Limited,Private Sector Bank,Financial Services,Financial Services,Banks,Private Sector Bank,154.3,11428.57,11092.11045,0.04,1.97,37.64,718866523.1,740672067.4,97.06
390,CUBEXTUB,Cubex Tubings Limited,Aluminium Copper & Zinc Products,Industrials,Capital Goods,Industrial Products,Aluminium Copper & Zinc Products,96.32,137.92,76.65793306,3.92,2.94,56.17,7958672.452,14318936.88,55.58
391,CUMMINSIND,Cummins India Limited,Compressors Pumps & Diesel Engines,Industrials,Capital Goods,Industrial Products,Compressors Pumps & Diesel Engines,3599,99764.28,48662.22238,0.03,2.06,39.36,135210398.4,277200000,48.78
392,CUPID,Cupid Limited,Personal Care,Fast Moving Consumer Goods,Fast Moving Consumer Goods,Personal Products,Personal Care,80.4,1186.67,610.4505138,0.69,3.02,57.7,75926680.82,147595771.1,51.44
393,CYBERMEDIA,Cyber Media (India) Limited,Electronic Media,Consumer Discretionary,Media Entertainment & Publication,Media,Electronic Media,25.02,39.2,14.9028037,2.25,3.76,71.83,5956356.396,15667466.03,38.02
394,CYBERTECH,Cybertech Systems And Software Limited,Computers - Software & Consulting,Information Technology,Information Technology,IT - Software,Computers - Software & Consulting,221.6,689.85,279.8344221,0.31,3.51,67.06,12627907.14,31130415.16,40.56
395,CYIENT,Cyient Limited,IT Enabled Services,Information Technology,Information Technology,IT - Services,IT Enabled Services,1837,20381.65,15475.49901,0.04,2.19,41.84,84243326.11,110950734.9,75.93
396,CYIENTDLM,Cyient DLM Limited,Industrial Products,Industrials,Capital Goods,Industrial Manufacturing,Industrial Products,675.05,5353.56,1784.54495,0.07,2.13,40.69,26435744.76,79306125.47,33.33
397,DABUR,Dabur India Limited,Personal Care,Fast Moving Consumer Goods,Fast Moving Consumer Goods,Personal Products,Personal Care,570,101021.75,33575.99249,0.02,1.4,26.75,589052499.8,1772311404,33.24
398,DALBHARAT,Dalmia Bharat Limited,Cement & Cement Products,Commodities,Construction Materials,Cement & Cement Products,Cement & Cement Products,1869.95,35070.47,14905.1597,0.04,1.82,34.77,79708867.61,187547635,42.50
399,DALMIASUG,Dalmia Bharat Sugar and Industries Limited,Sugar,Fast Moving Consumer Goods,Fast Moving Consumer Goods,Agricultural Food & other Products,Sugar,517.6,4189.42,975.9124302,0.11,2.54,48.53,18854567.82,80939335.39,23.29
400,DAMODARIND,Damodar Industries Limited,Other Textile Products,Consumer Discretionary,Textiles,Textiles & Apparels,Other Textile Products,42.6,99.26,28.38768874,0.71,2.88,55.02,6663776.7,23300469.48,28.60
401,DANGEE,Dangee Dums Limited,Packaged Foods,Fast Moving Consumer Goods,Fast Moving Consumer Goods,Food Products,Packaged Foods,7.67,82.67,29.39286072,0.71,3.26,62.28,38321852.31,107783572.4,35.55
402,DATAMATICS,Datamatics Global Services Limited,IT Enabled Services,Information Technology,Information Technology,IT - Services,IT Enabled Services,569.45,3361.55,1122.674105,0.12,3.24,61.9,19715060.24,59031521.64,33.40
403,DATAPATTNS,Data Patterns (India) Limited,Aerospace & Defense,Industrials,Capital Goods,Aerospace & Defense,Aerospace & Defense,2235.2,12513.54,6594.496219,0.05,2.99,57.12,29502935.84,55983983.54,52.70
404,DAVANGERE,Davangere Sugar Company Limited,Diversified FMCG,Fast Moving Consumer Goods,Fast Moving Consumer Goods,Diversified FMCG,Diversified FMCG,6.73,633.19,247.6349292,0.29,2.85,54.45,367956804.1,940846953.9,39.11
405,DBCORP,D.B.Corp Limited,Print Media,Consumer Discretionary,Media Entertainment & Publication,Media,Print Media,364,6484.93,1792.415946,0.38,2.92,55.79,49242196.32,178157417.6,27.64
406,DBL,Dilip Buildcon Limited,Civil Construction,Industrials,Construction,Construction,Civil Construction,485.95,7105.32,2120.858821,0.08,3.02,57.7,43643560.48,146215042.7,29.85
407,DBOL,Dhampur Bio Organics Limited,Sugar,Fast Moving Consumer Goods,Fast Moving Consumer Goods,Agricultural Food & other Products,Sugar,140.5,932.75,456.0128139,0.17,2.5,47.76,32456428.04,66387900.36,48.89
408,DBREALTY,Valor Estate Limited,Residential Commercial Projects,Consumer Discretionary,Realty,Realty,Residential Commercial Projects,171.5,9234.68,3364.702987,0.13,3.72,71.07,196192594,538465306.1,36.44
409,DBSTOCKBRO,DB (International) Stock Brokers Limited,Stockbroking & Allied,Financial Services,Financial Services,Capital Markets,Stockbroking & Allied,45.25,158.38,76.06592875,1.71,3.7,70.69,16810150,35001104.97,48.03
410,DCAL,Dishman Carbogen Amcis Limited,Pharmaceuticals,Healthcare,Healthcare,Pharmaceuticals & Biotechnology,Pharmaceuticals,165.85,2600.25,1056.098376,0.12,3.54,67.63,63677924.38,156783237.9,40.62
411,DCBBANK,DCB Bank Limited,Private Sector Bank,Financial Services,Financial Services,Banks,Private Sector Bank,114.3,3584.13,3041.562577,0.06,2.06,39.36,266103462.6,313572178.5,84.86
412,DCI,Dc Infotech And Communication Limited,Computers Hardware & Equipments,Information Technology,Information Technology,IT - Hardware,Computers Hardware & Equipments,378,491.4,181.0646838,2.77,3.3,63.05,4790071,13000000,36.85
413,DCM,DCM  Limited,IT Enabled Services,Information Technology,Information Technology,IT - Services,IT Enabled Services,89.39,166.96,82.28676623,0.43,2.77,52.92,9205365.95,18677704.44,49.29
414,DCMFINSERV,DCM Financial Services Limited,Investment Company,Financial Services,Financial Services,Finance,Investment Company,7.99,15.01,9.078743436,3.9,3.56,68.01,11362632.59,18785982.48,60.48
415,DCMNVL,DCM Nouvelle Limited,Other Textile Products,Consumer Discretionary,Textiles,Textiles & Apparels,Other Textile Products,195,364.22,177.1762025,0.54,2.97,56.74,9085959.101,18677948.72,48.65
416,DCMSHRIRAM,DCM Shriram Limited,Diversified,Diversified,Diversified,Diversified,Diversified,978.9,15265.19,4808.855846,0.09,2.11,40.31,49125098.03,155942282.2,31.50
417,DCMSRIND,DCM Shriram Industries Limited,Sugar,Fast Moving Consumer Goods,Fast Moving Consumer Goods,Agricultural Food & other Products,Sugar,192.5,1674.6,702.0859137,0.14,2.79,53.3,36471995.51,86992207.79,41.93
418,DCW,DCW Limited,Petrochemicals,Commodities,Chemicals,Chemicals & Petrochemicals,Petrochemicals,93.08,2747.3,1488.106835,0.06,3.33,63.62,159873961.7,295154705.6,54.17
419,DCXINDIA,DCX Systems Limited,Aerospace & Defense,Industrials,Capital Goods,Aerospace & Defense,Aerospace & Defense,305.95,3407.87,1358.594182,0.31,3.06,58.46,44405758.53,111386501.1,39.87
420,DECCANCE,Deccan Cements Limited,Cement & Cement Products,Commodities,Construction Materials,Cement & Cement Products,Cement & Cement Products,580,812.44,345.8755152,0.27,1.86,35.54,5963370.953,14007586.21,42.57
421,DEEDEV,DEE Development Engineers Limited,Industrial Products,Industrials,Capital Goods,Industrial Manufacturing,Industrial Products,251,1733.26,362.2698536,0.09,1.18,22.54,14433061.9,69054183.27,20.90
422,DEEPAKFERT,Deepak Fertilizers And Petrochemicals Corporation Limited,Commodity Chemicals,Commodities,Chemicals,Chemicals & Petrochemicals,Commodity Chemicals,1041,13141.36,6997.063279,0.05,2.82,53.88,67214824.97,126237848.2,53.24
423,DEEPAKNTR,Deepak Nitrite Limited,Specialty Chemicals,Commodities,Chemicals,Chemicals & Petrochemicals,Specialty Chemicals,2768,37753.59,18989.79338,0.05,1.87,35.73,68604744.87,136393027.5,50.30
424,DEEPENR,DEEP ENERGY RESOURCES LIMITED,Oil Exploration & Production,Energy,Oil Gas & Consumable Fuels,Oil,Oil Exploration & Production,1,1,1,0.5,,,10000000,10000000,100.00
425,DEEPINDS,Deep Industries Limited,Offshore Support Solution Drilling,Energy,Oil Gas & Consumable Fuels,Oil,Offshore Support Solution Drilling,406.9,2604.16,938.1304109,0.12,3.01,57.51,23055552,64000000,36.02
426,DELHIVERY,Delhivery Limited,Logistics Solution Provider,Services,Services,Transport Services,Logistics Solution Provider,402.9,29816.14,18622.98411,0.04,2.09,39.93,462223482.6,740038222.9,62.46
427,DELPHIFX,DELPHI WORLD MONEY LIMITED,Other Financial Services,Financial Services,Financial Services,Finance,Other Financial Services,249,277.08,63.82695976,0.97,5.89,112.53,2563331.717,11127710.84,23.04
428,DELTACORP,Delta Corp Limited,Amusement Parks/ Other Recreation,Consumer Discretionary,Consumer Services,Leisure Services,Amusement Parks/ Other Recreation,120,3213.25,2121.437938,0.07,2.7,51.58,176786494.8,267770833.3,66.02
429,DELTAMAGNT,Delta Manufacturing Limited,Other Industrial Products,Industrials,Capital Goods,Industrial Products,Other Industrial Products,90,97.66,26.55602193,0.79,3.34,63.81,2950669.104,10851111.11,27.19
430,DEN,Den Networks Limited,TV Broadcasting & Software Production,Consumer Discretionary,Media Entertainment & Publication,Entertainment,TV Broadcasting & Software Production,50,2386.12,593.5328405,0.09,2.69,51.39,118706568.1,477224000,24.87
431,DENORA,De Nora India Limited,Electrodes & Refractories,Industrials,Capital Goods,Industrial Products,Electrodes & Refractories,1451.55,770.57,348.5371323,0.15,3.3,63.05,2401137.627,5308601.15,45.23
432,DEVIT,Dev Information Technology Limited,IT Enabled Services,Information Technology,Information Technology,IT - Services,IT Enabled Services,149.56,336.28,92.84445496,0.62,3.3,63.05,6207839.994,22484621.56,27.61
433,DEVYANI,Devyani International Limited,Restaurants,Consumer Discretionary,Consumer Services,Leisure Services,Restaurants,173.1,20880.47,6934.112094,0.05,2.07,39.55,400584176.4,1206266320,33.21
434,DGCONTENT,Digicontent Limited,Advertising & Media Agencies,Consumer Discretionary,Media Entertainment & Publication,Media,Advertising & Media Agencies,1,231.58,1,3.22,,,10000000,2315800000,0.43
435,DHAMPURSUG,Dhampur Sugar Mills Limited,Sugar,Fast Moving Consumer Goods,Fast Moving Consumer Goods,Agricultural Food & other Products,Sugar,210.95,1379.35,696.7806436,0.07,2.23,42.6,33030606.48,65387532.59,50.52
436,DHANBANK,Dhanlaxmi Bank Limited,Private Sector Bank,Financial Services,Financial Services,Banks,Private Sector Bank,34.73,878.71,676.3596487,0.38,2.97,56.74,194747955.3,253011805.4,76.97
437,DHANI,Dhani Services Limited,Other Financial Services,Financial Services,Financial Services,Finance,Other Financial Services,47.6,2871.39,1835.654228,0.09,3.5,66.87,385641644.5,603233193.3,63.93
438,DHANUKA,Dhanuka Agritech Limited,Pesticides & Agrochemicals,Commodities,Chemicals,Fertilizers & Agrochemicals,Pesticides & Agrochemicals,1462,6663.55,1963.921723,0.12,2.45,46.81,13433117.12,45578317.37,29.47
439,DHARMAJ,Dharmaj Crop Guard Limited,Pesticides & Agrochemicals,Commodities,Chemicals,Fertilizers & Agrochemicals,Pesticides & Agrochemicals,324,1095.03,324.0857863,0.17,2.58,49.29,10002647.72,33797222.22,29.60
440,DHRUV,Dhruv Consultancy Services Limited,Consulting Services,Services,Services,Commercial Services & Supplies,Consulting Services,119.32,189.58,75.93742998,0.76,3.01,57.51,6364182.868,15888367.42,40.06
441,DHUNINV,Dhunseri Investments Limited,Investment Company,Financial Services,Financial Services,Finance,Investment Company,2082,1269.43,269.8965741,0.34,3.73,71.26,1296333.209,6097166.186,21.26
442,DIACABS,Diamond Power Infrastructure Limited,Other Electrical Equipment,Industrials,Capital Goods,Electrical Equipment,Other Electrical Equipment,1313.85,6923.61,651.4008547,0.49,2.46,47,4957954.521,52697111.54,9.41
443,DIAMINESQ,Diamines & Chemicals Limited,Specialty Chemicals,Commodities,Chemicals,Chemicals & Petrochemicals,Specialty Chemicals,514.25,503.14,211.5318338,0.33,2.35,44.9,4113404.644,9783957.219,42.04
444,DIAMONDYD,Prataap Snacks Limited,Packaged Foods,Fast Moving Consumer Goods,Fast Moving Consumer Goods,Food Products,Packaged Foods,1049.25,2504.92,887.2523713,0.16,2.64,50.44,8456062.629,23873433.4,35.42
445,DICIND,DIC India Limited,Printing Inks,Commodities,Chemicals,Chemicals & Petrochemicals,Printing Inks,695,637.94,176.7294898,0.89,14.15,270.34,2542870.356,9178992.806,27.70
446,DIGIDRIVE,Digidrive Distributors Limited,E-Retail/ E-Commerce,Consumer Discretionary,Consumer Services,Retailing,E-Retail/ E-Commerce,45.15,174.11,70.56067973,2.76,2.8,53.49,15628057.53,38562569.21,40.53
447,DIGISPICE,DiGiSPICE Technologies Limited,IT Enabled Services,Information Technology,Information Technology,IT - Services,IT Enabled Services,32.6,759.46,82.61478841,0.85,3.53,67.44,25341959.63,232963190.2,10.88
448,DIGJAMLMTD,Digjam Limited,Other Textile Products,Consumer Discretionary,Textiles,Textiles & Apparels,Other Textile Products,87.69,175.38,17.538,1.94,2.28,43.56,2000000,20000000,10.00
449,DIL,Debock Industries Limited,Other Agricultural Products,Fast Moving Consumer Goods,Fast Moving Consumer Goods,Agricultural Food & other Products,Other Agricultural Products,5.54,90.16,51.99384602,0.4,2.85,54.45,93851707.62,162743682.3,57.67
450,DISHTV,Dish TV India Limited,TV Broadcasting & Software Production,Consumer Discretionary,Media Entertainment & Publication,Entertainment,TV Broadcasting & Software Production,13.8,2540.93,1823.701556,0.11,3.25,62.09,1321522866,1841253623,71.77
451,DIVGIITTS,Divgi Torqtransfer Systems Limited,Auto Components & Equipments,Consumer Discretionary,Automobile and Auto Components,Auto Components,Auto Components & Equipments,592.75,1812.8,495.4426849,0.18,2.01,38.4,8358375.115,30582876.42,27.33
452,DIVISLAB,Divi's Laboratories Limited,Pharmaceuticals,Healthcare,Healthcare,Pharmaceuticals & Biotechnology,Pharmaceuticals,5403,143432.67,68493.83501,0.03,1.58,30.19,126770007.4,265468573,47.75
453,DIXON,Dixon Technologies (India) Limited,Consumer Electronics,Consumer Discretionary,Consumer Durables,Consumer Durables,Consumer Electronics,13490,80719.57,50867.61436,0.04,2.38,45.47,37707645.93,59836597.48,63.02
454,DJML,DJ Mediaprint & Logistics Limited,Logistics Solution Provider,Services,Services,Transport Services,Logistics Solution Provider,1,393.08,1,4.13,,,10000000,3930800000,0.25
455,DLF,DLF Limited,Residential Commercial Projects,Consumer Discretionary,Realty,Realty,Residential Commercial Projects,821.5,203347.13,52569.91014,0.04,2.09,39.93,639925869.1,2475315033,25.85
456,DLINKINDIA,D-Link (India) Limited,Computers Hardware & Equipments,Information Technology,Information Technology,IT - Hardware,Computers Hardware & Equipments,562,1995.37,842.071169,0.11,3.3,63.05,14983472.76,35504804.27,42.20
457,DMART,Avenue Supermarts Limited,Diversified Retail,Consumer Discretionary,Consumer Services,Retailing,Diversified Retail,4534,295042.37,66950.4252,0.04,1.64,31.33,147663046.3,650733061.3,22.69
458,DMCC,DMCC SPECIALITY CHEMICALS LIMITED,Specialty Chemicals,Commodities,Chemicals,Chemicals & Petrochemicals,Specialty Chemicals,256.55,639.83,294.6633832,0.28,2.4,45.85,11485612.28,24939777.82,46.05
459,DNAMEDIA,Diligent Media Corporation Limited,Electronic Media,Consumer Discretionary,Media Entertainment & Publication,Media,Electronic Media,5.09,59.91,22.66774846,3.56,3.5,66.87,44533886.95,117701375.2,37.84
460,DODLA,Dodla Dairy Limited,Dairy Products,Fast Moving Consumer Goods,Fast Moving Consumer Goods,Food Products,Dairy Products,1136,6853.24,2635.604988,0.1,2.47,47.19,23200748.13,60327816.9,38.46
461,DOLATALGO,Dolat Algotech Limited,Stockbroking & Allied,Financial Services,Financial Services,Capital Markets,Stockbroking & Allied,132.98,2340.45,589.0837403,0.12,3.75,71.64,44298672,176000150.4,25.17
462,DOLLAR,Dollar Industries Limited,Garments & Apparels,Consumer Discretionary,Textiles,Textiles & Apparels,Garments & Apparels,493.8,2800.64,778.3096159,0.12,2.41,46.04,15761636.61,56716079.38,27.79
463,DOLPHIN,Dolphin Offshore Enterprises (India) Limited,Offshore Support Solution Drilling,Energy,Oil Gas & Consumable Fuels,Oil,Offshore Support Solution Drilling,527.45,2110.04,494.0050429,2.43,10.86,207.48,9365912.274,40004550.19,23.41
464,DOMS,DOMS Industries Limited,Stationary,Fast Moving Consumer Goods,Fast Moving Consumer Goods,Household Products,Stationary,2467.95,14977.31,3750.28757,0.08,1.89,36.11,15195962.52,60687250.55,25.04
465,DONEAR,Donear Industries Limited,Other Textile Products,Consumer Discretionary,Textiles,Textiles & Apparels,Other Textile Products,110.6,575.12,144.7904858,0.34,3.11,59.42,13091364,52000000,25.18
466,DPABHUSHAN,D. P. Abhushan Limited,Gems Jewellery And Watches,Consumer Discretionary,Consumer Durables,Consumer Durables,Gems Jewellery And Watches,1567.8,3544.94,811.0964604,0.14,1.97,37.64,5173468.94,22610919.76,22.88
467,DPSCLTD,DPSC Limited,Integrated Power Utilities,Utilities,Power,Power,Integrated Power Utilities,18.15,1767.43,125.6888888,0.41,3.33,63.62,69250076.46,973790633.6,7.11
468,DPWIRES,D P Wires Limited,Iron & Steel Products,Industrials,Capital Goods,Industrial Products,Iron & Steel Products,389.95,604.67,152.4796391,0.18,2.08,39.74,3910235.647,15506346.97,25.22
469,DRCSYSTEMS,DRC Systems India Limited,Computers - Software & Consulting,Information Technology,Information Technology,IT - Software,Computers - Software & Consulting,24,318.47,246.8503319,1.98,3.79,72.41,102854305,132695833.3,77.51
470,DREAMFOLKS,Dreamfolks Services Limited,Airport & Airport services,Services,Services,Transport Infrastructure,Airport & Airport services,449.65,2386.5,810.9390713,0.08,2.02,38.59,18034895.39,53074613.59,33.98
471,DREDGECORP,Dredging Corporation of India Limited,Dredging,Services,Services,Engineering Services,Dredging,1043,2920.4,772.4837652,1.12,3.3,63.05,7406364,28000000,26.45
472,DRREDDY,Dr. Reddy's Laboratories Limited,Pharmaceuticals,Healthcare,Healthcare,Pharmaceuticals & Biotechnology,Pharmaceuticals,6629,110622.73,80734.01525,0.02,1.24,23.69,121789131.5,166876949.8,72.98
473,DSSL,Dynacons Systems & Solutions Limited,IT Enabled Services,Information Technology,Information Technology,IT - Services,IT Enabled Services,1307.1,1661.73,647.9912083,0.24,3.83,73.17,4957472.33,12713105.35,38.99
474,DTIL,Dhunseri Tea & Industries Limited,Tea & Coffee,Fast Moving Consumer Goods,Fast Moving Consumer Goods,Agricultural Food & other Products,Tea & Coffee,274.5,288.43,87.92667608,0.53,2.97,56.74,3203157.599,10507468.12,30.48
475,DUCON,Ducon Infratechnologies Limited,Industrial Products,Industrials,Capital Goods,Industrial Manufacturing,Industrial Products,9.14,296.98,142.6478722,0.85,3.39,64.77,156069882.1,324923413.6,48.03
476,DVL,Dhunseri Ventures Limited,Diversified,Diversified,Diversified,Diversified,Diversified,439,1537.59,375.092738,0.33,3.29,62.86,8544253.714,35024829.16,24.39
477,DWARKESH,Dwarikesh Sugar Industries Limited,Sugar,Fast Moving Consumer Goods,Fast Moving Consumer Goods,Agricultural Food & other Products,Sugar,71.3,1321.2,762.0784303,0.07,2.11,40.31,106883370.3,185301542.8,57.68
478,DYCL,Dynamic Cables Limited,Cables - Electricals,Industrials,Capital Goods,Industrial Products,Cables - Electricals,510,1235.7,285.081077,0.15,3.11,59.42,5589825.04,24229411.76,23.07
479,DYNAMATECH,Dynamatic Technologies Limited,Industrial Products,Industrials,Capital Goods,Industrial Manufacturing,Industrial Products,7630,5181.87,2975.528789,0.09,2.8,53.49,3899775.608,6791441.678,57.42
480,DYNPRO,Dynemic Products Limited,Specialty Chemicals,Commodities,Chemicals,Chemicals & Petrochemicals,Specialty Chemicals,381.9,459.36,308.9462439,0.53,2.91,55.6,8089715.734,12028279.65,67.26
481,E2E,E2E Networks Limited,IT Enabled Services,Information Technology,Information Technology,IT - Services,IT Enabled Services,2930.85,4246.9,1706.542734,2.53,3.39,64.77,5822688.757,14490335.57,40.18
482,EASEMYTRIP,Easy Trip Planners Limited,Tour Travel Related Services,Consumer Discretionary,Consumer Services,Leisure Services,Tour Travel Related Services,32.24,5713.06,1930.991074,0.05,2.83,54.07,598942640.7,1772040943,33.80
483,ECLERX,eClerx Services Limited,Business Process Outsourcing (BPO)/ Knowledge Process Outsourcing (KPO),Services,Services,Commercial Services & Supplies,Business Process Outsourcing (BPO)/ Knowledge Process Outsourcing (KPO),3022.5,14402.32,6438.471328,0.08,2.19,41.84,21301807.54,47650355.67,44.70
484,EDELWEISS,Edelweiss Financial Services Limited,Holding Company,Financial Services,Financial Services,Finance,Holding Company,115,10858.46,6621.164802,0.11,3.51,67.06,575753461,944213913,60.98
485,EICHERMOT,Eicher Motors Limited,2/3 Wheelers,Consumer Discretionary,Automobile and Auto Components,Automobiles,2/3 Wheelers,4669.5,127972.65,64135.66835,0.02,1.55,29.61,137350183.8,274060713.1,50.12
486,EIDPARRY,EID Parry India Limited,Fertilizers,Commodities,Chemicals,Fertilizers & Agrochemicals,Fertilizers,802.4,14247.99,8110.211802,0.06,2.2,42.03,101074424.3,177567173.5,56.92
487,EIFFL,Euro India Fresh Foods Limited,Packaged Foods,Fast Moving Consumer Goods,Fast Moving Consumer Goods,Food Products,Packaged Foods,197,488.56,129.4527661,0.69,2.62,50.06,6571206.4,24800000,26.50
488,EIHAHOTELS,EIH Associated Hotels Limited,Hotels & Resorts,Consumer Discretionary,Consumer Services,Leisure Services,Hotels & Resorts,379.8,2314.36,572.1816475,0.15,2.74,52.35,15065340.9,60936282.25,24.72
489,EIHOTEL,EIH Limited,Hotels & Resorts,Consumer Discretionary,Consumer Services,Leisure Services,Hotels & Resorts,391.3,24470.5,8341.504191,0.06,2.41,46.04,213174142.4,625364170.7,34.09
490,EIMCOELECO,Eimco Elecon (India) Limited,Industrial Products,Industrials,Capital Goods,Industrial Manufacturing,Industrial Products,2889,1666.49,1,1.47,3.23,61.71,3461.405331,5768397.369,0.06
491,EKC,Everest Kanto Cylinder Limited,Industrial Products,Industrials,Capital Goods,Industrial Manufacturing,Industrial Products,178.99,2008.41,651.4322843,0.1,3.3,63.05,36394898.28,112207944.6,32.44
492,ELDEHSG,Eldeco Housing And Industries Limited,Residential Commercial Projects,Consumer Discretionary,Realty,Realty,Residential Commercial Projects,890,875.14,378.7697952,0.53,2.65,50.63,4255840.396,9833033.708,43.28
493,ELECON,Elecon Engineering Company Limited,Industrial Products,Industrials,Capital Goods,Industrial Manufacturing,Industrial Products,631,14159.64,5551.738239,0.08,2.91,55.6,87983173.35,224400000,39.21
494,ELECTCAST,Electrosteel Castings Limited,Iron & Steel Products,Industrials,Capital Goods,Industrial Products,Iron & Steel Products,190.54,11778.89,6289.420339,0.05,3.16,60.37,330083989.7,618184633.1,53.40
495,ELECTHERM,Electrotherm (India) Limited,Iron & Steel Products,Industrials,Capital Goods,Industrial Products,Iron & Steel Products,1,1193.24,1,0.46,,,10000000,11932400000,0.08
496,ELGIEQUIP,Elgi Equipments Limited,Compressors Pumps & Diesel Engines,Industrials,Capital Goods,Industrial Products,Compressors Pumps & Diesel Engines,641,20313.87,13792.9335,0.06,2.58,49.29,215178369.7,316909048.4,67.90
497,ELGIRUBCO,Elgi Rubber Company Limited,Rubber,Industrials,Capital Goods,Industrial Products,Rubber,92.97,465.31,156.6598771,2.9,3.36,64.19,16850583.75,50049478.33,33.67
498,ELIN,Elin Electronics Limited,Household Appliances,Consumer Discretionary,Consumer Durables,Consumer Durables,Household Appliances,218.63,1085.7,722.9336583,0.13,2.79,53.3,33066535.16,49659241.64,66.59
499,EMAMILTD,Emami Limited,Personal Care,Fast Moving Consumer Goods,Fast Moving Consumer Goods,Personal Products,Personal Care,734.3,32052.2,14439.89847,0.06,2.09,39.93,196648488,436500068.1,45.05
500,EMAMIPAP,Emami Paper Mills Limited,Paper & Paper Products,Commodities,Forest Materials,Paper Forest & Jute Products,Paper & Paper Products,110,665.49,165.0620386,0.25,2.42,46.23,15005639.87,60499090.91,24.80
501,EMAMIREAL,Emami Realty Limited,Residential Commercial Projects,Consumer Discretionary,Realty,Realty,Residential Commercial Projects,109.64,414.92,151.6293405,0.58,3.56,68.01,13829746.48,37843852.61,36.54
502,EMBDL,Equinox India Developments Limited,Residential Commercial Projects,Consumer Discretionary,Realty,Realty,Residential Commercial Projects,118.3,7529.45,5633.670907,0.06,3.46,66.1,476219011.5,636470836.9,74.82
503,EMCURE,Emcure Pharmaceuticals Limited,Pharmaceuticals,Healthcare,Healthcare,Pharmaceuticals & Biotechnology,Pharmaceuticals,1332.35,25194.52,1811.35989,0.08,1.06,20.25,13595225.66,189098360,7.19
504,EMIL,Electronics Mart India Limited,Diversified Retail,Consumer Discretionary,Consumer Services,Retailing,Diversified Retail,211.67,8143.98,2201.292563,0.11,2.6,49.67,103996436.1,384748901.6,27.03
505,EMKAY,Emkay Global Financial Services Limited,Stockbroking & Allied,Financial Services,Financial Services,Capital Markets,Stockbroking & Allied,238.99,593.6,152.0094288,1.63,3.59,68.59,6360493.275,24837859.32,25.61
506,EMMBI,Emmbi Industries Limited,Packaging,Industrials,Capital Goods,Industrial Products,Packaging,125.9,222.72,87.58607365,0.34,2.94,56.17,6956796.954,17690230.34,39.33
507,EMSLIMITED,EMS Limited,Waste Management,Utilities,Utilities,Other Utilities,Waste Management,746.5,4145.37,1255.982221,0.25,2.98,56.93,16824946.03,55530743.47,30.30
508,EMUDHRA,eMudhra Limited,IT Enabled Services,Information Technology,Information Technology,IT - Services,IT Enabled Services,880,7287.43,2351.362233,0.08,2.73,52.16,26720025.38,82811704.55,32.27
509,ENDURANCE,Endurance Technologies Limited,Auto Components & Equipments,Consumer Discretionary,Automobile and Auto Components,Auto Components,Auto Components & Equipments,2180,30664.5,7666.125216,0.07,1.92,36.68,35165712,140662844,25.00
510,ENERGYDEV,Energy Development Company Limited,Power Generation,Utilities,Power,Power,Power Generation,22.95,109.01,45.57801724,1.33,3.26,62.28,19859702.5,47498910.68,41.81
511,ENGINERSIN,Engineers India Limited,Civil Construction,Industrials,Construction,Construction,Civil Construction,189.8,10667.56,5186.88976,0.05,3.3,63.05,273281863,562042149.6,48.62
512,ENIL,Entertainment Network (India) Limited,Media & Entertainment,Consumer Discretionary,Media Entertainment & Publication,Entertainment,Media & Entertainment,204.55,975.1,281.1666807,0.21,3.16,60.37,13745621.15,47670496.21,28.83
513,ENTERO,Entero Healthcare Solutions Limited,Pharmacy Retail,Consumer Discretionary,Consumer Services,Retailing,Pharmacy Retail,1294.2,5628.96,1646.179067,0.12,2.08,39.74,12719665.17,43493741.31,29.24
514,EPACK,EPACK Durable Limited,Household Appliances,Consumer Discretionary,Consumer Durables,Consumer Durables,Household Appliances,370,3550.81,1029.669818,0.1,2.47,47.19,27828913.99,95967837.84,29.00
515,EPIGRAL,Epigral Limited,Specialty Chemicals,Commodities,Chemicals,Chemicals & Petrochemicals,Specialty Chemicals,2038,8467.92,2403.458826,0.08,3.1,59.23,11793222.9,41550147.2,28.38
516,EPL,EPL Limited,Packaging,Industrials,Capital Goods,Industrial Products,Packaging,255.35,8135.66,3304.518979,0.06,2.14,40.88,129411356.2,318608184.8,40.62
517,EQUIPPP,Equippp Social Impact Technologies Limited,Computers - Software & Consulting,Information Technology,Information Technology,IT - Software,Computers - Software & Consulting,22.05,227.32,24.783423,1.54,3.11,59.42,11239647.62,103092970.5,10.90
518,EQUITASBNK,Equitas Small Finance Bank Limited,Other Bank,Financial Services,Financial Services,Banks,Other Bank,73.41,8357.71,8325.965817,0.05,2,38.21,1134173248,1138497480,99.62
519,ERIS,Eris Lifesciences Limited,Pharmaceuticals,Healthcare,Healthcare,Pharmaceuticals & Biotechnology,Pharmaceuticals,1322.8,18004.07,6314.388891,0.08,1.69,32.29,47735023.37,136105760.5,35.07
520,EROSMEDIA,Eros International Media Limited,Film Production Distribution & Exhibition,Consumer Discretionary,Media Entertainment & Publication,Entertainment,Film Production Distribution & Exhibition,20.7,198.54,166.7754701,0.3,3.18,60.75,80567859.96,95913043.48,84.00
521,ESABINDIA,Esab India Limited,Other Industrial Products,Industrials,Capital Goods,Industrial Products,Other Industrial Products,5951.3,9160.85,2365.541651,0.11,1.99,38.02,3974831.803,15393023.37,25.82
522,ESAFSFB,ESAF Small Finance Bank Limited,Other Bank,Financial Services,Financial Services,Banks,Other Bank,45,2316.93,763.5474329,0.08,1.71,32.67,169677207.3,514873333.3,32.96
523,ESCORTS,Escorts Kubota Limited,Tractors,Industrials,Capital Goods,Agricultural Commercial & Construction Vehicles,Tractors,3875,43352.63,12986.71375,0.03,1.8,34.39,33514099.99,111877754.8,29.96
524,ESSARSHPNG,Essar Shipping Limited,Shipping,Services,Services,Transport Services,Shipping,40.11,830.18,1,1.16,,,249314.3854,206975816.5,0.12
525,ESSENTIA,Integra Essentia Limited,Other Food Products,Fast Moving Consumer Goods,Fast Moving Consumer Goods,Food Products,Other Food Products,3.49,372.62,295.0693941,0.79,3.43,65.53,845471043.4,1067679083,79.19
526,ESTER,Ester Industries Limited,Packaging,Industrials,Capital Goods,Industrial Products,Packaging,137.25,1289.52,286.3028267,0.18,3.45,65.91,20859950.94,93954098.36,22.20
527,ETHOSLTD,Ethos Limited,Gems Jewellery And Watches,Consumer Discretionary,Consumer Durables,Consumer Durables,Gems Jewellery And Watches,3174,7770.09,3519.144873,0.09,2.45,46.81,11087412.96,24480434.78,45.29
528,EUROTEXIND,Eurotex Industries and Exports Limited,Other Textile Products,Consumer Discretionary,Textiles,Textiles & Apparels,Other Textile Products,19.6,17.15,4.564968018,5.24,4.36,83.3,2329065.315,8750000,26.62
529,EVEREADY,Eveready Industries India Limited,Household Products,Fast Moving Consumer Goods,Fast Moving Consumer Goods,Household Products,Household Products,417.65,3035.78,1660.491561,0.1,2.28,43.56,39757968.66,72687178.26,54.70
530,EVERESTIND,Everest Industries Limited,Other Construction Materials,Commodities,Construction Materials,Other Construction Materials,Other Construction Materials,980.5,1551.14,765.1971489,0.21,2.48,47.38,7804152.462,15819887.81,49.33
531,EXCEL,Excel Realty N Infra Limited,Trading & Distributors,Services,Services,Commercial Services & Supplies,Trading & Distributors,0.74,104.39,84.40016127,3.87,4.97,94.95,1140542720,1410675676,80.85
532,EXCELINDUS,Excel Industries Limited,Specialty Chemicals,Commodities,Chemicals,Chemicals & Petrochemicals,Specialty Chemicals,1500.25,1885.92,755.3403606,0.14,2.66,50.82,5034763.277,12570704.88,40.05
533,EXICOM,Exicom Tele-Systems Limited,Heavy Electrical Equipment,Industrials,Capital Goods,Electrical Equipment,Heavy Electrical Equipment,298.1,3601.78,900.5958684,0.37,3.2,61.14,30211199.88,120824555.5,25.00
534,EXIDEIND,Exide Industries Limited,Auto Components & Equipments,Consumer Discretionary,Automobile and Auto Components,Auto Components,Auto Components & Equipments,484,41140,21974.931,0.03,2.2,42.03,454027500,850000000,53.42
535,EXPLEOSOL,Expleo Solutions Limited,IT Enabled Services,Information Technology,Information Technology,IT - Services,IT Enabled Services,1269,1969.45,568.6190432,0.15,2.03,38.78,4480843.524,15519700.55,28.87
536,EXXARO,Exxaro Tiles Limited,Ceramics,Consumer Discretionary,Consumer Durables,Consumer Durables,Ceramics,90.49,404.86,134.7720628,0.23,2.67,51.01,14893586.35,44740855.34,33.29
537,FACT,Fertilizers and Chemicals Travancore Limited,Fertilizers,Commodities,Chemicals,Fertilizers & Agrochemicals,Fertilizers,851.85,55120.83,5291.87491,0.11,3.76,71.83,62122144.86,647072019.7,9.60
538,FAIRCHEMOR,Fairchem Organics Limited,Specialty Chemicals,Commodities,Chemicals,Chemicals & Petrochemicals,Specialty Chemicals,1114.2,1450.79,597.0910324,0.17,2.39,45.66,5358921.49,13020911.87,41.16
539,FAZE3Q,Faze Three Limited,Other Textile Products,Consumer Discretionary,Textiles,Textiles & Apparels,Other Textile Products,450.5,1095.57,480.3191203,0.27,2.97,56.74,10661911.66,24318978.91,43.84
540,FCL,Fineotex Chemical Limited,Specialty Chemicals,Commodities,Chemicals,Chemicals & Petrochemicals,Specialty Chemicals,385,4264.45,1441.960503,0.08,2.74,52.35,37453519.56,110764935.1,33.81
541,FCSSOFT,FCS Software Solutions Limited,IT Enabled Services,Information Technology,Information Technology,IT - Services,IT Enabled Services,3.36,574.41,461.5262451,0.55,3.69,70.5,1373590015,1709553571,80.35
542,FDC,FDC Limited,Pharmaceuticals,Healthcare,Healthcare,Pharmaceuticals & Biotechnology,Pharmaceuticals,504,8205.63,2471.822421,0.09,2.01,38.4,49044095.65,162810119,30.12
543,FEDERALBNK,The Federal Bank  Limited,Private Sector Bank,Financial Services,Financial Services,Banks,Private Sector Bank,184,45141.23,44948.11253,0.03,1.67,31.91,2442832203,2453327717,99.57
544,FEDFINA,Fedbank Financial Services Limited,Non Banking Financial Company (NBFC),Financial Services,Financial Services,Finance,Non Banking Financial Company (NBFC),112.04,4166.98,1193.915564,0.09,1.13,21.59,106561546.2,371918957.5,28.65
545,FEL,Future Enterprises Limited,Diversified Retail,Consumer Discretionary,Consumer Services,Retailing,Diversified Retail,0.81,36.85,17.31920037,0.58,3.41,65.15,213817288.5,454938271.6,47.00
546,FELDVR,Future Enterprises Limited,Diversified Retail,Consumer Discretionary,Consumer Services,Retailing,Diversified Retail,5.4,21.26,5.953451465,4.92,3.13,59.8,11024910.12,39370370.37,28.00
547,FIBERWEB,Fiberweb (India) Limited,Other Textile Products,Consumer Discretionary,Textiles,Textiles & Apparels,Other Textile Products,42.5,122.36,65.49904565,0.69,3.7,70.69,15411540.15,28790588.24,53.53
548,FIEMIND,Fiem Industries Limited,Auto Components & Equipments,Consumer Discretionary,Automobile and Auto Components,Auto Components,Auto Components & Equipments,1604.95,4224.17,1733.279903,0.08,2.41,46.04,10799588.17,26319636.13,41.03
549,FILATEX,Filatex India Limited,Other Textile Products,Consumer Discretionary,Textiles,Textiles & Apparels,Other Textile Products,57,2529.98,879.9004748,0.1,2.81,53.68,154368504.3,443856140.4,34.78
550,FILATFASH,Filatex Fashions Limited,Garments & Apparels,Consumer Discretionary,Textiles,Textiles & Apparels,Garments & Apparels,0.81,675.06,1,0.93,,,12345679.01,8334074074,0.15
551,FINCABLES,Finolex Cables Limited,Cables - Electricals,Industrials,Capital Goods,Industrial Products,Cables - Electricals,1296.2,19824,9786.929347,0.06,2.6,49.67,75504778.17,152939361.2,49.37
552,FINEORG,Fine Organic Industries Limited,Specialty Chemicals,Commodities,Chemicals,Chemicals & Petrochemicals,Specialty Chemicals,5075.05,15560.09,3887.751007,0.06,1.88,35.92,7660517.644,30659973.79,24.99
553,FINOPB,Fino Payments Bank Limited,Other Bank,Financial Services,Financial Services,Banks,Other Bank,392,3262,815.0663135,0.13,3.07,58.65,20792508,83214285.71,24.99
554,FINPIPE,Finolex Industries Limited,Plastic Products - Industrial,Industrials,Capital Goods,Industrial Products,Plastic Products - Industrial,290,17993.83,8212.402118,0.06,2.37,45.28,283186279.9,620476896.6,45.64
555,FIRSTCRY,Brainbees Solutions Limited,E-Retail/ E-Commerce,Consumer Discretionary,Consumer Services,Retailing,E-Retail/ E-Commerce,626.95,32550.25,3906.030177,0.07,1,19.1,62302100.28,519184145.5,12.00
556,FIVESTAR,Five-Star Business Finance Limited,Non Banking Financial Company (NBFC),Financial Services,Financial Services,Finance,Non Banking Financial Company (NBFC),791,23134.88,9790.866829,0.07,2.09,39.93,123778341.7,292476359,42.32
557,FLAIR,Flair Writing Industries Limited,Stationary,Fast Moving Consumer Goods,Fast Moving Consumer Goods,Household Products,Stationary,284.35,2996.92,641.658034,0.14,1.8,34.39,22565782.8,105395463.3,21.41
558,FLEXITUFF,Flexituff Ventures International Limited,Other Textile Products,Consumer Discretionary,Textiles,Textiles & Apparels,Other Textile Products,76.54,235.01,127.7866375,3.16,3.6,68.78,16695406,30704206.95,54.37
559,FLFL,Future Lifestyle Fashions Limited,Diversified Retail,Consumer Discretionary,Consumer Services,Retailing,Diversified Retail,2.63,53.07,26.53339593,5,2.98,56.93,100887437,201787072.2,50.00
560,FLUOROCHEM,Gujarat Fluorochemicals Limited,Specialty Chemicals,Commodities,Chemicals,Chemicals & Petrochemicals,Specialty Chemicals,3965.15,43557.17,16151.261,0.07,2.38,45.47,40733039.1,109849993.1,37.08
561,FMGOETZE,Federal-Mogul Goetze (India) Limited.,Auto Components & Equipments,Consumer Discretionary,Automobile and Auto Components,Auto Components,Auto Components & Equipments,391,2175.22,544.1412293,0.11,1.95,37.25,13916655.48,55632225.06,25.02
562,FMNL,Future Market Networks Limited,Diversified Commercial Services,Services,Services,Commercial Services & Supplies,Diversified Commercial Services,10.28,59.16,1,3.02,,,972762.6459,57548638.13,1.69
563,FOCUS,Focus Lighting and Fixtures Limited,Consumer Electronics,Consumer Discretionary,Consumer Durables,Consumer Durables,Consumer Electronics,129,867.56,1,0.76,,,77519.37984,67252713.18,0.12
564,FOODSIN,Foods & Inns Limited,Packaged Foods,Fast Moving Consumer Goods,Fast Moving Consumer Goods,Food Products,Packaged Foods,124.45,909.96,435.358607,0.15,2.87,54.83,34982612.05,73118521.49,47.84
565,FORCEMOT,FORCE MOTORS LTD,Passenger Cars & Utility Vehicles,Consumer Discretionary,Automobile and Auto Components,Automobiles,Passenger Cars & Utility Vehicles,6930,9031.81,3329.928777,0.06,3.36,64.19,4805092.03,13032914.86,36.87
566,FORTIS,Fortis Healthcare Limited,Hospital,Healthcare,Healthcare,Healthcare Services,Hospital,580.95,43859.29,30189.88687,0.05,1.83,34.96,519664116.8,754958085.9,68.83
567,FOSECOIND,Foseco India Limited,Specialty Chemicals,Commodities,Chemicals,Chemicals & Petrochemicals,Specialty Chemicals,4374,2793.44,364.0239709,0.17,2.39,45.66,832245.0181,6386465.478,13.03
568,FSL,Firstsource Solutions Limited,Business Process Outsourcing (BPO)/ Knowledge Process Outsourcing (KPO),Services,Services,Commercial Services & Supplies,Business Process Outsourcing (BPO)/ Knowledge Process Outsourcing (KPO),298.4,20798.21,9356.19787,0.06,2.54,48.53,313545505,696990951.7,44.99
569,FUSION,Fusion Finance Limited,Microfinance Institutions,Financial Services,Financial Services,Finance,Microfinance Institutions,229.4,2317.49,971.5117943,0.14,2.73,52.16,42350121.81,101023975.6,41.92
570,GABRIEL,Gabriel India Limited,Auto Components & Equipments,Consumer Discretionary,Automobile and Auto Components,Auto Components,Auto Components & Equipments,464,6665.08,2937.973407,0.07,2.59,49.48,63318392.4,143643965.5,44.08
571,GAEL,Gujarat Ambuja Exports Limited,Other Agricultural Products,Fast Moving Consumer Goods,Fast Moving Consumer Goods,Agricultural Food & other Products,Other Agricultural Products,121.7,5582.02,1692.753733,0.09,2.48,47.38,139092336.3,458670501.2,30.33
572,GAIL,GAIL (India) Limited,Gas Transmission/Marketing,Energy,Oil Gas & Consumable Fuels,Gas,Gas Transmission/Marketing,224.4,147545.24,60520.54753,0.04,2.37,45.28,2696994097,6575099822,41.02
573,GALAXYSURF,Galaxy Surfactants Limited,Specialty Chemicals,Commodities,Chemicals,Chemicals & Petrochemicals,Specialty Chemicals,2821,10001.79,2875.803394,0.1,1.87,35.73,10194269.39,35454767.81,28.75
574,GALLANTT,Gallantt Ispat Limited,Iron & Steel Products,Industrials,Capital Goods,Industrial Products,Iron & Steel Products,345.9,8345.91,1120.930542,0.96,3.05,58.27,32406202.44,241281006.1,13.43
575,GANDHAR,Gandhar Oil Refinery (India) Limited,Lubricants,Energy,Oil Gas & Consumable Fuels,Petroleum Products,Lubricants,212.5,2079.73,735.6704471,0.08,1.77,33.82,34619785.75,97869647.06,35.37
576,GANDHITUBE,Gandhi Special Tubes Limited,Iron & Steel Products,Industrials,Capital Goods,Industrial Products,Iron & Steel Products,780,1007.65,247.1296877,0.29,2.26,43.18,3168329.33,12918589.74,24.53
577,GANECOS,Ganesha Ecosphere Limited,Other Textile Products,Consumer Discretionary,Textiles,Textiles & Apparels,Other Textile Products,1839.85,4663.46,2836.46389,0.1,2.24,42.8,15416821.43,25346957.63,60.82
578,GANESHBE,Ganesh Benzoplast Limited,Oil Storage & Transportation,Energy,Oil Gas & Consumable Fuels,Oil,Oil Storage & Transportation,144.96,1043.56,463.8106841,0.15,2.55,48.72,31995770.15,71989514.35,44.45
579,GANESHHOUC,Ganesh Housing Corporation Limited,Residential Commercial Projects,Consumer Discretionary,Realty,Realty,Residential Commercial Projects,781.1,6513.37,1739.101182,0.31,3.19,60.94,22264769.97,83387146.33,26.70
580,GANGAFORGE,Ganga Forging Limited,Castings & Forgings,Industrials,Capital Goods,Industrial Products,Castings & Forgings,7.29,98.27,41.1221149,2.34,3.06,58.46,56408936.76,134801097.4,41.85
581,GANGESSECU,Ganges Securities Limited,Tea & Coffee,Fast Moving Consumer Goods,Fast Moving Consumer Goods,Agricultural Food & other Products,Tea & Coffee,157.95,158.01,50.89397884,0.63,3.27,62.47,3222157.572,10003798.67,32.21
582,GARFIBRES,Garware Technical Fibres Limited,Other Textile Products,Consumer Discretionary,Textiles,Textiles & Apparels,Other Textile Products,3815,7573.98,3416.995296,0.11,1.97,37.64,8956737.341,19853158.58,45.11
583,GATECH,GACM Technologies Limited,Other Financial Services,Financial Services,Financial Services,Finance,Other Financial Services,0.82,55.81,51.193004,0.89,4.51,86.16,624304926.8,680609756.1,91.73
584,GATECHDVR,GACM Technologies Limited,Other Financial Services,Financial Services,Financial Services,Finance,Other Financial Services,1.01,11.94,11.92052991,3.64,3.27,62.47,118025048.6,118217821.8,99.84
585,GATEWAY,Gateway Distriparks Limited,Logistics Solution Provider,Services,Services,Transport Services,Logistics Solution Provider,89.19,4456.32,3015.192958,0.1,1.94,37.06,338064015.9,499643457.8,67.66
586,GEECEE,GeeCee Ventures Limited,Residential Commercial Projects,Consumer Discretionary,Realty,Realty,Residential Commercial Projects,385,805.1,259.571991,0.34,3.02,57.7,6742129.635,20911688.31,32.24
587,GEEKAYWIRE,Geekay Wires Limited,Other Electrical Equipment,Industrials,Capital Goods,Electrical Equipment,Other Electrical Equipment,104.5,546.12,222.447107,0.61,3.45,65.91,21286804.5,52260287.08,40.73
588,GENCON,Generic Engineering Construction and Projects Limited,Residential Commercial Projects,Consumer Discretionary,Realty,Realty,Residential Commercial Projects,41.8,221.69,116.9779034,0.93,3.27,62.47,27985144.35,53035885.17,52.77
589,GENESYS,Genesys International Corporation Limited,IT Enabled Services,Information Technology,Information Technology,IT - Services,IT Enabled Services,720,2853.66,1652.645712,0.11,3.51,67.06,22953412.67,39634166.67,57.91
590,GENSOL,Gensol Engineering Limited,Other Electrical Equipment,Industrials,Capital Goods,Electrical Equipment,Other Electrical Equipment,793.95,3006.92,1113.789733,0.75,2.57,49.1,14028461.9,37872913.91,37.04
591,GENUSPAPER,Genus Paper & Boards Limited,Paper & Paper Products,Commodities,Forest Materials,Paper Forest & Jute Products,Paper & Paper Products,23.25,597.82,185.2499897,0.2,3.34,63.81,79677414.91,257126881.7,30.99
592,GENUSPOWER,Genus Power Infrastructures Limited,Other Electrical Equipment,Industrials,Capital Goods,Electrical Equipment,Other Electrical Equipment,362.45,11009.58,3593.109354,0.75,2.98,56.93,99133931.68,303754448.9,32.64
593,GEOJITFSL,Geojit Financial Services Limited,Stockbroking & Allied,Financial Services,Financial Services,Capital Markets,Stockbroking & Allied,133.85,3734.44,1511.518477,0.1,3.46,66.1,112926296.4,279001867.8,40.48
594,GEPIL,GE Power India Limited,Heavy Electrical Equipment,Industrials,Capital Goods,Electrical Equipment,Heavy Electrical Equipment,362.1,2434.31,758.1599609,0.4,1.43,27.32,20937861.39,67227561.45,31.14
595,GESHIP,The Great Eastern Shipping Company Limited,Shipping,Services,Services,Transport Services,Shipping,1202.05,17161.33,11888.26874,0.05,2.33,44.51,98899952.04,142767189.4,69.27
596,GET&D,GE T&D India Limited,Heavy Electrical Equipment,Industrials,Capital Goods,Electrical Equipment,Heavy Electrical Equipment,1650.3,42255.36,10277.94015,0.88,3,57.31,62279222.89,256046537,24.32
597,GFLLIMITED,GFL Limited,Holding Company,Financial Services,Financial Services,Finance,Holding Company,81.08,890.66,274.0011394,0.26,2.78,53.11,33793924.45,109849531.3,30.76
598,GHCL,GHCL Limited,Commodity Chemicals,Commodities,Chemicals,Chemicals & Petrochemicals,Commodity Chemicals,638.9,6117.77,4833.609842,0.06,2.24,42.8,75655186.14,95754734.7,79.01
599,GHCLTEXTIL,GHCL Textiles Limited,Other Textile Products,Consumer Discretionary,Textiles,Textiles & Apparels,Other Textile Products,94.47,903,711.6805391,0.16,2.47,47.19,75334025.52,95585900.29,78.81
600,GICHSGFIN,GIC Housing Finance Limited,Housing Finance Company,Financial Services,Financial Services,Finance,Housing Finance Company,217.7,1172.34,670.940593,0.09,2.76,52.73,30819503.58,53851171.34,57.23
601,GICRE,General Insurance Corporation of India,General Insurance,Financial Services,Financial Services,Insurance,General Insurance,362.5,63597,11178.2539,0.04,3.07,58.65,308365624.8,1754400000,17.58
602,GILLANDERS,Gillanders Arbuthnot & Company Limited,Tea & Coffee,Fast Moving Consumer Goods,Fast Moving Consumer Goods,Agricultural Food & other Products,Tea & Coffee,91.32,194.9,56.69143388,1.99,3.03,57.89,6207997.577,21342531.76,29.09
603,GILLETTE,Gillette India Limited,Personal Care,Fast Moving Consumer Goods,Fast Moving Consumer Goods,Personal Products,Personal Care,8689,28313.3,7051.341193,0.05,1.58,30.19,8115250.538,32585222.7,24.90
604,GINNIFILA,Ginni Filaments Limited,Other Textile Products,Consumer Discretionary,Textiles,Textiles & Apparels,Other Textile Products,28.71,245.9,73.13425423,0.77,3.05,58.27,25473442.78,85649599.44,29.74
605,GIPCL,Gujarat Industries Power Company Limited,Power Generation,Utilities,Power,Power,Power Generation,215.97,3266.57,1193.670706,0.09,3.08,58.84,55270209.12,151251099.7,36.54
606,GKWLIMITED,GKW Limited,Investment Company,Financial Services,Financial Services,Finance,Investment Company,2860,1706.42,426.3760899,1.64,3.49,66.68,1490825.489,5966503.497,24.99
607,GLAND,Gland Pharma Limited,Pharmaceuticals,Healthcare,Healthcare,Pharmaceuticals & Biotechnology,Pharmaceuticals,1712.7,28217.03,13591.60607,0.05,2.24,42.8,79357774.69,164751737,48.17
608,GLAXO,GlaxoSmithKline Pharmaceuticals Limited,Pharmaceuticals,Healthcare,Healthcare,Pharmaceuticals & Biotechnology,Pharmaceuticals,2595,43960.87,10734.40818,0.05,1.97,37.64,41365734.79,169406050.1,24.42
609,GLENMARK,Glenmark Pharmaceuticals Limited,Pharmaceuticals,Healthcare,Healthcare,Pharmaceuticals & Biotechnology,Pharmaceuticals,1677,47322.95,25202.64352,0.04,1.94,37.06,150284099.7,282188133.6,53.26
610,GLFL,Gujarat Lease Financing Limited,Other Financial Services,Financial Services,Financial Services,Finance,Other Financial Services,7.45,20.21,10.98019311,5.11,4.16,79.48,14738514.24,27127516.78,54.33
611,GLOBAL,Global Education Limited,Education,Consumer Discretionary,Consumer Services,Other Consumer Services,Education,176,358.35,104.1469774,1.68,3.32,63.43,5917441.899,20360795.45,29.06
612,GLOBALVECT,Global Vectra Helicorp Limited,Airline,Services,Services,Transport Services,Airline,1,437.36,1,0.71,,,10000000,4373600000,0.23
613,GLOBE,Globe Textiles (India) Limited,Other Textile Products,Consumer Discretionary,Textiles,Textiles & Apparels,Other Textile Products,4.83,145.03,83.96662094,2.92,3.43,65.53,173843935.7,300269151.1,57.90
614,GLOBUSSPR,Globus Spirits Limited,Breweries & Distilleries,Fast Moving Consumer Goods,Fast Moving Consumer Goods,Beverages,Breweries & Distilleries,1107,3195.85,1568.16432,0.09,2.99,57.12,14165892.68,28869467.03,49.07
615,GLOSTERLTD,Gloster Limited,Jute & Jute Products,Commodities,Forest Materials,Paper Forest & Jute Products,Jute & Jute Products,724,792.29,214.1359345,0.47,1.01,19.3,2957678.653,10943232.04,27.03
616,GLS,Glenmark Life Sciences Limited,Pharmaceuticals,Healthcare,Healthcare,Pharmaceuticals & Biotechnology,Pharmaceuticals,1132.45,13875.76,3467.871432,0.1,2.21,42.22,30622733.29,122528676.8,24.99
617,GMBREW,GM Breweries Limited,Breweries & Distilleries,Fast Moving Consumer Goods,Fast Moving Consumer Goods,Beverages,Breweries & Distilleries,815.8,1863.85,457.3837039,0.1,2.75,52.54,5606566.609,22846898.75,24.54
618,GMDCLTD,Gujarat Mineral Development Corporation Limited,Industrial Minerals,Commodities,Metals & Mining,Minerals & Mining,Industrial Minerals,312,9921.6,2573.990453,0.06,3.19,60.94,82499694,318000000,25.94
619,GMMPFAUDLR,GMM Pfaudler Limited,Industrial Products,Industrials,Capital Goods,Industrial Manufacturing,Industrial Products,1375,6181.62,4600.626148,0.06,1.82,34.77,33459099.26,44957236.36,74.42
620,GMRINFRA,GMR Airports Infrastructure Limited,Airport & Airport services,Services,Services,Transport Infrastructure,Airport & Airport services,85.5,90279.24,30581.55236,0.04,2.56,48.91,3576789750,10558975439,33.87
621,GMRP&UI,GMR Power and Urban Infra Limited,Power Generation,Utilities,Power,Power,Power Generation,138.9,9929.07,4903.34448,1.57,3.53,67.44,353012561.5,714835853.1,49.38
622,GNA,GNA Axles Limited,Auto Components & Equipments,Consumer Discretionary,Automobile and Auto Components,Auto Components,Auto Components & Equipments,420.8,1806.53,575.1389202,0.12,2.18,41.65,13667750,42930846.01,31.84
623,GNFC,Gujarat Narmada Valley Fertilizers and Chemicals Limited,Commodity Chemicals,Commodities,Chemicals,Chemicals & Petrochemicals,Commodity Chemicals,633.2,9304.28,5275.622098,0.04,2.19,41.84,83316836.67,146940619.1,56.70
624,GOACARBON,Goa Carbon Limited,Industrial Minerals,Commodities,Metals & Mining,Minerals & Mining,Industrial Minerals,743,679.92,262.0070312,0.12,3.02,57.7,3526339.586,9151009.421,38.53
625,GOCLCORP,GOCL Corporation Limited,Explosives,Commodities,Chemicals,Chemicals & Petrochemicals,Explosives,402.5,1995.29,527.890605,0.15,2.96,56.55,13115294.53,49572422.36,26.46
626,GOCOLORS,Go Fashion (India) Limited,Speciality Retail,Consumer Discretionary,Consumer Services,Retailing,Speciality Retail,1305,7048.17,3327.780508,0.12,1.79,34.2,25500233.78,54008965.52,47.21
627,GODFRYPHLP,Godfrey Phillips India Limited,Cigarettes & Tobacco Products,Fast Moving Consumer Goods,Fast Moving Consumer Goods,Cigarettes & Tobacco Products,Cigarettes & Tobacco Products,6385,33198.12,8669.024532,0.05,3.51,67.06,13577172.33,51993923.26,26.11
628,GODHA,Godha Cabcon & Insulation Limited,Cables - Electricals,Industrials,Capital Goods,Industrial Products,Cables - Electricals,0.86,57.3,31.64648128,2.89,4.37,83.49,367982340.5,666279069.8,55.23
629,GODIGIT,Go Digit General Insurance Limited,General Insurance,Financial Services,Financial Services,Insurance,General Insurance,381,35089.39,6855.204557,0.08,1.57,29.99,179926628.8,920981364.8,19.54
630,GODREJAGRO,Godrej Agrovet Limited,Animal Feed,Fast Moving Consumer Goods,Fast Moving Consumer Goods,Food Products,Animal Feed,725,13938.9,2330.570121,0.07,2.01,38.4,32145794.77,192260689.7,16.72
631,GODREJCP,Godrej Consumer Products Limited,Personal Care,Fast Moving Consumer Goods,Fast Moving Consumer Goods,Personal Products,Personal Care,1326,135639.74,49833.49613,0.03,1.61,30.76,375818221.2,1022924133,36.74
632,GODREJIND,Godrej Industries Limited,Diversified,Diversified,Diversified,Diversified,Diversified,1082.7,36460.15,7083.696446,0.07,2.22,42.41,65426216.36,336752101.2,19.43
633,GODREJPROP,Godrej Properties Limited,Residential Commercial Projects,Consumer Discretionary,Realty,Realty,Residential Commercial Projects,2850,79247.7,32883.43767,0.05,2.45,46.81,115380483.1,278062105.3,41.49
634,GOKEX,Gokaldas Exports Limited,Garments & Apparels,Consumer Discretionary,Textiles,Textiles & Apparels,Garments & Apparels,909.9,6497.43,5518.6014,0.09,2.86,54.64,60650636.33,71408176.72,84.94
635,GOKUL,Gokul Refoils and Solvent Limited,Edible Oil,Fast Moving Consumer Goods,Fast Moving Consumer Goods,Agricultural Food & other Products,Edible Oil,48.5,480.13,121.8357501,1.7,3.14,59.99,25120773.21,98995876.29,25.38
636,GOKULAGRO,Gokul Agro Resources Limited,Edible Oil,Fast Moving Consumer Goods,Fast Moving Consumer Goods,Agricultural Food & other Products,Edible Oil,250.6,3697.44,973.2059722,0.12,3.1,59.23,38835034.8,147543495.6,26.32
637,GOLDENTOBC,Golden Tobacco Limited,Residential Commercial Projects,Consumer Discretionary,Realty,Realty,Residential Commercial Projects,40.49,71.3,49.90862751,5,2.53,48.34,12326161.4,17609286.24,70.00
638,GOLDIAM,Goldiam International Limited,Gems Jewellery And Watches,Consumer Discretionary,Consumer Durables,Consumer Durables,Gems Jewellery And Watches,309.05,3300.5,1141.868507,0.14,3.5,66.87,36947694.77,106795017,34.60
639,GOLDTECH,AION-TECH SOLUTIONS LIMITED,Computers - Software & Consulting,Information Technology,Information Technology,IT - Software,Computers - Software & Consulting,90.26,312.14,142.3607113,0.78,3.73,71.26,15772292.41,34582317.75,45.61
640,GOODLUCK,Goodluck India Limited,Iron & Steel Products,Industrials,Capital Goods,Industrial Products,Iron & Steel Products,1058,3463.73,1491.352347,0.09,2.78,53.11,14095957.91,32738468.81,43.06
641,GOPAL,Gopal Snacks Limited,Packaged Foods,Fast Moving Consumer Goods,Fast Moving Consumer Goods,Food Products,Packaged Foods,383.7,4781.07,763.924094,0.11,1.65,31.52,19909410.84,124604378.4,15.98
642,GOYALALUM,Goyal Aluminiums Limited,Trading & Distributors,Services,Services,Commercial Services & Supplies,Trading & Distributors,9.49,135.45,40.67164671,2.65,2.42,46.23,42857372.72,142729188.6,30.03
643,GPIL,Godawari Power And Ispat limited,Iron & Steel Products,Industrials,Capital Goods,Industrial Products,Iron & Steel Products,192.95,12907.87,4735.575345,0.06,2.58,49.29,245430181.1,668974864,36.69
644,GPPL,Gujarat Pipavav Port Limited,Port & Port services,Services,Services,Transport Infrastructure,Port & Port services,205.45,9932.27,5558.646218,0.06,2.51,47.95,270559562.8,483439766.4,55.97
645,GPTHEALTH,GPT Healthcare Limited,Hospital,Healthcare,Healthcare,Healthcare Services,Hospital,170.65,1400.27,481.8019717,0.12,2.12,40.5,28233341.44,82055083.5,34.41
646,GPTINFRA,GPT Infraprojects Limited,Civil Construction,Industrials,Construction,Construction,Civil Construction,137.75,1740.67,1,0.94,3.22,61.52,72595.28131,126364428.3,0.06
647,GRANULES,Granules India Limited,Pharmaceuticals,Healthcare,Healthcare,Pharmaceuticals & Biotechnology,Pharmaceuticals,552.55,13392.08,7978.896155,0.05,2.45,46.81,144401342,242368654.4,59.58
648,GRAPHITE,Graphite India Limited,Electrodes & Refractories,Industrials,Capital Goods,Industrial Products,Electrodes & Refractories,536.85,10488.74,3572.506378,0.04,2.46,47,66545708.82,195375617,34.06
649,GRASIM,Grasim Industries Limited,Cement & Cement Products,Commodities,Construction Materials,Cement & Cement Products,Cement & Cement Products,2713.05,178648.71,100802.3539,0.02,1.45,27.7,371546244.8,658479239.2,56.42
650,GRAVITA,Gravita India Limited,Industrial Minerals,Commodities,Metals & Mining,Minerals & Mining,Industrial Minerals,2270,15671.61,5507.801768,0.09,3.61,68.97,24263443.91,69037929.52,35.15
651,GREAVESCOT,Greaves Cotton Limited,Compressors Pumps & Diesel Engines,Industrials,Capital Goods,Industrial Products,Compressors Pumps & Diesel Engines,161.63,3757.6,1620.389794,0.06,2.5,47.76,100253034.3,232481593.8,43.12
652,GREENLAM,Greenlam Industries Limited,Plywood Boards/ Laminates,Consumer Discretionary,Consumer Durables,Consumer Durables,Plywood Boards/ Laminates,501,6391.45,3130.58331,0.18,2.55,48.72,62486692.81,127573852.3,48.98
653,GREENPANEL,Greenpanel Industries Limited,Plywood Boards/ Laminates,Consumer Discretionary,Consumer Durables,Consumer Durables,Plywood Boards/ Laminates,390.15,4784.31,2239.142175,0.09,2.05,39.17,57391828.15,122627451,46.80
654,GREENPLY,Greenply Industries Limited,Plywood Boards/ Laminates,Consumer Discretionary,Consumer Durables,Consumer Durables,Plywood Boards/ Laminates,349.95,4330.52,2064.290831,0.1,2.62,50.06,58988164.9,123746821,47.67
655,GREENPOWER,Orient Green Power Company Limited,Power Generation,Utilities,Power,Power,Power Generation,18.94,2221.71,1566.853132,0.74,3.22,61.52,827271980.8,1173025343,70.52
656,GRINDWELL,Grindwell Norton Limited,Abrasives & Bearings,Industrials,Capital Goods,Industrial Products,Abrasives & Bearings,2405,26628.16,11125.83107,0.09,1.76,33.62,46261251.84,110720000,41.78
657,GRINFRA,G R Infraprojects Limited,Civil Construction,Industrials,Construction,Construction,Civil Construction,1600,15475.43,3909.124791,0.09,2.1,40.12,24432029.94,96721437.5,25.26
658,GRMOVER,GRM Overseas Limited,Other Agricultural Products,Fast Moving Consumer Goods,Fast Moving Consumer Goods,Agricultural Food & other Products,Other Agricultural Products,212.75,1276.5,297.340251,0.19,3.34,63.81,13976040,60000000,23.29
659,GROBTEA,The Grob Tea Company Limited,Tea & Coffee,Fast Moving Consumer Goods,Fast Moving Consumer Goods,Agricultural Food & other Products,Tea & Coffee,1310.65,152.34,28.85821891,1.01,3.11,59.42,220182.4966,1162324.038,18.94
660,GRPLTD,GRP Limited,Rubber,Industrials,Capital Goods,Industrial Products,Rubber,3072.6,1638.72,1,2.22,3.8,72.6,3254.572675,5333333.333,0.06
661,GRSE,Garden Reach Shipbuilders & Engineers Limited,Aerospace & Defense,Industrials,Capital Goods,Aerospace & Defense,Aerospace & Defense,1543,17675.37,4507.220268,0.25,3.78,72.22,29210760,114551976.7,25.50
662,GRWRHITECH,Garware Hi-Tech Films Limited,Plastic Products - Industrial,Industrials,Capital Goods,Industrial Products,Plastic Products - Industrial,3510,8154.57,3083.324574,0.11,3.55,67.82,8784400.495,23232393.16,37.81
663,GSFC,Gujarat State Fertilizers & Chemicals Limited,Fertilizers,Commodities,Chemicals,Fertilizers & Agrochemicals,Fertilizers,207,8248.48,4607.116988,0.04,2.82,53.88,222566038.1,398477294.7,55.85
664,GSLSU,Global Surfaces Limited,Granites & Marbles,Consumer Discretionary,Consumer Durables,Consumer Durables,Granites & Marbles,188,796.78,212.235413,0.34,3.13,59.8,11289117.72,42381914.89,26.64
665,GSPL,Gujarat State Petronet Limited,Gas Transmission/Marketing,Energy,Oil Gas & Consumable Fuels,Gas,Gas Transmission/Marketing,410.9,23183.45,11798.77407,0.08,2.34,44.71,287144659.8,564211487,50.89
666,GSS,GSS Infotech Limited,IT Enabled Services,Information Technology,Information Technology,IT - Services,IT Enabled Services,73.76,192.93,165.6349946,1.01,2.72,51.97,22455937.44,26156453.36,85.85
667,GTECJAINX,G-TEC JAINX EDUCATION LIMITED,E-Learning,Consumer Discretionary,Consumer Services,Other Consumer Services,E-Learning,59,60.12,23.29109813,4.86,4.03,76.99,3947643.751,10189830.51,38.74
668,GTL,GTL Limited,Other Telecom Services,Telecommunication,Telecommunication,Telecom - Services,Other Telecom Services,11.52,181.21,154.9449903,0.65,3.54,67.63,134500859.6,157300347.2,85.51
669,GTLINFRA,GTL Infrastructure Limited,Telecom - Infrastructure,Telecommunication,Telecommunication,Telecom - Services,Telecom - Infrastructure,2.19,2804.74,2710.986429,2.58,4.02,76.8,12378933465,12807031963,96.66
670,GTPL,GTPL Hathway Limited,TV Broadcasting & Software Production,Consumer Discretionary,Media Entertainment & Publication,Entertainment,TV Broadcasting & Software Production,165.15,1857.33,449.6124511,0.23,2.46,47,27224489.92,112463215.3,24.21
671,GUFICBIO,Gufic Biosciences Limited,Pharmaceuticals,Healthcare,Healthcare,Pharmaceuticals & Biotechnology,Pharmaceuticals,373.2,3742.36,1001.042947,0.15,2.54,48.53,26823230.08,100277599.1,26.75
672,GUJALKALI,Gujarat Alkalies and Chemicals Limited,Commodity Chemicals,Commodities,Chemicals,Chemicals & Petrochemicals,Commodity Chemicals,786,5772.8,1355.406323,0.1,2.25,42.99,17244355.26,73445292.62,23.48
673,GUJAPOLLO,Gujarat Apollo Industries Limited,Industrial Products,Industrials,Capital Goods,Industrial Manufacturing,Industrial Products,324.7,383.15,171.5930855,0.62,3,57.31,5284665.4,11800123.19,44.78
674,GUJGASLTD,Gujarat Gas Limited,LPG/CNG/PNG/LNG Supplier,Energy,Oil Gas & Consumable Fuels,Gas,LPG/CNG/PNG/LNG Supplier,596,41028.05,10250.94071,0.04,1.91,36.49,171995649.5,688390100.7,24.99
675,GUJRAFFIA,Gujarat Raffia Industries Limited,Packaging,Industrials,Capital Goods,Industrial Products,Packaging,44.62,24.11,14.57623861,2.49,2.83,54.07,3266750.025,5403406.544,60.46
676,GULFOILLUB,Gulf Oil Lubricants India Limited,Lubricants,Energy,Oil Gas & Consumable Fuels,Petroleum Products,Lubricants,1259,6199.42,1703.388969,0.08,2.71,51.77,13529697.93,49240826.05,27.48
677,GULFPETRO,GP Petroleums Limited,Lubricants,Energy,Oil Gas & Consumable Fuels,Petroleum Products,Lubricants,76.75,391.31,181.0091488,0.22,3.44,65.72,23584253.92,50985016.29,46.26
678,GULPOLY,Gulshan Polyols Limited,Other Agricultural Products,Fast Moving Consumer Goods,Fast Moving Consumer Goods,Agricultural Food & other Products,Other Agricultural Products,206.1,1285.46,403.3239533,0.14,2.79,53.3,19569333.01,62370693.84,31.38
679,GVKPIL,GVK Power & Infrastructure Limited,Civil Construction,Industrials,Construction,Construction,Civil Construction,6.08,960.16,439.2635633,0.88,3.58,68.4,722472965.9,1579210526,45.75
680,GVPTECH,GVP Infotech Limited,Computers - Software & Consulting,Information Technology,Information Technology,IT - Software,Computers - Software & Consulting,12.08,196.74,21.68806818,1.56,2.24,42.8,17953698.82,162864238.4,11.02
681,HAL,Hindustan Aeronautics Limited,Aerospace & Defense,Industrials,Capital Goods,Aerospace & Defense,Aerospace & Defense,4163,278411.03,78960.15293,0.04,2.45,46.81,189671277.8,668774994,28.36
682,HAPPSTMNDS,Happiest Minds Technologies Limited,Computers - Software & Consulting,Information Technology,Information Technology,IT - Software,Computers - Software & Consulting,796,12121.07,6423.127314,0.04,1.67,31.91,80692554.2,152274748.7,52.99
683,HAPPYFORGE,Happy Forgings Limited,Castings & Forgings,Industrials,Capital Goods,Industrial Products,Castings & Forgings,1135,10692.25,1381.503384,0.12,1.38,26.36,12171835.98,94204845.81,12.92
684,HARDWYN,Hardwyn India Limited,Furniture Home Furnishing,Consumer Discretionary,Consumer Durables,Consumer Durables,Furniture Home Furnishing,34.88,1216.9,684.2949148,0.24,3.48,66.49,196185468.7,348881880.7,56.23
685,HARIOMPIPE,Hariom Pipe Industries Limited,Iron & Steel Products,Industrials,Capital Goods,Industrial Products,Iron & Steel Products,693,2145.46,744.7540452,0.11,2.81,53.68,10746811.62,30959018.76,34.71
686,HARRMALAYA,Harrisons  Malayalam Limited,Rubber,Industrials,Capital Goods,Industrial Products,Rubber,244.9,451.97,196.0111416,0.34,3.19,60.94,8003721.585,18455287.87,43.37
687,HARSHA,Harsha Engineers International Limited,Other Industrial Products,Industrials,Capital Goods,Industrial Products,Other Industrial Products,479.8,4368.3,1109.127868,0.12,2.32,44.32,23116462.44,91044185.08,25.39
688,HATHWAY,Hathway Cable & Datacom Limited,TV Broadcasting & Software Production,Consumer Discretionary,Media Entertainment & Publication,Entertainment,TV Broadcasting & Software Production,19.1,3380.9,845.2248988,0.1,2.5,47.76,442526125,1770104712,25.00
689,HATSUN,Hatsun Agro Product Limited,Dairy Products,Fast Moving Consumer Goods,Fast Moving Consumer Goods,Food Products,Dairy Products,1119.95,24946.69,5702.739014,0.12,2.04,38.97,50919585.82,222748247.7,22.86
690,HAVELLS,Havells India Limited,Consumer Electronics,Consumer Discretionary,Consumer Durables,Consumer Durables,Consumer Electronics,1918.5,120274.42,48445.33507,0.03,1.51,28.85,252516732.2,626919051.3,40.28
691,HAVISHA,Sri Havisha Hospitality and Infrastructure Limited,Hotels & Resorts,Consumer Discretionary,Consumer Services,Leisure Services,Hotels & Resorts,2.12,32.55,17.23175273,3.5,3.32,63.43,81281852.52,153537735.8,52.94
692,HBLPOWER,HBL Power Systems Limited,Auto Components & Equipments,Consumer Discretionary,Automobile and Auto Components,Auto Components,Auto Components & Equipments,589.5,16340.64,6624.234844,0.06,3.28,62.66,112370396,277194910.9,40.54
693,HBSL,HB Stockholdings Limited,Non Banking Financial Company (NBFC),Financial Services,Financial Services,Finance,Non Banking Financial Company (NBFC),132.8,94.79,35.8554343,1.35,3.31,63.24,2699957.402,7137801.205,37.83
694,HCC,Hindustan Construction Company Limited,Civil Construction,Industrials,Construction,Construction,Civil Construction,37.79,6348.27,5155.569309,0.11,3.85,73.55,1364268142,1679880921,81.21
695,HCG,Healthcare Global Enterprises Limited,Hospital,Healthcare,Healthcare,Healthcare Services,Hospital,437,6091.2,1743.380692,0.11,1.78,34.01,39894295.01,139386727.7,28.62
696,HCL-INSYS,HCL Infosystems Limited,Computers Hardware & Equipments,Information Technology,Information Technology,IT - Hardware,Computers Hardware & Equipments,18.62,612.99,225.8189757,0.8,2.98,56.93,121277645.4,329210526.3,36.84
697,HCLTECH,HCL Technologies Limited,Computers - Software & Consulting,Information Technology,Information Technology,IT - Software,Computers - Software & Consulting,1773.65,481309.21,187066.6001,0.02,1.42,27.13,1054698504,2713665097,38.87
698,HDFCAMC,HDFC Asset Management Company Limited,Asset Management Company,Financial Services,Financial Services,Capital Markets,Asset Management Company,4110.05,87797.37,41480.92173,0.03,1.98,37.83,100925589.1,213616306.4,47.25
699,HDFCBANK,HDFC Bank Limited,Private Sector Bank,Financial Services,Financial Services,Banks,Private Sector Bank,1623.05,1238513.47,1229793.1,0.01,1.34,25.6,7577049999,7630778288,99.30
700,HDFCLIFE,HDFC Life Insurance Company Limited,Life Insurance,Financial Services,Financial Services,Insurance,Life Insurance,703,151301.15,74919.33696,0.02,1.54,29.42,1065708918,2152221195,49.52
701,HDIL,Housing Development and Infrastructure Limited,Residential Commercial Projects,Consumer Discretionary,Realty,Realty,Residential Commercial Projects,4.28,202.87,117.6667495,5,3.1,59.23,274922311.9,473995327.1,58.00
702,HEADSUP,Heads UP Ventures Limited,Trading - Textile Products,Consumer Discretionary,Textiles,Textiles & Apparels,Trading - Textile Products,13.32,29.41,25.37666472,1.42,3.3,63.05,19051550.09,22079579.58,86.29
703,HECPROJECT,HEC Infra Projects Limited,Civil Construction,Industrials,Construction,Construction,Civil Construction,98.5,99.86,26.75911978,2.59,3.48,66.49,2716661.906,10138071.07,26.80
704,HEG,HEG Limited,Electrodes & Refractories,Industrials,Capital Goods,Industrial Products,Electrodes & Refractories,2220.2,8568.97,3734.187595,0.05,2.83,54.07,16819149.6,38595486.89,43.58
705,HEIDELBERG,HeidelbergCement India Limited,Cement & Cement Products,Commodities,Construction Materials,Cement & Cement Products,Cement & Cement Products,227.19,5148.42,1575.978733,0.09,1.63,31.14,69368314.33,226612967.1,30.61
706,HEMIPROP,Hemisphere Properties India Limited,Diversified Commercial Services,Services,Services,Commercial Services & Supplies,Diversified Commercial Services,180.4,5141.4,1584.327551,0.07,2.92,55.79,87823035,285000000,30.82
707,HERANBA,Heranba Industries Limited,Pesticides & Agrochemicals,Commodities,Chemicals,Fertilizers & Agrochemicals,Pesticides & Agrochemicals,455.5,1822.61,456.6995356,0.14,2.7,51.58,10026334.48,40013391.88,25.06
708,HERCULES,Hercules Hoists Limited,Industrial Products,Industrials,Capital Goods,Industrial Manufacturing,Industrial Products,589.6,1886.72,474.6930918,0.17,3.12,59.61,8051104,32000000,25.16
709,HERITGFOOD,Heritage Foods Limited,Dairy Products,Fast Moving Consumer Goods,Fast Moving Consumer Goods,Food Products,Dairy Products,579,5372.89,2472.651598,0.31,2.85,54.45,42705554.36,92796027.63,46.02
710,HEROMOTOCO,Hero MotoCorp Limited,2/3 Wheelers,Consumer Discretionary,Automobile and Auto Components,Automobiles,2/3 Wheelers,5495,109889.07,71126.69269,0.02,1.57,29.99,129438931.2,199980109.2,64.73
711,HESTERBIO,Hester Biosciences Limited,Pharmaceuticals,Healthcare,Healthcare,Pharmaceuticals & Biotechnology,Pharmaceuticals,2241,1906.39,863.6873793,0.23,2.72,51.97,3854026.681,8506871.932,45.30
712,HEUBACHIND,Heubach Colorants India Limited,Dyes And Pigments,Commodities,Chemicals,Chemicals & Petrochemicals,Dyes And Pigments,609.85,1407.64,634.2109416,0.17,3.05,58.27,10399457.93,23081741.41,45.05
713,HEXATRADEX,Hexa Tradex Limited,Investment Company,Financial Services,Financial Services,Finance,Investment Company,275.5,1521.99,119.8218323,0.96,2.82,53.88,4349249.812,55244646.1,7.87
714,HFCL,HFCL Limited,Telecom - Infrastructure,Telecommunication,Telecommunication,Telecom - Services,Telecom - Infrastructure,130.27,18793.7,11653.74705,0.06,3.37,64.38,894584098.6,1442672910,62.01
715,HGINFRA,H.G. Infra Engineering Limited,Civil Construction,Industrials,Construction,Construction,Civil Construction,1461,9521.5,2424.783102,0.07,2.8,53.49,16596735.81,65171115.67,25.47
716,HGS,Hinduja Global Solutions Limited,Business Process Outsourcing (BPO)/ Knowledge Process Outsourcing (KPO),Services,Services,Commercial Services & Supplies,Business Process Outsourcing (BPO)/ Knowledge Process Outsourcing (KPO),766,3563.45,1135.68699,0.12,2.05,39.17,14826200.91,46520234.99,31.87
717,HIKAL,Hikal Limited,Pharmaceuticals,Healthcare,Healthcare,Pharmaceuticals & Biotechnology,Pharmaceuticals,346,4266.21,1269.546099,0.09,2.38,45.47,36692083.79,123300867.1,29.76
718,HIL,HIL Limited,Furniture Home Furnishing,Consumer Discretionary,Consumer Durables,Consumer Durables,Furniture Home Furnishing,2860,2156.7,1183.59969,0.12,1.9,36.3,4138460.453,7540909.091,54.88
719,HILTON,Hilton Metal Forging Limited,Castings & Forgings,Industrials,Capital Goods,Industrial Products,Castings & Forgings,83.75,175.88,126.4303819,0.56,3.3,63.05,15096165,21000597.01,71.88
720,HIMATSEIDE,Himatsingka Seide Limited,Other Textile Products,Consumer Discretionary,Textiles,Textiles & Apparels,Other Textile Products,131.5,1294.71,618.7517624,0.12,2.96,56.55,47053365.96,98457034.22,47.79
721,HINDALCO,Hindalco Industries Limited,Aluminium,Commodities,Metals & Mining,Non - Ferrous Metals,Aluminium,732,164496.25,106364.0974,0.02,1.99,38.02,1453061440,2247216530,64.66
722,HINDCOMPOS,Hindustan Composites Limited,Auto Components & Equipments,Consumer Discretionary,Automobile and Auto Components,Auto Components,Auto Components & Equipments,526,776.85,174.7382892,0.32,2.71,51.77,3322020.708,14769011.41,22.49
723,HINDCON,Hindcon Chemicals Limited,Specialty Chemicals,Commodities,Chemicals,Chemicals & Petrochemicals,Specialty Chemicals,46.55,238.29,74.73944535,2,3.03,57.89,16055734.77,51190118.15,31.36
724,HINDCOPPER,Hindustan Copper Limited,Copper,Commodities,Metals & Mining,Non - Ferrous Metals,Copper,312,30171.15,10211.27467,0.06,3.15,60.18,327284444.4,967024038.5,33.84
725,HINDMOTORS,Hindustan Motors Limited,Passenger Cars & Utility Vehicles,Consumer Discretionary,Automobile and Auto Components,Automobiles,Passenger Cars & Utility Vehicles,24.55,512.26,346.6084879,1.29,3.56,68.01,141184720.1,208659877.8,67.66
726,HINDOILEXP,Hindustan Oil Exploration Company Limited,Oil Exploration & Production,Energy,Oil Gas & Consumable Fuels,Oil,Oil Exploration & Production,220.99,2923.57,2184.530807,0.06,3.05,58.27,98852020.79,132294221.5,74.72
727,HINDPETRO,Hindustan Petroleum Corporation Limited,Refineries & Marketing,Energy,Oil Gas & Consumable Fuels,Petroleum Products,Refineries & Marketing,393.55,83740.46,37703.38629,0.05,2.54,48.53,958032938.3,2127822640,45.02
728,HINDUNILVR,Hindustan Unilever Limited,Diversified FMCG,Fast Moving Consumer Goods,Fast Moving Consumer Goods,Diversified FMCG,Diversified FMCG,2840,667283.92,252522.9224,0.02,1.19,22.73,889165219.6,2349591268,37.84
729,HINDWAREAP,Hindware Home Innovation Limited,Sanitary Ware,Consumer Discretionary,Consumer Durables,Consumer Durables,Sanitary Ware,287.65,2079.61,1005.41454,0.12,2.78,53.11,34952704.31,72296540.94,48.35
730,HINDZINC,Hindustan Zinc Limited,Zinc,Commodities,Metals & Mining,Non - Ferrous Metals,Zinc,495,209153.29,14719.99943,0.05,2.67,51.01,297373725.9,4225318990,7.04
731,HIRECT,Hind Rectifiers Limited,Industrial Products,Industrials,Capital Goods,Industrial Manufacturing,Industrial Products,833.05,1427.67,539.88176,0.91,3.43,65.53,6480784.586,17137866.87,37.82
732,HISARMETAL,Hisar Metal Industries Limited,Iron & Steel Products,Industrials,Capital Goods,Industrial Products,Iron & Steel Products,186.16,100.53,37.0207568,0.58,3.14,59.99,1988652.6,5400193.382,36.83
733,HITECH,Hi-Tech Pipes Limited,Iron & Steel Products,Industrials,Capital Goods,Industrial Products,Iron & Steel Products,200,3522.22,1353.867401,0.09,2.99,57.12,67693370.07,176111000,38.44
734,HITECHCORP,Hitech Corporation Limited,Packaging,Industrials,Capital Goods,Industrial Products,Packaging,272.5,468.04,115.8365535,0.5,3.1,59.23,4250882.696,17175779.82,24.75
735,HITECHGEAR,The Hi-Tech Gears Limited,Auto Components & Equipments,Consumer Discretionary,Automobile and Auto Components,Auto Components,Auto Components & Equipments,860,1614.92,703.049087,0.74,3.35,64,8174989.384,18778139.53,43.53
736,HLEGLAS,HLE Glascoat Limited,Industrial Products,Industrials,Capital Goods,Industrial Manufacturing,Industrial Products,387.3,2532.07,814.8950267,0.12,2.01,38.4,21040408.64,65377485.15,32.18
737,HLVLTD,HLV LIMITED,Hotels & Resorts,Consumer Discretionary,Consumer Services,Leisure Services,Hotels & Resorts,15.6,1028.45,224.4407342,0.47,3.3,63.05,143872265.5,659262820.5,21.82
738,HMAAGRO,HMA Agro Industries Limited,Meat Products including Poultry,Fast Moving Consumer Goods,Fast Moving Consumer Goods,Food Products,Meat Products including Poultry,45.4,2273.49,372.5121157,0.3,2.17,41.46,82051126.81,500768722.5,16.39
739,HMT,HMT Limited,Industrial Products,Industrials,Capital Goods,Industrial Manufacturing,Industrial Products,77.98,9389.51,66.25235863,5,2.98,56.93,8496070.612,1204092075,0.71
740,HMVL,Hindustan Media Ventures Limited,Print Media,Consumer Discretionary,Media Entertainment & Publication,Media,Print Media,87.75,646.47,163.5686448,0.34,2.97,56.74,18640301.4,73671794.87,25.30
741,HNDFDS,Hindustan Foods Limited,Diversified FMCG,Fast Moving Consumer Goods,Fast Moving Consumer Goods,Diversified FMCG,Diversified FMCG,615.55,7052.56,2156.758318,0.11,1.89,36.11,35037906.23,114573308.4,30.58
742,HOMEFIRST,Home First Finance Company India Limited,Housing Finance Company,Financial Services,Financial Services,Finance,Housing Finance Company,1250,11146.41,5863.869539,0.07,2.46,47,46910956.31,89171280,52.61
743,HONASA,Honasa Consumer Limited,Personal Care,Fast Moving Consumer Goods,Fast Moving Consumer Goods,Personal Products,Personal Care,431.3,14009.66,4959.461449,0.08,2.55,48.72,114988672.6,324824020.4,35.40
744,HONAUT,Honeywell Automation India Limited,Industrial Products,Industrials,Capital Goods,Industrial Manufacturing,Industrial Products,47321,41838.97,10393.21878,0.08,1.68,32.1,2196322.728,8841522.791,24.84
745,HONDAPOWER,Honda India Power Products Limited,Industrial Products,Industrials,Capital Goods,Industrial Manufacturing,Industrial Products,4062,4120.12,1349.786899,0.13,2.53,48.34,3322961.347,10143082.23,32.76
746,HOVS,HOV Services Limited,IT Enabled Services,Information Technology,Information Technology,IT - Services,IT Enabled Services,73.68,92.8,45.48830487,1.28,3.64,69.54,6173765.59,12595005.43,49.02
747,HPAL,HP Adhesives Limited,Specialty Chemicals,Commodities,Chemicals,Chemicals & Petrochemicals,Specialty Chemicals,87,799.31,229.0191562,0.15,2.15,41.08,26324040.95,91874712.64,28.65
748,HPIL,Hindprakash Industries Limited,Dyes And Pigments,Commodities,Chemicals,Chemicals & Petrochemicals,Dyes And Pigments,142.06,162.29,37.53366715,2.43,2.96,56.55,2642099.616,11424046.18,23.13
749,HPL,HPL Electric & Power Limited,Consumer Electronics,Consumer Discretionary,Consumer Durables,Consumer Durables,Consumer Electronics,515.35,3313.73,906.071976,0.28,3.66,69.92,17581681.89,64300572.43,27.34
750,HSCL,Himadri Speciality Chemical Limited,Specialty Chemicals,Commodities,Chemicals,Chemicals & Petrochemicals,Specialty Chemicals,596.95,29466.78,14205.25626,0.37,2.77,52.92,237963920.9,493622246.4,48.21
751,HTMEDIA,HT Media Limited,Print Media,Consumer Discretionary,Media Entertainment & Publication,Media,Print Media,24,558.6,166.7615602,0.22,2.84,54.26,69483983.42,232750000,29.85
752,HUBTOWN,Hubtown Limited,Residential Commercial Projects,Consumer Discretionary,Realty,Realty,Residential Commercial Projects,275.5,2202.23,1175.952913,1.25,3.46,66.1,42684316.27,79935753.18,53.40
753,HUDCO,Housing & Urban Development Corporation Limited,Financial Institution,Financial Services,Financial Services,Finance,Financial Institution,209.8,41999.86,10499.9655,0.06,3.63,69.35,500475000,2001899905,25.00
754,HUHTAMAKI,Huhtamaki India Limited,Packaging,Industrials,Capital Goods,Industrial Products,Packaging,372,2809.42,895.0574447,0.11,2.28,43.56,24060684,75522043.01,31.86
755,HYBRIDFIN,Hybrid Financial Services Limited,Stockbroking & Allied,Financial Services,Financial Services,Capital Markets,Stockbroking & Allied,12.61,37.12,13.35617283,3.94,3.08,58.84,10591731.03,29436954.8,35.98
756,ICDSLTD,ICDS Limited,Diversified Commercial Services,Services,Services,Commercial Services & Supplies,Diversified Commercial Services,40,52.11,20.13985138,5.13,2.88,55.02,5034962.844,13027500,38.65
757,ICEMAKE,Ice Make Refrigeration Limited,Industrial Products,Industrials,Capital Goods,Industrial Manufacturing,Industrial Products,732.75,1156.26,294.7364762,0.22,3.67,70.12,4022333.35,15779733.88,25.49
758,ICICIBANK,ICICI Bank Limited,Private Sector Bank,Financial Services,Financial Services,Banks,Private Sector Bank,1236,870938.6,869665.2853,0.02,1.29,24.65,7036126904,7046428803,99.85
759,ICICIGI,ICICI Lombard General Insurance Company Limited,General Insurance,Financial Services,Financial Services,Insurance,General Insurance,2087.85,103284.32,49606.83716,0.04,1.51,28.85,237597706.6,494692243.2,48.03
760,ICICIPRULI,ICICI Prudential Life Insurance Company Limited,Life Insurance,Financial Services,Financial Services,Insurance,Life Insurance,742.25,107211.32,28753.32646,0.05,1.73,33.05,387380619.2,1444409835,26.82
761,ICIL,Indo Count Industries Limited,Other Textile Products,Consumer Discretionary,Textiles,Textiles & Apparels,Other Textile Products,349,6912.1,2763.248804,0.09,2.92,55.79,79176183.5,198054441.3,39.98
762,ICRA,ICRA Limited,Ratings,Financial Services,Financial Services,Capital Markets,Ratings,7001.3,6757.12,3229.334022,0.13,1.59,30.38,4612477.715,9651236.199,47.79
763,IDBI,IDBI Bank Limited,Private Sector Bank,Financial Services,Financial Services,Banks,Private Sector Bank,80.55,86610.6,4510.160359,0.04,2.79,53.3,559920590.9,10752402235,5.21
764,IDEA,Vodafone Idea Limited,Telecom - Cellular & Fixed line services,Telecommunication,Telecommunication,Telecom - Services,Telecom - Cellular & Fixed line services,9.15,63775.33,21534.82511,0.13,3.88,74.13,23535327985,69699814208,33.77
765,IDEAFORGE,Ideaforge Technology Limited,Aerospace & Defense,Industrials,Capital Goods,Aerospace & Defense,Aerospace & Defense,670.7,2885.94,1382.28927,0.07,2.2,42.03,20609650.67,43028775.91,47.90
766,IDFC,IDFC Limited,Holding Company,Financial Services,Financial Services,Finance,Holding Company,110.5,17679.83,14733.06036,0.04,1.77,33.82,1333308630,1599984615,83.33
767,IDFCFIRSTB,IDFC First Bank Limited,Private Sector Bank,Financial Services,Financial Services,Banks,Private Sector Bank,72.4,54174.98,32592.42619,0.04,1.7,32.48,4501716324,7482732044,60.16
768,IEL,Indiabulls Enterprises Limited,Diversified Commercial Services,Services,Services,Commercial Services & Supplies,Diversified Commercial Services,11.85,235.03,89.60376128,1.09,3,57.31,75614988.42,198337552.7,38.12
769,IEX,Indian Energy Exchange Limited,Exchange and Data Platform,Financial Services,Financial Services,Capital Markets,Exchange and Data Platform,200.01,17834.75,15114.35902,0.03,2.45,46.81,755680167.1,891692915.4,84.75
770,IFBAGRO,IFB Agro Industries Limited,Breweries & Distilleries,Fast Moving Consumer Goods,Fast Moving Consumer Goods,Beverages,Breweries & Distilleries,531,497.39,98.00245463,0.75,2.45,46.81,1845620.615,9367043.315,19.70
771,IFBIND,IFB Industries Limited,Household Appliances,Consumer Discretionary,Consumer Durables,Consumer Durables,Household Appliances,1736,7034.06,1753.620039,0.13,2.9,55.4,10101497.92,40518778.8,24.93
772,IFCI,IFCI Limited,Financial Institution,Financial Services,Financial Services,Finance,Financial Institution,60.99,15940.29,3879.38882,0.29,4,76.42,636069654.1,2613590753,24.34
773,IFGLEXPOR,IFGL Refractories Limited,Electrodes & Refractories,Industrials,Capital Goods,Industrial Products,Electrodes & Refractories,565.25,2037.12,529.0222781,0.24,2.95,56.36,9359084.973,36039274.66,25.97
774,IGARASHI,Igarashi Motors India Limited,Auto Components & Equipments,Consumer Discretionary,Automobile and Auto Components,Auto Components,Auto Components & Equipments,601,1891.65,466.9596169,0.12,2.8,53.49,7769710.765,31475041.6,24.69
775,IGL,Indraprastha Gas Limited,LPG/CNG/PNG/LNG Supplier,Energy,Oil Gas & Consumable Fuels,Gas,LPG/CNG/PNG/LNG Supplier,542.9,38003.04,18988.75269,0.04,1.86,35.54,349765199.7,700000736.8,49.97
776,IGPL,IG Petrochemicals Limited,Commodity Chemicals,Commodities,Chemicals,Chemicals & Petrochemicals,Commodity Chemicals,547.35,1685.56,469.4004091,0.14,2.36,45.09,8575873.007,30794920.98,27.85
777,IIFL,IIFL Finance Limited,Non Banking Financial Company (NBFC),Financial Services,Financial Services,Finance,Non Banking Financial Company (NBFC),439,18624.23,10129.36665,0.06,3.3,63.05,230737281.2,424242141.2,54.39
778,IIFLSEC,IIFL Securities Limited,Stockbroking & Allied,Financial Services,Financial Services,Capital Markets,Stockbroking & Allied,356,11000.43,3863.198339,0.09,3.81,72.79,108516807.3,309000842.7,35.12
779,IITL,Industrial Investment Trust Limited,Non Banking Financial Company (NBFC),Financial Services,Financial Services,Finance,Non Banking Financial Company (NBFC),1,665.15,1,1.74,,,10000000,6651500000,0.15
780,IKIO,IKIO Lighting Limited,Consumer Electronics,Consumer Discretionary,Consumer Durables,Consumer Durables,Consumer Electronics,276.9,2139.9,588.5716535,0.09,1.9,36.3,21255747.69,77280606.72,27.50
781,IL&FSENGG,IL&FS Engineering and Construction Company Limited,Civil Construction,Industrials,Construction,Construction,Civil Construction,46.66,611.81,1,0.76,,,214316.3309,131120874.4,0.16
782,IL&FSTRANS,IL&FS Transportation Networks Limited,Civil Construction,Industrials,Construction,Construction,Civil Construction,5.06,166.45,44.5370375,5,2.98,56.93,88017860.66,328952569.2,26.76
783,IMAGICAA,Imagicaaworld Entertainment Limited,Amusement Parks/ Other Recreation,Consumer Discretionary,Consumer Services,Leisure Services,Amusement Parks/ Other Recreation,76.55,4151.45,1074.355023,0.1,3.32,63.43,140346835.2,542318745.9,25.88
784,IMFA,Indian Metals & Ferro Alloys Limited,Ferro & Silica Manganese,Commodities,Metals & Mining,Ferrous Metals,Ferro & Silica Manganese,670,3614.93,999.6243937,0.1,2.91,55.6,14919767.07,53954179.1,27.65
785,IMPAL,India Motor Parts and Accessories Limited,Trading - Auto Components,Consumer Discretionary,Automobile and Auto Components,Auto Components,Trading - Auto Components,1233,1538.78,721.5650545,0.28,2.25,42.99,5852109.12,12479967.56,46.89
786,IMPEXFERRO,Impex Ferro Tech Limited,Ferro & Silica Manganese,Commodities,Metals & Mining,Ferrous Metals,Ferro & Silica Manganese,3.43,30.16,9.349767453,3.54,3.48,66.49,27258797.24,87930029.15,31.00
787,INCREDIBLE,INCREDIBLE INDUSTRIES LIMITED,Iron & Steel Products,Industrials,Capital Goods,Industrial Products,Iron & Steel Products,43.99,205.71,51.50763385,2.05,3.62,69.16,11708941.54,46762900.66,25.04
788,INDBANK,Indbank Merchant Banking Services Limited,Stockbroking & Allied,Financial Services,Financial Services,Capital Markets,Stockbroking & Allied,43.05,191.05,62.59845506,0.3,3.52,67.25,14540872.26,44378629.5,32.77
789,INDGN,Indegene Limited,Healthcare Research Analytics & Technology,Healthcare,Healthcare,Healthcare Services,Healthcare Research Analytics & Technology,644.85,15429.26,2622.819159,0.07,1.69,32.29,40673321.84,239268977.3,17.00
790,INDHOTEL,The Indian Hotels Company Limited,Hotels & Resorts,Consumer Discretionary,Consumer Services,Leisure Services,Hotels & Resorts,652.9,92935.89,57132.52431,0.03,1.92,36.68,875057808.4,1423432225,61.48
791,INDIACEM,The India Cements Limited,Cement & Cement Products,Commodities,Construction Materials,Cement & Cement Products,Cement & Cement Products,362.5,11233.77,4557.968807,0.04,2.68,51.2,125737070.5,309897103.4,40.57
792,INDIAGLYCO,India Glycols Limited,Commodity Chemicals,Commodities,Chemicals,Chemicals & Petrochemicals,Commodity Chemicals,1279,3959.98,1496.823352,0.07,2.6,49.67,11703075.46,30961532.45,37.80
793,INDIAMART,Indiamart Intermesh Limited,Internet & Catalogue Retail,Consumer Discretionary,Consumer Services,Retailing,Internet & Catalogue Retail,2777.95,16661.91,8442.938389,0.06,1.93,36.87,30392693.85,59979157.29,50.67
794,INDIANB,Indian Bank,Public Sector Bank,Financial Services,Financial Services,Banks,Public Sector Bank,518.25,69806.41,18263.24119,0.05,2.44,46.62,352402145.5,1346964014,26.16
795,INDIANCARD,Indian Card Clothing Company Limited,Other Textile Products,Consumer Discretionary,Textiles,Textiles & Apparels,Other Textile Products,259.2,153.99,49.14466707,0.58,2.52,48.14,1896013.39,5940972.222,31.91
796,INDIANHUME,Indian Hume Pipe Company Limited,Industrial Products,Industrials,Capital Goods,Industrial Manufacturing,Industrial Products,437,2302.19,615.5719686,0.12,3.25,62.09,14086315.07,52681693.36,26.74
797,INDIASHLTR,India Shelter Finance Corporation Limited,Housing Finance Company,Financial Services,Financial Services,Finance,Housing Finance Company,724.95,7786.17,2085.719388,0.1,1.88,35.92,28770527.46,107402855.4,26.79
798,INDIGO,InterGlobe Aviation Limited,Airline,Services,Services,Transport Services,Airline,4489,173397.59,77506.81742,0.03,1.84,35.15,172659428.4,386272198.7,44.70
799,INDIGOPNTS,Indigo Paints Limited,Paints,Consumer Discretionary,Consumer Durables,Consumer Durables,Paints,1433.95,6830.58,1420.480339,0.07,1.66,31.71,9906066.033,47634715.3,20.80
800,INDNIPPON,India Nippon Electricals Limited,Auto Components & Equipments,Consumer Discretionary,Automobile and Auto Components,Auto Components,Auto Components & Equipments,694,1569.93,457.0182583,0.19,2.64,50.44,6585277.498,22621469.74,29.11
801,INDOAMIN,Indo Amines Limited,Specialty Chemicals,Commodities,Chemicals,Chemicals & Petrochemicals,Specialty Chemicals,194.3,1373.65,420.5371786,0.18,3.86,73.75,21643704.51,70697375.19,30.61
802,INDOBORAX,Indo Borax & Chemicals Limited,Commodity Chemicals,Commodities,Chemicals,Chemicals & Petrochemicals,Commodity Chemicals,187,600.08,242.9123982,0.23,2.89,55.21,12989967.82,32089839.57,40.48
803,INDOCO,Indoco Remedies Limited,Pharmaceuticals,Healthcare,Healthcare,Pharmaceuticals & Biotechnology,Pharmaceuticals,329.9,3041.09,1212.479918,0.12,1.94,37.06,36752952.95,92182176.42,39.87
804,INDORAMA,Indo Rama Synthetics (India) Limited,Other Textile Products,Consumer Discretionary,Textiles,Textiles & Apparels,Other Textile Products,43.46,1134.8,283.3317641,0.27,2.99,57.12,65193687.09,261113667.7,24.97
805,INDOSTAR,IndoStar Capital Finance Limited,Non Banking Financial Company (NBFC),Financial Services,Financial Services,Finance,Non Banking Financial Company (NBFC),279.85,3808.18,1005.496369,0.34,3.09,59.03,35929832.73,136079328.2,26.40
806,INDOTECH,Indo Tech Transformers Limited,Heavy Electrical Equipment,Industrials,Capital Goods,Electrical Equipment,Heavy Electrical Equipment,1688,1792.66,448.164,0.86,3.85,73.55,2655000,10620023.7,25.00
807,INDOTHAI,Indo Thai Securities Limited,Stockbroking & Allied,Financial Services,Financial Services,Capital Markets,Stockbroking & Allied,1,811.9,1,0.97,,,10000000,8119000000,0.12
808,INDOWIND,Indowind Energy Limited,Power Generation,Utilities,Power,Power,Power Generation,20.93,269.58,132.710113,1.29,3.29,62.86,63406647.4,128800764.5,49.23
809,INDRAMEDCO,Indraprastha Medical Corporation Limited,Hospital,Healthcare,Healthcare,Healthcare Services,Hospital,398.45,3652.71,1756.679886,0.18,3.08,58.84,44087837.53,91672982.81,48.09
810,INDSWFTLAB,Ind-Swift Laboratories Limited,Pharmaceuticals,Healthcare,Healthcare,Pharmaceuticals & Biotechnology,Pharmaceuticals,120.64,712.82,408.333318,0.28,3.4,64.96,33847257.8,59086538.46,57.28
811,INDSWFTLTD,Ind-Swift Limited,Pharmaceuticals,Healthcare,Healthcare,Pharmaceuticals & Biotechnology,Pharmaceuticals,21.4,115.91,50.44969444,2.33,3.7,70.69,23574623.57,54163551.4,43.52
812,INDTERRAIN,Indian Terrain Fashions Limited,Garments & Apparels,Consumer Discretionary,Textiles,Textiles & Apparels,Garments & Apparels,52.5,232.53,146.0064323,0.35,3.12,59.61,27810749.01,44291428.57,62.79
813,INDUSINDBK,IndusInd Bank Limited,Private Sector Bank,Financial Services,Financial Services,Banks,Private Sector Bank,1357.95,105783.37,89570.26717,0.03,1.7,32.48,659599154.4,778993114.6,84.67
814,INDUSTOWER,Indus Towers Limited,Telecom - Infrastructure,Telecommunication,Telecommunication,Telecom - Services,Telecom - Infrastructure,361.05,95250.87,44750.76202,0.05,2.61,49.86,1239461626,2638162858,46.98
815,INFIBEAM,Infibeam Avenues Limited,Financial Technology (Fintech),Financial Services,Financial Services,Financial Technology (Fintech),Financial Technology (Fintech),28.4,7900.89,4399.576793,0.07,3.1,59.23,1549146758,2782003521,55.68
816,INFOBEAN,InfoBeans Technologies Limited,Computers - Software & Consulting,Information Technology,Information Technology,IT - Software,Computers - Software & Consulting,407.1,992.06,258.1366973,0.22,2.34,44.71,6340867.041,24368951.12,26.02
817,INFOMEDIA,Infomedia Press Limited,Printing & Publication,Consumer Discretionary,Media Entertainment & Publication,Printing & Publication,Printing & Publication,8.55,42.92,21.11592496,5.12,3.98,76.04,24696988.25,50198830.41,49.20
818,INFY,Infosys Limited,Computers - Software & Consulting,Information Technology,Information Technology,IT - Software,Computers - Software & Consulting,1930.15,801426.62,693701.2562,0.02,1.42,27.13,3594027698,4152146828,86.56
819,INGERRAND,Ingersoll Rand (India) Limited,Compressors Pumps & Diesel Engines,Industrials,Capital Goods,Industrial Products,Compressors Pumps & Diesel Engines,4100.05,12943.04,3214.144587,0.1,2.07,39.55,7839281.44,31568005.27,24.83
820,INNOVACAP,Innova Captab Limited,Pharmaceuticals,Healthcare,Healthcare,Pharmaceuticals & Biotechnology,Pharmaceuticals,751.2,4298.74,1179.844162,0.12,1.96,37.45,15706125.69,57224973.38,27.45
821,INOXGREEN,Inox Green Energy Services Limited,Other Utilities,Utilities,Utilities,Other Utilities,Other Utilities,183.46,5918.26,2085.045734,0.52,3.24,61.9,113651244.6,322591300.6,35.23
822,INOXINDIA,INOX India Limited,Other Industrial Products,Industrials,Capital Goods,Industrial Products,Other Industrial Products,1115.55,10125.12,2495.468003,0.07,2.07,39.55,22369844.5,90763479.9,24.65
823,INOXWIND,Inox Wind Limited,Heavy Electrical Equipment,Industrials,Capital Goods,Electrical Equipment,Heavy Electrical Equipment,208.27,27154.12,13487.42291,0.19,3.54,67.63,647593168.1,1303794113,49.67
824,INSECTICID,Insecticides (India) Limited,Pesticides & Agrochemicals,Commodities,Chemicals,Fertilizers & Agrochemicals,Pesticides & Agrochemicals,840,2486.22,692.0164901,0.15,2.58,49.29,8238291.548,29597857.14,27.83
825,INSPIRISYS,Inspirisys Solutions Limited,IT Enabled Services,Information Technology,Information Technology,IT - Services,IT Enabled Services,108.1,428.26,128.1863034,3.39,3,57.31,11858122.43,39617021.28,29.93
826,INTELLECT,Intellect Design Arena Limited,Computers - Software & Consulting,Information Technology,Information Technology,IT - Software,Computers - Software & Consulting,873,12063.11,7820.371596,0.07,2.48,47.38,89580430.65,138179954.2,64.83
827,INTENTECH,Intense Technologies Limited,Software Products,Information Technology,Information Technology,IT - Software,Software Products,130.01,305.33,222.630392,0.82,3.31,63.24,17124097.53,23485116.53,72.91
828,INTLCONV,International Conveyors Limited,Industrial Products,Industrials,Capital Goods,Industrial Manufacturing,Industrial Products,87.68,555.71,173.1266483,0.21,3.16,60.37,19745283.8,63379333.94,31.15
829,INVENTURE,Inventure Growth & Securities Limited,Stockbroking & Allied,Financial Services,Financial Services,Capital Markets,Stockbroking & Allied,2.19,229.95,169.2448097,0.95,3.89,74.32,772807350,1050000000,73.60
830,IOB,Indian Overseas Bank,Public Sector Bank,Financial Services,Financial Services,Banks,Public Sector Bank,52.79,99785.83,3611.249343,0.05,3.19,60.94,684078299.5,18902411442,3.62
831,IOC,Indian Oil Corporation Limited,Refineries & Marketing,Energy,Oil Gas & Consumable Fuels,Petroleum Products,Refineries & Marketing,162.8,229893.76,60905.98396,0.03,2.06,39.36,3741153806,14121238329,26.49
832,IOLCP,IOL Chemicals and Pharmaceuticals Limited,Pharmaceuticals,Healthcare,Healthcare,Pharmaceuticals & Biotechnology,Pharmaceuticals,431,2530.21,997.723929,0.08,2.63,50.25,23149047.08,58705568.45,39.43
833,IONEXCHANG,ION Exchange (India) Limited,Water Supply & Management,Utilities,Utilities,Other Utilities,Water Supply & Management,623,9137.33,5166.053682,0.08,2.84,54.26,82922209.99,146666613.2,56.54
834,IPCALAB,IPCA Laboratories Limited,Pharmaceuticals,Healthcare,Healthcare,Pharmaceuticals & Biotechnology,Pharmaceuticals,1477,37472.11,20004.18775,0.04,1.66,31.71,135437967.1,253704197.7,53.38
835,IPL,India Pesticides Limited,Pesticides & Agrochemicals,Commodities,Chemicals,Fertilizers & Agrochemicals,Pesticides & Agrochemicals,198.5,2286,569.3317846,0.19,2.83,54.07,28681701.99,115163728,24.91
836,IRB,IRB Infrastructure Developers Limited,Civil Construction,Industrials,Construction,Construction,Civil Construction,56.1,33878.79,11101.23251,0.05,3.14,59.99,1978829325,6039000000,32.77
837,IRCON,Ircon International Limited,Civil Construction,Industrials,Construction,Construction,Civil Construction,207,19468.68,6730.340699,0.05,3.51,67.06,325137231.8,940515942,34.57
838,IRCTC,Indian Railway Catering And Tourism Corporation Limited,Tour Travel Related Services,Consumer Discretionary,Consumer Services,Leisure Services,Tour Travel Related Services,857,68560,25780.6168,0.03,2.07,39.55,300824000,800000000,37.60
839,IREDA,Indian Renewable Energy Development Agency Limited,Financial Institution,Financial Services,Financial Services,Finance,Financial Institution,211.4,56819.35,14204.041,0.25,3.31,63.24,671903547.8,2687764901,25.00
840,IRFC,Indian Railway Finance Corporation Limited,Financial Institution,Financial Services,Financial Services,Finance,Financial Institution,144.44,188761.5,25739.89575,0.03,3.18,60.75,1782047615,13068505954,13.64
841,IRIS,Iris Business Services Limited,Software Products,Information Technology,Information Technology,IT - Software,Software Products,1,724.53,1,0.9,,,10000000,7245300000,0.14
842,IRISDOREME,Iris Clothings Limited,Garments & Apparels,Consumer Discretionary,Textiles,Textiles & Apparels,Garments & Apparels,68.71,560.47,162.8787094,0.26,2.43,46.43,23705240.78,81570368.21,29.06
843,IRMENERGY,IRM Energy Limited,LPG/CNG/PNG/LNG Supplier,Energy,Oil Gas & Consumable Fuels,Gas,LPG/CNG/PNG/LNG Supplier,411.15,1688.17,444.3445506,0.14,2.35,44.9,10807358.64,41059710.57,26.32
844,ISEC,ICICI Securities Limited,Stockbroking & Allied,Financial Services,Financial Services,Capital Markets,Stockbroking & Allied,866,28058.99,7112.28088,0.05,1.75,33.43,82127954.73,324006812.9,25.35
845,ISFT,Intrasoft Technologies Limited,E-Retail/ E-Commerce,Consumer Discretionary,Consumer Services,Retailing,E-Retail/ E-Commerce,144.49,235.69,103.8669814,0.33,3.42,65.34,7188523.871,16311855.49,44.07
846,ISGEC,Isgec Heavy Engineering Limited,Civil Construction,Industrials,Construction,Construction,Civil Construction,1227,9022.07,3323.063278,0.09,3.01,57.51,27082830.3,73529502.85,36.83
847,ITC,ITC Limited,Diversified FMCG,Fast Moving Consumer Goods,Fast Moving Consumer Goods,Diversified FMCG,Diversified FMCG,510,637887.53,473746.3136,0.02,1.19,22.73,9289143404,12507598627,74.27
848,ITDC,India Tourism Development Corporation Limited,Hotels & Resorts,Consumer Discretionary,Consumer Services,Leisure Services,Hotels & Resorts,625.05,5361.02,273.4654439,0.19,3.33,63.62,4375097.094,85769458.44,5.10
849,ITDCEM,ITD Cementation India Limited,Civil Construction,Industrials,Construction,Construction,Civil Construction,617.8,10613.04,5639.725378,0.07,3.63,69.35,91287234.99,171787633.5,53.14
850,ITI,ITI Limited,Telecom - Equipment & Accessories,Telecommunication,Telecommunication,Telecom - Equipment & Accessories,Telecom - Equipment & Accessories,234.75,22556.82,2255.682087,0.06,3.32,63.43,96088693.8,960886901,10.00
851,IVC,IL&FS Investment Managers Limited,Asset Management Company,Financial Services,Financial Services,Capital Markets,Asset Management Company,11.33,355.8,171.632502,0.45,3.04,58.08,151484997.3,314033539.3,48.24
852,IVP,IVP Limited,Commodity Chemicals,Commodities,Chemicals,Chemicals & Petrochemicals,Commodity Chemicals,198.35,204.82,57.86553498,1.81,3.29,62.86,2917344.844,10326191.08,28.25
853,IWEL,Inox Wind Energy Limited,Heavy Electrical Equipment,Industrials,Capital Goods,Electrical Equipment,Heavy Electrical Equipment,11600,13975.18,4204.811641,0.68,3.13,59.8,3624837.622,12047568.97,30.09
854,IXIGO,Le Travenues Technology Limited,Tour Travel Related Services,Consumer Discretionary,Consumer Services,Leisure Services,Tour Travel Related Services,145,5617.64,972.9408433,0.14,1.46,27.89,67099368.5,387423448.3,17.32
855,IZMO,IZMO Limited,IT Enabled Services,Information Technology,Information Technology,IT - Services,IT Enabled Services,1,564.08,1,0.69,,,10000000,5640800000,0.18
856,J&KBANK,The Jammu & Kashmir Bank Limited,Private Sector Bank,Financial Services,Financial Services,Banks,Private Sector Bank,97.2,10703.49,4321.856622,0.06,2.86,54.64,444635454.9,1101182099,40.38
857,JAGRAN,Jagran Prakashan Limited,Print Media,Consumer Discretionary,Media Entertainment & Publication,Media,Print Media,91.19,1984.79,614.804366,0.12,2.39,45.66,67420151.99,217654348.1,30.98
858,JAGSNPHARM,Jagsonpal Pharmaceuticals Limited,Pharmaceuticals,Healthcare,Healthcare,Pharmaceuticals & Biotechnology,Pharmaceuticals,404.85,1071.12,296.971234,0.23,2.9,55.4,7335339.853,26457206.37,27.73
859,JAIBALAJI,Jai Balaji Industries Limited,Iron & Steel,Commodities,Metals & Mining,Ferrous Metals,Iron & Steel,1027.35,18744.14,5913.064883,0.75,3.07,58.65,57556479.13,182451355.4,31.55
860,JAICORPLTD,Jai Corp Limited,Plastic Products - Industrial,Industrials,Capital Goods,Industrial Products,Plastic Products - Industrial,328.5,5862.06,1511.955044,0.18,3.42,65.34,46026028.73,178449315.1,25.79
861,JAIPURKURT,Nandani Creation Limited,Garments & Apparels,Consumer Discretionary,Textiles,Textiles & Apparels,Garments & Apparels,38.2,65.94,33.90323656,2.93,3.61,68.97,8875192.818,17261780.1,51.42
862,JAMNAAUTO,Jamna Auto Industries Limited,Auto Components & Equipments,Consumer Discretionary,Automobile and Auto Components,Auto Components,Auto Components & Equipments,111.4,4444.27,2163.548072,0.07,2.31,44.13,194214369.1,398947037.7,48.68
863,JASH,Jash Engineering Limited,Industrial Products,Industrials,Capital Goods,Industrial Manufacturing,Industrial Products,2090,2615.12,1233.668068,0.14,2.69,51.39,5902718.028,12512535.89,47.17
864,JAYAGROGN,Jayant Agro Organics Limited,Specialty Chemicals,Commodities,Chemicals,Chemicals & Petrochemicals,Specialty Chemicals,285,855,244.39662,0.23,2.69,51.39,8575320,30000000,28.58
865,JAYBARMARU,Jay Bharat Maruti Limited,Auto Components & Equipments,Consumer Discretionary,Automobile and Auto Components,Auto Components,Auto Components & Equipments,97.9,1059.77,422.7560925,0.18,2.65,50.63,43182440.5,108250255.4,39.89
866,JAYNECOIND,Jayaswal Neco Industries Limited,Iron & Steel Products,Industrials,Capital Goods,Industrial Products,Iron & Steel Products,48.35,4694.78,963.762501,0.57,3.04,58.08,199330403.5,970998965.9,20.53
867,JAYSREETEA,Jayshree Tea & Industries Limited,Tea & Coffee,Fast Moving Consumer Goods,Fast Moving Consumer Goods,Agricultural Food & other Products,Tea & Coffee,139.4,402.55,194.3622576,0.23,2.86,54.64,13942773.14,28877331.42,48.28
868,JBCHEPHARM,JB Chemicals & Pharmaceuticals Limited,Pharmaceuticals,Healthcare,Healthcare,Pharmaceuticals & Biotechnology,Pharmaceuticals,1700,26403.45,12102.81312,0.06,1.8,34.39,71193018.34,155314411.8,45.84
869,JBMA,JBM Auto Limited,Auto Components & Equipments,Consumer Discretionary,Automobile and Auto Components,Auto Components,Auto Components & Equipments,1714.4,20272.29,3444.545625,0.06,2.9,55.4,20091843.36,118247141.9,16.99
870,JCHAC,Johnson Controls - Hitachi Air Conditioning India Limited,Household Appliances,Consumer Discretionary,Consumer Durables,Consumer Durables,Household Appliances,2198.2,5977.1,1500.999268,0.14,3.07,58.65,6828310.745,27190883.45,25.11
871,JETAIRWAYS,Jet Airways (India) Limited,Airline,Services,Services,Transport Services,Airline,38.69,439.51,224.1971266,5,2.3,43.94,57947047.44,113597828.9,51.01
872,JETFREIGHT,Jet Freight Logistics Limited,Logistics Solution Provider,Services,Services,Transport Services,Logistics Solution Provider,15.15,70.3,34.50760553,0.56,3.68,70.31,22777297.38,46402640.26,49.09
873,JGCHEM,J.G.Chemicals Limited,Commodity Chemicals,Commodities,Chemicals,Chemicals & Petrochemicals,Commodity Chemicals,364.85,1429.7,414.6912215,0.13,2.89,55.21,11366074.32,39185966.84,29.01
874,JHS,JHS Svendgaard Laboratories Limited,Personal Care,Fast Moving Consumer Goods,Fast Moving Consumer Goods,Personal Products,Personal Care,26.25,205.79,133.9741767,0.9,3.31,63.24,51037781.6,78396190.48,65.10
875,JINDALPHOT,Jindal Photo Limited,Household Products,Fast Moving Consumer Goods,Fast Moving Consumer Goods,Household Products,Household Products,730,748.86,178.791297,0.25,3.42,65.34,2449195.849,10258356.16,23.88
876,JINDALPOLY,Jindal Poly Films Limited,Packaging,Industrials,Capital Goods,Industrial Products,Packaging,702.1,3074.24,768.7300976,0.12,2.86,54.64,10949011.5,43786355.22,25.01
877,JINDALSAW,Jindal Saw Limited,Iron & Steel Products,Industrials,Capital Goods,Industrial Products,Iron & Steel Products,705,22542.67,8141.508981,0.05,3.03,57.89,115482396.9,319754184.4,36.12
878,JINDALSTEL,Jindal Steel & Power Limited,Iron & Steel,Commodities,Metals & Mining,Ferrous Metals,Iron & Steel,1000.5,102059.81,37905.21908,0.03,2.08,39.74,378862759.4,1020088056,37.14
879,JINDRILL,Jindal Drilling And Industries Limited,Offshore Support Solution Drilling,Energy,Oil Gas & Consumable Fuels,Oil,Offshore Support Solution Drilling,584.5,1693.95,601.3963993,0.15,2.78,53.11,10289074.41,28981180.5,35.50
880,JINDWORLD,Jindal Worldwide Limited,Other Textile Products,Consumer Discretionary,Textiles,Textiles & Apparels,Other Textile Products,317.15,6359.5,915.0309435,0.19,2.77,52.92,28851677.23,200520258.6,14.39
881,JIOFIN,Jio Financial Services Limited,Non Banking Financial Company (NBFC),Financial Services,Financial Services,Finance,Non Banking Financial Company (NBFC),334.6,212580.89,109607.5567,0.04,1.95,37.25,3275778740,6353284220,51.56
882,JISLDVREQS,Jain Irrigation Systems Limited,Plastic Products - Industrial,Industrials,Capital Goods,Industrial Products,Plastic Products - Industrial,31.01,59.83,41.6608883,0.56,3.24,61.9,13434662.46,19293776.2,69.63
883,JISLJALEQS,Jain Irrigation Systems Limited,Plastic Products - Industrial,Industrials,Capital Goods,Industrial Products,Plastic Products - Industrial,60.3,4024.83,2178.193394,0.07,3.38,64.57,361226101.9,667467661.7,54.12
884,JITFINFRA,JITF Infralogistics Limited,Water Supply & Management,Utilities,Utilities,Other Utilities,Water Supply & Management,796.95,2048.46,757.4107748,0.84,3.17,60.56,9503868.182,25703745.53,36.97
885,JKCEMENT,JK Cement Limited,Cement & Cement Products,Commodities,Construction Materials,Cement & Cement Products,Cement & Cement Products,4383.95,33874.01,18290.03723,0.04,1.7,32.48,41720451.25,77268239.83,53.99
886,JKIL,J.Kumar Infraprojects Limited,Civil Construction,Industrials,Construction,Construction,Civil Construction,720.95,5455.1,2909.752823,0.09,2.9,55.4,40359980.9,75665441.43,53.34
887,JKLAKSHMI,JK Lakshmi Cement Limited,Cement & Cement Products,Commodities,Construction Materials,Cement & Cement Products,Cement & Cement Products,800,9413.61,4955.020584,0.07,1.96,37.45,61937757.3,117670125,52.64
888,JKPAPER,JK Paper Limited,Paper & Paper Products,Commodities,Forest Materials,Paper Forest & Jute Products,Paper & Paper Products,489.85,8298.17,3765.43744,0.06,2.64,50.44,76869193.43,169402266,45.38
889,JKTYRE,JK Tyre & Industries Limited,Tyres & Rubber Products,Consumer Discretionary,Automobile and Auto Components,Auto Components,Tyres & Rubber Products,390.4,10178.65,4729.886554,0.05,2.55,48.72,121154881,260723616.8,46.47
890,JLHL,Jupiter Life Line Hospitals Limited,Hospital,Healthcare,Healthcare,Healthcare Services,Hospital,1420,9310.38,5219.405605,0.13,1.74,33.24,36756377.5,65566056.34,56.06
891,JMA,Jullundur Motor Agency (Delhi) Limited,Trading - Auto Components,Consumer Discretionary,Automobile and Auto Components,Auto Components,Trading - Auto Components,104.05,237.66,103.3498103,0.6,2.69,51.39,9932706.425,22840941.85,43.49
892,JMFINANCIL,JM Financial Limited,Holding Company,Financial Services,Financial Services,Finance,Holding Company,138.44,13231.45,5557.832867,0.06,2.97,56.74,401461490,955753395,42.00
893,JNKINDIA,JNK India Limited,Industrial Products,Industrials,Capital Goods,Industrial Manufacturing,Industrial Products,630,3504.12,852.5763519,2.3,1.98,37.83,13532957.97,55620952.38,24.33
894,JOCIL,Jocil Limited,Commodity Chemicals,Commodities,Chemicals,Chemicals & Petrochemicals,Commodity Chemicals,194.85,173.05,65.51054638,0.43,2.6,49.67,3362101.431,8881190.659,37.86
895,JPOLYINVST,Jindal Poly Investment and Finance Company Limited,Investment Company,Financial Services,Financial Services,Finance,Investment Company,750.55,788.97,200.1900213,0.32,3,57.31,2667244.305,10511891.28,25.37
896,JPPOWER,Jaiprakash Power Ventures Limited,Power Generation,Utilities,Power,Power,Power Generation,18.45,12644.63,8774.792633,0.63,3.14,59.99,4755985167,6853457995,69.40
897,JSFB,Jana Small Finance Bank Limited,Other Bank,Financial Services,Financial Services,Banks,Other Bank,550.6,5758.74,1147.912787,0.11,2.44,46.62,20848397.88,104590265.2,19.93
898,JSL,Jindal Stainless Limited,Iron & Steel,Commodities,Metals & Mining,Ferrous Metals,Iron & Steel,755.4,62202.25,24568.70642,0.05,2.57,49.1,325241017,823434604.2,39.50
899,JSWENERGY,JSW Energy Limited,Power Generation,Utilities,Power,Power,Power Generation,673,117624.82,35825.69619,0.05,2.87,54.83,532328323.7,1747768499,30.46
900,JSWHL,JSW Holdings Limited,Investment Company,Financial Services,Financial Services,Finance,Investment Company,8443,9371.41,3155.064374,0.13,2.48,47.38,3736899.649,11099620.99,33.67
901,JSWINFRA,JSW Infrastructure Limited,Port & Port services,Services,Services,Transport Infrastructure,Port & Port services,314.95,66139.55,8340.329452,0.07,2.24,42.8,264814397.6,2100001588,12.61
902,JSWSTEEL,JSW Steel Limited,Iron & Steel,Commodities,Metals & Mining,Ferrous Metals,Iron & Steel,1020.55,249570.8,97743.90644,0.03,1.7,32.48,957757154.9,2445453922,39.16
903,JTEKTINDIA,Jtekt India Limited,Auto Components & Equipments,Consumer Discretionary,Automobile and Auto Components,Auto Components,Auto Components & Equipments,166.44,4232.24,985.2791835,0.12,2.61,49.86,59197259.28,254280221.1,23.28
904,JTLIND,JTL INDUSTRIES LIMITED,Iron & Steel Products,Industrials,Capital Goods,Industrial Products,Iron & Steel Products,209,4005.23,1912.232281,0.07,2.85,54.45,91494367.51,191637799,47.74
905,JUBLFOOD,Jubilant Foodworks Limited,Restaurants,Consumer Discretionary,Consumer Services,Leisure Services,Restaurants,618.85,40834.52,23559.47643,0.04,1.83,34.96,380697688.1,659845196.7,57.70
906,JUBLINDS,Jubilant Industries Limited,Specialty Chemicals,Commodities,Chemicals,Chemicals & Petrochemicals,Specialty Chemicals,1578.25,2377.97,587.2908252,0.74,3.14,59.99,3721152.068,15067131.32,24.70
907,JUBLINGREA,Jubilant Ingrevia Limited,Specialty Chemicals,Commodities,Chemicals,Chemicals & Petrochemicals,Specialty Chemicals,731,11643.45,5409.384447,0.07,2.72,51.97,73999787.24,159281121.8,46.46
908,JUBLPHARMA,Jubilant Pharmova Limited,Pharmaceuticals,Healthcare,Healthcare,Pharmaceuticals & Biotechnology,Pharmaceuticals,1075,17122.72,8132.676742,0.07,2.74,52.35,75652806.9,159281116.3,47.50
909,JUNIPER,Juniper Hotels Limited,Hotels & Resorts,Consumer Discretionary,Consumer Services,Leisure Services,Hotels & Resorts,351.65,7824.3,1758.252399,0.16,2,38.21,50000068.23,222502488.3,22.47
910,JUSTDIAL,Just Dial Limited,Internet & Catalogue Retail,Consumer Discretionary,Consumer Services,Retailing,Internet & Catalogue Retail,1145,9737.11,2506.829296,0.07,2.56,48.91,21893705.64,85040262.01,25.75
911,JWL,Jupiter Wagons Limited,Railway Wagons,Industrials,Capital Goods,Industrial Manufacturing,Railway Wagons,467.9,19862.26,6334.552592,0.07,3.48,66.49,135382615.8,424497969.7,31.89
912,JYOTHYLAB,Jyothy Labs Limited,Household Products,Fast Moving Consumer Goods,Fast Moving Consumer Goods,Household Products,Household Products,537,19719.1,7292.223322,0.07,2.35,44.9,135795592.6,367208566.1,36.98
913,JYOTICNC,Jyoti CNC Automation Limited,Industrial Products,Industrials,Capital Goods,Industrial Manufacturing,Industrial Products,1084,24652.66,3275.673371,0.36,2.84,54.26,30218389.03,227423062.7,13.29
914,JYOTISTRUC,Jyoti Structures Limited,Heavy Electrical Equipment,Industrials,Capital Goods,Electrical Equipment,Heavy Electrical Equipment,26.7,2334.53,1768.630122,0.87,3.5,66.87,662408285.5,874355805.2,75.76
915,KABRAEXTRU,Kabra Extrusion Technik Limited,Industrial Products,Industrials,Capital Goods,Industrial Manufacturing,Industrial Products,390,1363.94,476.8104482,0.13,3.08,58.84,12225908.93,34972820.51,34.96
916,KAJARIACER,Kajaria Ceramics Limited,Ceramics,Consumer Discretionary,Consumer Durables,Consumer Durables,Ceramics,1422,22646.53,11807.49324,0.05,1.83,34.96,83034410.97,159258298.2,52.14
917,KAKATCEM,Kakatiya Cement Sugar & Industries Limited,Cement & Cement Products,Commodities,Construction Materials,Cement & Cement Products,Cement & Cement Products,209,162.47,69.73352047,0.45,2.31,44.13,3336532.08,7773684.211,42.92
918,KALAMANDIR,Sai Silks (Kalamandir) Limited,Speciality Retail,Consumer Discretionary,Consumer Services,Retailing,Speciality Retail,166.05,2546.64,898.3134933,0.12,2.19,41.84,54098975.81,153365853.7,35.27
919,KALYANI,Kalyani Commercials Limited,DealersÔø¢ÔæÄÔæìCommercial Vehicles Tractors Construction Vehicles,Industrials,Capital Goods,Agricultural Commercial & Construction Vehicles,DealersÔø¢ÔæÄÔæìCommercial Vehicles Tractors Construction Vehicles,119.3,11.93,5.590398,5,0,0,468600,1000000,46.86
920,KALYANIFRG,Kalyani Forge Limited,Castings & Forgings,Industrials,Capital Goods,Industrial Products,Castings & Forgings,451.1,164.11,61.86641977,1.12,2.93,55.98,1371456.878,3637996.01,37.70
921,KALYANKJIL,Kalyan Jewellers India Limited,Gems Jewellery And Watches,Consumer Discretionary,Consumer Durables,Consumer Durables,Gems Jewellery And Watches,704.45,72645.16,21956.92654,0.04,2.67,51.01,311688928.1,1031232309,30.22
922,KAMATHOTEL,Kamat Hotels (I) Limited,Hotels & Resorts,Consumer Discretionary,Consumer Services,Leisure Services,Hotels & Resorts,190.25,560.86,180.7096885,0.5,2.8,53.49,9498538.159,29480157.69,32.22
923,KAMDHENU,Kamdhenu Limited,Iron & Steel Products,Industrials,Capital Goods,Industrial Products,Iron & Steel Products,513,1422.97,564.1397785,0.29,3.11,59.42,10996876.77,27738206.63,39.65
924,KAMOPAINTS,Kamdhenu Ventures Limited,Paints,Consumer Discretionary,Consumer Durables,Consumer Durables,Paints,25.84,812.29,402.1111868,0.19,4.01,76.61,155615784.4,314353715.2,49.50
925,KANANIIND,Kanani Industries Limited,Gems Jewellery And Watches,Consumer Discretionary,Consumer Durables,Consumer Durables,Gems Jewellery And Watches,2.73,54.02,33.33475567,1.67,3.13,59.8,122105332.1,197875457.9,61.71
926,KANORICHEM,Kanoria Chemicals & Industries Limited,Commodity Chemicals,Commodities,Chemicals,Chemicals & Petrochemicals,Commodity Chemicals,131,572.38,143.4396676,0.31,3.13,59.8,10949592.94,43693129.77,25.06
927,KANPRPLA,Kanpur Plastipack Limited,Packaging,Industrials,Capital Goods,Industrial Products,Packaging,119,255.48,58.32310648,0.59,2.59,49.48,4901101.384,21468907.56,22.83
928,KANSAINER,Kansai Nerolac Paints Limited,Paints,Consumer Discretionary,Consumer Durables,Consumer Durables,Paints,281,22715.52,5650.735124,0.06,1.54,29.42,201093776.6,808381494.7,24.88
929,KAPSTON,Kapston Services Limited,Diversified Commercial Services,Services,Services,Commercial Services & Supplies,Diversified Commercial Services,236.51,479.83,76.6583395,2.92,2.79,53.3,3241230.371,20287937.09,15.98
930,KARMAENG,Karma Energy Limited,Power Generation,Utilities,Power,Power,Power Generation,67,77.52,14.63300288,3.51,3.24,61.9,2184030.281,11570149.25,18.88
931,KARURVYSYA,Karur Vysya Bank Limited,Private Sector Bank,Financial Services,Financial Services,Banks,Private Sector Bank,199.75,16071.65,15651.49354,0.05,2.19,41.84,783554119.5,804588235.3,97.39
932,KAUSHALYA,Kaushalya Infrastructure Development Corporation Limited,Hotels & Resorts,Consumer Discretionary,Consumer Services,Leisure Services,Hotels & Resorts,951.1,32.94,16.00034711,2.77,3.09,59.03,168229.9139,346335.8217,48.57
933,KAVVERITEL,Kavveri Telecom Products Limited,Telecom - Equipment & Accessories,Telecommunication,Telecommunication,Telecom - Equipment & Accessories,Telecom - Equipment & Accessories,1,94.16,1,4.27,,,10000000,941600000,1.06
934,KAYA,Kaya Limited,Wellness,Consumer Discretionary,Consumer Services,Leisure Services,Wellness,429.95,563.13,226.4380224,0.88,3.35,64,5266612.919,13097569.48,40.21
935,KAYNES,Kaynes Technology India Limited,Industrial Products,Industrials,Capital Goods,Industrial Manufacturing,Industrial Products,4899.8,31364,13226.35439,0.07,3.02,57.7,26993661.76,64010775.95,42.17
936,KBCGLOBAL,KBC Global Limited,Residential Commercial Projects,Consumer Discretionary,Realty,Realty,Residential Commercial Projects,2.08,355.65,340.9208463,1,3.1,59.23,1639042530,1709855769,95.86
937,KCP,KCP Limited,Cement & Cement Products,Commodities,Construction Materials,Cement & Cement Products,Cement & Cement Products,228,2939.4,1601.104271,0.09,3.07,58.65,70223871.54,128921052.6,54.47
938,KCPSUGIND,KCP Sugar and Industries Corporation Limited,Sugar,Fast Moving Consumer Goods,Fast Moving Consumer Goods,Agricultural Food & other Products,Sugar,51.49,583.82,331.456001,0.3,3.51,67.06,64372888.13,113385123.3,56.77
939,KDDL,KDDL Limited,Gems Jewellery And Watches,Consumer Discretionary,Consumer Durables,Consumer Durables,Gems Jewellery And Watches,2800,3510.39,1721.644046,0.14,2.84,54.26,6148728.736,12537107.14,49.04
940,KEC,KEC International Limited,Civil Construction,Industrials,Construction,Construction,Civil Construction,992,26407.04,12362.21811,0.06,2.37,45.28,124619134.2,266200000,46.81
941,KECL,Kirloskar Electric Company Limited,Other Electrical Equipment,Industrials,Capital Goods,Electrical Equipment,Other Electrical Equipment,181.57,1205.88,608.8019276,0.23,3.71,70.88,33529874.3,66414055.19,50.49
942,KEEPLEARN,DSJ Keep Learning Limited,Education,Consumer Discretionary,Consumer Services,Other Consumer Services,Education,6.74,104.95,1,4.91,,,1483679.525,155712166.2,0.95
943,KEI,KEI Industries Limited,Cables - Electricals,Industrials,Capital Goods,Industrial Products,Cables - Electricals,4120,37179.47,23147.90237,0.04,2.37,45.28,56184229.06,90241432.04,62.26
944,KELLTONTEC,Kellton Tech Solutions Limited,Computers - Software & Consulting,Information Technology,Information Technology,IT - Software,Computers - Software & Consulting,132.7,1292.64,612.6306011,0.1,3.34,63.81,46166586.36,97410700.83,47.39
945,KERNEX,Kernex Microsystems (India) Limited,Transport Related Services,Services,Services,Transport Services,Transport Related Services,700.9,1174.67,652.2672355,0.94,3.15,60.18,9306138.329,16759452.13,55.53
946,KESORAMIND,Kesoram Industries Limited,Cement & Cement Products,Commodities,Construction Materials,Cement & Cement Products,Cement & Cement Products,214.92,6676.28,3775.274697,0.06,2.07,39.55,175659533.6,310640238.2,56.55
947,KEYFINSERV,Keynote Financial Services Limited,Other Financial Services,Financial Services,Financial Services,Finance,Other Financial Services,252.3,177.07,37.69257879,1.54,4.28,81.77,1493958.731,7018232.263,21.29
948,KFINTECH,Kfin Technologies Limited,Depositories Clearing Houses and Other Intermediaries,Financial Services,Financial Services,Capital Markets,Depositories Clearing Houses and Other Intermediaries,989,16952.17,11348.15681,0.06,2.94,56.17,114743749.3,171407179,66.94
949,KHADIM,Khadim India Limited,Footwear,Consumer Discretionary,Consumer Durables,Consumer Durables,Footwear,367.5,675.41,243.5140899,0.25,2.8,53.49,6626233.738,18378503.4,36.05
950,KHAICHEM,Khaitan Chemicals & Fertilizers Limited,Fertilizers,Commodities,Chemicals,Fertilizers & Agrochemicals,Fertilizers,74.11,718.79,155.8998604,0.17,3.3,63.05,21036278.56,96989610.04,21.69
951,KHAITANLTD,Khaitan (India) Limited,Consumer Electronics,Consumer Discretionary,Consumer Durables,Consumer Durables,Consumer Electronics,92.5,43.94,1,2.02,,,108108.1081,4750270.27,2.28
952,KHANDSE,Khandwala Securities Limited,Stockbroking & Allied,Financial Services,Financial Services,Capital Markets,Stockbroking & Allied,28.1,42.86,21.62722363,1.72,3.32,63.43,7696520.866,15252669.04,50.46
953,KICL,Kalyani Investment Company Limited,Investment Company,Financial Services,Financial Services,Finance,Investment Company,5774.3,2520.66,630.8149908,0.32,2.8,53.49,1092452.749,4365308.349,25.03
954,KILITCH,Kilitch Drugs (India) Limited,Pharmaceuticals,Healthcare,Healthcare,Pharmaceuticals & Biotechnology,Pharmaceuticals,328.1,527.66,154.6769293,0.55,2.65,50.63,4714322.745,16082291.98,29.31
955,KIMS,Krishna Institute of Medical Sciences Limited,Hospital,Healthcare,Healthcare,Healthcare Services,Hospital,533,21327.41,13047.80794,0.06,1.6,30.57,244799398.5,400139024.4,61.18
956,KINGFA,Kingfa Science & Technology (India) Limited,Plastic Products - Industrial,Industrials,Capital Goods,Industrial Products,Plastic Products - Industrial,3088.4,3740.19,917.5857244,0.23,3.13,59.8,2971071.508,12110445.54,24.53
957,KIOCL,KIOCL Limited,Sponge Iron,Commodities,Metals & Mining,Ferrous Metals,Sponge Iron,347.7,21131.51,203.36961,0.12,3.49,66.68,5848996.548,607751222.3,0.96
958,KIRIINDUS,Kiri Industries Limited,Dyes And Pigments,Commodities,Chemicals,Chemicals & Petrochemicals,Dyes And Pigments,339,1757.18,1275.076402,0.15,2.86,54.64,37612873.2,51834218.29,72.56
959,KIRLOSBROS,Kirloskar Brothers Limited,Compressors Pumps & Diesel Engines,Industrials,Capital Goods,Industrial Products,Compressors Pumps & Diesel Engines,1685,13380.4,4255.664263,0.09,3.52,67.25,25256167.73,79408902.08,31.81
960,KIRLOSENG,Kirloskar Oil Engines Limited,Compressors Pumps & Diesel Engines,Industrials,Capital Goods,Industrial Products,Compressors Pumps & Diesel Engines,1118,16222.97,9269.576391,0.08,2.58,49.29,82912132.3,145107066.2,57.14
961,KIRLOSIND,Kirloskar Industries Limited,Other Industrial Products,Industrials,Capital Goods,Industrial Products,Other Industrial Products,5116.05,5093.38,1333.782582,0.16,2.38,45.47,2607055.408,9955688.471,26.19
962,KIRLPNU,Kirloskar Pneumatic Company Limited,Compressors Pumps & Diesel Engines,Industrials,Capital Goods,Industrial Products,Compressors Pumps & Diesel Engines,1218,7897.67,4608.289933,0.21,2.61,49.86,37834892.72,64841297.21,58.35
963,KITEX,Kitex Garments Limited,Garments & Apparels,Consumer Discretionary,Textiles,Textiles & Apparels,Garments & Apparels,502.25,3339.96,1418.301716,0.24,3.55,67.82,28238959,66499950.22,42.46
964,KKCL,Kewal Kiran Clothing Limited,Garments & Apparels,Consumer Discretionary,Textiles,Textiles & Apparels,Garments & Apparels,635.15,3914.12,1007.221432,0.16,1.93,36.87,15858008.86,61625127.92,25.73
965,KMSUGAR,K.M.Sugar Mills Limited,Sugar,Fast Moving Consumer Goods,Fast Moving Consumer Goods,Agricultural Food & other Products,Sugar,36.9,339.48,147.6319773,0.5,3.21,61.33,40008665.93,92000000,43.49
966,KNRCON,KNR Constructions Limited,Civil Construction,Industrials,Construction,Construction,Civil Construction,310.95,8744.99,4476.193034,0.07,2.5,47.76,143952179.9,281234603.6,51.19
967,KOHINOOR,Kohinoor Foods Limited,Other Agricultural Products,Fast Moving Consumer Goods,Fast Moving Consumer Goods,Agricultural Food & other Products,Other Agricultural Products,43.54,161.41,100.6024697,0.42,3.61,68.97,23105757.86,37071658.25,62.33
968,KOKUYOCMLN,Kokuyo Camlin Limited,Stationary,Fast Moving Consumer Goods,Fast Moving Consumer Goods,Household Products,Stationary,178.3,1788.42,434.5012416,0.16,2.67,51.01,24369110.58,100303982.1,24.30
969,KOLTEPATIL,Kolte - Patil Developers Limited,Residential Commercial Projects,Consumer Discretionary,Realty,Realty,Residential Commercial Projects,377.85,2871.83,876.12537,0.1,2.75,52.54,23187121.08,76004499.14,30.51
970,KOPRAN,Kopran Limited,Pharmaceuticals,Healthcare,Healthcare,Pharmaceuticals & Biotechnology,Pharmaceuticals,295.75,1425.89,791.4574903,0.09,3.17,60.56,26761030.95,48212679.63,55.51
971,KOTAKBANK,Kotak Mahindra Bank Limited,Private Sector Bank,Financial Services,Financial Services,Banks,Private Sector Bank,1795.3,356927.19,263247.7197,0.01,1.42,27.13,1466316046,1988120036,73.75
972,KOTARISUG,Kothari Sugars And Chemicals Limited,Sugar,Fast Moving Consumer Goods,Fast Moving Consumer Goods,Agricultural Food & other Products,Sugar,52.91,438.56,114.9654684,0.22,2.73,52.16,21728495.25,82887922.89,26.21
973,KOTHARIPET,Kothari Petrochemicals Limited,Petrochemicals,Commodities,Chemicals,Chemicals & Petrochemicals,Petrochemicals,199.9,1176.34,323.2145799,0.16,3.29,62.86,16168813.4,58846423.21,27.48
974,KOTHARIPRO,Kothari Products Limited,Trading & Distributors,Services,Services,Commercial Services & Supplies,Trading & Distributors,155.99,465.53,115.7779522,0.69,3.5,66.87,7422139.382,29843579.72,24.87
975,KPIGREEN,KPI Green Energy Limited,Power Generation,Utilities,Power,Power,Power Generation,769,10093.92,4971.348903,2.38,3.3,63.05,64646929.82,131260338.1,49.25
976,KPIL,Kalpataru Projects International Limited,Civil Construction,Industrials,Construction,Construction,Civil Construction,1298,21085.51,13630.51743,0.05,2.38,45.47,105011690.5,162446147.9,64.64
977,KPITTECH,KPIT Technologies Limited,Computers - Software & Consulting,Information Technology,Information Technology,IT - Software,Computers - Software & Consulting,1705,46741.52,27703.60498,0.04,2.3,43.94,162484486.7,274143812.3,59.27
978,KPRMILL,K.P.R. Mill Limited,Other Textile Products,Consumer Discretionary,Textiles,Textiles & Apparels,Other Textile Products,925.5,31634.89,8297.166187,0.08,2.18,41.65,89650634.11,341814046.5,26.23
979,KRBL,KRBL Limited,Other Agricultural Products,Fast Moving Consumer Goods,Fast Moving Consumer Goods,Agricultural Food & other Products,Other Agricultural Products,279.95,6407.77,2523.496161,0.06,2.24,42.8,90140959.49,228889801.8,39.38
980,KREBSBIO,Krebs Biochemicals and Industries Limited,Pharmaceuticals,Healthcare,Healthcare,Pharmaceuticals & Biotechnology,Pharmaceuticals,1,168.82,1,1.32,,,10000000,1688200000,0.59
981,KRIDHANINF,Kridhan Infra Limited,Civil Construction,Industrials,Construction,Construction,Civil Construction,4.18,39.62,20.9368096,4.09,3.42,65.34,50088061.25,94784689,52.84
982,KRISHANA,Krishana Phoschem Limited,Fertilizers,Commodities,Chemicals,Fertilizers & Agrochemicals,Fertilizers,219.5,1329.13,384.9531391,0.23,2.1,40.12,17537728.43,60552619.59,28.96
983,KRITI,Kriti Industries (India) Limited,Plastic Products - Industrial,Industrials,Capital Goods,Industrial Products,Plastic Products - Industrial,214.5,1064,325.2644896,0.45,3.71,70.88,15163845.67,49603729.6,30.57
984,KRITIKA,Kritika Wires Limited,Iron & Steel Products,Industrials,Capital Goods,Industrial Products,Iron & Steel Products,15.19,404.48,111.0275509,2.23,2.88,55.02,73092528.6,266280447.7,27.45
985,KRITINUT,Kriti Nutrients Limited,Edible Oil,Fast Moving Consumer Goods,Fast Moving Consumer Goods,Agricultural Food & other Products,Edible Oil,133.35,668.13,205.3338554,0.49,3.42,65.34,15398114.39,50103487.06,30.73
986,KRONOX,Kronox Lab Sciences Limited,Specialty Chemicals,Commodities,Chemicals,Chemicals & Petrochemicals,Specialty Chemicals,152,563.98,145.4641839,0.26,1.68,32.1,9570012.096,37103947.37,25.79
987,KRSNAA,Krsnaa Diagnostics Limited,Healthcare Service Provider,Healthcare,Healthcare,Healthcare Services,Healthcare Service Provider,780,2518.6,1402.198651,0.1,2.4,45.85,17976905.78,32289743.59,55.67
988,KRYSTAL,Krystal Integrated Services Limited,Diversified Commercial Services,Services,Services,Commercial Services & Supplies,Diversified Commercial Services,726,1014.36,304.7422479,0.14,2.23,42.6,4197551.623,13971900.83,30.04
989,KSB,Ksb Limited,Compressors Pumps & Diesel Engines,Industrials,Capital Goods,Industrial Products,Compressors Pumps & Diesel Engines,866.45,15079.63,4531.4132,0.08,2.24,42.8,52298611.57,174039240.6,30.05
990,KSCL,Kaveri Seed Company Limited,Other Agricultural Products,Fast Moving Consumer Goods,Fast Moving Consumer Goods,Agricultural Food & other Products,Other Agricultural Products,873.4,4492.69,1746.788723,0.09,2.5,47.76,19999870.88,51439088.62,38.88
991,KSHITIJPOL,Kshitij Polyline Limited,Stationary,Fast Moving Consumer Goods,Fast Moving Consumer Goods,Household Products,Stationary,6.29,55.98,55.90695624,2.56,3.1,59.23,88882283.37,88998410.17,99.87
992,KSL,Kalyani Steels Limited,Iron & Steel Products,Industrials,Capital Goods,Industrial Products,Iron & Steel Products,807.85,3526.51,1229.349294,0.12,2.73,52.16,15217544.02,43653029.65,34.86
993,KSOLVES,Ksolves India Limited,Computers - Software & Consulting,Information Technology,Information Technology,IT - Software,Computers - Software & Consulting,1005.05,1191.59,426.2522186,0.12,2.41,46.04,4241104.608,11856027.06,35.77
994,KTKBANK,The Karnataka Bank Limited,Private Sector Bank,Financial Services,Financial Services,Banks,Private Sector Bank,223,8421.65,8312.64785,0.05,2.25,42.99,372764477.6,377652466.4,98.71
995,KUANTUM,Kuantum Papers Limited,Paper & Paper Products,Commodities,Forest Materials,Paper Forest & Jute Products,Paper & Paper Products,132.11,1152.84,286.5014454,0.2,2.5,47.76,21686582.8,87263643.93,24.85
996,LAGNAM,Lagnam Spintex Limited,Other Textile Products,Consumer Discretionary,Textiles,Textiles & Apparels,Other Textile Products,110.69,195.58,61.61005439,1.88,3.36,64.19,5566000.035,17669166.14,31.50
997,LAL,Lorenzini Apparels Limited,Garments & Apparels,Consumer Discretionary,Textiles,Textiles & Apparels,Garments & Apparels,26.43,424.24,142.7258168,0.86,3.36,64.19,54001444.1,160514566.8,33.64
998,LALPATHLAB,Dr. Lal Path Labs Ltd.,Healthcare Service Provider,Healthcare,Healthcare,Healthcare Services,Healthcare Service Provider,3463,28941.76,12716.51886,0.04,1.76,33.62,36721105.57,83574241.99,43.94
999,LAMBODHARA,Lambodhara Textiles Limited,Other Textile Products,Consumer Discretionary,Textiles,Textiles & Apparels,Other Textile Products,155,160.85,41.43841578,0.43,3.65,69.73,2673446.179,10377419.35,25.76
1000,LANCORHOL,Lancor Holdings Limited,Residential Commercial Projects,Consumer Discretionary,Realty,Realty,Residential Commercial Projects,38.65,282.13,82.06054975,0.92,1.93,36.87,21231707.57,72996119.02,29.09
1001,LANDMARK,Landmark Cars Limited,Auto Dealer,Consumer Discretionary,Automobile and Auto Components,Automobiles,Auto Dealer,626.95,2591.24,1245.48018,0.11,2.22,42.41,19865701.89,41330887.63,48.07
1002,LAOPALA,La Opala RG Limited,Glass - Consumer,Consumer Discretionary,Consumer Durables,Consumer Durables,Glass - Consumer,332.05,3685.76,1248.881224,0.1,1.98,37.83,37611240,111000150.6,33.88
1003,LASA,Lasa Supergenerics Limited,Pharmaceuticals,Healthcare,Healthcare,Pharmaceuticals & Biotechnology,Pharmaceuticals,25.72,128.86,59.61983512,0.94,3.46,66.1,23180340.25,50101088.65,46.27
1004,LATENTVIEW,Latent View Analytics Limited,Computers - Software & Consulting,Information Technology,Information Technology,IT - Software,Computers - Software & Consulting,456,9393.5,3228.113927,0.14,2.16,41.27,70791972.09,205997807,34.37
1005,LATTEYS,Latteys Industries Limited,Compressors Pumps & Diesel Engines,Industrials,Capital Goods,Industrial Products,Compressors Pumps & Diesel Engines,40.97,235.56,65.75691983,3.93,2.83,54.07,16050017.04,57495728.58,27.92
1006,LAURUSLABS,Laurus Labs Limited,Pharmaceuticals,Healthcare,Healthcare,Pharmaceuticals & Biotechnology,Pharmaceuticals,431,23237.77,16922.81045,0.05,1.93,36.87,392640613.8,539159396.8,72.82
1007,LAXMICOT,Laxmi Cotspin Limited,Other Textile Products,Consumer Discretionary,Textiles,Textiles & Apparels,Other Textile Products,33.49,57.43,24.40084979,0.61,4.11,78.52,7286010.688,17148402.51,42.49
1008,LAXMIMACH,Lakshmi Machine Works Limited,Industrial Products,Industrials,Capital Goods,Industrial Manufacturing,Industrial Products,17350,18535.01,11666.43259,0.09,1.92,36.68,6724168.641,10683002.88,62.94
1009,LCCINFOTEC,LCC Infotech Limited,Education,Consumer Discretionary,Consumer Services,Other Consumer Services,Education,9.19,116.34,63.00645025,0.76,3.83,73.17,68559793.53,126594124,54.16
1010,LEMONTREE,Lemon Tree Hotels Limited,Hotels & Resorts,Consumer Discretionary,Consumer Services,Leisure Services,Hotels & Resorts,113.98,9030.03,5601.34269,0.05,2.33,44.51,491432066.1,792246885.4,62.03
1011,LEXUS,Lexus Granito (India) Limited,Ceramics,Consumer Discretionary,Consumer Durables,Consumer Durables,Ceramics,47,94.9,42.57726394,0.88,3.63,69.35,9058992.328,20191489.36,44.87
1012,LFIC,Lakshmi Finance & Industrial Corporation Limited,Investment Company,Financial Services,Financial Services,Finance,Investment Company,314,94.2,41.5189326,1.09,4.12,78.71,1322259,3000000,44.08
1013,LGBBROSLTD,LG Balakrishnan & Bros Limited,Auto Components & Equipments,Consumer Discretionary,Automobile and Auto Components,Auto Components,Auto Components & Equipments,1304,4093.57,2702.14578,0.12,2.15,41.08,20721976.84,31392407.98,66.01
1014,LGHL,Laxmi Goldorna House Limited,Gems Jewellery And Watches,Consumer Discretionary,Consumer Durables,Consumer Durables,Gems Jewellery And Watches,292.75,611.02,1,3.31,,,34158.8386,20871733.56,0.16
1015,LIBAS,Libas Consumer Products Limited,Garments & Apparels,Consumer Discretionary,Textiles,Textiles & Apparels,Garments & Apparels,18.39,48.45,33.57308131,0.59,3.13,59.8,18256161.67,26345840.13,69.29
1016,LIBERTSHOE,Liberty Shoes Limited,Footwear,Consumer Discretionary,Consumer Durables,Consumer Durables,Footwear,482,821.33,334.2796747,0.67,3.12,59.61,6935262.96,17040041.49,40.70
1017,LICHSGFIN,LIC Housing Finance Limited,Housing Finance Company,Financial Services,Financial Services,Finance,Housing Finance Company,607.55,33419.08,18221.6852,0.04,2.26,43.18,299920750.6,550063040.1,54.52
1018,LICI,Life Insurance Corporation Of India,Life Insurance,Financial Services,Financial Services,Insurance,Life Insurance,930.85,588762.41,20606.68438,0.03,2.21,42.22,221374919.5,6324997690,3.50
1019,LIKHITHA,Likhitha Infrastructure Limited,Civil Construction,Industrials,Construction,Construction,Civil Construction,372.3,1468.72,439.8870944,0.11,3.01,57.51,11815393.35,39449905.99,29.95
1020,LINC,Linc Limited,Stationary,Fast Moving Consumer Goods,Fast Moving Consumer Goods,Household Products,Stationary,624,928.03,248.7902515,0.21,2.78,53.11,3987023.26,14872275.64,26.81
1021,LINCOLN,Lincoln Pharmaceuticals Limited,Pharmaceuticals,Healthcare,Healthcare,Pharmaceuticals & Biotechnology,Pharmaceuticals,649.3,1300.53,618.7246602,0.13,2.23,42.6,9529103.037,20029724.32,47.57
1022,LINDEINDIA,Linde India Limited,Industrial Gases,Commodities,Chemicals,Chemicals & Petrochemicals,Industrial Gases,7955,67843.6,16690.40742,0.04,2.49,47.57,20981027.55,85284223.76,24.60
1023,LLOYDSENGG,LLOYDS ENGINEERING WORKS LIMITED,Industrial Products,Industrials,Capital Goods,Industrial Manufacturing,Industrial Products,72.3,8272.64,3533.336648,0.08,3.74,71.45,488704930.6,1144210235,42.71
1024,LLOYDSME,Lloyds Metals And Energy Limited,Sponge Iron,Commodities,Metals & Mining,Ferrous Metals,Sponge Iron,902.45,47175.89,11742.26841,0.08,2.15,41.08,130115445.9,522753504.3,24.89
1025,LODHA,Macrotech Developers Limited,Residential Commercial Projects,Consumer Discretionary,Realty,Realty,Residential Commercial Projects,1181,117537.9,32758.16465,0.04,2.78,53.11,277376500,995240474.2,27.87
1026,LOKESHMACH,Lokesh Machines Limited,Industrial Products,Industrials,Capital Goods,Industrial Manufacturing,Industrial Products,377.1,697.51,316.1764544,0.4,2.99,57.12,8384419.37,18496685.23,45.33
1027,LORDSCHLO,Lords Chloro Alkali Limited,Commodity Chemicals,Commodities,Chemicals,Chemicals & Petrochemicals,Commodity Chemicals,123,309.39,78.39170345,1.78,2.67,51.01,6373309.223,25153658.54,25.34
1028,LOTUSEYE,Lotus Eye Hospital and Institute Limited,Hospital,Healthcare,Healthcare,Healthcare Services,Hospital,73.61,153.08,89.28510426,0.73,3.54,67.63,12129480.27,20796087.49,58.33
1029,LOVABLE,Lovable Lingerie Limited,Garments & Apparels,Consumer Discretionary,Textiles,Textiles & Apparels,Garments & Apparels,134.01,198.33,71.46201179,0.38,2.98,56.93,5332588,14799641.82,36.03
1030,LOYALTEX,Loyal Textile Mills Limited,Other Textile Products,Consumer Discretionary,Textiles,Textiles & Apparels,Other Textile Products,515,248.05,58.63111011,1.1,3.21,61.33,1138468.157,4816504.854,23.64
1031,LPDC,Landmark Property Development Company Limited,Real Estate related services,Consumer Discretionary,Realty,Realty,Real Estate related services,9.87,132.4,44.42671715,2.45,4.05,77.38,45011871.48,134143870.3,33.55
1032,LT,Larsen & Toubro Limited,Civil Construction,Industrials,Construction,Construction,Civil Construction,3475,477810.73,408508.582,0.02,1.66,31.71,1175564265,1374994906,85.50
1033,LTF,L&T Finance Limited,Investment Company,Financial Services,Financial Services,Finance,Investment Company,168.05,41889.71,13449.98839,0.05,2.13,40.69,800356345.7,2492693246,32.11
1034,LTFOODS,LT Foods Limited,Other Agricultural Products,Fast Moving Consumer Goods,Fast Moving Consumer Goods,Agricultural Food & other Products,Other Agricultural Products,381.25,13239.02,5229.835952,0.07,2.75,52.54,137176025,347252983.6,39.50
1035,LTIM,LTIMindtree Limited,Computers - Software & Consulting,Information Technology,Information Technology,IT - Software,Computers - Software & Consulting,6250,185108.19,57684.34088,0.03,1.68,32.1,92294945.4,296173104,31.16
1036,LTTS,L&T Technology Services Limited,IT Enabled Services,Information Technology,Information Technology,IT - Services,IT Enabled Services,5147.5,54479.87,14081.95683,0.04,1.75,33.43,27356885.53,105837532.8,25.85
1037,LUMAXIND,Lumax Industries Limited,Auto Components & Equipments,Consumer Discretionary,Automobile and Auto Components,Auto Components,Auto Components & Equipments,2433.15,2274.44,545.6617189,0.16,2.13,40.69,2242614.384,9347717.979,23.99
1038,LUMAXTECH,Lumax Auto Technologies Limited,Auto Components & Equipments,Consumer Discretionary,Automobile and Auto Components,Auto Components,Auto Components & Equipments,545.15,3715.62,1634.722982,0.1,2.49,47.57,29986663.89,68157754.75,44.00
1039,LUPIN,Lupin Limited,Pharmaceuticals,Healthcare,Healthcare,Pharmaceuticals & Biotechnology,Pharmaceuticals,2175,99211.17,52327.34443,0.03,1.63,31.14,240585491.6,456143310.3,52.74
1040,LUXIND,Lux Industries Limited,Garments & Apparels,Consumer Discretionary,Textiles,Textiles & Apparels,Garments & Apparels,2028,6098.54,1570.55621,0.08,2.55,48.72,7744360.008,30071696.25,25.75
1041,LXCHEM,Laxmi Organic Industries Limited,Specialty Chemicals,Commodities,Chemicals,Chemicals & Petrochemicals,Specialty Chemicals,262.8,7268.1,2193.375089,0.06,2.19,41.84,83461761.39,276563926.9,30.18
1042,LYKALABS,Lyka Labs Limited,Pharmaceuticals,Healthcare,Healthcare,Pharmaceuticals & Biotechnology,Pharmaceuticals,125,446.13,186.9062994,0.24,3.02,57.7,14952503.95,35690400,41.90
1043,LYPSAGEMS,Lypsa Gems & Jewellery Limited,Gems Jewellery And Watches,Consumer Discretionary,Consumer Durables,Consumer Durables,Gems Jewellery And Watches,7.78,22.94,14.5948831,2.06,3.98,76.04,18759489.84,29485861.18,63.62
1044,M&M,Mahindra & Mahindra Limited,Passenger Cars & Utility Vehicles,Consumer Discretionary,Automobile and Auto Components,Automobiles,Passenger Cars & Utility Vehicles,3062,380768.53,272449.401,0.02,1.86,35.54,889775966.8,1243528837,71.55
1045,M&MFIN,Mahindra & Mahindra Financial Services Limited,Non Banking Financial Company (NBFC),Financial Services,Financial Services,Finance,Non Banking Financial Company (NBFC),291.95,36071.3,17223.03385,0.04,2.04,38.97,589930942,1235530057,47.75
1046,MAANALU,Maan Aluminium Limited,Aluminium,Commodities,Metals & Mining,Non - Ferrous Metals,Aluminium,165.5,895.1,354.4193118,0.2,3.36,64.19,21415064.16,54084592.15,39.60
1047,MACPOWER,Macpower CNC Machines Limited,Industrial Products,Industrials,Capital Goods,Industrial Manufacturing,Industrial Products,1216.8,1217.31,326.5728178,2.22,3.23,61.71,2683866.024,10004191.32,26.83
1048,MADHAV,Madhav Marbles and Granites Limited,Granites & Marbles,Consumer Discretionary,Consumer Durables,Consumer Durables,Granites & Marbles,50.75,45.41,24.36773359,2.87,3.01,57.51,4801523.861,8947783.251,53.66
1049,MADHUCON,Madhucon Projects Limited,Civil Construction,Industrials,Construction,Construction,Civil Construction,12.36,91.21,37.32682136,3.79,3.19,60.94,30199693.66,73794498.38,40.92
1050,MADRASFERT,Madras Fertilizers Limited,Fertilizers,Commodities,Chemicals,Fertilizers & Agrochemicals,Fertilizers,94.99,1530.3,225.4409194,0.12,3.32,63.43,23733121.31,161101168.5,14.73
1051,MAGADSUGAR,Magadh Sugar & Energy Limited,Sugar,Fast Moving Consumer Goods,Fast Moving Consumer Goods,Agricultural Food & other Products,Sugar,826.1,1164.11,377.069054,0.2,2.99,57.12,4564448.057,14091635.4,32.39
1052,MAGNUM,Magnum Ventures Limited,Paper & Paper Products,Commodities,Forest Materials,Paper Forest & Jute Products,Paper & Paper Products,43.5,288.89,113.7177783,0.81,3.1,59.23,26142018,66411494.25,39.36
1053,MAHABANK,Bank of Maharashtra,Public Sector Bank,Financial Services,Financial Services,Banks,Public Sector Bank,56.25,39832.73,5392.036718,0.05,2.63,50.25,958584305.4,7081374222,13.54
1054,MAHAPEXLTD,Maha Rashtra Apex Corporation Limited,Other Financial Services,Financial Services,Financial Services,Finance,Other Financial Services,151.17,213.91,76.19048677,0.66,3.49,66.68,5040053.369,14150294.37,35.62
1055,MAHASTEEL,Mahamaya Steel Industries Limited,Iron & Steel Products,Industrials,Capital Goods,Industrial Products,Iron & Steel Products,203.35,334.19,1,0.77,,,49176.29702,16434226.7,0.30
1056,MAHEPC,Mahindra EPC Irrigation Limited,Industrial Products,Industrials,Capital Goods,Industrial Manufacturing,Industrial Products,127.2,355.32,161.8090785,0.47,2.47,47.19,12720839.5,27933962.26,45.54
1057,MAHESHWARI,Maheshwari Logistics Limited,Diversified,Diversified,Diversified,Diversified,Diversified,62.8,185.87,65.26374982,0.49,2.72,51.97,10392316.85,29597133.76,35.11
1058,MAHLIFE,Mahindra Lifespace Developers Limited,Residential Commercial Projects,Consumer Discretionary,Realty,Realty,Residential Commercial Projects,490,7597.93,3682.714844,0.07,2.01,38.4,75157445.8,155059795.9,48.47
1059,MAHLOG,Mahindra Logistics Limited,Logistics Solution Provider,Services,Services,Transport Services,Logistics Solution Provider,477,3436.8,1439.466405,0.09,2.09,39.93,30177492.77,72050314.47,41.88
1060,MAHSCOOTER,Maharashtra Scooters Limited,Investment Company,Financial Services,Financial Services,Finance,Investment Company,10870,12422.85,5901.315018,0.1,1.75,33.43,5428992.657,11428564.86,47.50
1061,MAHSEAMLES,Maharashtra Seamless Limited,Iron & Steel Products,Industrials,Capital Goods,Industrial Products,Iron & Steel Products,619,8294.55,2586.706338,0.06,2.43,46.43,41788470.73,133999192.2,31.19
1062,MAITHANALL,Maithan Alloys Limited,Ferro & Silica Manganese,Commodities,Metals & Mining,Ferrous Metals,Ferro & Silica Manganese,1075.6,3131.24,782.5653429,0.1,2.31,44.13,7275616.799,29111565.64,24.99
1063,MALLCOM,Mallcom (India) Limited,Other Industrial Products,Industrials,Capital Goods,Industrial Products,Other Industrial Products,1444,901.06,236.8425696,0.34,2.98,56.93,1640184,6240027.701,26.28
1064,MALUPAPER,Malu Paper Mills Limited,Paper & Paper Products,Commodities,Forest Materials,Paper Forest & Jute Products,Paper & Paper Products,47,80.18,24.09499477,2.72,3.76,71.83,5126594.632,17059574.47,30.05
1065,MANAKALUCO,Manaksia Aluminium Company Limited,Aluminium,Commodities,Metals & Mining,Non - Ferrous Metals,Aluminium,31.5,206.43,56.03108192,2.24,3.46,66.1,17787645.06,65533333.33,27.14
1066,MANAKCOAT,Manaksia Coated Metals & Industries Limited,Iron & Steel Products,Industrials,Capital Goods,Industrial Products,Iron & Steel Products,70.4,522.85,150.2766375,2.2,3.36,64.19,21346113.27,74268465.91,28.74
1067,MANAKSIA,Manaksia Limited,Iron & Steel Products,Industrials,Capital Goods,Industrial Products,Iron & Steel Products,95.1,623.23,155.927487,0.23,2.71,51.77,16396160.57,65534174.55,25.02
1068,MANAKSTEEL,Manaksia Steels Limited,Iron & Steel,Commodities,Metals & Mining,Ferrous Metals,Iron & Steel,66,432.52,109.1597263,0.75,3.42,65.34,16539352.47,65533333.33,25.24
1069,MANALIPETC,Manali Petrochemicals Limited,Petrochemicals,Commodities,Chemicals,Chemicals & Petrochemicals,Petrochemicals,75.3,1295.15,649.3410972,0.12,2.66,50.82,86233877.45,171998672,50.14
1070,MANAPPURAM,Manappuram Finance Limited,Non Banking Financial Company (NBFC),Financial Services,Financial Services,Finance,Non Banking Financial Company (NBFC),183.05,15493.99,9936.883093,0.04,2.44,46.62,542850756.2,846434853.9,64.13
1071,MANGALAM,Mangalam Drugs And Organics Limited,Pharmaceuticals,Healthcare,Healthcare,Pharmaceuticals & Biotechnology,Pharmaceuticals,114.5,181.23,90.04510953,0.37,2.76,52.73,7864201.706,15827947.6,49.69
1072,MANGCHEFER,Mangalore Chemicals & Fertilizers Limited,Fertilizers,Commodities,Chemicals,Fertilizers & Agrochemicals,Fertilizers,128.5,1522.92,548.3896696,0.12,2.72,51.97,42676238.88,118515175.1,36.01
1073,MANGLMCEM,Mangalam Cement Limited,Cement & Cement Products,Commodities,Construction Materials,Cement & Cement Products,Cement & Cement Products,786,2161.29,1344.616998,0.09,2.73,52.16,17107086.49,27497328.24,62.21
1074,MANINDS,Man Industries (India) Limited,Iron & Steel Products,Industrials,Capital Goods,Industrial Products,Iron & Steel Products,326.45,2113.28,967.8886771,0.35,3.12,59.61,29648910.31,64735181.5,45.80
1075,MANINFRA,Man Infraconstruction Limited,Civil Construction,Industrials,Construction,Construction,Civil Construction,184.7,6856.99,2234.139248,0.09,2.52,48.14,120960435.7,371250135.4,32.58
1076,MANKIND,Mankind Pharma Limited,Pharmaceuticals,Healthcare,Healthcare,Pharmaceuticals & Biotechnology,Pharmaceuticals,2533,101483.16,23855.44349,0.04,1.82,34.77,94178616.23,400644137.4,23.51
1077,MANOMAY,Manomay Tex India Limited,Other Textile Products,Consumer Discretionary,Textiles,Textiles & Apparels,Other Textile Products,213.01,384.46,146.0690989,0.98,3.43,65.53,6857382.23,18048917.89,37.99
1078,MANORAMA,Manorama Industries Limited,Other Food Products,Fast Moving Consumer Goods,Fast Moving Consumer Goods,Food Products,Other Food Products,802,4779.84,1679.441141,0.47,2.74,52.35,20940662.61,59599002.49,35.14
1079,MANORG,Mangalam Organics Limited,Commodity Chemicals,Commodities,Chemicals,Chemicals & Petrochemicals,Commodity Chemicals,1,430.15,1,0.97,,,10000000,4301500000,0.23
1080,MANUGRAPH,Manugraph India Limited,Industrial Products,Industrials,Capital Goods,Industrial Manufacturing,Industrial Products,22.55,68.59,28.0051574,1.52,3.94,75.27,12419138.54,30416851.44,40.83
1081,MANYAVAR,Vedant Fashions Limited,Speciality Retail,Consumer Discretionary,Consumer Services,Retailing,Speciality Retail,1265,30727.91,7691.072536,0.06,1.81,34.58,60798992.38,242908379.4,25.03
1082,MAPMYINDIA,C.E. Info Systems Limited,Software Products,Information Technology,Information Technology,IT - Software,Software Products,2055,11179.91,2845.533472,0.09,2.49,47.57,13846878.21,54403454.99,25.45
1083,MARALOVER,Maral Overseas Limited,Other Textile Products,Consumer Discretionary,Textiles,Textiles & Apparels,Other Textile Products,76.28,316.62,79.32198309,0.53,3.19,60.94,10398791.7,41507603.57,25.05
1084,MARATHON,Marathon Nextgen Realty Limited,Residential Commercial Projects,Consumer Discretionary,Realty,Realty,Residential Commercial Projects,639.95,3277.06,790.1724475,0.17,3.11,59.42,12347409.13,51208063.13,24.11
1085,MARICO,Marico Limited,Edible Oil,Fast Moving Consumer Goods,Fast Moving Consumer Goods,Agricultural Food & other Products,Edible Oil,677.95,87777.08,35575.08615,0.03,1.53,29.23,524744983.5,1294742680,40.53
1086,MARINE,Marine Electricals (India) Limited,Industrial Products,Industrials,Capital Goods,Industrial Manufacturing,Industrial Products,222.79,2955.65,769.6864947,1.78,3.38,64.57,34547623.08,132665290.2,26.04
1087,MARKSANS,Marksans Pharma Limited,Pharmaceuticals,Healthcare,Healthcare,Pharmaceuticals & Biotechnology,Pharmaceuticals,274.65,12446.14,5611.542387,0.07,3.21,61.33,204316125.5,453163662.8,45.09
1088,MARSHALL,Marshall Machines Limited,Industrial Products,Industrials,Capital Goods,Industrial Manufacturing,Industrial Products,34.55,82.58,58.72559814,3.76,3.45,65.91,16997278.77,23901591.9,71.11
1089,MARUTI,Maruti Suzuki India Limited,Passenger Cars & Utility Vehicles,Consumer Discretionary,Automobile and Auto Components,Automobiles,Passenger Cars & Utility Vehicles,12541,394292.27,164816.1395,0.02,1.39,26.56,131421847.9,314402575.6,41.80
1090,MASFIN,MAS Financial Services Limited,Non Banking Financial Company (NBFC),Financial Services,Financial Services,Finance,Non Banking Financial Company (NBFC),275.1,4991.78,1662.942422,0.1,1.86,35.54,60448652.2,181453289.7,33.31
1091,MASKINVEST,Mask Investments Limited,Investment Company,Financial Services,Financial Services,Finance,Investment Company,97.8,29.84,8.283050921,5.16,3.2,61.14,846937.722,3051124.744,27.76
1092,MASTEK,Mastek Limited,Computers - Software & Consulting,Information Technology,Information Technology,IT - Software,Computers - Software & Consulting,2640,8147.55,4001.637264,0.06,2.26,43.18,15157716.91,30861931.82,49.11
1093,MATRIMONY,Matrimony.Com Limited,Internet & Catalogue Retail,Consumer Discretionary,Consumer Services,Retailing,Internet & Catalogue Retail,753.05,1676.54,810.5596307,0.19,2.25,42.99,10763689.41,22263329.13,48.35
1094,MAWANASUG,Mawana Sugars Limited,Sugar,Fast Moving Consumer Goods,Fast Moving Consumer Goods,Agricultural Food & other Products,Sugar,111.65,436.74,159.4113323,0.2,2.66,50.82,14277772.71,39116883.12,36.50
1095,MAXESTATES,Max Estates Limited,Residential Commercial Projects,Consumer Discretionary,Realty,Realty,Residential Commercial Projects,574,9229.81,3094.458965,0.13,2.69,51.39,53910434.93,160798083.6,33.53
1096,MAXHEALTH,Max Healthcare Institute Limited,Hospital,Healthcare,Healthcare,Healthcare Services,Hospital,922,89630.58,68341.43141,0.04,2.33,44.51,741230275.6,972132104.1,76.25
1097,MAXIND,Max India Limited,Holding Company,Financial Services,Financial Services,Finance,Holding Company,256,1105.17,538.9679052,0.7,2.73,52.16,21053433.8,43170703.13,48.77
1098,MAYURUNIQ,Mayur Uniquoters Ltd,Leather And Leather Products,Consumer Discretionary,Consumer Durables,Consumer Durables,Leather And Leather Products,576,2531.67,1021.404696,0.12,2.08,39.74,17732720.42,43952604.17,40.35
1099,MAZDA,Mazda Limited,Industrial Products,Industrials,Capital Goods,Industrial Manufacturing,Industrial Products,1269,508.23,221.0997957,0.22,2.66,50.82,1742315.175,4004964.539,43.50
1100,MAZDOCK,Mazagon Dock Shipbuilders Limited,Ship Building & Allied Services,Industrials,Capital Goods,Industrial Manufacturing,Ship Building & Allied Services,3929,79244,12022.34512,0.03,3.82,72.98,30598994.97,201689997.5,15.17
1101,MBAPL,Madhya Bharat Agro Products Limited,Fertilizers,Commodities,Chemicals,Fertilizers & Agrochemicals,Fertilizers,200,1752.54,448.1381915,0.35,2.12,40.5,22406909.57,87627000,25.57
1102,MBECL,Mcnally Bharat Engineering Company Limited,Civil Construction,Industrials,Construction,Construction,Civil Construction,5.28,90.9,1,3.04,,,1893939.394,172159090.9,1.10
1103,MBLINFRA,MBL Infrastructure Limited,Civil Construction,Industrials,Construction,Construction,Civil Construction,59.66,654.8,203.9794578,1.52,3.56,68.01,34190321.45,109755279.9,31.15
1104,MCL,Madhav Copper Limited,Investment Company,Financial Services,Financial Services,Finance,Investment Company,34.57,93.83,31.58867102,0.92,2.86,54.64,9137596.477,27142030.66,33.67
1105,MCLEODRUSS,Mcleod Russel India Limited,Tea & Coffee,Fast Moving Consumer Goods,Fast Moving Consumer Goods,Agricultural Food & other Products,Tea & Coffee,33.71,352.12,326.2890909,0.9,3.66,69.92,96792966.74,104455651.1,92.66
1106,MCX,Multi Commodity Exchange of India Limited,Exchange and Data Platform,Financial Services,Financial Services,Capital Markets,Exchange and Data Platform,5791,29533.16,29467.44422,0.06,2.51,47.95,50884897.63,50998376.79,99.78
1107,MEDANTA,Global Health Limited,Hospital,Healthcare,Healthcare,Healthcare Services,Hospital,979,26290.79,8111.050094,0.06,2.08,39.74,82850358.46,268547395.3,30.85
1108,MEDIASSIST,Medi Assist Healthcare Services Limited,Insurance Distributors,Financial Services,Financial Services,Insurance,Insurance Distributors,626,4404.99,1827.752953,0.1,2.12,40.5,29197331.52,70367252.4,41.49
1109,MEDICAMEQ,Medicamen Biotech Limited,Pharmaceuticals,Healthcare,Healthcare,Pharmaceuticals & Biotechnology,Pharmaceuticals,545,692.95,285.319699,0.33,3.12,59.61,5235223.835,12714678.9,41.17
1110,MEDICO,Medico Remedies Limited,Pharmaceuticals,Healthcare,Healthcare,Pharmaceuticals & Biotechnology,Pharmaceuticals,1,406.62,1,1.34,,,10000000,4066200000,0.25
1111,MEDPLUS,Medplus Health Services Limited,Pharmacy Retail,Consumer Discretionary,Consumer Services,Retailing,Pharmacy Retail,641.5,7668.95,3064.773187,0.08,1.72,32.86,47775108.14,119547155.1,39.96
1112,MEGASOFT,Megasoft Limited,Other Telecom Services,Telecommunication,Telecommunication,Telecom - Services,Other Telecom Services,64.85,478.4,273.7971531,0.74,3.88,74.13,42220069.87,73770239.01,57.23
1113,MEGASTAR,Megastar Foods Limited,Other Food Products,Fast Moving Consumer Goods,Fast Moving Consumer Goods,Food Products,Other Food Products,250.3,282.68,73.92851254,0.55,2.96,56.55,2953596.186,11293647.62,26.15
1114,MENONBE,Menon Bearings Limited,Auto Components & Equipments,Consumer Discretionary,Automobile and Auto Components,Auto Components,Auto Components & Equipments,124.75,699.1,193.4078356,0.27,2.58,49.29,15503634.12,56040080.16,27.67
1115,METROBRAND,Metro Brands Limited,Footwear,Consumer Discretionary,Consumer Durables,Consumer Durables,Footwear,1220,33177.28,3785.295574,0.08,2.11,40.31,31027012.9,271944918,11.41
1116,METROPOLIS,Metropolis Healthcare Limited,Healthcare Service Provider,Healthcare,Healthcare,Healthcare Services,Healthcare Service Provider,2194,11242.41,5662.275237,0.05,1.94,37.06,25808000.17,51241613.49,50.37
1117,MFSL,Max Financial Services Limited,Life Insurance,Financial Services,Financial Services,Insurance,Life Insurance,1150,39688.2,28322.4114,0.03,1.84,35.15,246281838.2,345114782.6,71.36
1118,MGEL,Mangalam Global Enterprise Limited,Other Agricultural Products,Fast Moving Consumer Goods,Fast Moving Consumer Goods,Agricultural Food & other Products,Other Agricultural Products,23.85,393,109.9989223,0.59,3.61,68.97,46121141.44,164779874.2,27.99
1119,MGL,Mahanagar Gas Limited,LPG/CNG/PNG/LNG Supplier,Energy,Oil Gas & Consumable Fuels,Gas,LPG/CNG/PNG/LNG Supplier,1827,18046.7,10376.67206,0.05,2.25,42.99,56796234.57,98777777.78,57.50
1120,MHLXMIRU,Mahalaxmi Rubtech Limited,Other Textile Products,Consumer Discretionary,Textiles,Textiles & Apparels,Other Textile Products,154,163.55,54.84724201,0.7,3.48,66.49,3561509.221,10620129.87,33.54
1121,MHRIL,Mahindra Holidays & Resorts India Limited,Hotels & Resorts,Consumer Discretionary,Consumer Services,Leisure Services,Hotels & Resorts,381,7695.22,2541.792637,0.1,1.99,38.02,66713717.51,201974278.2,33.03
1122,MICEL,MIC Electronics Limited,Industrial Products,Industrials,Capital Goods,Industrial Manufacturing,Industrial Products,92.54,2230.32,724.6669703,1.36,3.45,65.91,78308512.03,241011454.5,32.49
1123,MIDHANI,Mishra Dhatu Nigam Limited,Aerospace & Defense,Industrials,Capital Goods,Aerospace & Defense,Aerospace & Defense,366.3,6862.26,1784.188692,0.06,2.86,54.64,48708400,187339885.3,26.00
1124,MINDACORP,Minda Corporation Limited,Auto Components & Equipments,Consumer Discretionary,Automobile and Auto Components,Auto Components,Auto Components & Equipments,563.95,13482.88,4512.262971,0.08,2.55,48.72,80011755.85,239079351,33.47
1125,MINDTECK,Mindteck (India) Limited,Computers - Software & Consulting,Information Technology,Information Technology,IT - Software,Computers - Software & Consulting,1,880.12,1,0.38,,,10000000,8801200000,0.11
1126,MIRCELECTR,MIRC Electronics Limited,Consumer Electronics,Consumer Discretionary,Consumer Durables,Consumer Durables,Consumer Electronics,21.83,504.17,223.9909428,0.97,3.71,70.88,102606936.7,230952817.2,44.43
1127,MIRZAINT,Mirza International Limited,Leather And Leather Products,Consumer Discretionary,Consumer Durables,Consumer Durables,Leather And Leather Products,43.46,600.63,167.3594787,0.29,2.75,52.54,38508853.82,138202945.2,27.86
1128,MITCON,MITCON Consultancy & Engineering Services Limited,Consulting Services,Services,Services,Commercial Services & Supplies,Consulting Services,118.5,159.22,128.5551645,0.8,3.48,66.49,10848537.09,13436286.92,80.74
1129,MITTAL,Mittal Life Style Limited,Garments & Apparels,Consumer Discretionary,Textiles,Textiles & Apparels,Garments & Apparels,2.1,93.22,58.27167151,2.15,3.21,61.33,277484150.1,443904761.9,62.51
1130,MKPL,M K Proteins Limited,Edible Oil,Fast Moving Consumer Goods,Fast Moving Consumer Goods,Agricultural Food & other Products,Edible Oil,8.89,333.71,84.01041199,0.8,3.07,58.65,94499901,375376827.9,25.17
1131,MMFL,MM Forgings Limited,Auto Components & Equipments,Consumer Discretionary,Automobile and Auto Components,Auto Components,Auto Components & Equipments,566.9,2737.08,1194.58111,0.11,2.43,46.43,21072166.35,48281531.13,43.64
1132,MMP,MMP Industries Limited,Aluminium,Commodities,Metals & Mining,Non - Ferrous Metals,Aluminium,348.1,884.26,96.13728629,0.31,2.99,57.12,2761772.085,25402470.55,10.87
1133,MMTC,MMTC Limited,Trading & Distributors,Services,Services,Commercial Services & Supplies,Trading & Distributors,81.1,12165,1224.55323,0.22,3.71,70.88,150993000,1500000000,10.07
1134,MODIRUBBER,Modi Rubber Limited,Tyres & Rubber Products,Consumer Discretionary,Automobile and Auto Components,Auto Components,Tyres & Rubber Products,125,313.01,45.02913667,1.68,2.74,52.35,3602330.934,25040800,14.39
1135,MODISONLTD,MODISON LIMITED,Other Electrical Equipment,Industrials,Capital Goods,Electrical Equipment,Other Electrical Equipment,185.08,600.58,287.5190667,0.63,3.53,67.44,15534853.4,32449751.46,47.87
1136,MODTHREAD,Modern Threads (India) Limited,Other Textile Products,Consumer Discretionary,Textiles,Textiles & Apparels,Other Textile Products,57.6,200.3,69.91643288,4.06,14.55,277.98,12138269.6,34774305.56,34.91
1137,MOHITIND,Mohit Industries Limited,Other Textile Products,Consumer Discretionary,Textiles,Textiles & Apparels,Other Textile Products,26.27,37.19,16.71171902,1.61,3.35,64,6361522.278,14156832.89,44.94
1138,MOIL,MOIL Limited,Industrial Minerals,Commodities,Metals & Mining,Minerals & Mining,Industrial Minerals,361.8,7362.09,2597.531145,0.06,3.12,59.61,71794669.57,203485074.6,35.28
1139,MOKSH,Moksh Ornaments Limited,Gems Jewellery And Watches,Consumer Discretionary,Consumer Durables,Consumer Durables,Gems Jewellery And Watches,18.63,99.97,44.85224898,2.82,3.79,72.41,24075281.26,53660762.21,44.87
1140,MOL,Meghmani Organics Limited,Pesticides & Agrochemicals,Commodities,Chemicals,Fertilizers & Agrochemicals,Pesticides & Agrochemicals,92.4,2349.86,1188.957989,0.09,2.41,46.04,128675107,254313852.8,50.60
1141,MOLDTECH,Mold-Tek Technologies Limited,IT Enabled Services,Information Technology,Information Technology,IT - Services,IT Enabled Services,218,622.71,302.7206741,0.17,3.23,61.71,13886269.46,28564678.9,48.61
1142,MOLDTKPAC,Mold-Tek Packaging Limited,Packaging,Industrials,Capital Goods,Industrial Products,Packaging,731.95,2423.16,1601.373876,0.1,1.62,30.95,21878186.7,33105540,66.09
1143,MONARCH,Monarch Networth Capital Limited,Stockbroking & Allied,Financial Services,Financial Services,Capital Markets,Stockbroking & Allied,354.7,2592.86,866.8956552,0.15,3.08,58.84,24440249.65,73100084.58,33.43
1144,MONTECARLO,Monte Carlo Fashions Limited,Garments & Apparels,Consumer Discretionary,Textiles,Textiles & Apparels,Garments & Apparels,770,1596.37,428.1142191,0.14,2.42,46.23,5559924.924,20732077.92,26.82
1145,MORARJEE,Morarjee Textiles Limited,Other Textile Products,Consumer Discretionary,Textiles,Textiles & Apparels,Other Textile Products,12.18,44.25,15.77461899,4.31,3.47,66.29,12951247.12,36330049.26,35.65
1146,MOREPENLAB,Morepen Laboratories Limited,Pharmaceuticals,Healthcare,Healthcare,Pharmaceuticals & Biotechnology,Pharmaceuticals,78.7,4312.4,2730.906456,0.05,3.27,62.47,347002091,547954256.7,63.33
1147,MOTHERSON,Samvardhana Motherson International Limited,Auto Components & Equipments,Consumer Discretionary,Automobile and Auto Components,Auto Components,Auto Components & Equipments,198.26,139501.59,55253.36968,0.03,2.07,39.55,2786914641,7036295269,39.61
1148,MOTILALOFS,Motilal Oswal Financial Services Limited,Stockbroking & Allied,Financial Services,Financial Services,Capital Markets,Stockbroking & Allied,703.65,42065.14,10241.93682,0.06,2.94,56.17,145554420.7,597813401.5,24.35
1149,MOTISONS,Motisons Jewellers Limited,Gems Jewellery And Watches,Consumer Discretionary,Consumer Durables,Consumer Durables,Gems Jewellery And Watches,287.9,2834.26,963.6286758,0.42,3.21,61.33,33470950.88,98445988.19,34.00
1150,MOTOGENFIN,The Motor & General Finance Limited,Diversified Commercial Services,Services,Services,Commercial Services & Supplies,Diversified Commercial Services,37.99,147.12,42.26198123,1.97,3.35,64,11124501.51,38725980.52,28.73
1151,MPHASIS,MphasiS Limited,Computers - Software & Consulting,Information Technology,Information Technology,IT - Software,Computers - Software & Consulting,2868.1,54256.19,32293.9921,0.03,1.97,37.64,112597162.2,189171193.5,59.52
1152,MPSLTD,MPS Limited,E-Learning,Consumer Discretionary,Consumer Services,Other Consumer Services,E-Learning,1982,3390.37,1042.77016,0.14,2.75,52.54,5261201.615,17105802.22,30.76
1153,MRF,MRF Limited,Tyres & Rubber Products,Consumer Discretionary,Automobile and Auto Components,Auto Components,Tyres & Rubber Products,131555,55794.36,26597.83939,0.03,1.38,26.36,2021803.762,4241143.248,47.67
1154,MRO-TEK,MRO-TEK Realty Limited,Telecom - Equipment & Accessories,Telecommunication,Telecommunication,Telecom - Equipment & Accessories,Telecom - Equipment & Accessories,105,196.19,48.44478211,1.07,3.94,75.27,4613788.772,18684761.9,24.69
1155,MRPL,Mangalore Refinery and Petrochemicals Limited,Refineries & Marketing,Energy,Oil Gas & Consumable Fuels,Petroleum Products,Refineries & Marketing,173.26,30365.53,3166.213439,0.04,3.19,60.94,182743474.5,1752598984,10.43
1156,MSPL,MSP Steel & Power Limited,Iron & Steel Products,Industrials,Capital Goods,Industrial Products,Iron & Steel Products,51.48,1984.12,1143.686371,0.66,3.07,58.65,222161299.7,385415695.4,57.64
1157,MSTCLTD,Mstc Limited,Trading & Distributors,Services,Services,Commercial Services & Supplies,Trading & Distributors,606.75,4271.52,1486.839225,0.07,3.34,63.81,24504972.8,70400000,34.81
1158,MSUMI,Motherson Sumi Wiring India Limited,Auto Components & Equipments,Consumer Discretionary,Automobile and Auto Components,Auto Components,Auto Components & Equipments,66.08,29214.68,11174.70321,0.05,1.65,31.52,1691087047,4421107748,38.25
1159,MTARTECH,Mtar Technologies Limited,Aerospace & Defense,Industrials,Capital Goods,Aerospace & Defense,Aerospace & Defense,1645.7,5062.11,3218.598292,0.05,2.15,41.08,19557624.67,30759615.97,63.58
1160,MTEDUCARE,MT Educare Limited,Education,Consumer Discretionary,Consumer Services,Other Consumer Services,Education,3.49,25.21,10.29286433,2.66,2.71,51.77,29492447.92,72234957.02,40.83
1161,MTNL,Mahanagar Telephone Nigam Limited,Telecom - Cellular & Fixed line services,Telecommunication,Telecommunication,Telecom - Services,Telecom - Cellular & Fixed line services,52.09,3281.67,1435.694527,0.8,4.1,78.33,275618070,630000000,43.75
1162,MUFIN,Mufin Green Finance Limited,Non Banking Financial Company (NBFC),Financial Services,Financial Services,Finance,Non Banking Financial Company (NBFC),105.95,1677.14,401.5033267,0.75,2.51,47.95,37895547.59,158295422.4,23.94
1163,MUFTI,Credo Brands Marketing Limited,Speciality Retail,Consumer Discretionary,Consumer Services,Retailing,Speciality Retail,181.99,1182.3,384.2977179,0.13,2.25,42.99,21116419.47,64965107.97,32.50
1164,MUKANDLTD,Mukand Limited,Iron & Steel,Commodities,Metals & Mining,Ferrous Metals,Iron & Steel,154.99,2239.54,559.7923617,0.15,2.79,53.3,36117966.43,144495773.9,25.00
1165,MUKKA,Mukka Proteins Limited,Animal Feed,Fast Moving Consumer Goods,Fast Moving Consumer Goods,Food Products,Animal Feed,38.95,1168.5,311.6003895,0.18,2.47,47.19,80000100,300000000,26.67
1166,MUKTAARTS,Mukta Arts Limited,Film Production Distribution & Exhibition,Consumer Discretionary,Media Entertainment & Publication,Entertainment,Film Production Distribution & Exhibition,89.73,202.66,58.83679872,1.14,3.3,63.05,6557093.36,22585534.38,29.03
1167,MUNJALAU,Munjal Auto Industries Limited,Auto Components & Equipments,Consumer Discretionary,Automobile and Auto Components,Auto Components,Auto Components & Equipments,116.31,1163.1,281.3131815,0.21,3.04,58.08,24186500,100000000,24.19
1168,MUNJALSHOW,Munjal Showa Limited,Auto Components & Equipments,Consumer Discretionary,Automobile and Auto Components,Auto Components,Auto Components & Equipments,157.5,629.92,218.3470832,0.17,2.62,50.06,13863306.87,39994920.63,34.66
1169,MURUDCERA,Murudeshwar Ceramics Limited,Ceramics,Consumer Discretionary,Consumer Durables,Consumer Durables,Ceramics,53.66,324.89,84.67240395,0.41,3.45,65.91,15779426.75,60546030.56,26.06
1170,MUTHOOTCAP,Muthoot Capital Services Limited,Non Banking Financial Company (NBFC),Financial Services,Financial Services,Finance,Non Banking Financial Company (NBFC),354,582.24,209.330213,0.22,2.75,52.54,5913282.854,16447457.63,35.95
1171,MUTHOOTFIN,Muthoot Finance Limited,Non Banking Financial Company (NBFC),Financial Services,Financial Services,Finance,Non Banking Financial Company (NBFC),1880,75475.21,20102.44521,0.04,1.73,33.05,106927900,401463883,26.63
1172,MUTHOOTMF,Muthoot Microfin Limited,Microfinance Institutions,Financial Services,Financial Services,Finance,Microfinance Institutions,218.51,3725.42,732.4743455,0.09,1.41,26.94,33521319.18,170491968.3,19.66
1173,MVGJL,Manoj Vaibhav Gems N Jewellers Limited,Gems Jewellery And Watches,Consumer Discretionary,Consumer Durables,Consumer Durables,Gems Jewellery And Watches,248.6,1214.35,312.4260804,0.25,2.83,54.07,12567420.77,48847546.26,25.73
1174,NACLIND,NACL Industries Limited,Pesticides & Agrochemicals,Commodities,Chemicals,Fertilizers & Agrochemicals,Pesticides & Agrochemicals,52.3,1041.65,277.2072575,0.26,2.31,44.13,53003299.72,199168260,26.61
1175,NAGAFERT,Nagarjuna Fertilizers and Chemicals Limited,Fertilizers,Commodities,Chemicals,Fertilizers & Agrochemicals,Fertilizers,10.38,620.79,247.2761427,0.49,3.05,58.27,238223644.3,598063583.8,39.83
1176,NAGREEKCAP,Nagreeka Capital & Infrastructure Limited,Investment Company,Financial Services,Financial Services,Finance,Investment Company,27.04,34.11,15.8512284,4.17,3.89,74.32,5862140.68,12614644.97,46.47
1177,NAGREEKEXP,Nagreeka Exports Limited,Other Textile Products,Consumer Discretionary,Textiles,Textiles & Apparels,Other Textile Products,36.5,114.06,47.35293694,0.98,4.05,77.38,12973407.38,31249315.07,41.52
1178,NAHARCAP,Nahar Capital and Financial Services Limited,Investment Company,Financial Services,Financial Services,Finance,Investment Company,290.7,486.81,133.4397837,0.4,2.57,49.1,4590291.836,16746130.03,27.41
1179,NAHARINDUS,Nahar Industrial Enterprises Limited,Other Textile Products,Consumer Discretionary,Textiles,Textiles & Apparels,Other Textile Products,136.5,589.76,140.0311178,0.25,2.96,56.55,10258689.95,43205860.81,23.74
1180,NAHARPOLY,Nahar Poly Films Limited,Packaging,Industrials,Capital Goods,Industrial Products,Packaging,237.98,585.15,147.6414483,0.59,3.18,60.75,6203943.537,24588200.69,25.23
1181,NAHARSPING,Nahar Spinning Mills Limited,Other Textile Products,Consumer Discretionary,Textiles,Textiles & Apparels,Other Textile Products,264.5,953.93,296.1343182,0.23,2.81,53.68,11196004.47,36065406.43,31.04
1182,NAM-INDIA,Nippon Life India Asset Management Limited,Asset Management Company,Financial Services,Financial Services,Capital Markets,Asset Management Company,638.85,40453.77,11021.79107,0.04,2.43,46.43,172525492.2,633227987.8,27.25
1183,NARMADA,Narmada Agrobase Limited,Animal Feed,Fast Moving Consumer Goods,Fast Moving Consumer Goods,Food Products,Animal Feed,16.9,64.11,27.14369986,3.87,2.91,55.6,16061360.86,37934911.24,42.34
1184,NATCOPHARM,Natco Pharma Limited,Pharmaceuticals,Healthcare,Healthcare,Pharmaceuticals & Biotechnology,Pharmaceuticals,1400,25075.38,12473.29732,0.04,2.02,38.59,89094980.85,179109857.1,49.74
1185,NATHBIOGEN,Nath Bio-Genes (India) Limited,Other Agricultural Products,Fast Moving Consumer Goods,Fast Moving Consumer Goods,Agricultural Food & other Products,Other Agricultural Products,205.98,391.44,212.96493,0.34,2.48,47.38,10339107.2,19003786.78,54.41
1186,NATIONALUM,National Aluminium Company Limited,Aluminium,Commodities,Metals & Mining,Non - Ferrous Metals,Aluminium,214.31,39360.86,19165.58792,0.05,2.92,55.79,894292749.7,1836631982,48.69
1187,NAUKRI,Info Edge (India) Limited,Internet & Catalogue Retail,Consumer Discretionary,Consumer Services,Retailing,Internet & Catalogue Retail,8000,103667.3,62278.95741,0.03,1.93,36.87,77848696.76,129584125,60.08
1188,NAVA,NAVA LIMITED,Power Generation,Utilities,Power,Power,Power Generation,1008,14626.65,7386.106917,0.06,3.13,59.8,73274870.21,145105654.8,50.50
1189,NAVINFLUOR,Navin Fluorine International Limited,Specialty Chemicals,Commodities,Chemicals,Chemicals & Petrochemicals,Specialty Chemicals,3318,16448.29,11503.46042,0.05,1.95,37.25,34669862.63,49572905.36,69.94
1190,NAVKARCORP,Navkar Corporation Limited,Logistics Solution Provider,Services,Services,Transport Services,Logistics Solution Provider,122.97,1850.93,546.9640625,0.1,3.7,70.69,44479471.62,150518825.7,29.55
1191,NAVNETEDUL,Navneet Education Limited,Printing & Publication,Consumer Discretionary,Media Entertainment & Publication,Printing & Publication,Printing & Publication,141.5,3200.92,1165.607346,0.12,2.24,42.8,82375077.43,226213427.6,36.41
1192,NAZARA,Nazara Technologies Limited,Digital Entertainment,Consumer Discretionary,Media Entertainment & Publication,Entertainment,Digital Entertainment,902,6904.06,3692.302918,0.06,2.74,52.35,40934622.16,76541685.14,53.48
1193,NBCC,NBCC (India) Limited,Civil Construction,Industrials,Construction,Construction,Civil Construction,115.9,31293,11967.3194,0.22,3.43,65.53,1032555600,2700000000,38.24
1194,NBIFIN,N. B. I. Industrial Finance Company Limited,Non Banking Financial Company (NBFC),Financial Services,Financial Services,Finance,Non Banking Financial Company (NBFC),2279.5,560.03,141.7461217,1.07,2.41,46.04,621829.8826,2456810.704,25.31
1195,NCC,NCC Limited,Civil Construction,Industrials,Construction,Construction,Civil Construction,295.5,18552.87,14455.00225,0.04,2.98,56.93,489170972.9,627846700.5,77.91
1196,NCLIND,NCL Industries Limited,Cement & Cement Products,Commodities,Construction Materials,Cement & Cement Products,Cement & Cement Products,203.25,919.36,506.1259553,0.11,2.05,39.17,24901646.02,45232964.33,55.05
1197,NDGL,Naga Dhunseri Group Limited,Investment Company,Financial Services,Financial Services,Finance,Investment Company,4040,404,1,1.2,2.83,54.07,2475.247525,1000000,0.25
1198,NDL,Nandan Denim Limited,Other Textile Products,Consumer Discretionary,Textiles,Textiles & Apparels,Other Textile Products,5.82,838.94,345.9681916,0.27,3.78,72.22,594447064.6,1441477663,41.24
1199,NDLVENTURE,NDL Ventures Limited,Other Financial Services,Financial Services,Financial Services,Finance,Other Financial Services,104.5,351.87,85.28516862,0.88,3.42,65.34,8161260.155,33671770.33,24.24
1200,NDRAUTO,Ndr Auto Components Limited,Auto Components & Equipments,Consumer Discretionary,Automobile and Auto Components,Auto Components,Auto Components & Equipments,739,1757.73,451.018716,0.23,3.75,71.64,6103094.939,23785250.34,25.66
1201,NDTV,New Delhi Television Limited,TV Broadcasting & Software Production,Consumer Discretionary,Media Entertainment & Publication,Entertainment,TV Broadcasting & Software Production,172.59,1112.71,392.6229195,0.11,2.98,56.93,22748879.97,64471290.34,35.29
1202,NECCLTD,North Eastern Carrying Corporation Limited,Logistics Solution Provider,Services,Services,Transport Services,Logistics Solution Provider,29.53,283.2,132.8642859,0.56,3.8,72.6,44992985.41,95902472.06,46.92
1203,NECLIFE,Nectar Lifesciences Limited,Pharmaceuticals,Healthcare,Healthcare,Pharmaceuticals & Biotechnology,Pharmaceuticals,39.84,893.46,393.6279928,0.21,3.48,66.49,98802207.03,224262048.2,44.06
1204,NELCAST,Nelcast Limited,Castings & Forgings,Industrials,Capital Goods,Industrial Products,Castings & Forgings,125.9,1095.35,274.5833024,0.21,2.61,49.86,21809634.82,87001588.56,25.07
1205,NELCO,NELCO Limited,Computers Hardware & Equipments,Information Technology,Information Technology,IT - Hardware,Computers Hardware & Equipments,945,2156.34,970.6931615,0.11,2.95,56.36,10271885.31,22818412.7,45.02
1206,NEOGEN,Neogen Chemicals Limited,Specialty Chemicals,Commodities,Chemicals,Chemicals & Petrochemicals,Specialty Chemicals,2009.8,5302.19,2215.174965,0.11,2.58,49.29,11021867.67,26381679.77,41.78
1207,NESCO,Nesco Limited,Diversified Commercial Services,Services,Services,Commercial Services & Supplies,Diversified Commercial Services,905,6376.63,1898.149504,0.09,1.93,36.87,20974027.67,70460000,29.77
1208,NESTLEIND,Nestle India Limited,Packaged Foods,Fast Moving Consumer Goods,Fast Moving Consumer Goods,Food Products,Packaged Foods,2570,247788.39,91938.16533,0.03,1.19,22.73,357736051.9,964157159.5,37.10
1209,NETWEB,Netweb Technologies India Limited,Computers Hardware & Equipments,Information Technology,Information Technology,IT - Hardware,Computers Hardware & Equipments,2460.9,13871.31,3462.805286,0.41,2.59,49.48,14071296.22,56366817.02,24.96
1210,NETWORK18,Network18 Media & Investments Limited,Media & Entertainment,Consumer Discretionary,Media Entertainment & Publication,Entertainment,Media & Entertainment,74.45,7794.53,1861.864204,0.32,3.16,60.37,250082498.8,1046948287,23.89
1211,NEULANDLAB,Neuland Laboratories Limited,Pharmaceuticals,Healthcare,Healthcare,Pharmaceuticals & Biotechnology,Pharmaceuticals,11327.65,14533.25,9724.444114,0.06,3.26,62.28,8584696.838,12829889.69,66.91
1212,NEWGEN,Newgen Software Technologies Limited,Computers - Software & Consulting,Information Technology,Information Technology,IT - Software,Computers - Software & Consulting,1260,17676.77,7844.984571,0.07,2.91,55.6,62261782.31,140291825.4,44.38
1213,NEXTMEDIA,Next Mediaworks Limited,Media & Entertainment,Consumer Discretionary,Media Entertainment & Publication,Entertainment,Media & Entertainment,7.01,46.89,11.72860916,3.2,3.62,69.16,16731254.15,66890156.92,25.01
1214,NFL,National Fertilizers Limited,Fertilizers,Commodities,Chemicals,Fertilizers & Agrochemicals,Fertilizers,115.98,5689.73,1438.181239,0.07,3.37,64.38,124002521,490578548,25.28
1215,NGIL,Nakoda Group of Industries Limited,Packaged Foods,Fast Moving Consumer Goods,Fast Moving Consumer Goods,Food Products,Packaged Foods,40.01,50.91,22.03333857,0.75,3.64,69.54,5506957.902,12724318.92,43.28
1216,NGLFINE,NGL Fine-Chem Limited,Pharmaceuticals,Healthcare,Healthcare,Pharmaceuticals & Biotechnology,Pharmaceuticals,1925,1189.27,324.2424692,0.25,2.78,53.11,1684376.463,6178025.974,27.26
1217,NH,Narayana Hrudayalaya Ltd.,Hospital,Healthcare,Healthcare,Healthcare Services,Hospital,1222,24972.89,8276.040801,0.06,1.81,34.58,67725374.81,204360802,33.14
1218,NHPC,NHPC Limited,Power Generation,Utilities,Power,Power,Power Generation,90.51,90917.61,28429.20931,0.04,2.57,49.1,3141002023,10045034803,31.27
1219,NIACL,The New India Assurance Company Limited,General Insurance,Financial Services,Financial Services,Insurance,General Insurance,205.51,33868.05,4932.237698,0.06,3.46,66.1,239999888,1648000097,14.56
1220,NIBL,NRB Industrial Bearings Limited,Abrasives & Bearings,Industrials,Capital Goods,Industrial Products,Abrasives & Bearings,31.91,77.32,19.59250245,1.46,3.26,62.28,6139925.557,24230648.7,25.34
1221,NIITLTD,NIIT Limited,Education,Consumer Discretionary,Consumer Services,Other Consumer Services,Education,157.8,2135.99,1283.369911,0.17,3.41,65.15,81328891.7,135360583,60.08
1222,NIITMTS,NIIT Learning Systems Limited,Education,Consumer Discretionary,Consumer Services,Other Consumer Services,Education,474,6439.29,3953.710163,0.12,2.19,41.84,83411606.81,135850000,61.40
1223,NILAINFRA,Nila Infrastructures Limited,Residential Commercial Projects,Consumer Discretionary,Realty,Realty,Residential Commercial Projects,11.7,460.85,170.1058604,0.88,3.44,65.72,145389624.3,393888888.9,36.91
1224,NILASPACES,Nila Spaces Limited,Residential Commercial Projects,Consumer Discretionary,Realty,Realty,Residential Commercial Projects,11,433.28,160.7054544,0.7,3.42,65.34,146095867.6,393890909.1,37.09
1225,NILKAMAL,Nilkamal Limited,Plastic Products - Consumer,Consumer Discretionary,Consumer Durables,Consumer Durables,Plastic Products - Consumer,1835,2738.28,956.5946394,0.13,1.73,33.05,5213049.806,14922506.81,34.93
1226,NINSYS,NINtec Systems Limited,Computers - Software & Consulting,Information Technology,Information Technology,IT - Software,Computers - Software & Consulting,531,986.39,268.953816,0.55,2.88,55.02,5065043.616,18576082.86,27.27
1227,NIPPOBATRY,Indo-National Limited,Household Products,Fast Moving Consumer Goods,Fast Moving Consumer Goods,Household Products,Household Products,549.75,412.31,141.2974322,0.32,2.94,56.17,2570212.5,7499954.525,34.27
1228,NIRAJ,Niraj Cement Structurals Limited,Civil Construction,Industrials,Construction,Construction,Civil Construction,61.42,246.63,44.01526387,0.99,3.5,66.87,7166275.459,40154672.75,17.85
1229,NIRAJISPAT,Niraj Ispat Industries Limited,Plastic Products - Consumer,Consumer Discretionary,Consumer Durables,Consumer Durables,Plastic Products - Consumer,204.21,12.25,3.114451636,5,0.75,14.33,152512.2,599872.6801,25.42
1230,NITCO,Nitco Limited,Ceramics,Consumer Discretionary,Consumer Durables,Consumer Durables,Ceramics,78,560.5,212.7192212,0.66,3.15,60.18,27271695.02,71858974.36,37.95
1231,NITINSPIN,Nitin Spinners Limited,Other Textile Products,Consumer Discretionary,Textiles,Textiles & Apparels,Other Textile Products,365.35,2054,891.9895812,0.12,2.52,48.14,24414659.4,56220062.95,43.43
1232,NITIRAJ,Nitiraj Engineers Limited,Other Electrical Equipment,Industrials,Capital Goods,Electrical Equipment,Other Electrical Equipment,239.05,245.05,55.86579919,3.28,2.77,52.92,2336992.227,10250993.52,22.80
1233,NKIND,NK Industries Limited,Edible Oil,Fast Moving Consumer Goods,Fast Moving Consumer Goods,Agricultural Food & other Products,Edible Oil,48.5,29.15,7.789807009,5.57,3.45,65.91,1606145.775,6010309.278,26.72
1234,NLCINDIA,NLC India Limited,Power Generation,Utilities,Power,Power,Power Generation,263,36468.54,8556.796544,0.05,3.24,61.9,325353480.8,1386636502,23.46
1235,NMDC,NMDC Limited,Industrial Minerals,Commodities,Metals & Mining,Minerals & Mining,Industrial Minerals,229,67110.87,26310.21414,0.05,2.38,45.47,1148917648,2930605677,39.20
1236,NOCIL,NOCIL Limited,Specialty Chemicals,Commodities,Chemicals,Chemicals & Petrochemicals,Specialty Chemicals,272.55,4548.95,2954.964352,0.07,2.54,48.53,108419165.4,166903320.5,64.96
1237,NOIDATOLL,Noida Toll Bridge Company Limited,Road Assets - Toll Annuity Hybrid-Annuity,Services,Services,Transport Infrastructure,Road Assets - Toll Annuity Hybrid-Annuity,1,291.58,1,3.38,,,10000000,2915800000,0.34
1238,NORBTEAEXP,Norben Tea & Exports Limited,Tea & Coffee,Fast Moving Consumer Goods,Fast Moving Consumer Goods,Agricultural Food & other Products,Tea & Coffee,21.07,24.76,1,3.78,,,474608.448,11751305.17,4.04
1239,NOVAAGRI,Nova Agritech Limited,Fertilizers,Commodities,Chemicals,Fertilizers & Agrochemicals,Fertilizers,63.25,585.19,221.8534793,0.23,2.71,51.77,35075648.91,92520158.1,37.91
1240,NRAIL,N R Agarwal Industries Limited,Paper & Paper Products,Commodities,Forest Materials,Paper Forest & Jute Products,Paper & Paper Products,352,599.07,150.0071099,0.38,2.63,50.25,4261565.621,17019034.09,25.04
1241,NRBBEARING,NRB Bearing Limited,Auto Components & Equipments,Consumer Discretionary,Automobile and Auto Components,Auto Components,Auto Components & Equipments,281.1,2724.49,1340.216882,0.1,2.57,49.1,47677583.86,96922447.53,49.19
1242,NRL,Nupur Recyclers Limited,Trading - Metals,Commodities,Metals & Mining,Metals & Minerals Trading,Trading - Metals,101.4,696.01,190.9077438,0.29,3.58,68.4,18827193.67,68640039.45,27.43
1243,NSIL,Nalwa Sons Investments Limited,Investment Company,Financial Services,Financial Services,Finance,Investment Company,4624,2374.96,519.3257656,0.15,2.66,50.82,1123109.355,5136159.17,21.87
1244,NSLNISP,NMDC Steel Limited,Iron & Steel,Commodities,Metals & Mining,Ferrous Metals,Iron & Steel,51.17,14995.91,5879.086585,0.06,2.56,48.91,1148932301,2930605824,39.20
1245,NTPC,NTPC Limited,Power Generation,Utilities,Power,Power,Power Generation,417.1,404447.94,197241.9824,0.04,1.92,36.68,4728889534,9696666027,48.77
1246,NUCLEUS,Nucleus Software Exports Limited,Software Products,Information Technology,Information Technology,IT - Software,Software Products,1210.65,3241.31,838.9164935,0.21,3.29,62.86,6929471.718,26773303.6,25.88
1247,NURECA,Nureca Limited,Medical Equipment & Supplies,Healthcare,Healthcare,Healthcare Equipment & Supplies,Medical Equipment & Supplies,300.3,300.31,110.4063262,0.23,2.88,55.02,3676534.338,10000333,36.76
1248,NUVAMA,Nuvama Wealth Management Limited,Stockbroking & Allied,Financial Services,Financial Services,Capital Markets,Stockbroking & Allied,6070,21679.99,5458.674184,0.07,2.74,52.35,8992873.45,35716622.73,25.18
1249,NUVOCO,Nuvoco Vistas Corporation Limited,Cement & Cement Products,Commodities,Construction Materials,Cement & Cement Products,Cement & Cement Products,350,12500.47,3497.842714,0.08,1.73,33.05,99938363.26,357156285.7,27.98
1250,NYKAA,FSN E-Commerce Ventures Limited,E-Retail/ E-Commerce,Consumer Discretionary,Consumer Services,Retailing,E-Retail/ E-Commerce,194.55,55585.59,26407.49221,0.04,2.3,43.94,1357362745,2857136469,47.51
1251,OAL,Oriental Aromatics Limited,Specialty Chemicals,Commodities,Chemicals,Chemicals & Petrochemicals,Specialty Chemicals,470,1581.72,367.7399614,0.25,3.19,60.94,7824254.499,33653617.02,23.25
1252,OBCL,Orissa Bengal Carrier Limited,Logistics Solution Provider,Services,Services,Transport Services,Logistics Solution Provider,56.89,119.94,38.16634483,0.63,3.16,60.37,6708796.771,21082791.35,31.82
1253,OBEROIRLTY,Oberoi Realty Limited,Residential Commercial Projects,Consumer Discretionary,Realty,Realty,Residential Commercial Projects,1757.95,63919.46,20634.35071,0.04,2.05,39.17,117377346.9,363602264,32.28
1254,OCCL,Oriental Carbon & Chemicals Limited,Commodity Chemicals,Commodities,Chemicals,Chemicals & Petrochemicals,Commodity Chemicals,245,244.76,114.5495767,0.79,2.89,55.21,4675492.927,9990204.082,46.80
1255,OFSS,Oracle Financial Services Software Limited,Software Products,Information Technology,Information Technology,IT - Software,Software Products,10938.15,94882.2,25702.35424,0.03,2.42,46.23,23497898.86,86744284.91,27.09
1256,OIL,Oil India Limited,Oil Exploration & Production,Energy,Oil Gas & Consumable Fuels,Oil,Oil Exploration & Production,547.05,88983.58,29752.54954,0.05,2.89,55.21,543872581,1626607806,33.44
1257,OILCOUNTUB,Oil Country Tubular Limited,Oil Equipment & Services,Energy,Oil Gas & Consumable Fuels,Oil,Oil Equipment & Services,52.25,231.41,1,0.79,,,191387.5598,44288995.22,0.43
1258,OLAELEC,Ola Electric Mobility Limited,2/3 Wheelers,Consumer Discretionary,Automobile and Auto Components,Automobiles,2/3 Wheelers,90.75,40028.28,4403.110933,0.58,2.28,43.56,485191287.3,4410829752,11.00
1259,OLECTRA,Olectra Greentech Limited,Passenger Cars & Utility Vehicles,Consumer Discretionary,Automobile and Auto Components,Automobiles,Passenger Cars & Utility Vehicles,1565.9,12853.02,6388.093619,0.04,2.83,54.07,40795029.18,82080720.35,49.70
1260,OMAXAUTO,Omax Autos Limited,Auto Components & Equipments,Consumer Discretionary,Automobile and Auto Components,Auto Components,Auto Components & Equipments,115.43,246.69,110.287258,0.9,2.84,54.26,9554470.938,21371393.92,44.71
1261,OMAXE,Omaxe Limited,Residential Commercial Projects,Consumer Discretionary,Realty,Realty,Residential Commercial Projects,110.84,2027.27,522.8287715,0.98,3.45,65.91,47169683.46,182900577.4,25.79
1262,OMINFRAL,OM INFRA LIMITED,Civil Construction,Industrials,Construction,Construction,Civil Construction,161.75,1557.71,507.9752446,0.82,3.3,63.05,31404961.03,96303554.87,32.61
1263,ONELIFECAP,Onelife Capital Advisors Limited,Stockbroking & Allied,Financial Services,Financial Services,Capital Markets,Stockbroking & Allied,17.28,23.09,1,2.9,,,578703.7037,13362268.52,4.33
1264,ONEPOINT,One Point One Solutions Limited,Business Process Outsourcing (BPO)/ Knowledge Process Outsourcing (KPO),Services,Services,Commercial Services & Supplies,Business Process Outsourcing (BPO)/ Knowledge Process Outsourcing (KPO),65.14,1423.07,359.1959489,0.38,3.92,74.89,55142147.51,218463309.8,25.24
1265,ONGC,Oil & Natural Gas Corporation Limited,Oil Exploration & Production,Energy,Oil Gas & Consumable Fuels,Oil,Oil Exploration & Production,289,363570.07,111959.5849,0.04,2.25,42.99,3874034080,12580279239,30.79
1266,ONMOBILE,OnMobile Global Limited,Other Telecom Services,Telecommunication,Telecommunication,Telecom - Services,Other Telecom Services,75,797.41,409.265966,0.12,3.24,61.9,54568795.47,106321333.3,51.32
1267,ONWARDTEC,Onward Technologies Limited,IT Enabled Services,Information Technology,Information Technology,IT - Services,IT Enabled Services,399.1,902.65,402.1455764,0.16,2.87,54.83,10076311.11,22617138.56,44.55
1268,OPTIEMUS,Optiemus Infracom Limited,Telecom - Equipment & Accessories,Telecommunication,Telecommunication,Telecom - Equipment & Accessories,Telecom - Equipment & Accessories,639.75,5492.71,1378.98974,0.12,3.83,73.17,21555134.66,85857131.69,25.11
1269,ORBTEXP,Orbit Exports Limited,Other Textile Products,Consumer Discretionary,Textiles,Textiles & Apparels,Other Textile Products,160,423.48,73.23000785,0.43,2.99,57.12,4576875.491,26467500,17.29
1270,ORCHPHARMA,Orchid Pharma Limited,Pharmaceuticals,Healthcare,Healthcare,Pharmaceuticals & Biotechnology,Pharmaceuticals,1259.9,6390.1,1927.465045,0.09,3.02,57.7,15298555.8,50719104.69,30.16
1271,ORICONENT,Oricon Enterprises Limited,Packaging,Industrials,Capital Goods,Industrial Products,Packaging,35.73,561.13,175.8743193,0.25,3.51,67.06,49223151.22,157047299.2,31.34
1272,ORIENTALTL,Oriental Trimex Limited,Granites & Marbles,Consumer Discretionary,Consumer Durables,Consumer Durables,Granites & Marbles,14.05,103.28,1,2.12,,,711743.7722,73508896.8,0.97
1273,ORIENTBELL,Orient Bell Limited,Ceramics,Consumer Discretionary,Consumer Durables,Consumer Durables,Ceramics,339.85,496,166.3860494,0.27,2.31,44.13,4895867.276,14594674.12,33.55
1274,ORIENTCEM,Orient Cement Limited,Cement & Cement Products,Commodities,Construction Materials,Cement & Cement Products,Cement & Cement Products,290,5941.19,3200.634112,0.09,3.08,58.84,110366693.5,204868620.7,53.87
1275,ORIENTCER,ORIENT CERATECH LIMITED,Electrodes & Refractories,Industrials,Capital Goods,Industrial Products,Electrodes & Refractories,49.73,594.97,198.2586492,0.47,3.06,58.46,39867011.7,119640056.3,33.32
1276,ORIENTELEC,Orient Electric Limited,Household Appliances,Consumer Discretionary,Consumer Durables,Consumer Durables,Household Appliances,232.5,4960.76,2673.838183,0.09,1.92,36.68,115003792.8,213366021.5,53.90
1277,ORIENTHOT,Oriental Hotels Limited,Hotels & Resorts,Consumer Discretionary,Consumer Services,Leisure Services,Hotels & Resorts,172.5,3080.84,973.1682682,0.12,2.85,54.45,56415551.78,178599420.3,31.59
1278,ORIENTLTD,Orient Press Limited,Packaging,Industrials,Capital Goods,Industrial Products,Packaging,99.74,99.74,26.49812528,1.01,3.48,66.49,2656720,10000000,26.57
1279,ORIENTPPR,Orient Paper & Industries Limited,Paper & Paper Products,Commodities,Forest Materials,Paper Forest & Jute Products,Paper & Paper Products,44.25,938.92,499.8897239,0.09,2.81,53.68,112969429.1,212185310.7,53.24
1280,ORISSAMINE,The Orissa Minerals Development Company Limited,Industrial Minerals,Commodities,Metals & Mining,Minerals & Mining,Industrial Minerals,8799,5279.4,2638.90809,0.12,3.5,66.87,2999100,6000000,49.99
1281,ORTEL,Ortel Communications Limited,TV Broadcasting & Software Production,Consumer Discretionary,Media Entertainment & Publication,Entertainment,TV Broadcasting & Software Production,2,6.6,2.9019672,5,5.15,98.39,14509836,33000000,43.97
1282,OSIAHYPER,Osia Hyper Retail Limited,Diversified Retail,Consumer Discretionary,Consumer Services,Retailing,Diversified Retail,1,527.9,1,3.64,,,10000000,5279000000,0.19
1283,OSWALAGRO,Oswal Agro Mills Limited,Trading & Distributors,Services,Services,Commercial Services & Supplies,Trading & Distributors,1,1116.03,1,0.54,,,10000000,11160300000,0.09
1284,OSWALGREEN,Oswal Greentech Limited,Investment Company,Financial Services,Financial Services,Finance,Investment Company,53,1361.09,483.7962003,0.19,3.95,75.46,91282301.95,256809434,35.54
1285,OSWALSEEDS,ShreeOswal Seeds And Chemicals Limited,Other Agricultural Products,Fast Moving Consumer Goods,Fast Moving Consumer Goods,Agricultural Food & other Products,Other Agricultural Products,24.15,220.9,67.03079477,1.22,3.39,64.77,27756022.68,91469979.3,30.34
1286,PAGEIND,Page Industries Limited,Garments & Apparels,Consumer Discretionary,Textiles,Textiles & Apparels,Garments & Apparels,41276.15,46038.9,25303.39249,0.04,1.48,28.28,6130269.535,11153874.57,54.96
1287,PAISALO,Paisalo Digital Limited,Non Banking Financial Company (NBFC),Financial Services,Financial Services,Finance,Non Banking Financial Company (NBFC),53.54,4808.13,3067.133361,0.26,3.57,68.2,572867643.1,898044452.7,63.79
1288,PAKKA,PAKKA LIMITED,Paper & Paper Products,Commodities,Forest Materials,Paper Forest & Jute Products,Paper & Paper Products,290.1,1143.57,600.4934836,0.15,3.4,64.96,20699534.08,39419855.22,52.51
1289,PALASHSECU,Palash Securities Limited,Packaged Foods,Fast Moving Consumer Goods,Fast Moving Consumer Goods,Food Products,Packaged Foods,135.9,135.94,37.81842814,0.95,3.78,72.22,2782812.961,10002943.34,27.82
1290,PALREDTEC,Palred Technologies Limited,IT Enabled Services,Information Technology,Information Technology,IT - Services,IT Enabled Services,122.6,149.97,104.8901986,2.89,3.8,72.6,8555481.126,12232463.3,69.94
1291,PANACEABIO,Panacea Biotec Limited,Pharmaceuticals,Healthcare,Healthcare,Pharmaceuticals & Biotechnology,Pharmaceuticals,291.85,1787.6,471.2997492,0.2,3.51,67.06,16148697.93,61250642.45,26.36
1292,PANACHE,Panache Digilife Limited,IT Enabled Services,Information Technology,Information Technology,IT - Services,IT Enabled Services,184.24,280.56,1,2.49,,,54277.02996,15227963.53,0.36
1293,PANAMAPET,Panama Petrochem Limited,Lubricants,Energy,Oil Gas & Consumable Fuels,Petroleum Products,Lubricants,382.05,2311.16,865.9677579,0.12,2.41,46.04,22666346.23,60493652.66,37.47
1294,PANSARI,Pansari Developers Limited,Residential Commercial Projects,Consumer Discretionary,Realty,Realty,Residential Commercial Projects,115.15,200.9,52.4796751,2.4,3.33,63.62,4557505.436,17446808.51,26.12
1295,PAR,Par Drugs and Chemicals Limited,Pharmaceuticals,Healthcare,Healthcare,Pharmaceuticals & Biotechnology,Pharmaceuticals,222,273.16,70.45718491,0.38,2.41,46.04,3173747.068,12304504.5,25.79
1296,PARACABLES,Paramount Communications Limited,Cables - Electricals,Industrials,Capital Goods,Industrial Products,Cables - Electricals,75.98,2316.9,724.6321247,0.75,3.37,64.38,95371429.94,304935509.3,31.28
1297,PARADEEP,Paradeep Phosphates Limited,Fertilizers,Commodities,Chemicals,Fertilizers & Agrochemicals,Fertilizers,82.31,6706.44,2945.342359,0.06,2.72,51.97,357835300.5,814778277.2,43.92
1298,PARAGMILK,Parag Milk Foods Limited,Dairy Products,Fast Moving Consumer Goods,Fast Moving Consumer Goods,Food Products,Dairy Products,194.05,2316.49,992.5665451,0.08,2.87,54.83,51150040.98,119375934,42.85
1299,PARAS,Paras Defence and Space Technologies Limited,Aerospace & Defense,Industrials,Capital Goods,Aerospace & Defense,Aerospace & Defense,1031,4020.91,1506.581315,0.28,3.09,59.03,14612815.86,39000096.99,37.47
1300,PARASPETRO,Paras Petrofils Limited,Investment Company,Financial Services,Financial Services,Finance,Investment Company,3.27,109.29,1,0.79,,,3058103.976,334220183.5,0.91
1301,PARKHOTELS,Apeejay Surrendra Park Hotels Limited,Hotels & Resorts,Consumer Discretionary,Consumer Services,Leisure Services,Hotels & Resorts,155.5,3317.97,923.0126704,0.11,1.78,34.01,59357728,213374276.5,27.82
1302,PARSVNATH,Parsvnath Developers Limited,Residential Commercial Projects,Consumer Discretionary,Realty,Realty,Residential Commercial Projects,1,831.63,1,0.94,,,10000000,8316300000,0.12
1303,PASUPTAC,Pasupati Acrylon Limited,Petrochemicals,Commodities,Chemicals,Chemicals & Petrochemicals,Petrochemicals,50.32,448.52,152.8409843,0.32,3.52,67.25,30373804.51,89133545.31,34.08
1304,PATANJALI,Patanjali Foods Limited,Edible Oil,Fast Moving Consumer Goods,Fast Moving Consumer Goods,Agricultural Food & other Products,Edible Oil,1635.15,59191.59,16094.48884,0.05,2.38,45.47,98428210.5,361994862.9,27.19
1305,PATELENG,Patel Engineering Limited,Civil Construction,Industrials,Construction,Construction,Civil Construction,52.9,4466.75,2651.962874,0.06,3.31,63.24,501316233.2,844376181.5,59.37
1306,PATINTLOG,Patel Integrated Logistics Limited,Logistics Solution Provider,Services,Services,Transport Services,Logistics Solution Provider,22.9,159.39,100.330814,0.28,3.84,73.36,43812582.53,69602620.09,62.95
1307,PAVNAIND,Pavna Industries Limited,Auto Components & Equipments,Consumer Discretionary,Automobile and Auto Components,Auto Components,Auto Components & Equipments,518,630.97,186.5007648,0.82,2.81,53.68,3600400.864,12180888.03,29.56
1308,PAYTM,One 97 Communications Limited,Financial Technology (Fintech),Financial Services,Financial Services,Financial Technology (Fintech),Financial Technology (Fintech),652.5,41540.72,21973.95972,0.44,3.67,70.12,336765666.2,636639387,52.90
1309,PCBL,PCBL LIMITED,Carbon Black,Commodities,Chemicals,Chemicals & Petrochemicals,Carbon Black,500,18873.13,8765.851799,0.05,2.94,56.17,175317036,377462600,46.45
1310,PCJEWELLER,PC Jeweller Limited,Gems Jewellery And Watches,Consumer Discretionary,Consumer Durables,Consumer Durables,Gems Jewellery And Watches,150.76,7016.43,3185.206236,0.85,3.64,69.54,211276614.2,465403953.3,45.40
1311,PDMJEPAPER,Pudumjee Paper Products Limited,Paper & Paper Products,Commodities,Forest Materials,Paper Forest & Jute Products,Paper & Paper Products,104.8,995.08,272.5960948,0.15,3.34,63.81,26011077.75,94950381.68,27.39
1312,PDSL,PDS Limited,Trading - Textile Products,Consumer Discretionary,Textiles,Textiles & Apparels,Trading - Textile Products,500,7034.66,2665.587607,0.14,2.59,49.48,53311752.14,140693200,37.89
1313,PEARLPOLY,Pearl Polymers Limited,Plastic Products - Consumer,Consumer Discretionary,Consumer Durables,Consumer Durables,Plastic Products - Consumer,33.82,56.94,25.29210831,0.9,4.05,77.38,7478447.163,16836191.6,44.42
1314,PEL,Piramal Enterprises Limited,Non Banking Financial Company (NBFC),Financial Services,Financial Services,Finance,Non Banking Financial Company (NBFC),999.6,22538.75,11948.33278,0.03,2.43,46.43,119531140.2,225477691.1,53.01
1315,PENIND,Pennar Industries Limited,Industrial Products,Industrials,Capital Goods,Industrial Manufacturing,Industrial Products,170.5,2300.83,1369.840183,0.11,3.48,66.49,80342532.71,134946041.1,59.54
1316,PENINLAND,Peninsula Land Limited,Residential Commercial Projects,Consumer Discretionary,Realty,Realty,Residential Commercial Projects,48.75,1504.92,482.0118345,0.17,3.7,70.69,98874222.45,308701538.5,32.03
1317,PERSISTENT,Persistent Systems Limited,Computers - Software & Consulting,Information Technology,Information Technology,IT - Software,Computers - Software & Consulting,5240,81665.4,55554.35833,0.04,1.99,38.02,106019767.8,155850000,68.03
1318,PETRONET,Petronet LNG Limited,LPG/CNG/PNG/LNG Supplier,Energy,Oil Gas & Consumable Fuels,Gas,LPG/CNG/PNG/LNG Supplier,347.8,52170,25999.86009,0.04,1.98,37.83,747552043.9,1500000000,49.84
1319,PFC,Power Finance Corporation Limited,Financial Institution,Financial Services,Financial Services,Finance,Financial Institution,438.2,144610.46,63628.89124,0.05,3,57.31,1452051375,3300101780,44.00
1320,PFIZER,Pfizer Limited,Pharmaceuticals,Healthcare,Healthcare,Pharmaceuticals & Biotechnology,Pharmaceuticals,5640,25801.72,8538.615084,0.06,1.54,29.42,15139388.45,45747730.5,33.09
1321,PFOCUS,Prime Focus Limited,Media & Entertainment,Consumer Discretionary,Media Entertainment & Publication,Entertainment,Media & Entertainment,138,4138.72,374.2765283,0.54,3.51,67.06,27121487.56,299907246.4,9.04
1322,PFS,PTC India Financial Services Limited,Non Banking Financial Company (NBFC),Financial Services,Financial Services,Finance,Non Banking Financial Company (NBFC),45.95,2951.29,1032.775096,0.31,3.58,68.4,224760630.2,642282916.2,34.99
1323,PGEL,PG Electroplast Limited,Consumer Electronics,Consumer Discretionary,Consumer Durables,Consumer Durables,Consumer Electronics,539.9,14125.64,6504.279642,0.09,3.33,63.62,120471932.6,261634376.7,46.05
1324,PGHH,Procter & Gamble Hygiene and Health Care Limited,Personal Care,Fast Moving Consumer Goods,Fast Moving Consumer Goods,Personal Products,Personal Care,16665,54095.82,15735.87798,0.07,1.19,22.73,9442471.034,32460738.07,29.09
1325,PGHL,Procter & Gamble Health Limited,Pharmaceuticals,Healthcare,Healthcare,Pharmaceuticals & Biotechnology,Pharmaceuticals,5287.9,8777.59,4198.100522,0.09,1.33,25.41,7939069.426,16599387.28,47.83
1326,PGIL,Pearl Global Industries Limited,Garments & Apparels,Consumer Discretionary,Textiles,Textiles & Apparels,Garments & Apparels,884,4053.57,1208.738164,0.16,3.22,61.52,13673508.65,45854864.25,29.82
1327,PHOENIXLTD,The Phoenix Mills Limited,Residential Commercial Projects,Consumer Discretionary,Realty,Realty,Residential Commercial Projects,1661,59378.89,30885.5725,0.05,2.47,47.19,185945650.2,357488801.9,52.01
1328,PIDILITIND,Pidilite Industries Limited,Specialty Chemicals,Commodities,Chemicals,Chemicals & Petrochemicals,Specialty Chemicals,3164.9,160971.09,48342.35429,0.02,1.33,25.41,152745282,508613510.7,30.03
1329,PIGL,Power & Instrumentation (Gujarat) Limited,Other Electrical Equipment,Industrials,Capital Goods,Electrical Equipment,Other Electrical Equipment,219.07,272.61,126.2804435,0.82,2.69,51.39,5764387.797,12443967.68,46.32
1330,PIIND,PI Industries Limited,Pesticides & Agrochemicals,Commodities,Chemicals,Fertilizers & Agrochemicals,Pesticides & Agrochemicals,4495,68197.29,36402.07882,0.04,1.57,29.99,80983490.15,151718109,53.38
1331,PILANIINVS,Pilani Investment and Industries Corporation Limited,Holding Company,Financial Services,Financial Services,Finance,Holding Company,5004.1,5540.66,1369.175798,0.15,2.5,47.76,2736107.986,11072240.76,24.71
1332,PILITA,PIL ITALICA LIFESTYLE LIMITED,Plastic Products - Consumer,Consumer Discretionary,Consumer Durables,Consumer Durables,Plastic Products - Consumer,13.74,322.89,161.1479412,1.48,2.95,56.36,117283800,235000000,49.91
1333,PIONEEREMB,Pioneer Embroideries Limited,Other Textile Products,Consumer Discretionary,Textiles,Textiles & Apparels,Other Textile Products,46,135.55,80.47928607,0.81,2.89,55.21,17495496.97,29467391.3,59.37
1334,PITTIENG,Pitti Engineering Limited,Industrial Products,Industrials,Capital Goods,Industrial Manufacturing,Industrial Products,1320,4681.36,2120.864799,0.1,2.64,50.44,16067157.56,35464848.48,45.30
1335,PIXTRANS,Pix Transmissions Limited,Rubber,Industrials,Capital Goods,Industrial Products,Rubber,1478,2013.8,662.6846804,0.15,2.65,50.63,4483658.189,13625169.15,32.91
1336,PKTEA,The Peria Karamalai Tea & Produce Company Limited,Tea & Coffee,Fast Moving Consumer Goods,Fast Moving Consumer Goods,Agricultural Food & other Products,Tea & Coffee,498.3,154.27,50.47915208,2.6,3.32,63.43,1013027.335,3095926.149,32.72
1337,PLASTIBLEN,Plastiblends India Limited,Specialty Chemicals,Commodities,Chemicals,Chemicals & Petrochemicals,Specialty Chemicals,282,732.9,253.1596745,0.3,2.5,47.76,8977293.421,25989361.7,34.54
1338,PLATIND,Platinum Industries Limited,Specialty Chemicals,Commodities,Chemicals,Chemicals & Petrochemicals,Specialty Chemicals,355,1949.83,488.5228567,0.13,2.78,53.11,13761207.23,54924788.73,25.05
1339,PLAZACABLE,Plaza Wires Limited,Cables - Electricals,Industrials,Capital Goods,Industrial Products,Cables - Electricals,79.41,347.44,104.8226051,0.39,2.1,40.12,13200176.94,43752675.99,30.17
1340,PNB,Punjab National Bank,Public Sector Bank,Financial Services,Financial Services,Banks,Public Sector Bank,102.2,117457.88,31538.3805,0.04,2.37,45.28,3085947211,11492943249,26.85
1341,PNBGILTS,PNB Gilts Limited,Investment Company,Financial Services,Financial Services,Finance,Investment Company,116.9,2104.32,542.3207435,0.09,2.8,53.49,46391851.46,180010265.2,25.77
1342,PNBHOUSING,PNB Housing Finance Limited,Housing Finance Company,Financial Services,Financial Services,Finance,Housing Finance Company,927,24087.43,9439.479315,0.06,2.82,53.88,101828255.8,259842826.3,39.19
1343,PNC,Pritish Nandy Communications Limited,Film Production Distribution & Exhibition,Consumer Discretionary,Media Entertainment & Publication,Entertainment,Film Production Distribution & Exhibition,60,86.8,38.57315956,0.59,3.59,68.59,6428859.927,14466666.67,44.44
1344,PNCINFRA,PNC Infratech Limited,Civil Construction,Industrials,Construction,Construction,Civil Construction,417,10697.68,4695.405706,0.06,2.48,47.38,112599657.2,256539088.7,43.89
1345,POCL,Pondy Oxides & Chemicals Limited,Diversified Metals,Commodities,Metals & Mining,Diversified Metals,Diversified Metals,1814.7,2363.68,1069.926496,0.23,3.96,75.66,5895886.35,13025183.23,45.27
1346,PODDARHOUS,Poddar Housing and Development Limited,Residential Commercial Projects,Consumer Discretionary,Realty,Realty,Residential Commercial Projects,73.5,46.42,21.3523674,5,2.65,50.63,2905084,6315646.259,46.00
1347,PODDARMENT,Poddar Pigments Limited,Dyes And Pigments,Commodities,Chemicals,Chemicals & Petrochemicals,Dyes And Pigments,391,414.85,138.2868472,0.36,2.6,49.67,3536748.01,10609974.42,33.33
1348,POKARNA,Pokarna Limited,Granites & Marbles,Consumer Discretionary,Consumer Durables,Consumer Durables,Granites & Marbles,980.6,3040.25,1309.424479,0.13,3.19,60.94,13353298.78,31003977.16,43.07
1349,POLICYBZR,PB Fintech Limited,Financial Technology (Fintech),Financial Services,Financial Services,Financial Technology (Fintech),Financial Technology (Fintech),1688,76991.36,53379.95901,0.03,2.73,52.16,316231984.7,456109952.6,69.33
1350,POLYCAB,Polycab India Limited,Cables - Electricals,Industrials,Capital Goods,Industrial Products,Cables - Electricals,7059,106159.24,33226.7812,0.03,2.2,42.03,47070096.62,150388497,31.30
1351,POLYMED,Poly Medicure Limited,Medical Equipment & Supplies,Healthcare,Healthcare,Healthcare Equipment & Supplies,Medical Equipment & Supplies,2316.5,23463.96,8784.695217,0.09,2.27,43.37,37922275.92,101290567.7,37.44
1352,POLYPLEX,Polyplex Corporation Limited,Packaging,Industrials,Capital Goods,Industrial Products,Packaging,1091,3424.92,1647.107949,0.06,2.4,45.85,15097231.43,31392483.96,48.09
1353,PONNIERODE,Ponni Sugars (Erode) Limited,Sugar,Fast Moving Consumer Goods,Fast Moving Consumer Goods,Agricultural Food & other Products,Sugar,460.5,395.96,201.2931317,0.19,2.65,50.63,4371186.357,8598479.913,50.84
1354,POONAWALLA,Poonawalla Fincorp Limited,Non Banking Financial Company (NBFC),Financial Services,Financial Services,Finance,Non Banking Financial Company (NBFC),380.05,29558.06,10987.52883,0.05,2.21,42.22,289107455.1,777741349.8,37.17
1355,POWERGRID,Power Grid Corporation of India Limited,Power - Transmission,Utilities,Power,Power,Power - Transmission,328.9,305896.86,148791.5974,0.03,1.86,35.54,4523916004,9300603831,48.64
1356,POWERINDIA,Hitachi Energy India Limited,Heavy Electrical Equipment,Industrials,Capital Goods,Electrical Equipment,Heavy Electrical Equipment,13501.5,57221.62,14163.09446,0.06,2.93,55.98,10490015.52,42381676.11,24.75
1357,POWERMECH,Power Mech Projects Limited,Civil Construction,Industrials,Construction,Construction,Civil Construction,6285,9935.42,4144.202678,0.07,2.6,49.67,6593799.011,15808146.38,41.71
1358,PPAP,PPAP Automotive Limited,Auto Components & Equipments,Consumer Discretionary,Automobile and Auto Components,Auto Components,Auto Components & Equipments,197.05,277.57,93.58182497,0.43,2.78,53.11,4749141.079,14086272.52,33.71
1359,PPL,Prakash Pipes Limited,Plastic Products - Industrial,Industrials,Capital Goods,Industrial Products,Plastic Products - Industrial,531.1,1270.3,673.742449,0.14,3.01,57.51,12685792.68,23918282.81,53.04
1360,PPLPHARMA,Piramal Pharma Limited,Pharmaceuticals,Healthcare,Healthcare,Pharmaceuticals & Biotechnology,Pharmaceuticals,218.9,29020.63,13443.54407,0.05,2.28,43.56,614140889.5,1325748287,46.32
1361,PRAENG,Prajay Engineers Syndicate Limited,Residential Commercial Projects,Consumer Discretionary,Realty,Realty,Residential Commercial Projects,34.05,238.13,150.3775778,2.78,3.23,61.71,44163752.66,69935389.13,63.15
1362,PRAJIND,Praj Industries Limited,Industrial Products,Industrials,Capital Goods,Industrial Manufacturing,Industrial Products,735.2,13513.94,9038.081346,0.05,2.48,47.38,122933641.8,183813112.1,66.88
1363,PRAKASH,Prakash Industries Limited,Iron & Steel,Commodities,Metals & Mining,Ferrous Metals,Iron & Steel,164.81,2951.45,1628.942403,0.09,3.28,62.66,98837595.01,179081973.2,55.19
1364,PRAKASHSTL,Prakash Steelage Limited,Iron & Steel Products,Industrials,Capital Goods,Industrial Products,Iron & Steel Products,8.35,146.13,96.923175,0.91,3.32,63.43,116075658.7,175005988,66.33
1365,PRAXIS,Praxis Home Retail Limited,Speciality Retail,Consumer Discretionary,Consumer Services,Retailing,Speciality Retail,25.82,323.31,1,0.77,,,387296.6692,125216886.1,0.31
1366,PRECAM,Precision Camshafts Limited,Auto Components & Equipments,Consumer Discretionary,Automobile and Auto Components,Auto Components,Auto Components & Equipments,213.9,2031.75,703.1856086,0.15,3.41,65.15,32874502.51,94985974.75,34.61
1367,PRECOT,Precot Limited,Other Textile Products,Consumer Discretionary,Textiles,Textiles & Apparels,Other Textile Products,411.4,493.68,181.7680392,2,3.14,59.99,4418280,12000000,36.82
1368,PRECWIRE,Precision Wires India Limited,Aluminium Copper & Zinc Products,Industrials,Capital Goods,Industrial Products,Aluminium Copper & Zinc Products,177.9,3178.33,1303.202397,0.11,3.36,64.19,73254772.17,178658235,41.00
1369,PREMEXPLN,Premier Explosives Limited,Explosives,Commodities,Chemicals,Chemicals & Petrochemicals,Explosives,480.75,2584.57,1480.648146,2.58,3.6,68.78,30798713.39,53761206.45,57.29
1370,PREMIERPOL,Premier Polyfilm Limited,Plastic Products - Industrial,Industrials,Capital Goods,Industrial Products,Plastic Products - Industrial,223,467.15,139.8216956,0.35,3.67,70.12,6270031.193,20948430.49,29.93
1371,PRESTIGE,Prestige Estates Projects Limited,Residential Commercial Projects,Consumer Discretionary,Realty,Realty,Residential Commercial Projects,1730,74516.33,29103.545,0.05,2.91,55.6,168228583.8,430730231.2,39.06
1372,PRICOLLTD,Pricol Limited,Auto Components & Equipments,Consumer Discretionary,Automobile and Auto Components,Auto Components,Auto Components & Equipments,465,5667.49,3426.666261,0.08,2.3,43.94,73691747.56,121881505.4,60.46
1373,PRIMESECU,Prime Securities Limited,Other Financial Services,Financial Services,Financial Services,Finance,Other Financial Services,269.25,903.28,622.252728,0.25,2.51,47.95,23110593.43,33548003.71,68.89
1374,PRINCEPIPE,Prince Pipes And Fittings Limited,Plastic Products - Industrial,Industrials,Capital Goods,Industrial Products,Plastic Products - Industrial,544,6014.52,2278.800403,0.08,1.87,35.73,41889713.29,110561029.4,37.89
1375,PRITI,Priti International Limited,Furniture Home Furnishing,Consumer Discretionary,Consumer Durables,Consumer Durables,Furniture Home Furnishing,135,180.27,51.99309209,0.54,3.21,61.33,3851340.155,13353333.33,28.84
1376,PRITIKAUTO,Pritika Auto Industries Limited,Auto Components & Equipments,Consumer Discretionary,Automobile and Auto Components,Auto Components,Auto Components & Equipments,26.5,428.47,120.6522345,0.75,3.25,62.09,45529145.09,161686792.5,28.16
1377,PRIVISCL,Privi Speciality Chemicals Limited,Specialty Chemicals,Commodities,Chemicals,Chemicals & Petrochemicals,Specialty Chemicals,1500.25,5860.38,1151.201811,0.14,2.25,42.99,7673399.841,39062689.55,19.64
1378,PROZONER,Prozone Realty Limited,Residential Commercial Projects,Consumer Discretionary,Realty,Realty,Residential Commercial Projects,23.75,362.43,164.9307734,0.26,3.25,62.09,69444536.16,152602105.3,45.51
1379,PRSMJOHNSN,Prism Johnson Limited,Cement & Cement Products,Commodities,Construction Materials,Cement & Cement Products,Cement & Cement Products,186.95,9410.25,2298.209204,0.1,2.86,54.64,122931757.4,503356512.4,24.42
1380,PRUDENT,Prudent Corporate Advisory Services Limited,Financial Products Distributor,Financial Services,Financial Services,Capital Markets,Financial Products Distributor,2424,10036.98,3903.381223,0.11,2.79,53.3,16103057.85,41406683.17,38.89
1381,PRUDMOULI,Prudential Sugar Corporation Limited,Sugar,Fast Moving Consumer Goods,Fast Moving Consumer Goods,Agricultural Food & other Products,Sugar,61.07,196.96,1,3.22,,,163746.5204,32251514.66,0.51
1382,PSB,Punjab & Sind Bank,Public Sector Bank,Financial Services,Financial Services,Banks,Public Sector Bank,51.05,34600.6,606.1333075,0.08,3.2,61.14,118733263,6777786484,1.75
1383,PSPPROJECT,PSP Projects Limited,Civil Construction,Industrials,Construction,Construction,Civil Construction,635.9,2520.82,1004.912883,0.1,2,38.21,15803001.77,39641767.57,39.86
1384,PTC,PTC India Limited,Power Trading,Utilities,Power,Power,Power Trading,187.79,5558.74,4466.742412,0.05,2.93,55.98,237858374.4,296008307.2,80.36
1385,PTCIL,PTC Industries Limited,Other Industrial Products,Industrials,Capital Goods,Industrial Products,Other Industrial Products,13660,20450.64,7030.951448,0.19,3.25,62.09,5147109.406,14971185.94,34.38
1386,PTL,PTL Enterprises Limited,Diversified Commercial Services,Services,Services,Commercial Services & Supplies,Diversified Commercial Services,42.85,567.24,123.1717735,0.24,2.23,42.6,28744871.29,132378063,21.71
1387,PUNJABCHEM,Punjab Chemicals & Crop Protection Limited,Pesticides & Agrochemicals,Commodities,Chemicals,Fertilizers & Agrochemicals,Pesticides & Agrochemicals,1141.1,1399.24,424.9191755,0.23,2.67,51.01,3723768.079,12262203.14,30.37
1388,PURVA,Puravankara Limited,Residential Commercial Projects,Consumer Discretionary,Realty,Realty,Residential Commercial Projects,364.95,8654.78,1,0.95,3.52,67.25,27401.01384,237149746.5,0.01
1389,PVP,PVP Ventures Limited,Residential Commercial Projects,Consumer Discretionary,Realty,Realty,Residential Commercial Projects,28.97,754.39,291.1815084,0.81,3.88,74.13,100511394,260403866.1,38.60
1390,PVRINOX,PVR INOX Limited,Film Production Distribution & Exhibition,Consumer Discretionary,Media Entertainment & Publication,Entertainment,Film Production Distribution & Exhibition,1550,15219.96,10976.19441,0.04,1.73,33.05,70814157.47,98193290.32,72.12
1391,PVSL,Popular Vehicles and Services Limited,Auto Dealer,Consumer Discretionary,Automobile and Auto Components,Automobiles,Auto Dealer,210.25,1496.94,428.779608,0.2,1.46,27.89,20393798.24,71198097.5,28.64
1392,PYRAMID,Pyramid Technoplast Limited,Packaging,Industrials,Capital Goods,Industrial Products,Packaging,170.1,625.71,156.8253132,0.2,2.1,40.12,9219595.133,36784832.45,25.06
1393,QUESS,Quess Corp Limited,Diversified Commercial Services,Services,Services,Commercial Services & Supplies,Diversified Commercial Services,732.7,10889.8,4687.79902,0.07,2.15,41.08,63979787.36,148625631.2,43.05
1394,QUICKHEAL,Quick Heal Technologies Limited,Software Products,Information Technology,Information Technology,IT - Software,Software Products,639,3438.3,947.558174,0.11,3.49,66.68,14828766.42,53807511.74,27.56
1395,RACE,Race Eco Chain Limited,Waste Management,Utilities,Utilities,Other Utilities,Waste Management,357,586.63,280.2734087,0.3,2.03,38.78,7850795.762,16432212.89,47.78
1396,RADHIKAJWE,Radhika Jeweltech Limited,Gems Jewellery And Watches,Consumer Discretionary,Consumer Durables,Consumer Durables,Gems Jewellery And Watches,135.78,1602.2,419.5867857,0.25,3.96,75.66,30901958,117999705.4,26.19
1397,RADIANTCMS,Radiant Cash Management Services Limited,Diversified Commercial Services,Services,Services,Commercial Services & Supplies,Diversified Commercial Services,80.39,857.82,279.7727143,0.17,1.72,32.86,34801929.88,106707301.9,32.61
1398,RADICO,Radico Khaitan Limited,Breweries & Distilleries,Fast Moving Consumer Goods,Fast Moving Consumer Goods,Beverages,Breweries & Distilleries,2020,27020.11,15744.21105,0.06,2.01,38.4,77941638.88,133762920.8,58.27
1399,RADIOCITY,Music Broadcast Limited,Media & Entertainment,Consumer Discretionary,Media Entertainment & Publication,Entertainment,Media & Entertainment,15.81,546.53,141.8095122,0.28,2.71,51.77,89696086.18,345686274.5,25.95
1400,RAILTEL,Railtel Corporation Of India Limited,Other Telecom Services,Telecommunication,Telecommunication,Telecom - Services,Other Telecom Services,396,12709.16,3450.9693,0.04,3.65,69.73,87145689.41,320938383.8,27.15
1401,RAIN,Rain Industries Limited,Petrochemicals,Commodities,Chemicals,Chemicals & Petrochemicals,Petrochemicals,161.4,5428.62,3130.576154,0.07,2.46,47,193963826.2,336345724.9,57.67
1402,RAINBOW,Rainbow Childrens Medicare Limited,Hospital,Healthcare,Healthcare,Healthcare Services,Hospital,1375.8,13971.48,6840.338402,0.07,2.23,42.6,49718988.24,101551679,48.96
1403,RAJESHEXPO,Rajesh Exports Limited,Gems Jewellery And Watches,Consumer Discretionary,Consumer Durables,Consumer Durables,Gems Jewellery And Watches,271,8001.54,3636.670146,0.07,2.3,43.94,134194470.3,295259778.6,45.45
1404,RAJMET,Rajnandini Metal Limited,Aluminium Copper & Zinc Products,Industrials,Capital Goods,Industrial Products,Aluminium Copper & Zinc Products,9.88,273.16,131.9876238,1.51,3.11,59.42,133590712.3,276477732.8,48.32
1405,RAJRATAN,Rajratan Global Wire Limited,Auto Components & Equipments,Consumer Discretionary,Automobile and Auto Components,Auto Components,Auto Components & Equipments,535,2716.25,932.2843914,0.13,2.23,42.6,17425876.48,50771028.04,34.32
1406,RAJRILTD,Raj Rayon Industries Limited,Other Textile Products,Consumer Discretionary,Textiles,Textiles & Apparels,Other Textile Products,23.76,1321.25,77.5046428,0.61,5.2,99.35,32619799.16,556081649.8,5.87
1407,RAJSREESUG,Rajshree Sugars & Chemicals Limited,Sugar,Fast Moving Consumer Goods,Fast Moving Consumer Goods,Agricultural Food & other Products,Sugar,68.01,225.36,113.4965692,0.31,3.66,69.92,16688217.79,33136303.48,50.36
1408,RAJTV,Raj Television Network Limited,TV Broadcasting & Software Production,Consumer Discretionary,Media Entertainment & Publication,Entertainment,TV Broadcasting & Software Production,45.33,235.32,13.09267623,3.08,3.22,61.52,2888302.72,51912640.64,5.56
1409,RALLIS,Rallis India Limited,Pesticides & Agrochemicals,Commodities,Chemicals,Fertilizers & Agrochemicals,Pesticides & Agrochemicals,313.9,6104.38,2713.127632,0.06,2.3,43.94,86432864.97,194468939.2,44.45
1410,RAMANEWS,Shree Rama Newsprint Limited,Paper & Paper Products,Commodities,Forest Materials,Paper Forest & Jute Products,Paper & Paper Products,18.87,278.37,70.25577052,0.56,3.38,64.57,37231462.91,147519872.8,25.24
1411,RAMAPHO,Rama Phosphates Limited,Fertilizers,Commodities,Chemicals,Fertilizers & Agrochemicals,Fertilizers,200,353.86,82.84882374,0.43,2.63,50.25,4142441.187,17693000,23.41
1412,RAMASTEEL,Rama Steel Tubes Limited,Iron & Steel Products,Industrials,Capital Goods,Industrial Products,Iron & Steel Products,13.7,2129.3,838.5766107,0.21,3.91,74.7,612099715.8,1554233577,39.38
1413,RAMCOCEM,The Ramco Cements Limited,Cement & Cement Products,Commodities,Construction Materials,Cement & Cement Products,Cement & Cement Products,855,20203,10825.4939,0.03,1.63,31.14,126613963.7,236292397.7,53.58
1414,RAMCOIND,Ramco Industries Limited,Other Construction Materials,Commodities,Construction Materials,Other Construction Materials,Other Construction Materials,223.2,1937.58,868.72482,0.16,2.28,43.56,38921362.91,86809139.78,44.84
1415,RAMCOSYS,Ramco Systems Limited,Software Products,Information Technology,Information Technology,IT - Software,Software Products,378.25,1404.39,642.1216462,0.52,3.08,58.84,16976117.55,37128618.64,45.72
1416,RAMKY,Ramky Infrastructure Limited,Civil Construction,Industrials,Construction,Construction,Civil Construction,616.1,4263.28,1287.100048,0.13,3.48,66.49,20891089.89,69197857.49,30.19
1417,RAMRAT,Ram Ratna Wires Limited,Other Electrical Equipment,Industrials,Capital Goods,Electrical Equipment,Other Electrical Equipment,669,2943.6,743.1088764,0.16,2.79,53.3,11107756,44000000,25.24
1418,RANASUG,Rana Sugars Limited,Sugar,Fast Moving Consumer Goods,Fast Moving Consumer Goods,Agricultural Food & other Products,Sugar,20.94,321.57,248.7438626,0.16,2.57,49.1,118788855.1,153567335.2,77.35
1419,RANEENGINE,Rane Engine Valve Limited,Auto Components & Equipments,Consumer Discretionary,Automobile and Auto Components,Auto Components,Auto Components & Equipments,470.5,340.38,137.9431881,0.63,3.32,63.43,2931842.468,7234431.456,40.53
1420,RANEHOLDIN,Rane Holdings Limited,Holding Company,Financial Services,Financial Services,Finance,Holding Company,1898,2709.93,1333.818505,0.19,2.8,53.49,7027494.756,14277818.76,49.22
1421,RATEGAIN,Rategain Travel Technologies Limited,Computers - Software & Consulting,Information Technology,Information Technology,IT - Software,Computers - Software & Consulting,734.95,8667.68,4472.825078,0.07,2.41,46.04,60858903.02,117935641.9,51.60
1422,RATNAMANI,Ratnamani Metals & Tubes Limited,Iron & Steel Products,Industrials,Capital Goods,Industrial Products,Iron & Steel Products,3547.55,24865.49,9178.79631,0.08,1.91,36.49,25873620.7,70092007.16,36.91
1423,RATNAVEER,Ratnaveer Precision Engineering Limited,Iron & Steel Products,Industrials,Capital Goods,Industrial Products,Iron & Steel Products,188.65,914.93,1,0.18,,,53008.21627,48498807.32,0.11
1424,RAYMOND,Raymond Limited,Residential Commercial Projects,Consumer Discretionary,Realty,Realty,Residential Commercial Projects,1594,10611.85,5309.343377,0.31,2.75,52.54,33308302.24,66573713.93,50.03
1425,RBA,Restaurant Brands Asia Limited,Restaurants,Consumer Discretionary,Consumer Services,Leisure Services,Restaurants,106.11,5286.4,3848.575719,0.07,2.16,41.27,362696797.6,498199981.2,72.80
1426,RBL,Rane Brake Lining Limited,Auto Components & Equipments,Consumer Discretionary,Automobile and Auto Components,Auto Components,Auto Components & Equipments,1105.8,854.77,245.821346,0.19,2.75,52.54,2223018.141,7729878.821,28.76
1427,RBLBANK,RBL Bank Limited,Private Sector Bank,Financial Services,Financial Services,Banks,Private Sector Bank,190.5,11576.35,11308.66688,0.05,2.59,49.48,593630807.5,607682414.7,97.69
1428,RBZJEWEL,RBZ Jewellers Limited,Gems Jewellery And Watches,Consumer Discretionary,Consumer Durables,Consumer Durables,Gems Jewellery And Watches,174.25,697,1,0.87,,,57388.80918,40000000,0.14
1429,RCF,Rashtriya Chemicals and Fertilizers Limited,Fertilizers,Commodities,Chemicals,Fertilizers & Agrochemicals,Fertilizers,164.69,9085.75,2268.330503,0.05,3.25,62.09,137733347.7,551688019.9,24.97
1430,RCOM,Reliance Communications Limited,Telecom - Cellular & Fixed line services,Telecommunication,Telecommunication,Telecom - Services,Telecom - Cellular & Fixed line services,2.35,649.9,627.625585,3.85,3.05,58.27,2670747170,2765531915,96.57
1431,RECLTD,REC Limited,Financial Institution,Financial Services,Financial Services,Finance,Financial Institution,501.5,132056.18,62468.64943,0.06,3.08,58.84,1245636080,2633223928,47.30
1432,REDINGTON,Redington Limited,Trading & Distributors,Services,Services,Commercial Services & Supplies,Trading & Distributors,185.89,14532.4,11021.95717,0.07,2.05,39.17,592928999.4,781774167.5,75.84
1433,REDTAPE,Redtape Limited,Footwear,Consumer Discretionary,Consumer Durables,Consumer Durables,Footwear,781,10793.57,2893.323943,0.11,2.05,39.17,37046401.31,138201920.6,26.81
1434,REFEX,Refex Industries Limited,Industrial Gases,Commodities,Chemicals,Chemicals & Petrochemicals,Industrial Gases,516.5,6234.71,2648.977101,0.6,3.74,71.45,51287068.75,120710745.4,42.49
1435,REGENCERAM,Regency Ceramics Limited,Ceramics,Consumer Discretionary,Consumer Durables,Consumer Durables,Ceramics,1,256.17,1,5.04,,,10000000,2561700000,0.39
1436,RELAXO,Relaxo Footwears Limited,Footwear,Consumer Discretionary,Consumer Durables,Consumer Durables,Footwear,788.5,19628.81,5623.398176,0.08,1.3,24.84,71317668.69,248938617.6,28.65
1437,RELCHEMQ,Reliance Chemotex Industries Limited,Other Textile Products,Consumer Discretionary,Textiles,Textiles & Apparels,Other Textile Products,213.35,160.94,46.45186068,0.58,2.42,46.23,2177260.871,7543473.166,28.86
1438,RELIABLE,Reliable Data Services Limited,Other Financial Services,Financial Services,Financial Services,Finance,Other Financial Services,76.47,78.92,15.32458433,0.74,1.73,33.05,2003999.52,10320387.08,19.42
1439,RELIANCE,Reliance Industries Limited,Refineries & Marketing,Energy,Oil Gas & Consumable Fuels,Petroleum Products,Refineries & Marketing,2740.7,1854347.39,928089.7415,0.01,1.39,26.56,3386323719,6765962674,50.05
1440,RELIGARE,Religare Enterprises Limited,Investment Company,Financial Services,Financial Services,Finance,Investment Company,264,8719.79,8635.14056,0.07,2.36,45.09,327088657.6,330295075.8,99.03
1441,RELINFRA,Reliance Infrastructure Limited,Integrated Power Utilities,Utilities,Power,Power,Integrated Power Utilities,289.3,11460.08,8072.374001,0.12,4.15,79.29,279031247.9,396131351.5,70.44
1442,RELTD,Ravindra Energy Limited,Trading & Distributors,Services,Services,Commercial Services & Supplies,Trading & Distributors,137.53,2121.13,318.1690879,0.9,1.94,37.06,23134522.5,154230349.7,15.00
1443,REMSONSIND,Remsons Industries Limited,Auto Components & Equipments,Consumer Discretionary,Automobile and Auto Components,Auto Components,Auto Components & Equipments,208.45,727.05,146.9880765,0.92,2.51,47.95,7051478.842,34878867.83,20.22
1444,RENUKA,Shree Renuka Sugars Limited,Sugar,Fast Moving Consumer Goods,Fast Moving Consumer Goods,Agricultural Food & other Products,Sugar,47.19,10044.34,3749.844617,0.07,2.74,52.35,794626958.5,2128489087,37.33
1445,REPCOHOME,Repco Home Finance Limited,Housing Finance Company,Financial Services,Financial Services,Finance,Housing Finance Company,498.35,3117.75,1960.004988,0.1,2.82,53.88,39329888.4,62561452.79,62.87
1446,REPL,Rudrabhishek Enterprises Limited,Real Estate related services,Consumer Discretionary,Realty,Realty,Real Estate related services,188.1,326.21,102.3047835,0.39,2.71,51.77,5438850.795,17342371.08,31.36
1447,REPRO,Repro India Limited,Printing & Publication,Consumer Discretionary,Media Entertainment & Publication,Printing & Publication,Printing & Publication,555,793.5,420.9340193,0.27,2.69,51.39,7584396.744,14297297.3,53.05
1448,RESPONIND,Responsive Industries Limited,Furniture Home Furnishing,Consumer Discretionary,Consumer Durables,Consumer Durables,Furniture Home Furnishing,256.65,6842.51,785.9099737,0.13,2.71,51.77,30621857.54,266608610.9,11.49
1449,RETAIL,JHS Svendgaard Retail Ventures Limited,Diversified Retail,Consumer Discretionary,Consumer Services,Retailing,Diversified Retail,47.75,31.06,17.89441381,2.38,2.66,50.82,3747521.216,6504712.042,57.61
1450,RGL,Renaissance Global Limited,Gems Jewellery And Watches,Consumer Discretionary,Consumer Durables,Consumer Durables,Gems Jewellery And Watches,129.64,1246.25,368.6164455,0.22,3.15,60.18,28433851.09,96131595.19,29.58
1451,RHFL,Reliance Home Finance Limited,Housing Finance Company,Financial Services,Financial Services,Finance,Housing Finance Company,5.01,243.01,241.2280685,0.82,3.48,66.49,481493150.6,485049900.2,99.27
1452,RHIM,RHI MAGNESITA INDIA LIMITED,Electrodes & Refractories,Industrials,Capital Goods,Industrial Products,Electrodes & Refractories,589.95,12182.55,3569.158698,0.09,2.07,39.55,60499342.28,206501398.4,29.30
1453,RHL,Robust Hotels Limited,Hotels & Resorts,Consumer Discretionary,Consumer Services,Leisure Services,Hotels & Resorts,186.45,322.4,106.5560256,2.27,3.22,61.52,5714991.986,17291499.06,33.05
1454,RICOAUTO,Rico Auto Industries Limited,Auto Components & Equipments,Consumer Discretionary,Automobile and Auto Components,Auto Components,Auto Components & Equipments,104.29,1410.89,686.2414568,0.08,3.26,62.28,65801271.15,135285262.2,48.64
1455,RIIL,Reliance Industrial Infrastructure Limited,Logistics Solution Provider,Services,Services,Transport Services,Logistics Solution Provider,1127.95,1703.2,901.7122296,0.05,2.95,56.36,7994257.1,15099960.1,52.94
1456,RISHABH,Rishabh Instruments Limited,Other Electrical Equipment,Industrials,Capital Goods,Electrical Equipment,Other Electrical Equipment,362.5,1385.44,413.4833727,0.14,2.18,41.65,11406437.87,38219034.48,29.84
1457,RITCO,Ritco Logistics Limited,Logistics Solution Provider,Services,Services,Transport Services,Logistics Solution Provider,311.7,882.82,325.6062103,0.2,3,57.31,10446140.85,28322746.23,36.88
1458,RITES,RITES Limited,Civil Construction,Industrials,Construction,Construction,Civil Construction,296.45,14247.5,3960.405759,0.05,3.15,60.18,133594392.3,480603811.8,27.80
1459,RKDL,Ravi Kumar Distilleries Limited,Breweries & Distilleries,Fast Moving Consumer Goods,Fast Moving Consumer Goods,Beverages,Breweries & Distilleries,26.62,63.89,48.81484027,2.73,2.98,56.93,18337656,24000751.31,76.40
1460,RKEC,RKEC Projects Limited,Civil Construction,Industrials,Construction,Construction,Civil Construction,132.39,317.61,103.8707296,1.78,3.62,69.16,7845813.852,23990482.66,32.70
1461,RKFORGE,Ramkrishna Forgings Limited,Auto Components & Equipments,Consumer Discretionary,Automobile and Auto Components,Auto Components,Auto Components & Equipments,902,16306.01,9234.404039,0.06,2.6,49.67,102376984.9,180776164.1,56.63
1462,RKSWAMY,R K Swamy Limited,Advertising & Media Agencies,Consumer Discretionary,Media Entertainment & Publication,Media,Advertising & Media Agencies,225,1135.74,331.1368844,0.14,1.88,35.92,14717194.86,50477333.33,29.16
1463,RML,Rane (Madras) Limited,Auto Components & Equipments,Consumer Discretionary,Automobile and Auto Components,Auto Components,Auto Components & Equipments,1052.85,1712.49,466.1942064,0.23,3.18,60.75,4427926.166,16265279.95,27.22
1464,ROHLTD,Royal Orchid Hotels Limited,Hotels & Resorts,Consumer Discretionary,Consumer Services,Leisure Services,Hotels & Resorts,338.85,929.3,336.5007649,0.15,2.77,52.92,9930670.352,27425114.36,36.21
1465,ROLEXRINGS,Rolex Rings Limited,Auto Components & Equipments,Consumer Discretionary,Automobile and Auto Components,Auto Components,Auto Components & Equipments,2299,6260.94,2801.701077,0.12,2.31,44.13,12186607.55,27233318.83,44.75
1466,ROLLT,Rollatainers Limited,Packaging,Industrials,Capital Goods,Industrial Products,Packaging,2.25,56.28,27.60063862,0.88,3.63,69.35,122669505,250133333.3,49.04
1467,ROLTA,Rolta India Limited,IT Enabled Services,Information Technology,Information Technology,IT - Services,IT Enabled Services,3.32,55.08,53.52427569,5,3.37,64.38,161217697.9,165903614.5,97.18
1468,ROML,Raj Oil Mills Limited,Edible Oil,Fast Moving Consumer Goods,Fast Moving Consumer Goods,Agricultural Food & other Products,Edible Oil,49.22,73.77,18.44335434,1.73,3.06,58.46,3747126.034,14987809.83,25.00
1469,ROSSARI,Rossari Biotech Limited,Specialty Chemicals,Commodities,Chemicals,Chemicals & Petrochemicals,Specialty Chemicals,840,4644.3,1471.192964,0.09,1.75,33.43,17514201.95,55289285.71,31.68
1470,ROSSELLIND,Rossell India Limited,Aerospace & Defense,Industrials,Capital Goods,Aerospace & Defense,Aerospace & Defense,99,373.2,90.82598488,0.21,3.85,73.55,9174341.907,37696969.7,24.34
1471,ROTO,Roto Pumps Limited,Compressors Pumps & Diesel Engines,Industrials,Capital Goods,Industrial Products,Compressors Pumps & Diesel Engines,516,1620.63,508.1639613,0.13,2.87,54.83,9848138.784,31407558.14,31.36
1472,ROUTE,ROUTE MOBILE LIMITED,Other Telecom Services,Telecommunication,Telecommunication,Telecom - Services,Other Telecom Services,1518.9,9563.4,1615.325887,0.05,2.15,41.08,10634840.26,62962670.35,16.89
1473,RPEL,Raghav Productivity Enhancers Limited,Electrodes & Refractories,Industrials,Capital Goods,Industrial Products,Electrodes & Refractories,1040.05,2387.19,885.2183893,0.31,1.36,25.98,8511306.085,22952646.51,37.08
1474,RPGLIFE,RPG Life Sciences Limited,Pharmaceuticals,Healthcare,Healthcare,Pharmaceuticals & Biotechnology,Pharmaceuticals,2650,4382.84,1146.094861,0.15,2.57,49.1,4324886.266,16539018.87,26.15
1475,RPOWER,Reliance Power Limited,Power Generation,Utilities,Power,Power,Power Generation,48.4,19442.14,13835.99856,1.12,3.51,67.06,2858677388,4016971074,71.16
1476,RPPINFRA,R.P.P. Infra Projects Limited,Civil Construction,Industrials,Construction,Construction,Civil Construction,169.01,643.6,237.2028557,1.44,3.3,63.05,14034841.47,38080586.95,36.86
1477,RPPL,Rajshree Polypack Limited,Packaging,Industrials,Capital Goods,Industrial Products,Packaging,37.34,273.87,105.0899689,0.6,3.15,60.18,28144073.09,73344938.4,38.37
1478,RPSGVENT,RPSG VENTURES LIMITED,Business Process Outsourcing (BPO)/ Knowledge Process Outsourcing (KPO),Services,Services,Commercial Services & Supplies,Business Process Outsourcing (BPO)/ Knowledge Process Outsourcing (KPO),1006,3328.49,1211.125341,0.14,3.13,59.8,12039019.3,33086381.71,36.39
1479,RPTECH,Rashi Peripherals Limited,Computers Hardware & Equipments,Information Technology,Information Technology,IT - Hardware,Computers Hardware & Equipments,375.9,2477.17,725.1910513,0.11,2.13,40.69,19292126.93,65899707.37,29.27
1480,RRKABEL,R R Kabel Limited,Cables - Electricals,Industrials,Capital Goods,Industrial Products,Cables - Electricals,1754,19830.13,5461.811911,0.07,1.75,33.43,31139178.51,113056613.5,27.54
1481,RSSOFTWARE,R. S. Software (India) Limited,Computers - Software & Consulting,Information Technology,Information Technology,IT - Software,Computers - Software & Consulting,249.95,642.58,362.9192112,0.93,3.46,66.1,14519672.38,25708341.67,56.48
1482,RSWM,RSWM Limited,Other Textile Products,Consumer Discretionary,Textiles,Textiles & Apparels,Other Textile Products,197.12,928.47,408.4091068,0.19,2.5,47.76,20718806.15,47101765.42,43.99
1483,RSYSTEMS,R Systems International Limited,IT Enabled Services,Information Technology,Information Technology,IT - Services,IT Enabled Services,499.05,5903.93,1112.454559,0.12,2.47,47.19,22291444.93,118303376.4,18.84
1484,RTNINDIA,RattanIndia Enterprises Limited,E-Retail/ E-Commerce,Consumer Discretionary,Consumer Services,Retailing,E-Retail/ E-Commerce,69.45,9599.86,2404.007121,0.07,3.2,61.14,346149333.5,1382269258,25.04
1485,RTNPOWER,RattanIndia Power Limited,Integrated Power Utilities,Utilities,Power,Power,Integrated Power Utilities,15.39,8264.59,4118.833437,1.38,3.34,63.81,2676305028,5370103964,49.84
1486,RUBFILA,Rubfila International Limited,Rubber,Industrials,Capital Goods,Industrial Products,Rubber,76.27,413.9,160.5205778,0.32,2.52,48.14,21046358.7,54267733.05,38.78
1487,RUBYMILLS,The Ruby Mills Limited,Other Textile Products,Consumer Discretionary,Textiles,Textiles & Apparels,Other Textile Products,257,859.41,215.0041152,0.28,2.91,55.6,8365918.88,33440077.82,25.02
1488,RUCHINFRA,Ruchi Infrastructure Limited,Diversified Commercial Services,Services,Services,Commercial Services & Supplies,Diversified Commercial Services,13.14,310.14,100.1614623,1,3.02,57.7,76226379.24,236027397.3,32.30
1489,RUCHIRA,Ruchira Papers Limited,Paper & Paper Products,Commodities,Forest Materials,Paper Forest & Jute Products,Paper & Paper Products,124.75,372.32,116.1503603,0.2,2.29,43.75,9310650.124,29845290.58,31.20
1490,RUPA,Rupa & Company Limited,Garments & Apparels,Consumer Discretionary,Textiles,Textiles & Apparels,Garments & Apparels,273.75,2176.98,580.4908279,0.11,2.35,44.9,21205144.4,79524383.56,26.66
1491,RUSHIL,Rushil Decor Limited,Plywood Boards/ Laminates,Consumer Discretionary,Consumer Durables,Consumer Durables,Plywood Boards/ Laminates,32.72,894.95,382.9639453,0.17,3.11,59.42,117042770.6,273517726.2,42.79
1492,RUSTOMJEE,Keystone Realtors Limited,Residential Commercial Projects,Consumer Discretionary,Realty,Realty,Residential Commercial Projects,681,8581.35,1857.416734,0.18,2.07,39.55,27274841.91,126011013.2,21.64
1493,RVHL,Ravinder Heights Limited,Residential Commercial Projects,Consumer Discretionary,Realty,Realty,Residential Commercial Projects,58.49,358.69,89.92860373,1.9,3.28,62.66,15375039.11,61325012.82,25.07
1494,RVNL,Rail Vikas Nigam Limited,Civil Construction,Industrials,Construction,Construction,Civil Construction,450,93825.9,25481.8021,0.04,3.79,72.41,566262268.9,2085020000,27.16
1495,S&SPOWER,S&S Power Switchgears Limited,Other Electrical Equipment,Industrials,Capital Goods,Electrical Equipment,Other Electrical Equipment,437.8,540.31,135.2338749,0.61,3.22,61.52,3088941.866,12341480.13,25.03
1496,SABEVENTS,Sab Events & Governance Now Media Limited,Electronic Media,Consumer Discretionary,Media Entertainment & Publication,Media,Electronic Media,11.13,11.67,7.471012495,5.33,4.59,87.69,6712499.996,10485175.2,64.02
1497,SABTNL,Sri Adhikari Brothers Television Network Limited,TV Broadcasting & Software Production,Consumer Discretionary,Media Entertainment & Publication,Entertainment,TV Broadcasting & Software Production,929.55,2358.55,1,0.14,,,10757.8936,25373029.96,0.04
1498,SADBHAV,Sadbhav Engineering Limited,Civil Construction,Industrials,Construction,Construction,Civil Construction,33.33,571.85,364.7161827,1.27,3.73,71.26,109425797.4,171572157.2,63.78
1499,SADBHIN,Sadbhav Infrastructure Project Limited,Civil Construction,Industrials,Construction,Construction,Civil Construction,6.41,225.78,67.03345386,2.39,3.11,59.42,104576371.1,352230889.2,29.69
1500,SADHNANIQ,Sadhana Nitrochem Limited,Commodity Chemicals,Commodities,Chemicals,Chemicals & Petrochemicals,Commodity Chemicals,53.9,1775.53,612.830162,0.2,3.01,57.51,113697618.2,329411873.8,34.52
1501,SAFARI,Safari Industries (India) Limited,Plastic Products - Consumer,Consumer Discretionary,Consumer Durables,Consumer Durables,Plastic Products - Consumer,2412.95,11794.93,4867.379503,0.09,2.22,42.41,20171903.7,48881783.71,41.27
1502,SAGARDEEP,Sagardeep Alloys Limited,Aluminium Copper & Zinc Products,Industrials,Capital Goods,Industrial Products,Aluminium Copper & Zinc Products,27.05,46.14,12.17249454,1.64,2.97,56.74,4499997.981,17057301.29,26.38
1503,SAGCEM,Sagar Cements Limited,Cement & Cement Products,Commodities,Construction Materials,Cement & Cement Products,Cement & Cement Products,226,2953.99,624.7837786,0.15,2.4,45.85,27645299.94,130707522.1,21.15
1504,SAH,Sah Polymers Limited,Packaging,Industrials,Capital Goods,Industrial Products,Packaging,84.4,217.72,86.08796928,0.56,2.98,56.93,10199996.36,25796208.53,39.54
1505,SAHYADRI,Sahyadri Industries Limited,Other Construction Materials,Commodities,Construction Materials,Other Construction Materials,Other Construction Materials,340,372.17,103.9430436,0.42,2.28,43.56,3057148.342,10946176.47,27.93
1506,SAIL,Steel Authority of India Limited,Iron & Steel,Commodities,Metals & Mining,Ferrous Metals,Iron & Steel,131.97,54510.54,19025.10592,0.04,2.87,54.83,1441623545,4130525119,34.90
1507,SAKAR,Sakar Healthcare Limited,Pharmaceuticals,Healthcare,Healthcare,Pharmaceuticals & Biotechnology,Pharmaceuticals,316.1,687.51,309.4262832,0.31,2.76,52.73,9788873.244,21749762.73,45.01
1508,SAKHTISUG,Sakthi Sugars Limited,Sugar,Fast Moving Consumer Goods,Fast Moving Consumer Goods,Agricultural Food & other Products,Sugar,38.82,461.37,185.2938988,0.19,3.4,64.96,47731555.59,118848531.7,40.16
1509,SAKSOFT,Saksoft Limited,Computers - Software & Consulting,Information Technology,Information Technology,IT - Software,Computers - Software & Consulting,236.9,3140.14,865.9593032,0.31,3.09,59.03,36553790.76,132551287.5,27.58
1510,SAKUMA,Sakuma Exports Limited,Trading & Distributors,Services,Services,Commercial Services & Supplies,Trading & Distributors,4.73,741.53,398.2836707,0.77,4.15,79.29,842037358.7,1567716702,53.71
1511,SALASAR,Salasar Techno Engineering Limited,Industrial Products,Industrials,Capital Goods,Industrial Manufacturing,Industrial Products,17.99,3106.46,1119.953296,0.25,3.32,63.43,622542132,1726770428,36.05
1512,SALONA,Salona Cotspin Limited,Other Textile Products,Consumer Discretionary,Textiles,Textiles & Apparels,Other Textile Products,280,147.35,45.00248713,0.92,2.58,49.29,1607231.683,5262500,30.54
1513,SALSTEEL,S.A.L. Steel Limited,Sponge Iron,Commodities,Metals & Mining,Ferrous Metals,Sponge Iron,26.2,222.61,110.0588551,0.84,3.29,62.86,42007196.61,84965648.85,49.44
1514,SALZERELEC,Salzer Electronics Limited,Other Electrical Equipment,Industrials,Capital Goods,Electrical Equipment,Other Electrical Equipment,932,1648.03,1011.200563,0.23,3.13,59.8,10849791.45,17682725.32,61.36
1515,SAMBHAAV,Sambhaav Media Limited,Electronic Media,Consumer Discretionary,Media Entertainment & Publication,Media,Electronic Media,5.62,107.4,39.8103675,2.47,3.45,65.91,70836952.84,191103202.8,37.07
1516,SAMHI,Samhi Hotels Limited,Hotels & Resorts,Consumer Discretionary,Consumer Services,Leisure Services,Hotels & Resorts,189.9,4178.8,2944.603645,0.08,1.95,37.25,155060750.1,220052659.3,70.47
1517,SAMMAANCAP,Sammaan Capital Limited,Housing Finance Company,Financial Services,Financial Services,Finance,Housing Finance Company,147.7,10775.19,9947.50299,0.05,2.89,55.21,673493770.5,729532159.8,92.32
1518,SAMPANN,Sampann Utpadan India Limited,Rubber,Industrials,Capital Goods,Industrial Products,Rubber,28.88,117.28,69.78740815,2.93,3.27,62.47,24164615.01,40609418.28,59.50
1519,SANCO,Sanco Industries Limited,TRADING,SERVICES,SERVICES,TRADING,TRADING,4.49,5.87,2.92866216,5,3.38,64.57,6522632.873,13073496.66,49.89
1520,SANDESH,The Sandesh Limited,Print Media,Consumer Discretionary,Media Entertainment & Publication,Media,Print Media,1700,1286.8,315.0154583,0.27,2.73,52.16,1853032.108,7569411.765,24.48
1521,SANDHAR,Sandhar Technologies Limited,Auto Components & Equipments,Consumer Discretionary,Automobile and Auto Components,Auto Components,Auto Components & Equipments,564.75,3399.27,1006.863843,0.1,2.42,46.23,17828487.71,60190703.85,29.62
1522,SANDUMA,Sandur Manganese & Iron Ores Limited,Coal,Energy,Oil Gas & Consumable Fuels,Consumable Fuels,Coal,452.5,7332.08,1884.183497,0.39,2.76,52.73,41639414.3,162034917.1,25.70
1523,SANGAMIND,Sangam (India) Limited,Other Textile Products,Consumer Discretionary,Textiles,Textiles & Apparels,Other Textile Products,413,2075.18,330.510228,0.25,3.25,62.09,8002668.959,50246489.1,15.93
1524,SANGHIIND,Sanghi Industries Limited,Cement & Cement Products,Commodities,Construction Materials,Cement & Cement Products,Cement & Cement Products,81,2092.44,523.1122424,0.17,2.7,51.58,64581758.33,258325925.9,25.00
1525,SANGHVIMOV,Sanghvi Movers Limited,Construction Vehicles,Industrials,Capital Goods,Agricultural Commercial & Construction Vehicles,Construction Vehicles,362,3134.05,1647.9374,0.09,3.37,64.38,45523132.59,86575966.85,52.58
1526,SANGINITA,Sanginita Chemicals Limited,Specialty Chemicals,Commodities,Chemicals,Chemicals & Petrochemicals,Specialty Chemicals,15.29,39.6,22.38039611,2.17,3.16,60.37,14637276.72,25899280.58,56.52
1527,SANOFI,Sanofi India Limited,Pharmaceuticals,Healthcare,Healthcare,Pharmaceuticals & Biotechnology,Pharmaceuticals,6710.5,15454.7,6091.93321,0.19,0.95,18.15,9078210.58,23030623.65,39.42
1528,SANSERA,Sansera Engineering Limited,Auto Components & Equipments,Consumer Discretionary,Automobile and Auto Components,Auto Components,Auto Components & Equipments,1544.9,8342.2,5390.671939,0.07,1.75,33.43,34893338.98,53998317.04,64.62
1529,SANSTAR,Sanstar Limited,Other Agricultural Products,Fast Moving Consumer Goods,Fast Moving Consumer Goods,Agricultural Food & other Products,Other Agricultural Products,122.38,2230.31,460.027197,0.09,1.52,29.04,37590063.49,182244647.8,20.63
1530,SANWARIA,Sanwaria Consumer Limited,Other Food Products,Fast Moving Consumer Goods,Fast Moving Consumer Goods,Food Products,Other Food Products,0.48,35.33,29.91440912,5,4.81,91.89,623216856.7,736041666.7,84.67
1531,SAPPHIRE,Sapphire Foods India Limited,Restaurants,Consumer Discretionary,Consumer Services,Leisure Services,Restaurants,348.45,11140.62,7588.846431,0.07,1.81,34.58,217788676.4,319719328.5,68.12
1532,SARDAEN,Sarda Energy & Minerals Limited,Iron & Steel,Commodities,Metals & Mining,Ferrous Metals,Iron & Steel,455.8,16061.54,4261.318846,0.1,3.03,57.89,93490979.51,352381307.6,26.53
1533,SAREGAMA,Saregama India Limited,Media & Entertainment,Consumer Discretionary,Media Entertainment & Publication,Entertainment,Media & Entertainment,582.8,11236.94,4423.12812,0.08,2.79,53.3,75894442.69,192809540.2,39.36
1534,SARLAPOLY,Sarla Performance Fibers Limited,Other Textile Products,Consumer Discretionary,Textiles,Textiles & Apparels,Other Textile Products,84.15,702.68,297.5165679,0.29,3.44,65.72,35355504.21,83503267.97,42.34
1535,SARVESHWAR,Sarveshwar Foods Limited,Other Agricultural Products,Fast Moving Consumer Goods,Fast Moving Consumer Goods,Agricultural Food & other Products,Other Agricultural Products,9.56,935.75,421.9175875,0.86,3.22,61.52,441336388.6,978817991.6,45.09
1536,SASKEN,Sasken Technologies Limited,IT Enabled Services,Information Technology,Information Technology,IT - Services,IT Enabled Services,1470,2220.63,1233.872035,0.16,2.55,48.72,8393687.313,15106326.53,55.56
1537,SASTASUNDR,Sastasundar Ventures Limited,Healthcare Service Provider,Healthcare,Healthcare,Healthcare Services,Healthcare Service Provider,291.6,927.59,229.0165099,0.27,2.84,54.26,7853789.777,31810356.65,24.69
1538,SATIA,Satia Industries Limited,Paper & Paper Products,Commodities,Forest Materials,Paper Forest & Jute Products,Paper & Paper Products,111.72,1117.2,358.766436,0.12,2.19,41.84,32113000,100000000,32.11
1539,SATIN,Satin Creditcare Network Limited,Microfinance Institutions,Financial Services,Financial Services,Finance,Microfinance Institutions,177.01,1955.45,1019.794708,0.09,2.49,47.57,57612265.31,110471159.8,52.15
1540,SATINDLTD,Sat Industries Limited,Iron & Steel Products,Industrials,Capital Goods,Industrial Products,Iron & Steel Products,117.49,1328.64,643.2576286,0.12,2.97,56.74,54749989.66,113085369,48.41
1541,SAURASHCEM,Saurashtra Cement Limited,Cement & Cement Products,Commodities,Construction Materials,Cement & Cement Products,Cement & Cement Products,109.5,1215.77,389.1202618,0.21,2.9,55.4,35536096.97,111029223.7,32.01
1542,SBC,SBC Exports Limited,Garments & Apparels,Consumer Discretionary,Textiles,Textiles & Apparels,Garments & Apparels,31.15,988.89,357.4078204,0.15,3.08,58.84,114737663,317460674.2,36.14
1543,SBCL,Shivalik Bimetal Controls Limited,Iron & Steel Products,Industrials,Capital Goods,Industrial Products,Iron & Steel Products,637,3669.39,1752.235293,0.11,2.6,49.67,27507618.42,57604238.62,47.75
1544,SBFC,SBFC Finance Limited,Non Banking Financial Company (NBFC),Financial Services,Financial Services,Finance,Non Banking Financial Company (NBFC),86.85,9350.16,2829.359456,0.09,2.19,41.84,325775412.3,1076587219,30.26
1545,SBGLP,Suratwwala Business Group Limited,Residential Commercial Projects,Consumer Discretionary,Realty,Realty,Residential Commercial Projects,124.44,2157.99,574.1645633,0.16,2.78,53.11,46139871.69,173416104.1,26.61
1546,SBICARD,SBI Cards and Payment Services Limited,Non Banking Financial Company (NBFC),Financial Services,Financial Services,Finance,Non Banking Financial Company (NBFC),730.25,69466.33,21795.82491,0.04,1.4,26.75,298470728,951267785,31.38
1547,SBILIFE,SBI Life Insurance Company Limited,Life Insurance,Financial Services,Financial Services,Insurance,Life Insurance,1787.05,179048.82,79820.50119,0.04,1.49,28.47,446660704.5,1001923953,44.58
1548,SBIN,State Bank of India,Public Sector Bank,Financial Services,Financial Services,Banks,Public Sector Bank,774,690765.59,297370.4422,0.03,1.76,33.62,3841995377,8924620026,43.05
1549,SCHAEFFLER,Schaeffler India Limited,Auto Components & Equipments,Consumer Discretionary,Automobile and Auto Components,Auto Components,Auto Components & Equipments,3755,58692.03,15083.67514,0.04,2.04,38.97,40169574.28,156303675.1,25.70
1550,SCHAND,S Chand And Company Limited,Printing & Publication,Consumer Discretionary,Media Entertainment & Publication,Printing & Publication,Printing & Publication,206.01,725.51,355.7793517,0.23,2.65,50.63,17270003.97,35217222.46,49.04
1551,SCHNEIDER,Schneider Electric Infrastructure Limited,Heavy Electrical Equipment,Industrials,Capital Goods,Electrical Equipment,Heavy Electrical Equipment,750.4,17942.37,4376.466222,0.91,3.05,58.27,58321778.01,239104077.8,24.39
1552,SCI,Shipping Corporation Of India Limited,Shipping,Services,Services,Transport Services,Shipping,233.85,10892.71,3943.629352,0.1,3.4,64.96,168639271,465799016.5,36.20
1553,SCILAL,Shipping Corporation of India Land and Assets Limited,Investment Company,Financial Services,Financial Services,Finance,Investment Company,64.8,3018.38,1092.785494,0.55,2.76,52.73,168639736.8,465799382.7,36.20
1554,SCPL,Sheetal Cool Products Limited,Dairy Products,Fast Moving Consumer Goods,Fast Moving Consumer Goods,Food Products,Dairy Products,344.2,361.41,124.3456404,0.3,3.24,61.9,3612598.5,10500000,34.41
1555,SDBL,Som Distilleries & Breweries Limited,Breweries & Distilleries,Fast Moving Consumer Goods,Fast Moving Consumer Goods,Beverages,Breweries & Distilleries,107.6,2085.03,1347.0002,0.07,2.88,55.02,125185892.2,193776022.3,64.60
1556,SEAMECLTD,Seamec Limited,Shipping,Services,Services,Transport Services,Shipping,1315,3343.39,886.2216945,0.31,2.73,52.16,6739328.475,25425019.01,26.51
1557,SECMARK,SecMark Consultancy Limited,Computers - Software & Consulting,Information Technology,Information Technology,IT - Software,Computers - Software & Consulting,86.02,89.31,22.3405131,3.52,2.93,55.98,2597130.097,10382469.19,25.01
1558,SECURCRED,SecUR Credentials Limited,Diversified Commercial Services,Services,Services,Commercial Services & Supplies,Diversified Commercial Services,4.97,20.41,1,1.79,,,2012072.435,41066398.39,4.90
1559,SECURKLOUD,SECUREKLOUD TECHNOLOGIES LIMITED,IT Enabled Services,Information Technology,Information Technology,IT - Services,IT Enabled Services,29.2,97.56,55.10286528,3.08,3.03,57.89,18870844.27,33410958.9,56.48
1560,SEJALLTD,Sejal Glass Limited,Glass - Industrial,Industrials,Capital Goods,Industrial Products,Glass - Industrial,461.1,465.71,116.42775,1.63,2.55,48.72,2525000,10099978.31,25.00
1561,SELAN,Selan Exploration Technology Limited,Oil Exploration & Production,Energy,Oil Gas & Consumable Fuels,Oil,Oil Exploration & Production,835,1269.2,866.9765588,0.2,3.64,69.54,10382952.8,15200000,68.31
1562,SELMC,SEL Manufacturing Company Limited,Other Textile Products,Consumer Discretionary,Textiles,Textiles & Apparels,Other Textile Products,53.5,177.27,44.31766125,1.64,3.98,76.04,8283675,33134579.44,25.00
1563,SEMAC,SEMAC CONSULTANTS LIMITED,Civil Construction,Industrials,Construction,Construction,Civil Construction,428,133.42,53.15217129,1.66,2.94,56.17,1241873.161,3117289.72,39.84
1564,SENCO,Senco Gold Limited,Gems Jewellery And Watches,Consumer Discretionary,Consumer Durables,Consumer Durables,Gems Jewellery And Watches,1376,10694.61,3372.887127,0.08,2.42,46.23,24512261.1,77722456.4,31.54
1565,SEPC,SEPC Limited,Civil Construction,Industrials,Construction,Construction,Civil Construction,25.9,4049.88,2675.349965,0.33,4.04,77.18,1032953655,1563660232,66.06
1566,SEQUENT,Sequent Scientific Limited,Pharmaceuticals,Healthcare,Healthcare,Pharmaceuticals & Biotechnology,Pharmaceuticals,198,4941.72,2324.784404,0.09,3.27,62.47,117413353.7,249581818.2,47.04
1567,SERVOTECH,Servotech Power Systems Limited,Other Electrical Equipment,Industrials,Capital Goods,Electrical Equipment,Other Electrical Equipment,170.43,3798.96,1428.738648,0.7,3.38,64.57,83831405.71,222904418.2,37.61
1568,SESHAPAPER,Seshasayee Paper and Boards Limited,Paper & Paper Products,Commodities,Forest Materials,Paper Forest & Jute Products,Paper & Paper Products,325,2049.71,755.3936014,0.17,2.21,42.22,23242880.04,63068000,36.85
1569,SETCO,Setco Automotive Limited,Auto Components & Equipments,Consumer Discretionary,Automobile and Auto Components,Auto Components,Auto Components & Equipments,12.5,167.21,65.85797692,0.8,2.91,55.6,52686381.54,133768000,39.39
1570,SETUINFRA,Setubandhan Infrastructure Limited,Civil Construction,Industrials,Construction,Construction,Civil Construction,0.8,10.05,7.339610384,5,3.63,69.35,91745129.8,125625000,73.03
1571,SFL,Sheela Foam Limited,Furniture Home Furnishing,Consumer Discretionary,Consumer Durables,Consumer Durables,Furniture Home Furnishing,873,9489.28,3275.774635,0.09,1.61,30.76,37523191.69,108697365.4,34.52
1572,SGIL,Synergy Green Industries Limited,Castings & Forgings,Industrials,Capital Goods,Industrial Products,Castings & Forgings,400,621.72,161.5247212,0.29,2.93,55.98,4038118.029,15543000,25.98
1573,SGL,STL Global Limited,Other Textile Products,Consumer Discretionary,Textiles,Textiles & Apparels,Other Textile Products,17.79,48.02,15.90043913,1.28,3.7,70.69,8937852.235,26992692.52,33.11
1574,SHAH,Shah Metacorp Limited,Iron & Steel Products,Industrials,Capital Goods,Industrial Products,Iron & Steel Products,4.65,230.09,100.2876101,1.59,3.57,68.2,215672279.8,494817204.3,43.59
1575,SHAHALLOYS,Shah Alloys Limited,Iron & Steel Products,Industrials,Capital Goods,Industrial Products,Iron & Steel Products,84.73,167.74,77.52885006,1.08,3.83,73.17,9150106.227,19797002.24,46.22
1576,SHAILY,Shaily Engineering Plastics Limited,Plastic Products - Industrial,Industrials,Capital Goods,Industrial Products,Plastic Products - Industrial,926.05,4247.56,2384.024182,0.12,2.86,54.64,25744011.47,45867501.75,56.13
1577,SHAKTIPUMP,Shakti Pumps (India) Limited,Compressors Pumps & Diesel Engines,Industrials,Capital Goods,Industrial Products,Compressors Pumps & Diesel Engines,4319.8,8654.76,1,1.6,3.33,63.62,2314.921987,20035094.22,0.01
1578,SHALBY,Shalby Limited,Hospital,Healthcare,Healthcare,Healthcare Services,Hospital,258.45,2791.51,699.3492535,0.12,2.56,48.91,27059363.65,108009673.1,25.05
1579,SHALPAINTS,Shalimar Paints Limited,Paints,Consumer Discretionary,Consumer Durables,Consumer Durables,Paints,129,1079.87,229.7129988,0.19,2.53,48.34,17807209.21,83710852.71,21.27
1580,SHANKARA,Shankara Building Products Limited,Speciality Retail,Consumer Discretionary,Consumer Services,Retailing,Speciality Retail,493.75,1197.31,532.4798859,0.11,2.12,40.5,10784402.75,24249316.46,44.47
1581,SHANTI,Shanti Overseas (India) Limited,Edible Oil,Fast Moving Consumer Goods,Fast Moving Consumer Goods,Agricultural Food & other Products,Edible Oil,18.09,20.09,9.626103055,3.06,3.44,65.72,5321228.886,11105583.2,47.91
1582,SHANTIGEAR,Shanthi Gears Limited,Industrial Products,Industrials,Capital Goods,Industrial Manufacturing,Industrial Products,580,4449.52,1290.752205,0.14,2.42,46.23,22254348.37,76715862.07,29.01
1583,SHARDACROP,Sharda Cropchem Limited,Pesticides & Agrochemicals,Commodities,Chemicals,Fertilizers & Agrochemicals,Pesticides & Agrochemicals,547.2,4936.87,1243.018803,0.09,2.46,47,22715986.89,90220577.49,25.18
1584,SHARDAMOTR,Sharda Motor Industries Limited,Auto Components & Equipments,Consumer Discretionary,Automobile and Auto Components,Auto Components,Auto Components & Equipments,2251.1,6461.52,2298.441749,0.1,2.94,56.17,10210304.96,28703833.68,35.57
1585,SHAREINDIA,Share India Securities Limited,Stockbroking & Allied,Financial Services,Financial Services,Capital Markets,Stockbroking & Allied,297,6328.89,2135.676154,0.06,2.17,41.46,71908288.03,213093939.4,33.74
1586,SHEKHAWATI,Shekhawati Industries Limited,Other Textile Products,Consumer Discretionary,Textiles,Textiles & Apparels,Other Textile Products,43.97,151.56,63.95252719,0.4,17.01,324.98,14544582.03,34468956.11,42.20
1587,SHEMAROO,Shemaroo Entertainment Limited,Media & Entertainment,Consumer Discretionary,Media Entertainment & Publication,Entertainment,Media & Entertainment,172.95,472.03,162.0317981,0.26,3.78,72.22,9368707.609,27292859.21,34.33
1588,SHILPAMED,Shilpa Medicare Limited,Pharmaceuticals,Healthcare,Healthcare,Pharmaceuticals & Biotechnology,Pharmaceuticals,765.3,7483.94,4137.510196,0.09,2.96,56.55,54063899.07,97790931.66,55.29
1589,SHIVALIK,Shivalik Rasayan Limited,Pesticides & Agrochemicals,Commodities,Chemicals,Fertilizers & Agrochemicals,Pesticides & Agrochemicals,576.4,896.9,416.6815412,0.27,2.98,56.93,7229034.372,15560374.74,46.46
1590,SHIVAMAUTO,Shivam Autotech Limited,Auto Components & Equipments,Consumer Discretionary,Automobile and Auto Components,Auto Components,Auto Components & Equipments,42.18,515.53,127.558928,0.7,3.65,69.73,30241566.61,122221432,24.74
1591,SHIVAMILLS,Shiva Mills Limited,Other Textile Products,Consumer Discretionary,Textiles,Textiles & Apparels,Other Textile Products,86,74.32,18.6266342,0.73,3.46,66.1,2165887.697,8641860.465,25.06
1592,SHIVATEX,Shiva Texyarn Limited,Other Textile Products,Consumer Discretionary,Textiles,Textiles & Apparels,Other Textile Products,203,263.14,64.84582142,0.89,3.29,62.86,3194375.439,12962561.58,24.64
1593,SHK,S H Kelkar and Company Limited,Specialty Chemicals,Commodities,Chemicals,Chemicals & Petrochemicals,Specialty Chemicals,293.7,4065.42,1262.336969,0.1,3.04,58.08,42980489.24,138420837.6,31.05
1594,SHOPERSTOP,Shoppers Stop Limited,Diversified Retail,Consumer Discretionary,Consumer Services,Retailing,Diversified Retail,750.15,8250.01,2791.672787,0.13,2.39,45.66,37214860.86,109978137.7,33.84
1595,SHRADHA,Shradha Infraprojects Limited,Residential Commercial Projects,Consumer Discretionary,Realty,Realty,Residential Commercial Projects,1,311.64,1,1.72,,,10000000,3116400000,0.32
1596,SHREDIGCEM,Shree Digvijay Cement Co.Ltd,Cement & Cement Products,Commodities,Construction Materials,Cement & Cement Products,Cement & Cement Products,90.5,1334.03,589.357704,0.09,1.99,38.02,65122398.23,147406629.8,44.18
1597,SHREECEM,SHREE CEMENT LIMITED,Cement & Cement Products,Commodities,Construction Materials,Cement & Cement Products,Cement & Cement Products,25295,91266.25,33963.18418,0.03,1.48,28.28,13426837,36080747.18,37.21
1598,SHREEPUSHK,Shree Pushkar Chemicals & Fertilisers Limited,Dyes And Pigments,Commodities,Chemicals,Chemicals & Petrochemicals,Dyes And Pigments,243.64,770.53,236.6036973,0.3,2.81,53.68,9711200.842,31625759.32,30.71
1599,SHREERAMA,Shree Rama Multi-Tech Limited,Packaging,Industrials,Capital Goods,Industrial Products,Packaging,25.99,346.88,1,0.76,,,384763.3705,133466718,0.29
1600,SHRENIK,Shrenik Limited,Paper & Paper Products,Commodities,Forest Materials,Paper Forest & Jute Products,Paper & Paper Products,0.88,53.86,37.30976726,3.21,3.8,72.6,423974628,612045454.5,69.27
1601,SHREYANIND,Shreyans Industries Limited,Paper & Paper Products,Commodities,Forest Materials,Paper Forest & Jute Products,Paper & Paper Products,253.15,349.98,162.3101666,0.33,2.82,53.88,6411620.25,13825004.94,46.38
1602,SHREYAS,Shreyas Shipping & Logistics Limited,Shipping,Services,Services,Transport Services,Shipping,313.5,688.37,195.613722,0.2,3.43,65.53,6239672.153,21957575.76,28.42
1603,SHRIPISTON,Shriram Pistons & Rings Limited,Auto Components & Equipments,Consumer Discretionary,Automobile and Auto Components,Auto Components,Auto Components & Equipments,1965,8655.79,2758.202239,0.07,2.69,51.39,14036652.62,44049821.88,31.87
1604,SHRIRAMFIN,Shriram Finance Limited,Non Banking Financial Company (NBFC),Financial Services,Financial Services,Finance,Non Banking Financial Company (NBFC),3309,124414.85,92351.52387,0.04,2.17,41.46,279091942.8,375989271.7,74.23
1605,SHRIRAMPPS,Shriram Properties Limited,Residential Commercial Projects,Consumer Discretionary,Realty,Realty,Residential Commercial Projects,115.48,1967.24,1151.41696,0.08,3.08,58.84,99707045.41,170353307.9,58.53
1606,SHYAMCENT,Shyam Century Ferrous Limited,Ferro & Silica Manganese,Commodities,Metals & Mining,Ferrous Metals,Ferro & Silica Manganese,16.75,355.39,123.254499,0.82,2.78,53.11,73584775.53,212173134.3,34.68
1607,SHYAMMETL,Shyam Metalics and Energy Limited,Iron & Steel Products,Industrials,Capital Goods,Industrial Products,Iron & Steel Products,899,25093.95,6278.532281,0.06,2.4,45.85,69839068.75,279131813.1,25.02
1608,SHYAMTEL,Shyam Telecom Limited,Trading & Distributors,Services,Services,Commercial Services & Supplies,Trading & Distributors,12.7,14.31,4.811753661,5.02,4.54,86.74,3788782.41,11267716.54,33.63
1609,SIEMENS,Siemens Limited,Heavy Electrical Equipment,Industrials,Capital Goods,Electrical Equipment,Heavy Electrical Equipment,6999,249248.74,61717.72711,0.03,1.92,36.68,88180778.85,356120502.9,24.76
1610,SIGACHI,Sigachi Industries Limited,Pharmaceuticals,Healthcare,Healthcare,Pharmaceuticals & Biotechnology,Pharmaceuticals,51.4,1686.92,827.5686046,0.1,3.09,59.03,161005565.1,328194552.5,49.06
1611,SIGIND,Signet Industries Limited,Trading & Distributors,Services,Services,Commercial Services & Supplies,Trading & Distributors,68.88,202.76,55.61864577,0.52,3.4,64.96,8074716.285,29436701.51,27.43
1612,SIGMA,Sigma Solve Limited,IT Enabled Services,Information Technology,Information Technology,IT - Services,IT Enabled Services,359.85,369.84,99.04867505,0.48,2.35,44.9,2752498.959,10277615.67,26.78
1613,SIGNATURE,Signatureglobal (India) Limited,Residential Commercial Projects,Consumer Discretionary,Realty,Realty,Residential Commercial Projects,1525,21427.88,5960.614912,0.07,2.11,40.31,39085999.43,140510688.5,27.82
1614,SIGNPOST,Signpost India Limited,Advertising & Media Agencies,Consumer Discretionary,Media Entertainment & Publication,Media,Advertising & Media Agencies,235.5,1258.75,287.2172283,0.31,2.92,55.79,12196060.65,53450106.16,22.82
1615,SIKKO,Sikko Industries Limited,Pesticides & Agrochemicals,Commodities,Chemicals,Fertilizers & Agrochemicals,Pesticides & Agrochemicals,92.2,154.9,44.2071635,1.07,3.45,65.91,4794703.2,16800433.84,28.54
1616,SIL,Standard Industries Limited,Real Estate related services,Consumer Discretionary,Realty,Realty,Real Estate related services,25.25,162.43,64.47161938,0.68,2.7,51.58,25533314.6,64328712.87,39.69
1617,SILGO,Silgo Retail Limited,Gems Jewellery And Watches,Consumer Discretionary,Consumer Durables,Consumer Durables,Gems Jewellery And Watches,41.5,76.76,23.08033266,1.13,3.87,73.94,5561525.941,18496385.54,30.07
1618,SILINV,SIL Investments Limited,Investment Company,Financial Services,Financial Services,Finance,Investment Company,560,593.37,155.997676,0.33,2.65,50.63,2785672.786,10595892.86,26.29
1619,SILLYMONKS,Silly Monks Entertainment Limited,Media & Entertainment,Consumer Discretionary,Media Entertainment & Publication,Entertainment,Media & Entertainment,22.5,22.98,12.34007779,2.76,3.38,64.57,5484479.019,10213333.33,53.70
1620,SILVERTUC,Silver Touch Technologies Limited,IT Enabled Services,Information Technology,Information Technology,IT - Services,IT Enabled Services,729.35,924.89,237.0415837,0.27,1.94,37.06,3250038.852,12681017.34,25.63
1621,SIMBHALS,Simbhaoli Sugars Limited,Sugar,Fast Moving Consumer Goods,Fast Moving Consumer Goods,Agricultural Food & other Products,Sugar,24.9,102.78,47.96543322,1.04,3.44,65.72,19263226.19,41277108.43,46.67
1622,SIMPLEXINF,Simplex Infrastructures Limited,Civil Construction,Industrials,Construction,Construction,Civil Construction,213.06,1217.48,608.372346,0.87,3.37,64.38,28554038.58,57142588.94,49.97
1623,SINCLAIR,Sinclairs Hotels Limited,Hotels & Resorts,Consumer Discretionary,Consumer Services,Leisure Services,Hotels & Resorts,96.1,492.61,181.0814435,0.3,1.35,25.79,18843022.22,51260145.68,36.76
1624,SINDHUTRAD,Sindhu Trade Links Limited,Diversified,Diversified,Diversified,Diversified,Diversified,20.2,3114.7,779.6458191,0.8,3.59,68.59,385963276.8,1541930693,25.03
1625,SINTERCOM,Sintercom India Limited,Auto Components & Equipments,Consumer Discretionary,Automobile and Auto Components,Auto Components,Auto Components & Equipments,164,451.46,135.3628454,0.56,1.73,33.05,8253832.037,27528048.78,29.98
1626,SIRCA,Sirca Paints India Limited,Paints,Consumer Discretionary,Consumer Durables,Consumer Durables,Paints,321,1759.36,503.545376,0.12,1.95,37.25,15686771.84,54808722.74,28.62
1627,SIS,SIS LIMITED,Diversified Commercial Services,Services,Services,Commercial Services & Supplies,Diversified Commercial Services,398.85,5749.58,1608.900008,0.13,1.81,34.58,40338473.3,144153942.6,27.98
1628,SITINET,Siti Networks Limited,TV Broadcasting & Software Production,Consumer Discretionary,Media Entertainment & Publication,Entertainment,TV Broadcasting & Software Production,0.9,78.48,73.69483766,4.46,3.48,66.49,818831529.6,872000000,93.90
1629,SIYSIL,Siyaram Silk Mills Limited,Other Textile Products,Consumer Discretionary,Textiles,Textiles & Apparels,Other Textile Products,486.5,2207.25,699.2825945,0.15,2.01,38.4,14373742.95,45369989.72,31.68
1630,SJS,S.J.S. Enterprises Limited,Auto Components & Equipments,Consumer Discretionary,Automobile and Auto Components,Auto Components,Auto Components & Equipments,905.05,2809.09,2196.567217,0.1,2.47,47.19,24270120.07,31037953.7,78.19
1631,SJVN,SJVN Limited,Power Generation,Utilities,Power,Power,Power Generation,118.5,46568.07,8452.757171,0.05,3.33,63.62,713312841.4,3929794937,18.15
1632,SKFINDIA,SKF India Limited,Abrasives & Bearings,Industrials,Capital Goods,Industrial Products,Abrasives & Bearings,5197.9,25697.36,12070.87174,0.06,1.8,34.39,23222593.24,49437965.33,46.97
1633,SKIPPER,Skipper Limited,Heavy Electrical Equipment,Industrials,Capital Goods,Electrical Equipment,Heavy Electrical Equipment,449.65,4616.57,1297.458198,0.09,3.78,72.22,28854847.06,102670299.1,28.10
1634,SKMEGGPROD,SKM Egg Products Export (India) Limited,Meat Products including Poultry,Fast Moving Consumer Goods,Fast Moving Consumer Goods,Food Products,Meat Products including Poultry,235.75,620.73,269.096899,0.37,3.29,62.86,11414502.61,26330010.6,43.35
1635,SKYGOLD,Sky Gold Limited,Gems Jewellery And Watches,Consumer Discretionary,Consumer Durables,Consumer Durables,Gems Jewellery And Watches,2790.3,3810.08,878.7273059,1,3.58,68.4,3149221.61,13654732.47,23.06
1636,SMARTLINK,Smartlink Holdings Limited,Computers Hardware & Equipments,Information Technology,Information Technology,IT - Hardware,Computers Hardware & Equipments,247.55,246.93,66.41681776,1.98,3.34,63.81,2682965.775,9974954.555,26.90
1637,SMCGLOBAL,SMC Global Securities Limited,Stockbroking & Allied,Financial Services,Financial Services,Capital Markets,Stockbroking & Allied,145.38,1522.13,493.283826,0.12,2.39,45.66,33930652.5,104700096.3,32.41
1638,SMLISUZU,SML Isuzu Limited,Commercial Vehicles,Industrials,Capital Goods,Agricultural Commercial & Construction Vehicles,Commercial Vehicles,1811.7,2621.83,1032.085256,0.14,3.07,58.65,5696777.92,14471656.46,39.37
1639,SMLT,Sarthak Metals Limited,Iron & Steel Products,Industrials,Capital Goods,Industrial Products,Iron & Steel Products,170.35,233.2,60.24848365,0.61,3.25,62.09,3536746.912,13689462.87,25.84
1640,SMSLIFE,SMS Lifesciences India Limited,Pharmaceuticals,Healthcare,Healthcare,Pharmaceuticals & Biotechnology,Pharmaceuticals,1429.45,432.16,1,0.81,,,6995.697646,3023260.695,0.23
1641,SMSPHARMA,SMS Pharmaceuticals Limited,Pharmaceuticals,Healthcare,Healthcare,Pharmaceuticals & Biotechnology,Pharmaceuticals,338.4,2864.62,989.8195002,0.11,3.21,61.33,29249985.23,84651891.25,34.55
1642,SNOWMAN,Snowman Logistics Limited,Logistics Solution Provider,Services,Services,Transport Services,Logistics Solution Provider,75,1253.16,667.3440217,0.09,2.91,55.6,88979202.89,167088000,53.25
1643,SOBHA,Sobha Limited,Residential Commercial Projects,Consumer Discretionary,Realty,Realty,Residential Commercial Projects,1745.1,18664.51,7038.854681,0.06,2.98,56.93,40334964.65,106953813.5,37.71
1644,SOFTTECH,Softtech Engineers Limited,Computers - Software & Consulting,Information Technology,Information Technology,IT - Software,Computers - Software & Consulting,343,439.7,258.6277237,1.02,2.85,54.45,7540166.871,12819241.98,58.82
1645,SOLARA,Solara Active Pharma Sciences Limited,Pharmaceuticals,Healthcare,Healthcare,Pharmaceuticals & Biotechnology,Pharmaceuticals,720.8,2595.26,1469.264724,0.43,3.21,61.33,20383805.83,36005271.92,56.61
1646,SOLARINDS,Solar Industries India Limited,Explosives,Commodities,Chemicals,Chemicals & Petrochemicals,Explosives,10765,97412.54,26151.85868,0.04,2.46,47,24293412.62,90490051.09,26.85
1647,SOMANYCERA,Somany Ceramics Limited,Ceramics,Consumer Discretionary,Consumer Durables,Consumer Durables,Ceramics,705,2890.76,1286.255984,0.15,2.29,43.75,18244765.74,41003687.94,44.50
1648,SOMATEX,Soma Textiles & Industries Limited,Other Textile Products,Consumer Discretionary,Textiles,Textiles & Apparels,Other Textile Products,38,125.53,31.40683166,1.58,3.2,61.14,8264955.699,33034210.53,25.02
1649,SOMICONVEY,Somi Conveyor Beltings Limited,Industrial Products,Industrials,Capital Goods,Industrial Manufacturing,Industrial Products,145.1,170.92,69.69480073,3.36,3.85,73.55,4803225.412,11779462.44,40.78
1650,SONACOMS,Sona BLW Precision Forgings Limited,Auto Components & Equipments,Consumer Discretionary,Automobile and Auto Components,Auto Components,Auto Components & Equipments,676.95,42055.86,30241.10964,0.04,2.1,40.12,446725897.6,621255041,71.91
1651,SONAMLTD,SONAM LIMITED,Consumer Electronics,Consumer Discretionary,Consumer Durables,Consumer Durables,Consumer Electronics,72,288.23,79.89487281,0.75,3.59,68.59,11096510.11,40031944.44,27.72
1652,SONATSOFTW,Sonata Software Limited,Computers - Software & Consulting,Information Technology,Information Technology,IT - Software,Computers - Software & Consulting,595,16685.28,11551.21696,0.06,2.69,51.39,194138100.1,280424873.9,69.23
1653,SOTL,Savita Oil Technologies Limited,Lubricants,Energy,Oil Gas & Consumable Fuels,Petroleum Products,Lubricants,517.3,3574.56,1095.59686,0.09,2.6,49.67,21179139,69100328.63,30.65
1654,SOUTHBANK,The South Indian Bank Limited,Private Sector Bank,Financial Services,Financial Services,Banks,Private Sector Bank,23.21,6072.38,6043.737495,0.07,2.52,48.14,2603936878,2616277467,99.53
1655,SOUTHWEST,South West Pinnacle Exploration Limited,Diversified Commercial Services,Services,Services,Commercial Services & Supplies,Diversified Commercial Services,118.5,330.64,87.24589258,0.54,2.88,55.02,7362522.581,27902109.7,26.39
1656,SPAL,S. P. Apparels Limited,Garments & Apparels,Consumer Discretionary,Textiles,Textiles & Apparels,Garments & Apparels,876,2198.11,835.0296859,0.19,3.24,61.9,9532302.351,25092579.91,37.99
1657,SPANDANA,Spandana Sphoorty Financial Limited,Microfinance Institutions,Financial Services,Financial Services,Finance,Microfinance Institutions,540.4,3853.33,1363.450721,0.08,2.34,44.71,25230398.24,71305144.34,35.38
1658,SPARC,Sun Pharma Advanced Research Company Limited,Pharmaceuticals,Healthcare,Healthcare,Pharmaceuticals & Biotechnology,Pharmaceuticals,200.51,6506.54,1990.793226,0.82,2.77,52.92,99286480.76,324499526.2,30.60
1659,SPCENET,Spacenet Enterprises India Limited,Trading & Distributors,Services,Services,Commercial Services & Supplies,Trading & Distributors,22,1228.92,726.2173197,0.21,3.56,68.01,330098781.7,558600000,59.09
1660,SPECIALITY,Speciality Restaurants Limited,Restaurants,Consumer Discretionary,Consumer Services,Leisure Services,Restaurants,163,783.99,389.3366043,0.24,2.52,48.14,23885681.25,48097546.01,49.66
1661,SPENCERS,Spencer's Retail Limited,Diversified Retail,Consumer Discretionary,Consumer Services,Retailing,Diversified Retail,93.93,846.61,346.634289,0.17,3.3,63.05,36903469.5,90132013.2,40.94
1662,SPIC,Southern Petrochemicals Industries Corporation  Limited,Fertilizers,Commodities,Chemicals,Fertilizers & Agrochemicals,Fertilizers,81,1649.49,786.8612488,0.09,2.83,54.07,97143364.04,203640740.7,47.70
1663,SPLIL,SPL Industries Limited,Trading - Textile Products,Consumer Discretionary,Textiles,Textiles & Apparels,Trading - Textile Products,55.7,161.53,50.18463191,0.5,2.61,49.86,9009808.243,29000000,31.07
1664,SPLPETRO,Supreme Petrochem Limited,Petrochemicals,Commodities,Chemicals,Chemicals & Petrochemicals,Petrochemicals,778.6,14640.9,4919.356667,0.11,2.15,41.08,63182078.95,188041356.3,33.60
1665,SPMLINFRA,SPML Infra Limited,Civil Construction,Industrials,Construction,Construction,Civil Construction,241,1438.42,527.3191244,0.88,3.36,64.19,21880461.59,59685477.18,36.66
1666,SPORTKING,Sportking India Limited,Other Textile Products,Consumer Discretionary,Textiles,Textiles & Apparels,Other Textile Products,109.14,1386.86,355.1258941,0.2,2.75,52.54,32538564.61,127071651.1,25.61
1667,SREEL,Sreeleathers Limited,Footwear,Consumer Discretionary,Consumer Durables,Consumer Durables,Footwear,267,618.24,152.5850503,0.35,2.56,48.91,5714795.892,23155056.18,24.68
1668,SRF,SRF Limited,Specialty Chemicals,Commodities,Chemicals,Chemicals & Petrochemicals,Specialty Chemicals,2303.1,68269.6,33346.76471,0.03,1.59,30.38,144790780.7,296424818.7,48.85
1669,SRGHFL,SRG Housing Finance Limited,Housing Finance Company,Financial Services,Financial Services,Finance,Housing Finance Company,321.05,433.42,122.9874166,0.65,2.46,47,3830787,13500077.87,28.38
1670,SRHHYPOLTD,Sree Rayalaseema Hi-Strength Hypo Limited,Commodity Chemicals,Commodities,Chemicals,Chemicals & Petrochemicals,Commodity Chemicals,766.5,1315.68,417.0611534,0.2,2.99,57.12,5441110.938,17164774.95,31.70
1671,SRM,SRM Contractors Limited,Civil Construction,Industrials,Construction,Construction,Civil Construction,251.1,576.13,132.3310383,0.48,2.17,41.46,5270053.298,22944245.32,22.97
1672,SRPL,Shree Ram Proteins Limited,Edible Oil,Fast Moving Consumer Goods,Fast Moving Consumer Goods,Agricultural Food & other Products,Edible Oil,1.12,47.98,46.061568,2.69,3.28,62.66,411264000,428392857.1,96.00
1673,SSWL,Steel Strips Wheels Limited,Auto Components & Equipments,Consumer Discretionary,Automobile and Auto Components,Auto Components,Auto Components & Equipments,206,3232.74,810.1838596,0.11,2.22,42.41,39329313.57,156929126.2,25.06
1674,STANLEY,Stanley Lifestyles Limited,Furniture Home Furnishing,Consumer Discretionary,Consumer Durables,Consumer Durables,Furniture Home Furnishing,455,2594.28,463.5284338,0.08,1.4,26.75,10187438.11,57017142.86,17.87
1675,STAR,Strides Pharma Science Limited,Pharmaceuticals,Healthcare,Healthcare,Pharmaceuticals & Biotechnology,Pharmaceuticals,1404.6,12916.45,9553.484875,0.06,2.41,46.04,68015697.53,91958208.74,73.96
1676,STARCEMENT,Star Cement Limited,Cement & Cement Products,Commodities,Construction Materials,Cement & Cement Products,Cement & Cement Products,210.75,8691.94,1731.825807,0.1,2.22,42.41,82174415.51,412428944.2,19.92
1677,STARHEALTH,Star Health and Allied Insurance Company Limited,General Insurance,Financial Services,Financial Services,Insurance,General Insurance,572.1,33614.75,12272.97944,0.05,1.56,29.8,214525073.3,587567732.9,36.51
1678,STARPAPER,Star Paper Mills Limited,Paper & Paper Products,Commodities,Forest Materials,Paper Forest & Jute Products,Paper & Paper Products,216.2,337.45,169.4912684,0.25,2.08,39.74,7839559.129,15608233.12,50.23
1679,STARTECK,Starteck Finance Limited,Non Banking Financial Company (NBFC),Financial Services,Financial Services,Finance,Non Banking Financial Company (NBFC),267.05,264.66,71.59800922,3.68,3.67,70.12,2681071.306,9910503.651,27.05
1680,STCINDIA,The State Trading Corporation of India Limited,Trading & Distributors,Services,Services,Commercial Services & Supplies,Trading & Distributors,150,900,89.3214,0.23,3.78,72.22,5954760,60000000,9.92
1681,STEELCAS,Steelcast Limited,Castings & Forgings,Industrials,Capital Goods,Industrial Products,Castings & Forgings,760,1538.24,825.3272896,0.24,2.28,43.56,10859569.6,20240000,53.65
1682,STEELCITY,Steel City Securities Limited,Stockbroking & Allied,Financial Services,Financial Services,Capital Markets,Stockbroking & Allied,87.49,132.17,37.90441092,0.37,2.99,57.12,4332427.811,15106869.36,28.68
1683,STEELXIND,STEEL EXCHANGE INDIA LIMITED,Iron & Steel Products,Industrials,Capital Goods,Industrial Products,Iron & Steel Products,11.72,1322.5,640.5125193,0.17,3.21,61.33,546512388.4,1128412969,48.43
1684,STEL,Stel Holdings Limited,Investment Company,Financial Services,Financial Services,Finance,Investment Company,530.3,978.69,1,0.56,,,18857.25061,18455402.6,0.10
1685,STERTOOLS,Sterling Tools Limited,Auto Components & Equipments,Consumer Discretionary,Automobile and Auto Components,Auto Components,Auto Components & Equipments,539,1941.7,557.3586457,0.14,3.06,58.46,10340605.67,36024118.74,28.70
1686,STLTECH,Sterlite Technologies Limited,Telecom - Equipment & Accessories,Telecommunication,Telecommunication,Telecom - Equipment & Accessories,Telecom - Equipment & Accessories,119.2,5813.97,3188.078226,0.06,2.55,48.72,267456227,487749161.1,54.83
1687,STOVEKRAFT,Stove Kraft Limited,Household Appliances,Consumer Discretionary,Consumer Durables,Consumer Durables,Household Appliances,825,2726.77,1202.854648,0.09,2.63,50.25,14580056.34,33051757.58,44.11
1688,STYLAMIND,Stylam Industries Limited,Plywood Boards/ Laminates,Consumer Discretionary,Consumer Durables,Consumer Durables,Plywood Boards/ Laminates,2092,3545.53,1460.568612,0.11,2.19,41.84,6981685.525,16948040.15,41.19
1689,STYRENIX,Styrenix Performance Materials Limited,Specialty Chemicals,Commodities,Chemicals,Chemicals & Petrochemicals,Specialty Chemicals,2370,4167.79,2226.059986,0.09,2.51,47.95,9392658.169,17585611.81,53.41
1690,SUBEXLTD,Subex Limited,Software Products,Information Technology,Information Technology,IT - Software,Software Products,25.74,1446.6,1426.139247,0.08,3.11,59.42,554055651.5,562004662,98.59
1691,SUBROS,Subros Limited,Auto Components & Equipments,Consumer Discretionary,Automobile and Auto Components,Auto Components,Auto Components & Equipments,666.1,4345.35,1272.514989,0.09,2.88,55.02,19103963.21,65235700.35,29.28
1692,SUDARSCHEM,Sudarshan Chemical Industries Limited,Dyes And Pigments,Commodities,Chemicals,Chemicals & Petrochemicals,Dyes And Pigments,990.5,6856.96,4740.421543,0.06,2.39,45.66,47858874.74,69227258.96,69.13
1693,SUKHJITS,Sukhjit Starch & Chemicals Limited,Other Agricultural Products,Fast Moving Consumer Goods,Fast Moving Consumer Goods,Agricultural Food & other Products,Other Agricultural Products,512.25,800.24,257.946778,0.31,2.1,40.12,5035564.236,15622059.54,32.23
1694,SULA,Sula Vineyards Limited,Breweries & Distilleries,Fast Moving Consumer Goods,Fast Moving Consumer Goods,Beverages,Breweries & Distilleries,447.95,3780.68,2748.370111,0.06,2.06,39.36,61354394.7,84399598.17,72.70
1695,SUMEETINDS,Sumeet Industries Limited,Other Textile Products,Consumer Discretionary,Textiles,Textiles & Apparels,Other Textile Products,1,47.16,1,4.44,,,10000000,471600000,2.12
1696,SUMICHEM,Sumitomo Chemical India Limited,Pesticides & Agrochemicals,Commodities,Chemicals,Fertilizers & Agrochemicals,Pesticides & Agrochemicals,523.8,26145.25,6423.13061,0.07,2.24,42.8,122625632.1,499145666.3,24.57
1697,SUMIT,Sumit Woods Limited,Residential Commercial Projects,Consumer Discretionary,Realty,Realty,Residential Commercial Projects,138.58,562.46,169.0830492,2.78,2.8,53.49,12201114.82,40587386.35,30.06
1698,SUMMITSEC,Summit Securities Limited,Investment Company,Financial Services,Financial Services,Finance,Investment Company,2500,2725.45,690.9766833,0.19,3.09,59.03,2763906.733,10901800,25.35
1699,SUNCLAY,Sundaram Clayton Limited,Auto Components & Equipments,Consumer Discretionary,Automobile and Auto Components,Auto Components,Auto Components & Equipments,2267,4586.62,1482.931564,0.19,2.15,41.08,6541383.169,20232112.92,32.33
1700,SUNDARAM,Sundaram Multi Pap Limited,Stationary,Fast Moving Consumer Goods,Fast Moving Consumer Goods,Household Products,Stationary,2.82,133.63,91.80022297,0.68,3.29,62.86,325532705.5,473865248.2,68.70
1701,SUNDARMFIN,Sundaram Finance Limited,Non Banking Financial Company (NBFC),Financial Services,Financial Services,Finance,Non Banking Financial Company (NBFC),5348.45,59423.34,36344.20854,0.05,2.06,39.36,67952787.33,111103852.5,61.16
1702,SUNDARMHLD,Sundaram Finance Holdings Limited,Investment Company,Financial Services,Financial Services,Finance,Investment Company,321,7129.53,3014.987205,0.13,3.24,61.9,93924835.04,222103738.3,42.29
1703,SUNDRMBRAK,Sundaram Brake Linings Limited,Auto Components & Equipments,Consumer Discretionary,Automobile and Auto Components,Auto Components,Auto Components & Equipments,940.5,370.05,123.1741408,0.55,3.04,58.08,1309666.569,3934609.25,33.29
1704,SUNDRMFAST,Sundram Fasteners Limited,Auto Components & Equipments,Consumer Discretionary,Automobile and Auto Components,Auto Components,Auto Components & Equipments,1415,29733.16,15140.39489,0.08,1.49,28.47,106999257.2,210128339.2,50.92
1705,SUNFLAG,Sunflag Iron And Steel Company Limited,Iron & Steel,Commodities,Metals & Mining,Ferrous Metals,Iron & Steel,211.89,3818.67,1418.085973,0.11,3.04,58.08,66925573.33,180219453.5,37.14
1706,SUNPHARMA,Sun Pharmaceutical Industries Limited,Pharmaceuticals,Healthcare,Healthcare,Pharmaceuticals & Biotechnology,Pharmaceuticals,1901,456113.58,204929.5499,0.02,1.18,22.54,1078009205,2399334982,44.93
1707,SUNTECK,Sunteck Realty Limited,Residential Commercial Projects,Consumer Discretionary,Realty,Realty,Residential Commercial Projects,550,8056.75,2959.881877,0.08,2.37,45.28,53816034.13,146486363.6,36.74
1708,SUNTV,Sun TV Network Limited,TV Broadcasting & Software Production,Consumer Discretionary,Media Entertainment & Publication,Entertainment,TV Broadcasting & Software Production,795.1,31333.67,6737.490657,0.05,1.97,37.64,84737651.33,394084643.4,21.50
1709,SUPERHOUSE,Superhouse Limited,Leather And Leather Products,Consumer Discretionary,Consumer Durables,Consumer Durables,Leather And Leather Products,220,242.55,85.23570825,0.47,2.41,46.04,3874350.375,11025000,35.14
1710,SUPERSPIN,Super Spinning Mills Limited,Other Textile Products,Consumer Discretionary,Textiles,Textiles & Apparels,Other Textile Products,10.74,59.07,33.78868977,2.63,3.65,69.73,31460605,55000000,57.20
1711,SUPRAJIT,Suprajit Engineering Limited,Auto Components & Equipments,Consumer Discretionary,Automobile and Auto Components,Auto Components,Auto Components & Equipments,499,6914.61,3822.273223,0.08,2.21,42.22,76598661.78,138569338.7,55.28
1712,SUPREMEENG,Supreme Engineering Limited,Iron & Steel Products,Industrials,Capital Goods,Industrial Products,Iron & Steel Products,3.39,84.73,1,4.93,,,2949852.507,249941002.9,1.18
1713,SUPREMEIND,Supreme Industries Limited,Plastic Products - Industrial,Industrials,Capital Goods,Industrial Products,Plastic Products - Industrial,5490,69737.75,35381.0996,0.04,2.3,43.94,64446447.36,127026867,50.73
1714,SUPREMEINF,Supreme Infrastructure India Limited,Civil Construction,Industrials,Construction,Construction,Civil Construction,106.55,273.82,1,0.83,,,93852.65134,25698732.99,0.37
1715,SUPRIYA,Supriya Lifescience Limited,Pharmaceuticals,Healthcare,Healthcare,Pharmaceuticals & Biotechnology,Pharmaceuticals,536.9,4321.12,1369.899233,0.09,2.85,54.45,25514979.19,80482771.47,31.70
1716,SURAJEST,Suraj Estate Developers Limited,Residential Commercial Projects,Consumer Discretionary,Realty,Realty,Residential Commercial Projects,714.4,3169.16,793.7916232,0.44,2.73,52.16,11111304.92,44361142.22,25.05
1717,SURANASOL,Surana Solar Limited,Heavy Electrical Equipment,Industrials,Capital Goods,Electrical Equipment,Heavy Electrical Equipment,59,290.32,148.9159068,0.89,3.55,67.82,25239984.2,49206779.66,51.29
1718,SURANAT&P,Surana Telecom and Power Limited,Power Generation,Utilities,Power,Power,Power Generation,21.13,286.86,75.97967314,2.47,3.55,67.82,35958198.36,135759583.5,26.49
1719,SURYALAXMI,Suryalakshmi Cotton Mills Limited,Other Textile Products,Consumer Discretionary,Textiles,Textiles & Apparels,Other Textile Products,81.9,154.02,59.40463498,0.63,3.37,64.38,7253313.185,18805860.81,38.57
1720,SURYAROSNI,Surya Roshni Limited,Iron & Steel Products,Industrials,Capital Goods,Industrial Products,Iron & Steel Products,682,7421.38,2690.184927,0.07,2.98,56.93,39445526.79,108817888.6,36.25
1721,SURYODAY,Suryoday Small Finance Bank Limited,Other Bank,Financial Services,Financial Services,Banks,Other Bank,165.9,1762.64,886.157325,0.08,2.55,48.72,53415149.19,106247136.8,50.27
1722,SUTLEJTEX,Sutlej Textiles and Industries Limited,Other Textile Products,Consumer Discretionary,Textiles,Textiles & Apparels,Other Textile Products,62.3,1020.65,271.3169396,0.23,2.88,55.02,43550070.57,163828250.4,26.58
1723,SUULD,Suumaya Industries Limited,Other Agricultural Products,Fast Moving Consumer Goods,Fast Moving Consumer Goods,Agricultural Food & other Products,Other Agricultural Products,4.81,32.39,22.6746046,1.69,2.91,55.6,47140550.1,67338877.34,70.00
1724,SUVEN,Suven Life Sciences Limited,Healthcare Research Analytics & Technology,Healthcare,Healthcare,Healthcare Services,Healthcare Research Analytics & Technology,136,2965.8,873.8055083,0.6,3.14,59.99,64250405.02,218073529.4,29.46
1725,SUVENPHAR,Suven Pharmaceuticals Limited,Pharmaceuticals,Healthcare,Healthcare,Pharmaceuticals & Biotechnology,Pharmaceuticals,1160,29529.53,14694.48715,0.09,2.16,41.27,126676613.4,254564913.8,49.76
1726,SUVIDHAA,Suvidhaa Infoserve Limited,Financial Technology (Fintech),Financial Services,Financial Services,Financial Technology (Fintech),Financial Technology (Fintech),5.1,107,59.42847717,1.22,2.91,55.6,116526425.8,209803921.6,55.54
1727,SUZLON,Suzlon Energy Limited,Heavy Electrical Equipment,Industrials,Capital Goods,Electrical Equipment,Heavy Electrical Equipment,70.93,96782.52,83913.25224,0.53,3.13,59.8,11830431727,13644793458,86.70
1728,SVLL,Shree Vasu Logistics Limited,Logistics Solution Provider,Services,Services,Transport Services,Logistics Solution Provider,311,356.59,95.67343799,1.98,3.19,60.94,3076316.334,11465916.4,26.83
1729,SVPGLOB,SVP GLOBAL TEXTILES LIMITED,Other Textile Products,Consumer Discretionary,Textiles,Textiles & Apparels,Other Textile Products,6.79,85.89,40.58347624,1.62,2.82,53.88,59769479,126494845.4,47.25
1730,SWANENERGY,Swan Energy Limited,Diversified,Diversified,Diversified,Diversified,Diversified,518.9,16265.28,7142.294937,0.45,3.16,60.37,137642993.6,313456928.1,43.91
1731,SWARAJENG,Swaraj Engines Limited,Compressors Pumps & Diesel Engines,Industrials,Capital Goods,Industrial Products,Compressors Pumps & Diesel Engines,2996.95,3640.47,1724.003568,0.09,1.78,34.01,5752526.961,12147249.7,47.36
1732,SWELECTES,Swelect Energy Systems Limited,Heavy Electrical Equipment,Industrials,Capital Goods,Electrical Equipment,Heavy Electrical Equipment,1109,1681.11,730.7568153,0.94,4.3,82.15,6589331.067,15158791.7,43.47
1733,SWSOLAR,Sterling and Wilson Renewable Energy Limited,Civil Construction,Industrials,Construction,Construction,Civil Construction,519.3,12120.23,5706.919709,0.53,2.87,54.83,109896393.4,233395532.4,47.09
1734,SYMPHONY,Symphony Limited,Household Appliances,Consumer Discretionary,Consumer Durables,Consumer Durables,Household Appliances,1595.1,10999.33,2485.826823,0.08,2.24,42.8,15584144.09,68956993.29,22.60
1735,SYNCOMF,Syncom Formulations (India) Limited,Pharmaceuticals,Healthcare,Healthcare,Pharmaceuticals & Biotechnology,Pharmaceuticals,19.58,1840.52,905.815599,0.48,3.49,66.68,462622880,940000000,49.22
1736,SYNGENE,Syngene International Limited,Healthcare Research Analytics & Technology,Healthcare,Healthcare,Healthcare Services,Healthcare Research Analytics & Technology,866.4,34875.8,15591.05381,0.04,1.57,29.99,179952144.7,402536934.4,44.70
1737,SYRMA,Syrma SGS Technology Limited,Industrial Products,Industrials,Capital Goods,Industrial Manufacturing,Industrial Products,409.5,7272.11,2433.669476,0.07,2.65,50.63,59430268.04,177585103.8,33.47
1738,TAINWALCHM,Tainwala Chemical and Plastic (I) Limited,Plastic Products - Industrial,Industrials,Capital Goods,Industrial Products,Plastic Products - Industrial,251.31,235.32,1,2.12,3.43,65.53,39791.49258,9363734.034,0.42
1739,TAJGVK,Taj GVK Hotels & Resorts Limited,Hotels & Resorts,Consumer Discretionary,Consumer Services,Leisure Services,Hotels & Resorts,290.45,1821.16,431.6051596,0.11,2.65,50.63,14859878.11,62701325.53,23.70
1740,TAKE,Take Solutions Limited,Healthcare Research Analytics & Technology,Healthcare,Healthcare,Healthcare Services,Healthcare Research Analytics & Technology,18.51,273.83,127.0056245,0.52,3.16,60.37,68614599.95,147936250.7,46.38
1741,TALBROAUTO,Talbros Automotive Components Limited,Auto Components & Equipments,Consumer Discretionary,Automobile and Auto Components,Auto Components,Auto Components & Equipments,302.8,1869.13,754.8400206,0.36,2.92,55.79,24928666.46,61728203.43,40.38
1742,TANLA,Tanla Platforms Limited,Software Products,Information Technology,Information Technology,IT - Software,Software Products,852,11465.14,6110.552196,0.06,2.64,50.44,71720096.19,134567370.9,53.30
1743,TARACHAND,Tara Chand InfraLogistic Solutions Limited,Diversified Commercial Services,Services,Services,Commercial Services & Supplies,Diversified Commercial Services,352.95,546.19,132.6737794,3.24,2.37,45.28,3758996.442,15474996.46,24.29
1744,TARAPUR,Tarapur Transformers Limited,Heavy Electrical Equipment,Industrials,Capital Goods,Electrical Equipment,Heavy Electrical Equipment,19.69,38.4,21.25925478,0.66,3.06,58.46,10796980.59,19502285.42,55.36
1745,TARC,Anant Raj Global Limited,Residential Commercial Projects,Consumer Discretionary,Realty,Realty,Residential Commercial Projects,252.8,7460.04,2536.986441,0.45,3.05,58.27,100355476.3,295096519,34.01
1746,TARMAT,Tarmat Limited,Civil Construction,Industrials,Construction,Construction,Civil Construction,79.3,169.02,107.7616932,0.91,3.7,70.69,13589116.42,21313997.48,63.76
1747,TARSONS,Tarsons Products Limited,Medical Equipment & Supplies,Healthcare,Healthcare,Healthcare Equipment & Supplies,Medical Equipment & Supplies,433,2303.83,674.4283778,0.14,2.26,43.18,15575713.11,53206235.57,29.27
1748,TASTYBITE,Tasty Bite Eatables Limited,Packaged Foods,Fast Moving Consumer Goods,Fast Moving Consumer Goods,Food Products,Packaged Foods,11813,3031.22,734.3665894,0.15,2.52,48.14,621659.688,2566003.555,24.23
1749,TATACHEM,Tata Chemicals Limited,Commodity Chemicals,Commodities,Chemicals,Chemicals & Petrochemicals,Commodity Chemicals,1075.45,27397.76,16797.67865,0.03,2.03,38.78,156192093.1,254756241.6,61.31
1750,TATACOMM,Tata Communications Limited,Telecom - Cellular & Fixed line services,Telecommunication,Telecommunication,Telecom - Services,Telecom - Cellular & Fixed line services,1981.95,56485.58,23215.17593,0.03,1.84,35.15,117133005,285000025.2,41.10
1751,TATACONSUM,TATA CONSUMER PRODUCTS LIMITED,Tea & Coffee,Fast Moving Consumer Goods,Fast Moving Consumer Goods,Agricultural Food & other Products,Tea & Coffee,1115.95,110412.49,72489.88418,0.03,1.42,27.13,649580036.5,989403557.5,65.65
1752,TATAELXSI,Tata Elxsi Limited,Computers - Software & Consulting,Information Technology,Information Technology,IT - Software,Computers - Software & Consulting,7436,46311.12,25706.28482,0.03,2.02,38.59,34570044.13,62279612.69,55.51
1753,TATAINVEST,Tata Investment Corporation Limited,Investment Company,Financial Services,Financial Services,Finance,Investment Company,6428.1,32523.16,8497.261547,0.62,2.94,56.17,13218931.8,50595292.54,26.13
1754,TATAMOTORS,Tata Motors Limited,Passenger Cars & Utility Vehicles,Consumer Discretionary,Automobile and Auto Components,Automobiles,Passenger Cars & Utility Vehicles,928.3,341696.47,196757.3715,0.02,1.9,36.3,2119545098,3680884089,57.58
1755,TATAMTRDVR,Tata Motors Limited,Passenger Cars & Utility Vehicles,Consumer Discretionary,Automobile and Auto Components,Automobiles,Passenger Cars & Utility Vehicles,1,1,1,0.04,,,10000000,10000000,100.00
1756,TATAPOWER,Tata Power Company Limited,Integrated Power Utilities,Utilities,Power,Power,Integrated Power Utilities,440.55,140770.68,74268.36041,0.03,2.14,40.88,1685810020,3195339462,52.76
1757,TATASTEEL,Tata Steel Limited,Iron & Steel,Commodities,Metals & Mining,Ferrous Metals,Iron & Steel,164.08,204829.71,135785.0994,0.03,1.86,35.54,8275542382,12483526938,66.29
1758,TATATECH,Tata Technologies Limited,IT Enabled Services,Information Technology,Information Technology,IT - Services,IT Enabled Services,1026.9,41658.1,12621.57155,0.04,1.35,25.79,122909451.2,405668516.9,30.30
1759,TATVA,Tatva Chintan Pharma Chem Limited,Specialty Chemicals,Commodities,Chemicals,Chemicals & Petrochemicals,Specialty Chemicals,979,2290.08,640.7649952,0.12,1.9,36.3,6545096.989,23392032.69,27.98
1760,TBOTEK,TBO Tek Limited,Tour Travel Related Services,Consumer Discretionary,Consumer Services,Leisure Services,Tour Travel Related Services,1689.95,18350.79,2258.083437,0.08,1.68,32.1,13361835.78,108587768.9,12.31
1761,TBZ,Tribhovandas Bhimji Zaveri Limited,Gems Jewellery And Watches,Consumer Discretionary,Consumer Durables,Consumer Durables,Gems Jewellery And Watches,243.7,1626.23,363.6792485,0.15,3.58,68.4,14923235.47,66730816.58,22.36
1762,TCI,Transport Corporation of India Limited,Logistics Solution Provider,Services,Services,Transport Services,Logistics Solution Provider,1010,7865.5,2310.749218,0.12,2.01,38.4,22878705.13,77876237.62,29.38
1763,TCIEXP,TCI Express Limited,Logistics Solution Provider,Services,Services,Transport Services,Logistics Solution Provider,1058,4060.61,1179.622319,0.11,1.93,36.87,11149549.33,38380056.71,29.05
1764,TCIFINANCE,TCI Finance Limited,Non Banking Financial Company (NBFC),Financial Services,Financial Services,Finance,Non Banking Financial Company (NBFC),13.67,17.6,1,5.01,,,731528.8954,12874908.56,5.68
1765,TCLCONS,Tantia Constructions Limited,Civil Construction,Industrials,Construction,Construction,Civil Construction,38.58,597.99,1,2.49,,,259201.6589,155000000,0.17
1766,TCNSBRANDS,TCNS Clothing Co. Limited,Garments & Apparels,Consumer Discretionary,Textiles,Textiles & Apparels,Garments & Apparels,1,1,1,0.46,,,10000000,10000000,100.00
1767,TCPLPACK,TCPL Packaging Limited,Packaging,Industrials,Capital Goods,Industrial Products,Packaging,3299.9,3002.91,1268.068413,0.17,2.65,50.63,3842748,9100003.03,42.23
1768,TCS,Tata Consultancy Services Limited,Computers - Software & Consulting,Information Technology,Information Technology,IT - Software,Computers - Software & Consulting,4274,1546370.61,436231.1477,0.02,1.27,24.26,1020662489,3618087529,28.21
1769,TDPOWERSYS,TD Power Systems Limited,Heavy Electrical Equipment,Industrials,Capital Goods,Electrical Equipment,Heavy Electrical Equipment,384.95,6012.29,3929.138523,0.09,2.93,55.98,102068801.7,156183660.2,65.35
1770,TEAMLEASE,Teamlease Services Limited,Diversified Commercial Services,Services,Services,Commercial Services & Supplies,Diversified Commercial Services,2930,4913.29,3328.998081,0.1,2.17,41.46,11361768.2,16768907.85,67.75
1771,TECHIN,Techindia Nirman Limited,Residential Commercial Projects,Consumer Discretionary,Realty,Realty,Residential Commercial Projects,1,76.1,1,0.69,,,10000000,761000000,1.31
1772,TECHM,Tech Mahindra Limited,Computers - Software & Consulting,Information Technology,Information Technology,IT - Software,Computers - Software & Consulting,1616.55,158155.1,102451.1316,0.03,1.61,30.76,633764075.3,978349571.6,64.78
1773,TECHNOE,Techno Electric & Engineering Company Limited,Civil Construction,Industrials,Construction,Construction,Civil Construction,1550.1,18027.6,7751.091509,0.39,2.94,56.17,50003815.94,116299593.6,43.00
1774,TECILCHEM,TECIL Chemicals and Hydro Power Limited,Commodity Chemicals,Commodities,Chemicals,Chemicals & Petrochemicals,Commodity Chemicals,27,51.2,26.22903861,5.56,8.63,164.88,9714458.744,18962962.96,51.23
1775,TEGA,Tega Industries Limited,Industrial Products,Industrials,Capital Goods,Industrial Manufacturing,Industrial Products,1920.15,12775.81,3215.684781,0.1,2.42,46.23,16747049.87,66535479,25.17
1776,TEJASNET,Tejas Networks Limited,Telecom - Equipment & Accessories,Telecommunication,Telecommunication,Telecom - Equipment & Accessories,Telecom - Equipment & Accessories,1124,19249.69,8561.953708,0.11,3.07,58.65,76173965.37,171260587.2,44.48
1777,TEMBO,Tembo Global Industries Limited,Iron & Steel Products,Industrials,Capital Goods,Industrial Products,Iron & Steel Products,1,533.87,1,0.38,,,10000000,5338700000,0.19
1778,TERASOFT,Tera Software Limited,IT Enabled Services,Information Technology,Information Technology,IT - Services,IT Enabled Services,78.55,98.28,50.89352158,2.83,4.06,77.57,6479124.326,12511775.94,51.78
1779,TEXINFRA,Texmaco Infrastructure & Holdings Limited,Diversified Commercial Services,Services,Services,Commercial Services & Supplies,Diversified Commercial Services,109,1388.95,477.0820438,0.11,3.45,65.91,43768994.84,127426605.5,34.35
1780,TEXMOPIPES,Texmo Pipes and Products Limited,Plastic Products - Industrial,Industrials,Capital Goods,Industrial Products,Plastic Products - Industrial,69.7,203.49,113.4718582,0.29,3.16,60.37,16280037.05,29195121.95,55.76
1781,TEXRAIL,Texmaco Rail & Engineering Limited,Industrial Products,Industrials,Capital Goods,Industrial Manufacturing,Industrial Products,189.7,7577.89,3872.281468,0.06,3.46,66.1,204126592.9,399467053.2,51.10
1782,TFCILTD,Tourism Finance Corporation of India Limited,Financial Institution,Financial Services,Financial Services,Finance,Financial Institution,148.5,1375.04,1040.354332,0.39,3.44,65.72,70057530.77,92595286.2,75.66
1783,TFL,Transwarranty Finance Limited,Non Banking Financial Company (NBFC),Financial Services,Financial Services,Finance,Non Banking Financial Company (NBFC),32.49,158.79,68.47074869,3.81,3.63,69.35,21074407.11,48873499.54,43.12
1784,TGBHOTELS,TGB Banquets And Hotels Limited,Hotels & Resorts,Consumer Discretionary,Consumer Services,Leisure Services,Hotels & Resorts,14.16,41.47,28.30889283,1.17,3.1,59.23,19992155.96,29286723.16,68.26
1785,THANGAMAYL,Thangamayil Jewellery Limited,Gems Jewellery And Watches,Consumer Discretionary,Consumer Durables,Consumer Durables,Gems Jewellery And Watches,2231,6121.68,2000.001009,0.14,2.73,52.16,8964594.392,27439175.26,32.67
1786,THEINVEST,The Investment Trust Of India Limited,Other Financial Services,Financial Services,Financial Services,Finance,Other Financial Services,196,1023.95,284.7505712,1.02,2.7,51.58,14528090.37,52242346.94,27.81
1787,THEJO,Thejo Engineering Limited,Industrial Products,Industrials,Capital Goods,Industrial Manufacturing,Industrial Products,2436,2641.28,1149.781734,0.19,2.63,50.25,4719957.858,10842692.94,43.53
1788,THEMISMED,Themis Medicare Limited,Pharmaceuticals,Healthcare,Healthcare,Pharmaceuticals & Biotechnology,Pharmaceuticals,254.3,2340.58,757.7277478,0.23,3.15,60.18,29796608.25,92040110.11,32.37
1789,THERMAX,Thermax Limited,Heavy Electrical Equipment,Industrials,Capital Goods,Electrical Equipment,Heavy Electrical Equipment,5052.5,60203.72,19515.93908,0.04,2.3,43.94,38626301.99,119156298.9,32.42
1790,THOMASCOOK,Thomas Cook  (India)  Limited,Tour Travel Related Services,Consumer Discretionary,Consumer Services,Leisure Services,Tour Travel Related Services,185.32,8717.09,3010.726868,0.39,3.03,57.89,162460979.3,470380423.1,34.54
1791,THOMASCOTT,Thomas Scott (India) Limited,Garments & Apparels,Consumer Discretionary,Textiles,Textiles & Apparels,Garments & Apparels,227.01,256.41,1,0.94,3.01,57.51,44050.92287,11295097.13,0.39
1792,THYROCARE,Thyrocare Technologies Limited,Healthcare Service Provider,Healthcare,Healthcare,Healthcare Services,Healthcare Service Provider,784.9,4156.26,1196.241001,0.11,2.19,41.84,15240680.35,52952732.83,28.78
1793,TI,Tilaknagar Industries Limited,Breweries & Distilleries,Fast Moving Consumer Goods,Fast Moving Consumer Goods,Beverages,Breweries & Distilleries,281.5,5431.72,2868.394579,0.09,2.88,55.02,101896787.9,192956305.5,52.81
1794,TIDEWATER,Tide Water Oil Company (India) Limited,Lubricants,Energy,Oil Gas & Consumable Fuels,Petroleum Products,Lubricants,2055.05,3580.72,1181.909444,0.09,2.29,43.75,5751244.224,17424004.28,33.01
1795,TIIL,Technocraft Industries (India) Limited,Iron & Steel Products,Industrials,Capital Goods,Industrial Products,Iron & Steel Products,3000,6888.51,1734.622275,0.13,3.47,66.29,5782074.25,22961700,25.18
1796,TIINDIA,Tube Investments of India Limited,Auto Components & Equipments,Consumer Discretionary,Automobile and Auto Components,Auto Components,Auto Components & Equipments,4021,77773.89,42699.73267,0.04,2.42,46.23,106191824.6,193419273.8,54.90
1797,TIJARIA,Tijaria Polypipes Limited,Plastic Products - Industrial,Industrials,Capital Goods,Industrial Products,Plastic Products - Industrial,11.45,32.78,21.25164199,0.91,3.21,61.33,18560386.01,28628820.96,64.83
1798,TIL,TIL Limited,Construction Vehicles,Industrials,Capital Goods,Agricultural Commercial & Construction Vehicles,Construction Vehicles,311.95,2077.65,653.680989,0.49,2.83,54.07,20954671.87,66602019.55,31.46
1799,TIMESGTY,Times Guaranty Limited,Non Banking Financial Company (NBFC),Financial Services,Financial Services,Finance,Non Banking Financial Company (NBFC),131.42,118.19,29.64425973,2.63,3.77,72.03,2255688.612,8993303.911,25.08
1800,TIMETECHNO,Time Technoplast Limited,Plastic Products - Industrial,Industrials,Capital Goods,Industrial Products,Plastic Products - Industrial,362,8214.83,3978.476089,0.07,3.05,58.27,109902654.4,226929005.5,48.43
1801,TIMKEN,Timken India Limited,Abrasives & Bearings,Industrials,Capital Goods,Industrial Products,Abrasives & Bearings,3598,27063.7,12892.55151,0.06,2.13,40.69,35832550.07,75218732.63,47.64
1802,TIPSFILMS,Tips Films Limited,Film Production Distribution & Exhibition,Consumer Discretionary,Media Entertainment & Publication,Entertainment,Film Production Distribution & Exhibition,611.2,264.21,65.76966718,0.93,3.5,66.87,1076074.398,4322807.592,24.89
1803,TIRUMALCHM,Thirumalai Chemicals Limited,Commodity Chemicals,Commodities,Chemicals,Chemicals & Petrochemicals,Commodity Chemicals,304.2,3114.65,1784.066464,0.09,2.67,51.01,58647812.75,102388231.4,57.28
1804,TIRUPATIFL,Tirupati Forge Limited,Castings & Forgings,Industrials,Capital Goods,Industrial Products,Castings & Forgings,1,316.85,1,2.63,,,10000000,3168500000,0.32
1805,TITAGARH,TITAGARH RAIL SYSTEMS LIMITED,Railway Wagons,Industrials,Capital Goods,Industrial Manufacturing,Railway Wagons,1077,14504.36,8607.600794,0.06,3.37,64.38,79922012.95,134673723.3,59.34
1806,TITAN,Titan Company Limited,Gems Jewellery And Watches,Consumer Discretionary,Consumer Durables,Consumer Durables,Gems Jewellery And Watches,3575,317383.55,147714.1138,0.02,1.44,27.51,413186332.3,887786153.8,46.54
1807,TMB,Tamilnad Mercantile Bank Limited,Private Sector Bank,Financial Services,Financial Services,Banks,Private Sector Bank,446.1,7064.06,5180.716827,0.09,1.42,27.13,116133531.2,158351490.7,73.34
1808,TNPETRO,Tamilnadu PetroProducts Limited,Petrochemicals,Commodities,Chemicals,Chemicals & Petrochemicals,Petrochemicals,85.44,768.72,494.6573915,0.13,2.25,42.99,57895293.95,89971910.11,64.35
1809,TNPL,Tamil Nadu Newsprint & Papers Limited,Paper & Paper Products,Commodities,Forest Materials,Paper Forest & Jute Products,Paper & Paper Products,201.99,1397.98,739.0139667,0.11,2.2,42.03,36586661.06,69210356.95,52.86
1810,TNTELE,Tamilnadu Telecommunication Limited,Telecom - Equipment & Accessories,Telecommunication,Telecommunication,Telecom - Equipment & Accessories,Telecom - Equipment & Accessories,10.01,45.72,16.62030416,4.66,3,57.31,16603700.46,45674325.67,36.35
1811,TOKYOPLAST,Tokyo Plast International Limited,Plastic Products - Consumer,Consumer Discretionary,Consumer Durables,Consumer Durables,Plastic Products - Consumer,116.18,110.39,39.91934671,0.51,3.04,58.08,3435991.282,9501635.393,36.16
1812,TORNTPHARM,Torrent Pharmaceuticals Limited,Pharmaceuticals,Healthcare,Healthcare,Pharmaceuticals & Biotechnology,Pharmaceuticals,3415,115579.12,31484.21399,0.03,1.45,27.7,92193891.64,338445446.6,27.24
1813,TORNTPOWER,Torrent Power Limited,Integrated Power Utilities,Utilities,Power,Power,Integrated Power Utilities,1783.9,85737.23,29742.07295,0.05,2.62,50.06,166725001.1,480616794.7,34.69
1814,TOTAL,Total Transport Systems Limited,Logistics Solution Provider,Services,Services,Transport Services,Logistics Solution Provider,83.93,135.35,49.17724203,0.83,2.56,48.91,5859316.338,16126534.02,36.33
1815,TOUCHWOOD,Touchwood Entertainment Limited,Other Consumer Services,Consumer Discretionary,Consumer Services,Other Consumer Services,Other Consumer Services,150,166.22,59.20892044,1.77,3.29,62.86,3947261.363,11081333.33,35.62
1816,TPHQ,Teamo Productions HQ Limited,Civil Construction,Industrials,Construction,Construction,Civil Construction,1.31,123.3,70.46766668,3.14,3.45,65.91,537921119.7,941221374,57.15
1817,TPLPLASTEH,TPL Plastech Limited,Packaging,Industrials,Capital Goods,Industrial Products,Packaging,96.95,756.24,165.8492813,0.55,3.64,69.54,17106681.92,78003094.38,21.93
1818,TRACXN,Tracxn Technologies Limited,Data Processing Services,Services,Services,Commercial Services & Supplies,Data Processing Services,83.75,877.3,554.0835006,0.12,2.77,52.92,66159223.95,104752238.8,63.16
1819,TREEHOUSE,Tree House Education & Accessories Limited,Education,Consumer Discretionary,Consumer Services,Other Consumer Services,Education,16.5,69.81,55.47030481,1.79,3.26,62.28,33618366.55,42309090.91,79.46
1820,TREJHARA,TREJHARA SOLUTIONS LIMITED,Computers - Software & Consulting,Information Technology,Information Technology,IT - Software,Computers - Software & Consulting,250.85,364.14,207.8154601,0.9,3.02,57.7,8284451.269,14516244.77,57.07
1821,TREL,Transindia Real Estate Limited,Logistics Solution Provider,Services,Services,Transport Services,Logistics Solution Provider,41.08,1009.32,309.79276,0.21,2.81,53.68,75412064.27,245696202.5,30.69
1822,TRENT,Trent Limited,Speciality Retail,Consumer Discretionary,Consumer Services,Retailing,Speciality Retail,7489.9,266256.55,166164.5911,0.02,2.13,40.69,221851548.2,355487456.4,62.41
1823,TRF,TRF Limited,Industrial Products,Industrials,Capital Goods,Industrial Manufacturing,Industrial Products,456,501.8,325.0075965,0.62,3.23,61.71,7127359.573,11004385.96,64.77
1824,TRIDENT,Trident Limited,Other Textile Products,Consumer Discretionary,Textiles,Textiles & Apparels,Other Textile Products,34.27,17463.84,4137.34089,0.06,2.31,44.13,1207277762,5095955646,23.69
1825,TRIGYN,Trigyn Technologies Limited,Computers - Software & Consulting,Information Technology,Information Technology,IT - Software,Computers - Software & Consulting,115.9,356.81,196.4648943,0.38,3.13,59.8,16951241.96,30786022.43,55.06
1826,TRITURBINE,Triveni Turbine Limited,Heavy Electrical Equipment,Industrials,Capital Goods,Electrical Equipment,Heavy Electrical Equipment,660,20979.88,7354.159944,0.06,2.85,54.45,111426665.8,317876969.7,35.05
1827,TRIVENI,Triveni Engineering & Industries Limited,Sugar,Fast Moving Consumer Goods,Fast Moving Consumer Goods,Agricultural Food & other Products,Sugar,434.5,9511.12,3706.272937,0.07,2.74,52.35,85299722.37,218898043.7,38.97
1828,TRU,TruCap Finance Limited,Non Banking Financial Company (NBFC),Financial Services,Financial Services,Finance,Non Banking Financial Company (NBFC),28.08,328.25,168.6700727,0.16,3.56,68.01,60067689.69,116898148.1,51.38
1829,TTKHLTCARE,TTK Healthcare Limited,Diversified,Diversified,Diversified,Diversified,Diversified,1581.05,2234.08,540.2286921,0.21,1.96,37.45,3416898.214,14130356.41,24.18
1830,TTKPRESTIG,TTK Prestige Limited,Household Appliances,Consumer Discretionary,Consumer Durables,Consumer Durables,Household Appliances,894.5,12399.02,3612.81524,0.09,1.53,29.23,40389214.53,138613974.3,29.14
1831,TTL,T T Limited,Other Textile Products,Consumer Discretionary,Textiles,Textiles & Apparels,Other Textile Products,110.8,238.2,86.11157781,0.43,2.67,51.01,7771803.052,21498194.95,36.15
1832,TTML,Tata Teleservices (Maharashtra) Limited,Telecom - Cellular & Fixed line services,Telecommunication,Telecommunication,Telecom - Services,Telecom - Cellular & Fixed line services,77.15,15082.27,3867.153694,0.06,3.12,59.61,501251288.9,1954928062,25.64
1833,TV18BRDCST,TV18 Broadcast Limited,TV Broadcasting & Software Production,Consumer Discretionary,Media Entertainment & Publication,Entertainment,TV Broadcasting & Software Production,40.7,6977.45,2757.584286,0.2,2.87,54.83,677539136.7,1714361179,39.52
1834,TVSELECT,TVS Electronics Limited,Computers Hardware & Equipments,Information Technology,Information Technology,IT - Hardware,Computers Hardware & Equipments,380.05,708.81,277.4923272,0.18,3.03,57.89,7301468.945,18650440.73,39.15
1835,TVSHLTD,TVS Holdings Limited,Investment Company,Financial Services,Financial Services,Finance,Investment Company,12600,25492.45,6448.927309,0.1,2.47,47.19,5118196.277,20232103.17,25.30
1836,TVSMOTOR,TVS Motor Company Limited,2/3 Wheelers,Consumer Discretionary,Automobile and Auto Components,Automobiles,2/3 Wheelers,2635,125185.45,61809.69225,0.03,1.64,31.33,234571887.1,475087096.8,49.37
1837,TVSSCS,TVS Supply Chain Solutions Limited,Logistics Solution Provider,Services,Services,Transport Services,Logistics Solution Provider,187.6,8264.6,2611.820926,0.07,2,38.21,139222863.9,440543710,31.60
1838,TVSSRICHAK,TVS Srichakra Limited,Tyres & Rubber Products,Consumer Discretionary,Automobile and Auto Components,Auto Components,Tyres & Rubber Products,3953,3026.83,1590.215737,0.14,2.12,40.5,4022807.33,7657045.282,52.54
1839,TVTODAY,TV Today Network Limited,TV Broadcasting & Software Production,Consumer Discretionary,Media Entertainment & Publication,Entertainment,TV Broadcasting & Software Production,220.86,1317.84,546.7577475,0.12,2.16,41.27,24755852.01,59668568.32,41.49
1840,TVVISION,TV Vision Limited,TV Broadcasting & Software Production,Consumer Discretionary,Media Entertainment & Publication,Entertainment,TV Broadcasting & Software Production,15.01,58.16,1,5.02,,,666222.5183,38747501.67,1.72
1841,UBL,United Breweries Limited,Breweries & Distilleries,Fast Moving Consumer Goods,Fast Moving Consumer Goods,Beverages,Breweries & Distilleries,2060,54467.46,15467.01588,0.05,1.56,29.8,75082601.35,264405145.6,28.40
1842,UCAL,UCAL LIMITED,Auto Components & Equipments,Consumer Discretionary,Automobile and Auto Components,Auto Components,Auto Components & Equipments,174.95,386.88,113.2468899,0.35,2.81,53.68,6473100.31,22113746.78,29.27
1843,UCOBANK,UCO Bank,Public Sector Bank,Financial Services,Financial Services,Banks,Public Sector Bank,44.72,53467.04,2464.296102,0.06,2.93,55.98,551050112.3,11955957066,4.61
1844,UDAICEMENT,Udaipur Cement Works Limited,Cement & Cement Products,Commodities,Construction Materials,Cement & Cement Products,Cement & Cement Products,30.75,1723.65,415.4039011,0.83,2.85,54.45,135090699.5,560536585.4,24.10
1845,UDS,Updater Services Limited,Diversified Commercial Services,Services,Services,Commercial Services & Supplies,Diversified Commercial Services,361,2416.84,887.488769,0.12,2.11,40.31,24584176.43,66948476.45,36.72
1846,UFLEX,UFLEX Limited,Packaging,Industrials,Capital Goods,Industrial Products,Packaging,662.4,4783.29,1445.658167,0.09,2.75,52.54,21824549.63,72211503.62,30.22
1847,UFO,UFO Moviez India Limited,Film Production Distribution & Exhibition,Consumer Discretionary,Media Entertainment & Publication,Entertainment,Film Production Distribution & Exhibition,128.34,495.47,382.9491643,0.17,2.77,52.92,29838644.56,38606046.44,77.29
1848,UGARSUGAR,The Ugar Sugar Works Limited,Sugar,Fast Moving Consumer Goods,Fast Moving Consumer Goods,Agricultural Food & other Products,Sugar,81.44,916.2,503.0561016,0.15,2.7,51.58,61770150,112500000,54.91
1849,UGROCAP,Ugro Capital Limited,Non Banking Financial Company (NBFC),Financial Services,Financial Services,Finance,Non Banking Financial Company (NBFC),231.55,2152.4,813.4363908,0.11,2.46,47,35130053.59,92956164.98,37.79
1850,UJJIVANSFB,Ujjivan Small Finance Bank Limited,Other Bank,Financial Services,Financial Services,Banks,Other Bank,39.55,7649.7,7229.913816,0.06,2.28,43.56,1828043948,1934184576,94.51
1851,ULTRACEMCO,UltraTech Cement Limited,Cement & Cement Products,Commodities,Construction Materials,Cement & Cement Products,Cement & Cement Products,11230,324207.09,127997.2826,0.03,1.42,27.13,113977989.8,288697319.7,39.48
1852,UMAEXPORTS,Uma Exports Limited,Trading & Distributors,Services,Services,Commercial Services & Supplies,Trading & Distributors,106.49,360.04,98.96695688,0.99,3.53,67.44,9293544.641,33809747.39,27.49
1853,UMANGDAIRY,Umang Dairies Limited,Dairy Products,Fast Moving Consumer Goods,Fast Moving Consumer Goods,Food Products,Dairy Products,96.08,211.41,1,0.67,,,104079.9334,22003538.72,0.47
1854,UMESLTD,Usha Martin Education & Solutions Limited,E-Learning,Consumer Discretionary,Consumer Services,Other Consumer Services,E-Learning,6.63,17.51,10.58623307,3.31,3.56,68.01,15967169.04,26410256.41,60.46
1855,UNICHEMLAB,Unichem Laboratories Limited,Pharmaceuticals,Healthcare,Healthcare,Pharmaceuticals & Biotechnology,Pharmaceuticals,620.9,4371.49,1259.505825,0.21,2.47,47.19,20285163.88,70405701.4,28.81
1856,UNIDT,United Drilling Tools Limited,Industrial Products,Industrials,Capital Goods,Industrial Manufacturing,Industrial Products,229,464.94,117.8817545,0.33,2.87,54.83,5147674.869,20303056.77,25.35
1857,UNIECOM,Unicommerce Esolutions Limited,Software Products,Information Technology,Information Technology,IT - Software,Software Products,196.09,2008.63,461.9847269,0.24,1.94,37.06,23559831.04,102434086.4,23.00
1858,UNIENTER,Uniphos Enterprises Limited,Trading - Chemicals,Commodities,Chemicals,Chemicals & Petrochemicals,Trading - Chemicals,160.75,1117.95,292.6311132,0.49,2.38,45.47,18204112.8,69545878.69,26.18
1859,UNIINFO,Uniinfo Telecom Services Limited,Other Telecom Services,Telecommunication,Telecommunication,Telecom - Services,Other Telecom Services,36.8,39.35,19.30910401,2.37,4.18,79.86,5247039.132,10692934.78,49.07
1860,UNIONBANK,Union Bank of India,Public Sector Bank,Financial Services,Financial Services,Banks,Public Sector Bank,114.09,87091.81,21984.14922,0.04,2.56,48.91,1926912895,7633605925,25.24
1861,UNIPARTS,Uniparts India Limited,Auto Components & Equipments,Consumer Discretionary,Automobile and Auto Components,Auto Components,Auto Components & Equipments,447,2017.48,668.4735036,0.09,1.57,29.99,14954664.51,45133780.76,33.13
1862,UNITDSPR,United Spirits Limited,Breweries & Distilleries,Fast Moving Consumer Goods,Fast Moving Consumer Goods,Beverages,Breweries & Distilleries,1510.05,109833.62,44474.59645,0.03,1.6,30.57,294523998.9,727350882.4,40.49
1863,UNITECH,Unitech Limited,Residential Commercial Projects,Consumer Discretionary,Realty,Realty,Residential Commercial Projects,11.27,2948.57,2790.165185,0.82,3.75,71.64,2475745506,2616299911,94.63
1864,UNITEDPOLY,United Polyfab Gujarat Limited,Other Textile Products,Consumer Discretionary,Textiles,Textiles & Apparels,Other Textile Products,125,286.89,51.21867898,0.85,3.09,59.03,4097494.318,22951200,17.85
1865,UNITEDTEA,The United Nilgiri Tea Estates Company Limited,Tea & Coffee,Fast Moving Consumer Goods,Fast Moving Consumer Goods,Agricultural Food & other Products,Tea & Coffee,446,222.85,108.7989545,0.53,2.34,44.71,2439438.442,4996636.771,48.82
1866,UNIVASTU,Univastu India Limited,Civil Construction,Industrials,Construction,Construction,Civil Construction,203,230.7,65.03910235,1.13,3.1,59.23,3203896.667,11364532.02,28.19
1867,UNIVCABLES,Universal Cables Limited,Cables - Electricals,Industrials,Capital Goods,Industrial Products,Cables - Electricals,620,1983.37,607.1252207,0.16,2.85,54.45,9792342.269,31989838.71,30.61
1868,UNIVPHOTO,Universus Photo Imagings Limited,Household Products,Fast Moving Consumer Goods,Fast Moving Consumer Goods,Household Products,Household Products,378.8,414.66,104.551292,1.09,2.79,53.3,2760065.786,10946673.71,25.21
1869,UNOMINDA,UNO Minda Limited,Auto Components & Equipments,Consumer Discretionary,Automobile and Auto Components,Auto Components,Auto Components & Equipments,993,57023.57,17705.19205,0.05,2.25,42.99,178300020.6,574255488.4,31.05
1870,UPL,UPL Limited,Pesticides & Agrochemicals,Commodities,Chemicals,Fertilizers & Agrochemicals,Pesticides & Agrochemicals,580.5,43572.77,29305.47888,0.03,1.78,34.01,504831677.5,750607579.7,67.26
1871,URAVI,Uravi T and Wedge Lamps Limited,Auto Components & Equipments,Consumer Discretionary,Automobile and Auto Components,Auto Components,Auto Components & Equipments,392,431.2,117.5998824,1.1,2.97,56.74,2999997,11000000,27.27
1872,URJA,Urja Global Limited,Heavy Electrical Equipment,Industrials,Capital Goods,Electrical Equipment,Heavy Electrical Equipment,19.42,1020.43,845.3898991,0.6,3.45,65.91,435319206.5,525453141.1,82.85
1873,USHAMART,Usha Martin Limited,Iron & Steel Products,Industrials,Capital Goods,Industrial Products,Iron & Steel Products,338.1,10303.32,5686.81421,0.07,2.64,50.44,168199178.1,304741792.4,55.19
1874,USK,Udayshivakumar Infra Limited,Civil Construction,Industrials,Construction,Construction,Civil Construction,1,313.6,1,1.88,,,10000000,3136000000,0.32
1875,UTIAMC,UTI Asset Management Company Limited,Asset Management Company,Financial Services,Financial Services,Capital Markets,Asset Management Company,1199.3,15288.88,4893.084245,0.05,1.88,35.92,40799501.75,127481697.7,32.00
1876,UTKARSHBNK,Utkarsh Small Finance Bank Limited,Other Bank,Financial Services,Financial Services,Banks,Other Bank,45.15,4972.68,1257.119263,0.07,1.91,36.49,278431730.4,1101368771,25.28
1877,UTTAMSUGAR,Uttam Sugar Mills Limited,Sugar,Fast Moving Consumer Goods,Fast Moving Consumer Goods,Agricultural Food & other Products,Sugar,360.8,1376.02,352.4133452,0.13,2.71,51.77,9767553.913,38138026.61,25.61
1878,V2RETAIL,V2 Retail Limited,Speciality Retail,Consumer Discretionary,Consumer Services,Retailing,Speciality Retail,1331,4603.84,2050.979067,1.12,3.1,59.23,15409309.29,34589331.33,44.55
1879,VADILALIND,Vadilal Industries Limited,Dairy Products,Fast Moving Consumer Goods,Fast Moving Consumer Goods,Food Products,Dairy Products,3740,2688.25,905.5902452,0.12,2.84,54.26,2421364.292,7187834.225,33.69
1880,VAIBHAVGBL,Vaibhav Global Limited,Gems Jewellery And Watches,Consumer Discretionary,Consumer Durables,Consumer Durables,Gems Jewellery And Watches,291.55,4843.06,1618.729142,0.09,2.74,52.35,55521493.48,166114217.1,33.42
1881,VAISHALI,Vaishali Pharma Limited,Pharmaceuticals,Healthcare,Healthcare,Pharmaceuticals & Biotechnology,Pharmaceuticals,192,205.81,124.588881,0.32,3.03,57.89,6489004.22,10719270.83,60.54
1882,VAKRANGEE,Vakrangee Limited,IT Enabled Services,Information Technology,Information Technology,IT - Services,IT Enabled Services,27.63,2978.04,1722.458896,0.11,3.68,70.31,623401699.7,1077828447,57.84
1883,VALIANTLAB,Valiant Laboratories Limited,Pharmaceuticals,Healthcare,Healthcare,Pharmaceuticals & Biotechnology,Pharmaceuticals,113.98,495.24,124.1128733,0.31,2.36,45.09,10889004.5,43449728.02,25.06
1884,VALIANTORG,Valiant Organics Limited,Specialty Chemicals,Commodities,Chemicals,Chemicals & Petrochemicals,Specialty Chemicals,391.3,1079.01,429.5933892,0.15,2.27,43.37,10978619.71,27575006.39,39.81
1885,VARDHACRLC,Vardhman Acrylics Limited,Other Textile Products,Consumer Discretionary,Textiles,Textiles & Apparels,Other Textile Products,57.62,463.06,115.3282405,0.33,2.51,47.95,20015314.22,80364456.79,24.91
1886,VARDMNPOLY,Vardhman Polytex Limited,Other Textile Products,Consumer Discretionary,Textiles,Textiles & Apparels,Other Textile Products,12.83,456.71,1,2.66,,,779423.2268,355970381.9,0.22
1887,VARROC,Varroc Engineering Limited,Auto Components & Equipments,Consumer Discretionary,Automobile and Auto Components,Auto Components,Auto Components & Equipments,562.75,8598.05,2149.032174,0.08,2.73,52.16,38188043.96,152786317.2,24.99
1888,VASCONEQ,Vascon Engineers Limited,Civil Construction,Industrials,Construction,Construction,Civil Construction,58.74,1314.82,801.9095388,0.11,3.46,66.1,136518477.8,223837248.9,60.99
1889,VASWANI,Vaswani Industries Limited,Sponge Iron,Commodities,Metals & Mining,Ferrous Metals,Sponge Iron,62.22,186.66,77.77506222,0.91,4.45,85.02,12500010,30000000,41.67
1890,VBL,Varun Beverages Limited,Other Beverages,Fast Moving Consumer Goods,Fast Moving Consumer Goods,Beverages,Other Beverages,545.9,177345.3,65772.76062,0.04,2.12,40.5,1204849984,3248677413,37.09
1891,VEDL,Vedanta Limited,Diversified Metals,Commodities,Metals & Mining,Diversified Metals,Diversified Metals,499.9,195480.3,84618.92538,0.03,2.25,42.99,1692717051,3910388078,43.29
1892,VENKEYS,Venky's (India) Limited,Meat Products including Poultry,Fast Moving Consumer Goods,Fast Moving Consumer Goods,Food Products,Meat Products including Poultry,1880,2648.42,925.3920867,0.09,2.42,46.23,4922298.334,14087340.43,34.94
1893,VENUSPIPES,Venus Pipes & Tubes Limited,Iron & Steel Products,Industrials,Capital Goods,Industrial Products,Iron & Steel Products,2035.45,4131.17,2120.224732,0.08,2.29,43.75,10416491.35,20296101.6,51.32
1894,VENUSREM,Venus Remedies Limited,Pharmaceuticals,Healthcare,Healthcare,Pharmaceuticals & Biotechnology,Pharmaceuticals,316.3,422.8,241.9934118,0.22,3,57.31,7650755.986,13367056.59,57.24
1895,VERANDA,Veranda Learning Solutions Limited,E-Learning,Consumer Discretionary,Consumer Services,Other Consumer Services,E-Learning,283.55,2024.05,912.2287597,0.33,3.63,69.35,32171707.27,71382472.23,45.07
1896,VERTOZ,Vertoz Limited,Advertising & Media Agencies,Consumer Discretionary,Media Entertainment & Publication,Media,Advertising & Media Agencies,26.14,2213.38,557.8150479,3.19,3.4,64.96,213395198.1,846740627.4,25.20
1897,VESUVIUS,Vesuvius India Limited,Electrodes & Refractories,Industrials,Capital Goods,Industrial Products,Electrodes & Refractories,5071,10292.14,4526.41208,0.09,2.49,47.57,8926073.911,20296075.72,43.98
1898,VETO,Veto Switchgears And Cables Limited,Consumer Electronics,Consumer Discretionary,Consumer Durables,Consumer Durables,Consumer Electronics,136,259.96,129.7804823,0.25,3.06,58.46,9542682.525,19114705.88,49.92
1899,VGUARD,V-Guard Industries Limited,Household Appliances,Consumer Discretionary,Consumer Durables,Consumer Durables,Household Appliances,436.1,18972.33,7937.359946,0.08,1.76,33.62,182007795.1,435045402.4,41.84
1900,VHL,Vardhman Holdings Limited,Investment Company,Financial Services,Financial Services,Finance,Investment Company,3919.8,1247.99,303.9040559,0.32,2.49,47.57,775305.0051,3183810.398,24.35
1901,VHLTD,Viceroy Hotels Limited,Hotels & Resorts,Consumer Discretionary,Consumer Services,Leisure Services,Hotels & Resorts,124.4,785.68,47.14105283,5,1.83,34.96,3789473.7,63157556.27,6.00
1902,VIDHIING,Vidhi Specialty Food Ingredients Limited,Specialty Chemicals,Commodities,Chemicals,Chemicals & Petrochemicals,Specialty Chemicals,456.1,2277.99,806.4568111,0.2,2,38.21,17681578.84,49944968.21,35.40
1903,VIJAYA,Vijaya Diagnostic Centre Limited,Healthcare Service Provider,Healthcare,Healthcare,Healthcare Services,Healthcare Service Provider,978,10036.46,4622.923032,0.08,2.34,44.71,47269151.65,102622290.4,46.06
1904,VIJIFIN,Viji Finance Limited,Non Banking Financial Company (NBFC),Financial Services,Financial Services,Finance,Non Banking Financial Company (NBFC),2.63,37.48,19.10201941,0.97,3.28,62.66,72631252.5,142509505.7,50.97
1905,VIKASECO,Vikas EcoTech Limited,Specialty Chemicals,Commodities,Chemicals,Chemicals & Petrochemicals,Specialty Chemicals,3.44,608.43,412.760392,0.39,3.11,59.42,1199884861,1768691860,67.84
1906,VIKASLIFE,Vikas Lifecare Limited,Trading & Distributors,Services,Services,Commercial Services & Supplies,Trading & Distributors,4.5,791.22,618.1626536,0.44,3.13,59.8,1373694786,1758266667,78.13
1907,VIMTALABS,Vimta Labs Limited,Healthcare Research Analytics & Technology,Healthcare,Healthcare,Healthcare Services,Healthcare Research Analytics & Technology,515,1141.79,376.4499479,0.22,2.79,53.3,7309707.727,22170679.61,32.97
1908,VINATIORGA,Vinati Organics Limited,Specialty Chemicals,Commodities,Chemicals,Chemicals & Petrochemicals,Specialty Chemicals,1940,20111.13,4954.558518,0.08,1.7,32.48,25538961.43,103665618.6,24.64
1909,VINDHYATEL,Vindhya Telelinks Limited,Telecom - Infrastructure,Telecommunication,Telecommunication,Telecom - Services,Telecom - Infrastructure,2218,2628.52,1210.405197,0.11,2.63,50.25,5457192.052,11850856.63,46.05
1910,VINEETLAB,Vineet Laboratories Limited,Pharmaceuticals,Healthcare,Healthcare,Pharmaceuticals & Biotechnology,Pharmaceuticals,53.4,49.23,30.76701154,1.65,3.36,64.19,5761612.649,9219101.124,62.50
1911,VINNY,Vinny Overseas Limited,Garments & Apparels,Consumer Discretionary,Textiles,Textiles & Apparels,Garments & Apparels,2.56,119.1,33.46262136,2.03,3.57,68.2,130713364.7,465234375,28.10
1912,VINYLINDIA,Vinyl Chemicals (India) Limited,Trading - Chemicals,Commodities,Chemicals,Chemicals & Petrochemicals,Trading - Chemicals,369,676.64,306.7280812,0.21,2.64,50.44,8312414.125,18337127.37,45.33
1913,VIPCLOTHNG,VIP Clothing Limited,Garments & Apparels,Consumer Discretionary,Textiles,Textiles & Apparels,Garments & Apparels,42.33,349.63,1,0.43,,,236239.0739,82596267.42,0.29
1914,VIPIND,VIP Industries Limited,Plastic Products - Consumer,Consumer Discretionary,Consumer Durables,Consumer Durables,Plastic Products - Consumer,526.5,7476.19,3497.700088,0.06,2.22,42.41,66433050.1,141997910.7,46.78
1915,VIPULLTD,Vipul Limited,Residential Commercial Projects,Consumer Discretionary,Realty,Realty,Residential Commercial Projects,37.9,534.24,178.8100013,0.74,3.16,60.37,47179419.87,140960422.2,33.47
1916,VIRINCHI,Virinchi Limited,Software Products,Information Technology,Information Technology,IT - Software,Software Products,31.17,317.3,196.4544936,0.24,2.83,54.07,63026786.51,101796599.3,61.91
1917,VISAKAIND,Visaka Industries Limited,Cement & Cement Products,Commodities,Construction Materials,Cement & Cement Products,Cement & Cement Products,103.66,895.67,453.6219105,0.29,2.91,55.6,43760554.75,86404591.94,50.65
1918,VISHNU,Vishnu Chemicals Limited,Specialty Chemicals,Commodities,Chemicals,Chemicals & Petrochemicals,Specialty Chemicals,398,2607.98,802.0797592,0.15,2.6,49.67,20152757.77,65527135.68,30.75
1919,VISHWARAJ,Vishwaraj Sugar Industries Limited,Sugar,Fast Moving Consumer Goods,Fast Moving Consumer Goods,Agricultural Food & other Products,Sugar,17.97,391.44,259.5422811,0.17,2.49,47.57,144430874.3,217829716.2,66.30
1920,VIVIDHA,Visagar Polytex Limited,Garments & Apparels,Consumer Discretionary,Textiles,Textiles & Apparels,Garments & Apparels,1.05,30.73,29.00227339,4.03,3.7,70.69,276212127.5,292666666.7,94.38
1921,VLEGOV,VL E-Governance & IT Solutions Limited,IT Enabled Services,Information Technology,Information Technology,IT - Services,IT Enabled Services,144,1525.7,982.1444086,0.89,3.32,63.43,68204472.82,105951388.9,64.37
1922,VLSFINANCE,VLS Finance Limited,Investment Company,Financial Services,Financial Services,Finance,Investment Company,383,1332.69,655.0847113,0.15,2.93,55.98,17104039.46,34796083.55,49.16
1923,VMART,V-Mart Retail Limited,Diversified Retail,Consumer Discretionary,Consumer Services,Retailing,Diversified Retail,4200,8310.51,4619.687951,0.12,2.19,41.84,10999257.03,19786928.57,55.59
1924,VOLTAMP,Voltamp Transformers Limited,Heavy Electrical Equipment,Industrials,Capital Goods,Electrical Equipment,Heavy Electrical Equipment,11659,16860.77,10451.60504,0.07,3.09,59.03,8964409.504,14461591.9,61.99
1925,VOLTAS,Voltas Limited,Household Appliances,Consumer Discretionary,Consumer Durables,Consumer Durables,Household Appliances,1755,58070.27,39977.49147,0.03,1.93,36.87,227791974.2,330884729.3,68.84
1926,VPRPL,Vishnu Prakash R Punglia Limited,Civil Construction,Industrials,Construction,Construction,Civil Construction,246.7,3074.97,989.6875083,0.09,2.99,57.12,40117045.33,124644102.1,32.19
1927,VRAJ,Vraj Iron and Steel Limited,Sponge Iron,Commodities,Metals & Mining,Ferrous Metals,Sponge Iron,242,798.18,139.9392034,0.44,1.77,33.82,5782611.711,32982644.63,17.53
1928,VRLLOG,VRL Logistics Limited,Logistics Solution Provider,Services,Services,Transport Services,Logistics Solution Provider,531,4644.58,1846.493421,0.09,2.15,41.08,34773887.4,87468549.91,39.76
1929,VSSL,Vardhman Special Steels Limited,Iron & Steel Products,Industrials,Capital Goods,Industrial Products,Iron & Steel Products,288,2347.06,655.7633799,0.17,2.46,47,22769561.8,81495138.89,27.94
1930,VSTIND,VST Industries Limited,Cigarettes & Tobacco Products,Fast Moving Consumer Goods,Fast Moving Consumer Goods,Cigarettes & Tobacco Products,Cigarettes & Tobacco Products,348.9,5926.45,1799.686431,0.08,2.6,49.67,51581726.31,169860991.7,30.37
1931,VSTL,Vibhor Steel Tubes Limited,Iron & Steel Products,Industrials,Capital Goods,Industrial Products,Iron & Steel Products,243.5,461.74,116.379506,0.78,2.07,39.55,4779445.833,18962628.34,25.20
1932,VSTTILLERS,V.S.T Tillers Tractors Limited,Tractors,Industrials,Capital Goods,Agricultural Commercial & Construction Vehicles,Tractors,4233,3657.11,1600.677783,0.13,2.1,40.12,3781426.371,8639522.797,43.77
1933,VTL,Vardhman Textiles Limited,Other Textile Products,Consumer Discretionary,Textiles,Textiles & Apparels,Other Textile Products,445.4,12879.85,4560.26389,0.08,2.21,42.22,102385808,289174899,35.41
1934,WABAG,VA Tech Wabag Limited,Water Supply & Management,Utilities,Utilities,Other Utilities,Water Supply & Management,1474.9,9172.47,7417.645022,0.07,2.91,55.6,50292528.46,62190453.59,80.87
1935,WALCHANNAG,Walchandnagar Industries Limited,Industrial Products,Industrials,Capital Goods,Industrial Manufacturing,Industrial Products,280.1,1552.51,820.678099,1.44,3.33,63.62,29299468.01,55426990.36,52.86
1936,WANBURY,Wanbury Limited,Pharmaceuticals,Healthcare,Healthcare,Pharmaceuticals & Biotechnology,Pharmaceuticals,241.9,792.48,466.4270697,0.95,2.95,56.36,19281813.55,32760644.89,58.86
1937,WEALTH,Wealth First Portfolio Managers Limited,Other Financial Services,Financial Services,Financial Services,Finance,Other Financial Services,1280,1363.84,353.1459104,0.47,3.71,70.88,2758952.425,10655000,25.89
1938,WEBELSOLAR,Websol Energy System Limited,Other Electrical Equipment,Industrials,Capital Goods,Electrical Equipment,Other Electrical Equipment,964.75,4071.86,2943.704464,0.83,3.59,68.59,30512614.29,42206374.71,72.29
1939,WEIZMANIND,Weizmann Limited,Other Textile Products,Consumer Discretionary,Textiles,Textiles & Apparels,Other Textile Products,115,182.38,30.37900935,1.09,3.8,72.6,2641652.987,15859130.43,16.66
1940,WEL,Wonder Electricals Limited,Household Appliances,Consumer Discretionary,Consumer Durables,Consumer Durables,Household Appliances,1331.05,1783.71,503.1516833,0.71,3.67,70.12,3780111.065,13400773.83,28.21
1941,WELCORP,Welspun Corp Limited,Iron & Steel Products,Industrials,Capital Goods,Industrial Products,Iron & Steel Products,686,17997.17,8934.118391,0.06,2.71,51.77,130234962,262349416.9,49.64
1942,WELENT,Welspun Enterprises Limited,Civil Construction,Industrials,Construction,Construction,Civil Construction,521.4,7216.9,3046.533283,0.09,2.87,54.83,58429867.34,138413885.7,42.21
1943,WELINV,Welspun Investments and Commercials Limited,Investment Company,Financial Services,Financial Services,Finance,Investment Company,949,346.81,88.15280157,1.78,3.19,60.94,928902.0186,3654478.398,25.42
1944,WELSPUNLIV,Welspun Living Limited,Other Textile Products,Consumer Discretionary,Textiles,Textiles & Apparels,Other Textile Products,158.76,15227.51,4288.293909,0.06,2.73,52.16,270111735.2,959152809.3,28.16
1945,WENDT,Wendt (India) Limited,Abrasives & Bearings,Industrials,Capital Goods,Industrial Products,Abrasives & Bearings,15000,3000,733.176,0.23,2.42,46.23,488784,2000000,24.44
1946,WESTLIFE,WESTLIFE FOODWORLD LIMITED,Restaurants,Consumer Discretionary,Consumer Services,Leisure Services,Restaurants,889.9,13850.75,6012.553527,0.1,1.94,37.06,67564372.71,155643892.6,43.41
1947,WEWIN,WE WIN LIMITED,Diversified Commercial Services,Services,Services,Commercial Services & Supplies,Diversified Commercial Services,68.6,69.7,20.28859835,2.9,3.24,61.9,2957521.626,10160349.85,29.11
1948,WHEELS,Wheels India Limited,Auto Components & Equipments,Consumer Discretionary,Automobile and Auto Components,Auto Components,Auto Components & Equipments,707,1727.41,690.972489,0.11,2.5,47.76,9773302.532,24432956.15,40.00
1949,WHIRLPOOL,Whirlpool of India Limited,Household Appliances,Consumer Discretionary,Consumer Durables,Consumer Durables,Household Appliances,2316.4,29388.59,14400.40944,0.06,1.79,34.2,62167196.7,126871827,49.00
1950,WILLAMAGOR,Williamson Magor & Company Limited,Investment Company,Financial Services,Financial Services,Finance,Investment Company,37,40.54,15.39908838,1.71,4.83,92.28,4161915.779,10956756.76,37.98
1951,WINDLAS,Windlas Biotech Limited,Pharmaceuticals,Healthcare,Healthcare,Pharmaceuticals & Biotechnology,Pharmaceuticals,845,1766.08,662.0543131,0.13,2.76,52.73,7834962.286,20900355.03,37.49
1952,WINDMACHIN,Windsor Machines Limited,Industrial Products,Industrials,Capital Goods,Industrial Manufacturing,Industrial Products,186.9,1213.58,503.3546446,0.96,4.07,77.76,26931762.69,64932049.22,41.48
1953,WINSOME,Winsome Yarns Limited,Other Textile Products,Consumer Discretionary,Textiles,Textiles & Apparels,Other Textile Products,3.79,26.8,16.43633652,3.78,15.28,291.92,43367642.54,70712401.06,61.33
1954,WIPL,The Western India Plywoods Limited,Plywood Boards/ Laminates,Consumer Discretionary,Consumer Durables,Consumer Durables,Plywood Boards/ Laminates,194,164.65,85.0426783,1.47,2.67,51.01,4383643.211,8487113.402,51.65
1955,WIPRO,Wipro Limited,Computers - Software & Consulting,Information Technology,Information Technology,IT - Software,Computers - Software & Consulting,530.55,277551.01,74909.07458,0.03,1.69,32.29,1411913572,5231382716,26.99
1956,WOCKPHARMA,Wockhardt Limited,Pharmaceuticals,Healthcare,Healthcare,Pharmaceuticals & Biotechnology,Pharmaceuticals,925,14190.38,6782.676698,0.68,3.18,60.75,73326234.57,153409513.5,47.80
1957,WONDERLA,Wonderla Holidays Limited,Amusement Parks/ Other Recreation,Consumer Discretionary,Consumer Services,Leisure Services,Amusement Parks/ Other Recreation,828.3,4685.97,1414.909298,0.1,2.33,44.51,17082087.38,56573342.99,30.19
1958,WORTH,Worth Peripherals Limited,Packaging,Industrials,Capital Goods,Industrial Products,Packaging,135.35,213.19,54.3503906,0.39,2.88,55.02,4015544.189,15751015.88,25.49
1959,WSI,W S Industries (I) Limited,Civil Construction,Industrials,Construction,Construction,Civil Construction,142,864.07,285.6737096,0.2,3.37,64.38,20117866.88,60850000,33.06
1960,WSTCSTPAPR,West Coast Paper Mills Limited,Paper & Paper Products,Commodities,Forest Materials,Paper Forest & Jute Products,Paper & Paper Products,591.5,3906.79,1647.889155,0.08,2.29,43.75,27859495.44,66048858.83,42.18
1961,XCHANGING,Xchanging Solutions Limited,Computers - Software & Consulting,Information Technology,Information Technology,IT - Software,Computers - Software & Consulting,108.31,1206.61,301.653412,0.11,2.95,56.36,27850929,111403379.2,25.00
1962,XELPMOC,Xelpmoc Design And Tech Limited,Software Products,Information Technology,Information Technology,IT - Software,Software Products,116.99,172.07,80.58378136,1.12,3.18,60.75,6888091.406,14708094.71,46.83
1963,XPROINDIA,Xpro India Limited,Packaging,Industrials,Capital Goods,Industrial Products,Packaging,1051,2315.84,963.2571887,0.15,2.6,49.67,9165149.274,22034633.68,41.59
1964,YAARI,Yaari Digital Integrated Services Limited,Diversified Commercial Services,Services,Services,Commercial Services & Supplies,Diversified Commercial Services,11,110.49,78.16996147,2.62,3.16,60.37,71063601.34,100445454.5,70.75
1965,YASHO,Yasho Industries Limited,Specialty Chemicals,Commodities,Chemicals,Chemicals & Petrochemicals,Specialty Chemicals,1962,2236.52,628.0425079,0.14,2.1,40.12,3201032.15,11399184.51,28.08
1966,YATHARTH,Yatharth Hospital & Trauma Care Services Limited,Hospital,Healthcare,Healthcare,Healthcare Services,Hospital,539.4,4630.76,1383.778064,0.09,2.14,40.88,25654024.18,85850203.93,29.88
1967,YATRA,Yatra Online Limited,Tour Travel Related Services,Consumer Discretionary,Consumer Services,Leisure Services,Tour Travel Related Services,120.5,1890.84,671.9837814,0.16,1.91,36.49,55766288.91,156916182.6,35.54
1968,YESBANK,Yes Bank Limited,Private Sector Bank,Financial Services,Financial Services,Banks,Private Sector Bank,21.24,66580.78,39923.03672,0.07,2.69,51.39,18796156646,31346883239,59.96
1969,YUKEN,Yuken India Limited,Compressors Pumps & Diesel Engines,Industrials,Capital Goods,Industrial Products,Compressors Pumps & Diesel Engines,1111,1444.3,625.0800413,0.26,3.01,57.51,5626283,13000000,43.28
1970,ZAGGLE,Zaggle Prepaid Ocean Services Limited,IT Enabled Services,Information Technology,Information Technology,IT - Services,IT Enabled Services,422.8,5183.82,2236.697144,0.08,3.08,58.84,52902013.81,122606906.3,43.15
1971,ZEEL,Zee Entertainment Enterprises Limited,TV Broadcasting & Software Production,Consumer Discretionary,Media Entertainment & Publication,Entertainment,TV Broadcasting & Software Production,126,12102.54,11612.79102,0.05,3.5,66.87,921650080.6,960519047.6,95.95
1972,ZEELEARN,Zee Learn Limited,Education,Consumer Discretionary,Consumer Services,Other Consumer Services,Education,8.85,289.3,245.748736,0.75,2.86,54.64,277682187.6,326892655.4,84.95
1973,ZEEMEDIA,Zee Media Corporation Limited,TV Broadcasting & Software Production,Consumer Discretionary,Media Entertainment & Publication,Entertainment,TV Broadcasting & Software Production,21.5,1344.67,1004.268031,0.16,4.04,77.18,467101409.7,625427907,74.69
1974,ZENITHEXPO,Zenith Exports Limited,Leather And Leather Products,Consumer Discretionary,Consumer Durables,Consumer Durables,Leather And Leather Products,290,156.49,85.22216142,2.75,3.46,66.1,2938695.221,5396206.897,54.46
1975,ZENITHSTL,Zenith Steel Pipes & Industries Limited,Iron & Steel Products,Industrials,Capital Goods,Industrial Products,Iron & Steel Products,1,140.86,1,2.69,,,10000000,1408600000,0.71
1976,ZENSARTECH,Zensar Technologies Limited,Computers - Software & Consulting,Information Technology,Information Technology,IT - Software,Computers - Software & Consulting,670.7,15212.18,7652.834988,0.04,2.45,46.81,114102206.5,226810496.5,50.31
1977,ZENTEC,Zen Technologies Limited,Aerospace & Defense,Industrials,Capital Goods,Aerospace & Defense,Aerospace & Defense,1621,14636.07,7042.304493,0.65,2.99,57.12,43444197.98,90290376.31,48.12
1978,ZFCVINDIA,ZF Commercial Vehicle Control Systems India Limited,Auto Components & Equipments,Consumer Discretionary,Automobile and Auto Components,Auto Components,Auto Components & Equipments,15032.2,28512.45,9191.958203,0.1,2.14,40.88,6114845.6,18967582.92,32.24
1979,ZIMLAB,Zim Laboratories Limited,Pharmaceuticals,Healthcare,Healthcare,Pharmaceuticals & Biotechnology,Pharmaceuticals,105.75,515.28,193.8466367,0.2,2.66,50.82,18330651.23,48726241.13,37.62
1980,ZODIAC,Zodiac Energy Limited,Civil Construction,Industrials,Construction,Construction,Civil Construction,555,837.84,233.0138573,0.61,2.87,54.83,4198447.88,15096216.22,27.81
1981,ZODIACLOTH,Zodiac Clothing Company Limited,Garments & Apparels,Consumer Discretionary,Textiles,Textiles & Apparels,Garments & Apparels,120.99,314.5,88.68214096,0.76,2.77,52.92,7329708.32,25993883.79,28.20
1982,ZOMATO,Zomato Limited,E-Retail/ E-Commerce,Consumer Discretionary,Consumer Services,Retailing,E-Retail/ E-Commerce,265,234110.94,164835.8755,0.03,2.59,49.48,6220221718,8834375094,70.41
1983,ZOTA,Zota Health Care LImited,Pharmaceuticals,Healthcare,Healthcare,Pharmaceuticals & Biotechnology,Pharmaceuticals,585,1552.26,423.8223506,0.19,2.49,47.57,7244826.507,26534358.97,27.30
1984,ZUARI,Zuari Agro Chemicals Limited,Fertilizers,Commodities,Chemicals,Fertilizers & Agrochemicals,Fertilizers,191.9,807.09,277.7021847,0.14,2.98,56.93,14471192.53,42057842.63,34.41
1985,ZUARIIND,ZUARI INDUSTRIES LIMITED,Sugar,Fast Moving Consumer Goods,Fast Moving Consumer Goods,Agricultural Food & other Products,Sugar,325.05,968.04,414.3858277,0.14,3.32,63.43,12748371.87,29781264.42,42.81
1986,ZYDUSLIFE,Zydus Lifesciences Limited,Pharmaceuticals,Healthcare,Healthcare,Pharmaceuticals & Biotechnology,Pharmaceuticals,1048.35,105488.54,26165.90499,0.03,1.72,32.86,249591310,1006233987,24.80
1987,ZYDUSWELL,Zydus Wellness Limited,Packaged Foods,Fast Moving Consumer Goods,Fast Moving Consumer Goods,Food Products,Packaged Foods,1929.95,12280.69,2465.826587,0.1,1.68,32.1,12776634.56,63632166.64,20.08