Date,Prev Close,Open,High,Low,Last,Close,VWAP,Volume,Turnover,Trades,dly,pctdly
1/23/15,223.85,227.45,228.9,219.7,222.95,223.1,223.06,4098897,9.14E+13,45856,1681323,0.4102
1/27/15,223.1,224.9,224.9,219.5,222.75,222.95,221.93,2373640,5.27E+13,22320,899413,0.3789
1/28/15,222.95,222.9,227.85,220.4,222.95,223.55,224.66,2889375,6.49E+13,34593,906884,0.3139
1/29/15,223.55,222.85,224.95,216.15,217.2,217.15,219.35,4185095,9.18E+13,41503,1923240,0.4595
1/30/15,217.15,220.7,220.7,185.6,192.2,193.15,196.49,26571571,5.22E+14,182742,8264280,0.311
2/2/15,193.15,192,192.05,183.75,188.4,187.85,187.56,9608649,1.80E+14,94980,2867866,0.2985
2/3/15,187.85,190,191.9,184.4,185.5,185.05,187.89,7684466,1.44E+14,69354,2217895,0.2886
2/4/15,185.05,186.8,188,182.05,184.45,184.9,185.4,4629789,8.58E+13,42650,1105613,0.2388
2/5/15,184.9,185.8,185.8,175.3,176.45,177.55,180.73,6190147,1.12E+14,55422,2777394,0.4487
2/6/15,177.55,175.55,177.7,169.35,175.7,175.95,174.36,9804062,1.71E+14,70639,3057489,0.3119
2/9/15,175.95,175,178.25,172.5,173.35,173.45,174.83,5120528,8.95E+13,47212,1816150,0.3547
2/10/15,173.45,171.2,181.2,171,177.55,176.4,177.32,6840733,1.21E+14,62005,2043448,0.2987
2/11/15,176.4,177.9,182.85,177.2,180.3,180.95,180.01,4844214,8.72E+13,46453,1732659,0.3577
2/12/15,180.95,182.35,182.35,178.05,180.65,180.8,180.06,3925259,7.07E+13,35793,1675551,0.4269
2/13/15,180.8,182.7,185.3,180.2,181.8,182.95,183.43,6503715,1.19E+14,48193,3246931,0.4992
2/16/15,182.95,182.95,184.6,180,182.35,182.75,182.72,3812278,6.97E+13,43836,1629680,0.4275
2/18/15,182.75,183,184.1,180,183.35,183.2,182.46,2911544,5.31E+13,40766,1149931,0.395
2/19/15,183.2,183.95,184.4,175.5,179,178.55,178.48,3680925,6.57E+13,36241,1057547,0.2873
2/20/15,178.55,179,186.9,176.5,183.65,183.3,183.12,5045503,9.24E+13,65987,1488621,0.295
2/23/15,183.3,183.65,186.05,180.5,181.5,182.35,182.87,2602925,4.76E+13,23555,582513,0.2238
2/24/15,182.35,181.95,181.95,175.55,176.65,176.75,177.61,5597490,9.94E+13,53968,1830335,0.327
2/25/15,176.75,178.3,179.9,176.25,176.9,177.15,178.05,2460589,4.38E+13,22184,712396,0.2895
2/26/15,177.15,177.65,178.1,170.05,172,171.35,172.92,6028053,1.04E+14,46048,3036271,0.5037
2/27/15,171.35,174.65,182,173.25,181.6,181,178.38,7519323,1.34E+14,53307,3010130,0.4003
2/28/15,181,185,191.5,176.2,185.2,185.2,185.69,11845497,2.20E+14,89677,2350107,0.1984
3/2/15,185.2,186.75,187.15,179.3,182.8,182.4,182.51,6392228,1.17E+14,50766,1814100,0.2838
3/3/15,182.4,183.1,189,181.65,188.5,187.2,184.46,4600689,8.49E+13,37466,1094099,0.2378
3/4/15,187.2,198,198.7,179.1,180.2,180.4,189.03,10089085,1.91E+14,74894,3191191,0.3163
3/5/15,180.4,181,184.95,178.7,184.25,184.05,181.6,4903762,8.91E+13,43854,1417699,0.2891
3/9/15,184.05,181.9,182.9,178.2,180,180.05,180.39,3673996,6.63E+13,31164,1270458,0.3458
3/10/15,180.05,180.05,182.8,176,180.4,179.85,179.28,4343844,7.79E+13,27403,1387863,0.3195
3/11/15,179.85,180.5,181.05,175.55,176.6,176.9,177.88,5397609,9.60E+13,39039,2018965,0.374
3/12/15,176.9,178.5,181.75,177.7,180.2,179.85,179.65,3287802,5.91E+13,24526,1201522,0.3654
3/13/15,179.85,182,182,176.75,179.2,179,178.96,3943207,7.06E+13,23982,1541833,0.391
3/16/15,179,179.5,184,177.1,182.9,182.65,181.17,2505846,4.54E+13,20729,628565,0.2508
3/17/15,182.65,183.5,184,178.6,182.1,182.4,182.34,8351223,1.52E+14,24997,5941097,0.7114
3/18/15,182.4,182.5,185.25,181.15,182.2,182.25,183.49,5675528,1.04E+14,20960,3977434,0.7008
3/19/15,182.25,184.45,184.5,174.7,175.35,176.5,180.04,3985822,7.18E+13,26367,1715396,0.4304
3/20/15,176.5,175.9,175.9,171.45,172.35,172.65,173.88,4641618,8.07E+13,30104,2194915,0.4729
3/23/15,172.65,173.7,173.85,169,169.4,169.65,170.61,3823894,6.52E+13,31078,1780907,0.4657
3/24/15,169.65,168.8,169.7,165.15,167.7,167.9,167.71,4820887,8.09E+13,33798,1862040,0.3862
3/25/15,167.9,168,168.8,163.8,166.2,165.85,165.65,3645828,6.04E+13,27944,1108385,0.304
3/26/15,165.85,164.3,167.4,159.9,163.3,161,163.7,5071690,8.30E+13,56345,2155724,0.4251
3/27/15,161,163,163.1,155.4,160.65,160.95,159.61,5769981,9.21E+13,61785,1846569,0.32
3/30/15,160.95,162.65,164.7,157.65,163.9,163.85,161.63,3858765,6.24E+13,40973,1134573,0.294
3/31/15,163.85,164.8,167.9,162.2,162.95,163.5,165.21,3106448,5.13E+13,26708,599956,0.1931
4/1/15,163.5,162.75,170.4,162.05,170.4,168.9,166.36,2949846,4.91E+13,22150,941796,0.3193
4/6/15,168.9,170,171,166.25,168,168.5,168.16,3290047,5.53E+13,23914,1264959,0.3845
4/7/15,168.5,169.5,172.1,167.05,170.6,170.05,169.45,4180773,7.08E+13,29169,1332930,0.3188
4/8/15,170.05,170.9,172,167.1,168.5,168.85,168.98,3861270,6.52E+13,46178,1722841,0.4462
4/9/15,168.85,170,173.7,166.9,171.6,171.75,171.68,6614147,1.14E+14,51060,2555088,0.3863
4/10/15,171.75,171.8,175.25,170.9,173.9,174.2,173.44,3006064,5.21E+13,20348,950978,0.3164
4/13/15,174.2,175,177.9,174.1,174.45,175.55,175.79,3611426,6.35E+13,22828,1699058,0.4705
4/15/15,175.55,175,180.95,174.6,176.7,178.5,177.65,5417127,9.62E+13,35364,1774674,0.3276
4/16/15,178.5,177.65,178.45,172.65,177.05,177.15,175.99,3639137,6.40E+13,30191,948789,0.2607
4/17/15,177.15,176.65,178.5,173.3,178.2,177.6,176.47,4959230,8.75E+13,47250,1905772,0.3843
4/20/15,177.6,177.5,182.9,177.1,179.45,179.5,180.07,4825832,8.69E+13,32203,1346619,0.279
4/21/15,179.5,177.05,180.9,174.55,180.15,180.15,178.76,3869287,6.92E+13,31528,972455,0.2513
4/22/15,180.15,180.7,181.5,177.1,179.65,179.85,179.59,4312011,7.74E+13,26271,1309910,0.3038
4/23/15,179.85,181,181.85,177.25,179.6,179.45,179.52,2881464,5.17E+13,17648,925177,0.3211
4/24/15,179.45,179.05,179.8,172.65,173.5,174.15,175.36,3767395,6.61E+13,29021,1634798,0.4339
4/27/15,174.15,173.3,173.9,168.3,171,170.85,170.97,3785253,6.47E+13,25105,1122836,0.2966
4/28/15,170.85,170,174.7,168.55,173.45,173.45,172.47,3662553,6.32E+13,26992,1247483,0.3406
4/29/15,173.45,173.2,174.8,170.8,171.4,171.85,173.18,2612681,4.52E+13,15388,1040018,0.3981
4/30/15,171.85,171,171.45,167.4,168.6,169,169.18,7842228,1.33E+14,32889,3925868,0.5006
5/4/15,169,170,171.8,169,170.95,170.7,170.58,3008312,5.13E+13,36212,1185338,0.394
5/5/15,170.7,170.6,172.65,169.1,169.75,170,170.7,2534193,4.33E+13,22129,810123,0.3197
5/6/15,170,169.4,169.8,160.6,161.3,162.15,164.11,5258349,8.63E+13,48909,2533867,0.4819
5/7/15,162.15,161.4,161.5,151.15,153.35,153.45,156.19,4557160,7.12E+13,46797,1555859,0.3414
5/8/15,153.45,155.05,156.2,142.7,145.4,145.1,147.98,10251402,1.52E+14,83869,4778876,0.4662
5/11/15,145.1,146.1,171,143.8,169.5,169.7,162.12,41425174,6.72E+14,260940,4260720,0.1029
5/12/15,169.7,166.7,166.7,157,157,158.4,160.67,14873892,2.39E+14,98169,1959672,0.1318
5/13/15,158.4,158.7,164.2,156.15,161.9,162.45,161.15,10010370,1.61E+14,65138,1788545,0.1787
5/14/15,162.45,161.9,165.35,158.5,165.25,164.55,162.82,5794416,9.43E+13,49197,786017,0.1357
5/15/15,164.55,164.6,166.85,159.5,160.35,160.15,162.4,5242230,8.51E+13,43530,1542114,0.2942
5/18/15,160.15,161.2,163,158.35,162.8,162,160.81,4664516,7.50E+13,32741,1494143,0.3203
5/19/15,162,162.4,163.5,159.5,160.35,160.65,161.9,5172399,8.37E+13,28164,2404465,0.4649
5/20/15,160.65,161.35,162.65,159.1,159.5,159.75,160.29,6020396,9.65E+13,33305,3382874,0.5619
5/21/15,159.75,160,160.95,154.4,156.6,156.55,156.41,9769684,1.53E+14,41204,6103402,0.6247
5/22/15,156.55,157.2,161.7,154.1,154.8,155.4,158.91,10826845,1.72E+14,60270,4527820,0.4182
5/25/15,155.4,154.7,160.35,153.7,158,157.8,158.63,7072782,1.12E+14,39737,2729521,0.3859
5/26/15,157.8,157.8,159.95,156.65,159.45,159.45,158.74,4424001,7.02E+13,25470,1879571,0.4249
5/27/15,159.45,158,162.45,157.5,161,161.15,161.24,5157528,8.32E+13,29421,2037585,0.3951
5/28/15,161.15,162,162.8,159.3,160.25,160.1,160.47,6754062,1.08E+14,29115,3246585,0.4807
5/29/15,160.1,161.05,163.4,160.2,162.75,162.6,162.37,3062331,4.97E+13,18682,849162,0.2773
6/1/15,162.6,162.95,165.5,162.8,165.4,165.2,164.75,2676738,4.41E+13,18267,1280369,0.4783
6/2/15,165.2,165,165.4,158.1,161.15,160.4,161.39,6924607,1.12E+14,38200,2615533,0.3777
6/3/15,160.4,160.4,162.1,157.6,162,161.25,160.22,4401831,7.05E+13,29356,1587533,0.3607
6/4/15,161.25,161.5,164.15,158.85,161.85,161.7,161.7,4143649,6.70E+13,23749,1265440,0.3054
6/5/15,161.7,160.75,164,158.35,159.2,160.25,162.14,3279486,5.32E+13,19874,1391969,0.4244
6/8/15,160.25,160.6,160.6,153.25,154.5,155.8,155.86,3945209,6.15E+13,29074,1462586,0.3707
6/9/15,155.8,154.15,157.5,151.7,153.5,153.15,153.74,3763411,5.79E+13,24128,1464445,0.3891
6/10/15,153.15,153.85,156.2,151.75,153.8,152.95,154.17,2524002,3.89E+13,17578,814787,0.3228
6/11/15,152.95,155,155.5,147.2,147.4,148.5,150.35,5764683,8.67E+13,34039,2622699,0.455
6/12/15,148.5,148,148.9,145,146.7,146.95,146.79,5128967,7.53E+13,38672,1803752,0.3517
6/15/15,146.95,146,146.3,142.5,143.2,143,144.34,4038893,5.83E+13,45357,1590232,0.3937
6/16/15,143,140.25,142.7,139.3,142.7,142,141.36,3402715,4.81E+13,25983,803334,0.2361
6/17/15,142,143.5,143.85,139.65,140.2,140.65,141.4,4270636,6.04E+13,44099,1515872,0.355
6/18/15,140.65,141,142.3,138,139,138.65,140.21,6503800,9.12E+13,57923,2774632,0.4266
6/19/15,138.65,140,142.65,138.6,142.3,142.1,140.75,7842982,1.10E+14,67161,3535728,0.4508
6/22/15,142.1,142.95,148.35,142.85,146.5,146.4,146.28,8289651,1.21E+14,71767,3097869,0.3737
6/23/15,146.4,148.1,152.5,147.5,150.5,150.3,150.1,7716684,1.16E+14,56741,2064267,0.2675
6/24/15,150.3,150.5,151,145.05,145.25,145.9,147.81,5367111,7.93E+13,35531,2161547,0.4027
6/25/15,145.9,145.05,146.55,142.9,145.3,145,144.59,9470741,1.37E+14,52953,4214827,0.445
6/26/15,145,145,146.15,142,144.5,144.55,143.98,3873668,5.58E+13,23800,934054,0.2411
6/29/15,144.55,140.15,144.9,137.15,144.5,144.1,141.43,7374943,1.04E+14,38992,3365009,0.4563
6/30/15,144.1,143.15,145.75,143.15,144.15,144.15,144.19,4426223,6.38E+13,24356,1777449,0.4016
7/1/15,144.15,144.65,151.7,144.05,150.25,150.3,149.07,7157760,1.07E+14,49208,2453847,0.3428
7/2/15,150.3,151,152.3,149,150,150,150.44,3767294,5.67E+13,22245,1152818,0.306
7/3/15,150,150,151.55,149.1,151.2,150.8,150.31,2752843,4.14E+13,19981,756272,0.2747
7/6/15,150.8,148,153.9,147,152.85,153.15,151.15,3643339,5.51E+13,24681,703438,0.1931
7/7/15,153.15,153.15,156.75,152.2,154,153.65,154.55,3734468,5.77E+13,24214,905530,0.2425
7/8/15,153.65,151.9,153.5,148.6,151.25,151.35,150.94,3619661,5.46E+13,21632,815909,0.2254
7/9/15,151.35,152.05,155,151.05,153,152.95,153.26,3722985,5.71E+13,21618,1087236,0.292
7/10/15,152.95,154.75,156.9,153.9,156,156.45,155.65,4029043,6.27E+13,34878,1323107,0.3284
7/13/15,156.45,157.55,157.9,155.15,156.25,156.35,156.59,2298645,3.60E+13,21825,461483,0.2008
7/14/15,156.35,156.35,158.1,155.1,155.1,155.8,156.65,2326359,3.64E+13,16630,409945,0.1762
7/15/15,155.8,155.55,157.5,153.3,156.75,156.4,155.81,3132522,4.88E+13,15959,1272905,0.4064
7/16/15,156.4,157.5,157.5,154.5,155.55,155.55,155.8,3668575,5.72E+13,22331,1373476,0.3744
7/17/15,155.55,156,157.35,155.3,156,156.25,156.39,1876316,2.93E+13,13325,332383,0.1771
7/20/15,156.25,156,157.35,151.5,152.75,152.95,153.54,1947949,2.99E+13,14791,414791,0.2129
7/21/15,152.95,152.15,153.85,150.3,150.85,150.7,151.98,1944809,2.96E+13,13585,400356,0.2059
7/22/15,150.7,149.2,153.4,148,152.6,152.7,151.47,2328858,3.53E+13,18581,693873,0.2979
7/23/15,152.7,153,154.35,151.85,152.5,152.75,153.02,1951047,2.99E+13,13301,394286,0.2021
7/24/15,152.75,154,157.8,153.5,154.75,155.75,156.18,5482823,8.56E+13,40759,2414755,0.4404
7/27/15,155.75,154.4,155.15,151.6,152.65,152.3,152.88,4409981,6.74E+13,39758,2653126,0.6016
7/28/15,152.3,152.65,156.95,150.8,154.65,153.85,153.63,7724877,1.19E+14,37564,3623083,0.469
7/29/15,153.85,154.25,154.75,151.25,153.2,153.2,152.86,2710677,4.14E+13,16326,1167548,0.4307
7/30/15,153.2,154.1,170,153.45,167.4,168.6,163.04,32688630,5.33E+14,165426,8760700,0.268
7/31/15,168.6,169,179.4,166,179.4,177.5,173.95,17527120,3.05E+14,89581,6879276,0.3925
8/3/15,177.5,178.9,190,178.05,184.8,184.85,186.54,13017224,2.43E+14,101882,4170747,0.3204
8/4/15,184.85,185,192.85,181.7,191.7,191.05,187.59,18672290,3.50E+14,125583,6326348,0.3388
8/5/15,191.05,191,192.35,186.15,188.45,189,189.69,12794678,2.43E+14,73970,5578711,0.436
8/6/15,189,187.35,191.25,185.15,188.7,189.4,188.88,9259306,1.75E+14,66291,3741580,0.4041
8/7/15,189.4,188,188.7,183.65,185.65,185,185.84,6318145,1.17E+14,62519,2594240,0.4106
8/10/15,185,184,186.7,180.5,181.8,182.1,184.69,5175357,9.56E+13,31671,2596287,0.5017
8/11/15,182.1,182.9,184.7,175.65,178.15,178.05,180.29,6721139,1.21E+14,48226,2619516,0.3897
8/12/15,178.05,177,182.6,175.35,176.15,176.05,178.6,5013717,8.95E+13,38246,959922,0.1915
8/13/15,176.05,177.8,183,175.5,177.8,176.75,178,6253658,1.11E+14,34226,2352887,0.3762
8/14/15,176.75,178.6,186.15,175.75,184.4,184.4,183.29,14076858,2.58E+14,65712,8133645,0.5778
8/17/15,184.4,196,215.9,196,212.05,212.8,208.04,45185457,9.40E+14,217098,19159654,0.424
8/18/15,212.8,213.4,216.3,208.55,212.6,212.9,212.19,17259800,3.66E+14,108765,3631939,0.2104
8/19/15,212.9,211,211.4,205.35,209,208.75,208.51,10787146,2.25E+14,67884,3673686,0.3406
8/20/15,208.75,205,210.4,194.65,202,201.1,202.34,15568519,3.15E+14,77171,4349718,0.2794
8/21/15,201.1,189,201.4,187.9,198.75,199.65,196.67,13854388,2.72E+14,73820,4595304,0.3317
8/24/15,199.65,185,193.2,175.4,182.95,182.6,186.48,15311574,2.86E+14,108342,4985682,0.3256
8/25/15,182.6,189,189,172.45,183.5,182.65,182.17,14500509,2.64E+14,96931,4211633,0.2904
8/26/15,182.65,182.35,182.5,175.85,177,177.2,178.81,11710116,2.09E+14,73383,5202287,0.4443
8/27/15,177.2,182.1,188.6,179.55,188,187.8,184.23,19433047,3.58E+14,97746,10035590,0.5164
8/28/15,187.8,191,192.45,181,185.1,185.2,187.26,8276935,1.55E+14,55252,1788706,0.2161
8/31/15,185.2,184.2,189.8,183,184.05,184.75,185.98,7867199,1.46E+14,52869,2156503,0.2741
9/1/15,184.75,181.25,183.15,170.65,172.65,172.5,176.19,8528703,1.50E+14,60313,2657918,0.3116
9/2/15,172.5,175.95,175.95,166.55,170.95,169.5,170.68,11324084,1.93E+14,75424,3350487,0.2959
9/3/15,169.5,172.6,178.5,169.5,176.35,175.6,174.15,7011767,1.22E+14,74624,1471631,0.2099
9/4/15,175.6,174.95,175.45,164.85,175,174.25,169.87,10417204,1.77E+14,87060,2626172,0.2521
9/7/15,174.25,175.8,180,168.7,169.05,169.8,174.41,7452057,1.30E+14,60621,1279883,0.1717
9/8/15,169.8,171.95,180.7,169.45,177.95,177.7,176.36,8651934,1.53E+14,65609,1502223,0.1736
9/9/15,177.7,182,182.4,176.8,180,180.6,180.19,8900397,1.60E+14,56859,2181147,0.2451
9/10/15,180.6,175.6,180.9,173.05,180.9,178.95,176.13,7766785,1.37E+14,59869,1733215,0.2232
9/11/15,178.95,181.25,185,179.2,179.9,181.3,181.95,9750849,1.77E+14,63700,2055695,0.2108
9/14/15,181.3,182,187.2,181,186.5,186.55,184.13,5640654,1.04E+14,38337,1170403,0.2075
9/15/15,186.55,185,187.25,180.75,181.6,181.85,183.62,5703930,1.05E+14,39592,1375613,0.2412
9/16/15,181.85,184,184.35,179.9,183,182.55,182.5,6249396,1.14E+14,39004,1783091,0.2853
9/18/15,182.55,185,192.25,184,189.75,190.3,189.73,13898028,2.64E+14,76396,6207816,0.4467
9/21/15,190.3,186.5,192.8,186.2,192.4,192.1,190.63,6864603,1.31E+14,43651,1290065,0.1879
9/22/15,192.1,193.55,196.25,185.1,186.1,186.85,191.35,11012950,2.11E+14,60473,4110237,0.3732
9/23/15,186.85,183.1,190.25,182.45,189,188.25,187.13,6385928,1.20E+14,41436,1199778,0.1879
9/24/15,188.25,188,190.3,185.3,186.5,186.4,187.03,8759263,1.64E+14,38847,4586429,0.5236
9/28/15,186.4,187.9,188.75,183,183.75,183.55,186.08,5200941,9.68E+13,33062,1521128,0.2925
9/29/15,183.55,181,189,178.85,187,187.25,185.5,14290387,2.65E+14,76958,3408576,0.2385
9/30/15,187.25,188.9,189.4,181.55,183.3,183.2,184.41,7035780,1.30E+14,42736,2355229,0.3348
10/1/15,183.2,185.25,185.7,180.5,181.2,181.1,182.48,5232804,9.55E+13,35499,1683771,0.3218
10/5/15,181.1,183,187.2,182.5,186.9,186.4,185.14,5748005,1.06E+14,31812,2036432,0.3543
10/6/15,186.4,187,187,182.2,184,184.35,183.96,6403546,1.18E+14,37323,1596046,0.2492
10/7/15,184.35,184.2,187,183.55,187,186.35,185.74,4487908,8.34E+13,24497,1410569,0.3143
10/8/15,186.35,186.5,191,184.2,185.7,185.9,187.16,7127441,1.33E+14,45332,1893072,0.2656
10/9/15,185.9,187.6,188.7,181.3,181.7,182.1,184.36,5322131,9.81E+13,36677,1563527,0.2938
10/12/15,182.1,172.5,179.65,169.3,176,176.8,174.9,17641320,3.09E+14,111224,3356809,0.1903
10/13/15,176.8,175.1,178.4,174.2,176.2,176,176.09,6465322,1.14E+14,42065,2054381,0.3178
10/14/15,176,174,176.5,173,173.65,173.5,174.46,5063842,8.83E+13,34313,1816008,0.3586
10/15/15,173.5,174.9,180.4,174.2,180,179.9,178.05,7941255,1.41E+14,53167,3788129,0.477
10/16/15,179.9,179.7,179.8,175.1,178,177.7,177.2,6019726,1.07E+14,41113,2809234,0.4667
10/19/15,177.7,177.5,178.85,174.4,175.45,175.55,175.55,3959212,6.95E+13,33143,1866496,0.4714
10/20/15,175.55,176,178.6,175.1,176.6,176.25,177.02,4977877,8.81E+13,45806,2314020,0.4649
10/21/15,176.25,176.45,177.4,171.6,174.3,174.75,174.7,4780005,8.35E+13,45618,1964062,0.4109
10/23/15,174.75,176.1,176.7,172.5,172.65,173.1,174.42,4429520,7.73E+13,26855,1791756,0.4045
10/26/15,173.1,173.7,174.9,171.05,172.1,172.05,172.87,2655746,4.59E+13,21348,369761,0.1392
10/27/15,172.05,172.2,172.85,167.95,168.4,168.35,169.53,4659114,7.90E+13,35395,1917062,0.4115
10/28/15,168.35,166.8,167,161.5,164.5,164.05,164.51,8360171,1.38E+14,69156,3861883,0.4619
10/29/15,164.05,164.2,165.7,161.8,162.5,162.45,163.32,6729964,1.10E+14,36331,3148047,0.4678
10/30/15,162.45,162.1,164.8,159.55,160.05,160.2,161.76,3329357,5.39E+13,23340,1306838,0.3925
11/2/15,160.2,161,162.75,156.6,162.2,161.85,159.76,4087869,6.53E+13,32998,1073012,0.2625
11/3/15,161.85,163.2,164.3,161.25,161.55,161.95,162.56,2575203,4.19E+13,15624,1117308,0.4339
11/4/15,161.95,164,165.4,162.25,163.3,163.45,163.67,2924240,4.79E+13,23833,887275,0.3034
11/5/15,163.45,163,163.4,158.5,158.6,159.4,160.71,3577012,5.75E+13,36065,1556717,0.4352
11/6/15,159.4,158.5,169.2,140.1,168.65,167.05,157.85,41221671,6.51E+14,196792,9253469,0.2245
11/9/15,167.05,162.55,172.5,161.7,172.4,171.45,169.31,13759006,2.33E+14,72749,2973172,0.2161
11/10/15,171.45,169.4,173.9,167.85,173.75,172.95,171.71,9643929,1.66E+14,51341,3120250,0.3235
11/11/15,172.95,174.9,175,173.25,173.85,173.75,173.83,602834,1.05E+13,5878,125009,0.2074
11/13/15,173.75,172,175.35,169.5,175.15,174.2,172.5,4232178,7.30E+13,26386,1126836,0.2663
11/16/15,174.2,173.9,177.2,173.4,176.35,176.45,175.55,3956693,6.95E+13,31902,970916,0.2454
11/17/15,176.45,177,177.4,172.65,173.05,173.25,174.09,5854943,1.02E+14,36515,2545377,0.4347
11/18/15,173.25,172.75,173.2,167.6,168,168.35,170.51,3802980,6.48E+13,26065,1053271,0.277
11/19/15,168.35,170.05,170.05,166.7,168,168.1,168.06,3106543,5.22E+13,19682,578957,0.1864
11/20/15,168.1,168,173.2,166,171.95,171.9,170.99,6658634,1.14E+14,35853,2071555,0.3111
11/23/15,171.9,172.1,172.75,168.4,169.55,169.35,169.81,2844474,4.83E+13,21613,657045,0.231
11/24/15,169.35,169,171.15,167.85,168.4,168.2,169.12,2584252,4.37E+13,16318,704837,0.2727
11/26/15,168.2,169.4,172,167.2,171.7,170.05,169.06,4062210,6.87E+13,23532,1904054,0.4687
11/27/15,170.05,171.7,180.25,170.7,179.3,179.6,177.01,8015865,1.42E+14,48004,1419860,0.1771
11/30/15,179.6,179.4,182.5,178.7,179.2,179.9,181.17,6179392,1.12E+14,41649,2464555,0.3988
12/1/15,179.9,179.9,180.8,176.3,177.65,177.55,178.33,3179826,5.67E+13,26683,379211,0.1193
12/2/15,177.55,177.55,179.05,173.3,173.7,173.8,174.87,2806938,4.91E+13,17142,581553,0.2072
12/3/15,173.8,170.8,173.2,170.8,170.8,171.25,171.88,3707538,6.37E+13,24305,1137440,0.3068
12/4/15,171.25,170,170,165.55,167.7,166.9,167.39,5677342,9.50E+13,37227,2540650,0.4475
12/7/15,166.9,168.15,170,165.05,166,165.7,166.44,4471391,7.44E+13,36259,2203109,0.4927
12/8/15,165.7,165.1,167.25,160.85,161.25,161.7,163.74,3682593,6.03E+13,25656,1369300,0.3718
12/9/15,161.7,161.05,163.8,159.5,160.6,160.25,161.36,4114264,6.64E+13,38619,1493349,0.363
12/10/15,160.25,161.3,162,156.3,159.9,159.35,158.85,4601250,7.31E+13,35268,1589923,0.3455
12/11/15,159.35,160.3,161.3,150.45,155.7,155.25,156.14,9216363,1.44E+14,65998,3680984,0.3994
12/14/15,155.25,154,158.7,153.3,156.95,156.8,156.58,4516807,7.07E+13,30422,916940,0.203
12/15/15,156.8,157,159.2,155,158,158.35,157.28,4845016,7.62E+13,43039,1864719,0.3849
12/16/15,158.35,159.9,161.8,157.25,159.5,159.8,159.1,6871448,1.09E+14,41112,3000541,0.4367
12/17/15,159.8,161,163.4,158.6,160.15,159.95,160.52,5294926,8.50E+13,38346,1727745,0.3263
12/18/15,159.95,159.75,162.8,158.3,158.5,159,160.46,4846330,7.78E+13,37515,1156714,0.2387
12/21/15,159,159.25,160.4,157.5,159.65,159.45,159.25,3892072,6.20E+13,40692,1353303,0.3477
12/22/15,159.45,159.55,161.4,156.55,157.25,157.1,159.09,2873560,4.57E+13,20033,761619,0.265
12/23/15,157.1,158.6,159,157.5,158.7,158.55,158.4,2806684,4.45E+13,15184,1125896,0.4011
12/24/15,158.55,158.6,159.75,157.4,158.5,158.3,158.4,1732360,2.74E+13,12147,278725,0.1609
12/28/15,158.3,159.25,159.95,158.4,159.25,158.95,159.2,1555520,2.48E+13,14716,416316,0.2676
12/29/15,158.95,159.4,159.5,157.1,158.2,157.85,158.11,2538151,4.01E+13,17074,970062,0.3822
12/30/15,157.85,158.9,159.4,155.3,156.2,156.1,156.99,3585872,5.63E+13,19643,1342170,0.3743
12/31/15,156.1,156.1,159,154,156.35,156.65,156.08,8896436,1.39E+14,38027,5522694,0.6208
1/1/16,156.65,157.2,159.9,156,158.75,159.05,157.97,2465469,3.89E+13,14807,522606,0.212
1/4/16,159.05,158.1,158.8,150.5,151.55,151.2,153.03,5466902,8.37E+13,40961,2020119,0.3695
1/5/16,151.2,152.7,152.7,146.3,148.3,148.1,147.96,7745858,1.15E+14,56445,2795208,0.3609
1/6/16,148.1,148,150.95,146.6,148.75,148.7,148.65,4243727,6.31E+13,34919,762595,0.1797
1/7/16,148.7,147,147,138.8,139,139.5,141.74,7983007,1.13E+14,49662,3554437,0.4453
1/8/16,139.5,140.95,143.45,139.35,140.6,140.45,140.71,3860880,5.43E+13,25376,1351600,0.3501
1/11/16,140.45,138,140.2,134.55,139.05,139.1,137.83,7042655,9.71E+13,36949,2797257,0.3972
1/12/16,139.1,138.55,140.4,133.7,134.7,134.5,136.71,5896447,8.06E+13,32930,2410857,0.4089
1/13/16,134.5,136.2,137.4,127.5,132,132.1,131.62,8377553,1.10E+14,42653,2305231,0.2752
1/14/16,132.1,129.8,131.85,126.25,129.95,130.9,129.85,7253954,9.42E+13,37465,2767894,0.3816
1/15/16,130.9,130.95,133,124.6,125.8,126.15,129.25,6218125,8.04E+13,35853,1667774,0.2682
1/18/16,126.15,127,131.5,124.45,125.2,125.7,127.95,12717221,1.63E+14,66072,4835815,0.3803
1/19/16,125.7,127.55,129.2,124.25,125.25,125.15,126.8,6853383,8.69E+13,34228,1981943,0.2892
1/20/16,125.15,122.8,123,118.05,121.35,121.15,120.74,7500382,9.06E+13,38184,2487623,0.3317
1/21/16,121.15,123.55,126.5,121.1,124.05,124.25,123.62,6580088,8.13E+13,31235,1477706,0.2246
1/22/16,124.25,126.3,131.6,126.25,129.95,130.2,129.58,6659077,8.63E+13,45391,1495940,0.2246
1/25/16,130.2,132.4,133.15,128.5,129.35,129.5,130.16,5082968,6.62E+13,26290,1582785,0.3114
1/27/16,129.5,128.7,131.4,125.35,129.7,130,128.77,8078468,1.04E+14,49147,1620600,0.2006
1/28/16,130,129.9,132.7,128.35,130,130.15,130.44,6109040,7.97E+13,29822,2070513,0.3389
1/29/16,130.15,128.8,130.7,122.65,124.7,125.4,125.39,11988921,1.50E+14,59673,3706377,0.3092
2/1/16,125.4,125.25,126.85,121.1,122.4,122.2,123.39,5631241,6.95E+13,31389,1287542,0.2286
2/2/16,122.2,122.55,127.85,120.1,120.85,120.95,123.74,9944852,1.23E+14,51952,1364070,0.1372
2/3/16,120.95,119.4,122.6,116.3,121.2,120.55,119.43,6876418,8.21E+13,37635,1272107,0.185
2/4/16,120.55,123,124.7,120.85,123.4,122.8,123.1,5957948,7.33E+13,29646,1072207,0.18
2/5/16,122.8,123.4,128.05,121.65,128,126.95,125.14,5380861,6.73E+13,32157,1449672,0.2694
2/8/16,126.95,127.9,134.7,127.1,130.15,130.65,131.79,9374447,1.24E+14,50062,2270636,0.2422
2/9/16,130.65,128,131.55,123.55,124.6,124.3,128.38,8476433,1.09E+14,47149,2446230,0.2886
2/10/16,124.3,124,124,115.6,116.9,116.9,117.98,11189664,1.32E+14,53791,3722768,0.3327
2/11/16,116.9,115.6,121.6,112.65,115.8,115.95,117.67,17088692,2.01E+14,68219,5897788,0.3451
2/12/16,115.95,117,117.4,109.35,114.15,113.7,112.83,7472380,8.43E+13,42051,1377200,0.1843
2/15/16,113.7,118.5,142.1,118.5,140.05,139.35,134.89,55792562,7.53E+14,273277,11825806,0.212
2/16/16,139.35,140.75,140.75,129.7,131.05,130.85,134.17,27278731,3.66E+14,142438,3114571,0.1142
2/17/16,130.85,131.2,140.45,126.3,140,138.3,132.77,27514647,3.65E+14,121921,3447771,0.1253
2/18/16,138.3,141.7,146.25,135.4,138,138.85,140.84,21839968,3.08E+14,114977,3687944,0.1689
2/19/16,138.85,136.75,141.85,136.5,139.7,139.65,139.42,11146103,1.55E+14,56923,1102910,0.099
2/22/16,139.65,140,141.5,136.65,139.85,139.25,139.03,8496547,1.18E+14,44162,1477531,0.1739
2/23/16,139.25,139,139.25,132.35,132.55,132.95,135.37,8612499,1.17E+14,46040,1581098,0.1836
2/24/16,132.95,130.75,136.25,130.05,134.6,133.7,133.29,11020492,1.47E+14,49675,1390430,0.1262
2/25/16,133.7,135.35,135.85,129.25,129.95,130.1,131.79,14421310,1.90E+14,50418,5360081,0.3717
2/26/16,130.1,133.75,134.25,126.7,132.8,132.75,131.32,15314340,2.01E+14,73465,2997539,0.1957
2/29/16,132.75,133.25,139.2,127.1,132.25,131.9,134.18,26064200,3.50E+14,133031,3959736,0.1519
3/1/16,131.9,134.35,136.8,133,136.6,136.05,135.04,13674360,1.85E+14,61850,3828312,0.28
3/2/16,136.05,144.5,152.1,143.1,144.8,145.25,147.55,30497349,4.50E+14,155364,11547744,0.3786
3/3/16,145.25,147.4,147.4,141.2,146.2,145.4,144.02,11598899,1.67E+14,63690,2758990,0.2379
3/4/16,145.4,146,150.5,143.6,149.05,148.9,147.64,14291897,2.11E+14,78834,2499577,0.1749
3/8/16,148.9,143.9,147.45,140.6,142.25,141.9,143.89,14941466,2.15E+14,94496,3891455,0.2604
3/9/16,141.9,140,143.4,139.55,142.65,143.05,141.84,18609517,2.64E+14,67758,7878959,0.4234
3/10/16,143.05,144,144.3,138.3,139.5,139.2,140.25,9988261,1.40E+14,53081,1779675,0.1782
3/11/16,139.2,139,142.2,137.5,141.55,140.7,139.68,7604612,1.06E+14,49545,1069874,0.1407
3/14/16,140.7,142.9,143.2,140.4,140.75,140.95,141.53,6054502,8.57E+13,42387,1675825,0.2768
3/15/16,140.95,142,144,140.8,143.5,143.2,142.38,6643370,9.46E+13,39793,1451904,0.2185
3/16/16,143.2,145,146.4,141.2,142.9,142.95,143.26,13741870,1.97E+14,71422,5096411,0.3709
3/17/16,142.95,146,146.7,141,141.9,142.25,144.53,10441787,1.51E+14,62546,3477126,0.333
3/18/16,142.25,143.45,144.5,141.75,144.3,144.1,143.29,6685144,9.58E+13,35860,1850514,0.2768
3/21/16,144.1,145.65,147.8,144.7,147.2,147.4,146.45,7220368,1.06E+14,44091,1904416,0.2638
3/22/16,147.4,147.65,147.8,144.7,146.1,146.5,146.12,4904756,7.17E+13,34066,1021037,0.2082
3/23/16,146.5,145.25,145.75,142.85,144.15,144,144.13,6452849,9.30E+13,36243,2462411,0.3816
3/28/16,144,145,145,137.2,140,138.75,140.64,8134726,1.14E+14,29707,3318656,0.408
3/29/16,138.75,138.35,141.45,137.7,140.8,140.35,140.17,5583334,7.83E+13,27878,1434934,0.257
3/30/16,140.35,142,148.75,140.8,146,147.05,145,9150953,1.33E+14,43983,2969038,0.3245
3/31/16,147.05,147,149.4,145.25,147,147,147.24,14300509,2.11E+14,68187,6992112,0.4889
4/1/16,147,145.7,153.5,145.35,152.85,152.8,150.82,12808561,1.93E+14,64893,2644143,0.2064
4/4/16,152.8,154,154.15,149.65,151.3,151.45,151.73,6201546,9.41E+13,28219,1263605,0.2038
4/5/16,151.45,150.9,152.3,143.6,143.65,144.35,147.67,13262487,1.96E+14,72393,2420609,0.1825
4/6/16,144.35,144.4,144.9,141.6,144,143.35,143.4,5995156,8.60E+13,35564,1318471,0.2199
4/7/16,143.35,143.45,146.4,142.15,143,143.4,144.39,5841269,8.43E+13,28604,966936,0.1655
4/8/16,143.4,143,144.1,141.75,143.2,143.1,143.16,4019160,5.75E+13,26026,1068359,0.2658
4/11/16,143.1,143.1,150.1,143.1,149.5,149.35,146.43,7123348,1.04E+14,37690,2227502,0.3127
4/12/16,149.35,149.7,150.85,148,149.75,149.2,149.5,5850618,8.75E+13,33273,1403821,0.2399
4/13/16,149.2,151.85,153.9,151.3,152.1,152.45,152.27,8681520,1.32E+14,41823,3718387,0.4283
4/18/16,152.45,151.1,151.9,146.9,147.6,148.1,148.57,5736322,8.52E+13,53325,1737504,0.3029
4/20/16,148.1,148.55,153.7,146.5,153.3,152.65,150.11,8066467,1.21E+14,39777,2312284,0.2867
4/21/16,152.65,155,162.3,154.6,157.2,157.75,159.71,18110602,2.89E+14,105630,6404041,0.3536
4/22/16,157.75,156.85,163.9,155.4,162.35,161.95,160.55,13127744,2.11E+14,62467,3613907,0.2753
4/25/16,161.95,162.25,162.45,156.55,158.55,157.85,159.38,7200751,1.15E+14,39601,1855228,0.2576
4/26/16,157.85,157.45,162.15,156.25,161.7,161.7,160.01,8570064,1.37E+14,43661,2764728,0.3226
4/27/16,161.7,161.7,163.35,159.8,161,161.05,161.47,5587291,9.02E+13,28478,1243176,0.2225
4/28/16,161.05,160.4,163.3,159.2,160.5,160.55,161.14,10995521,1.77E+14,46401,4793856,0.436
4/29/16,160.55,160.6,162.6,152.85,157.5,157.9,158.74,7904145,1.25E+14,38142,1851725,0.2343
5/2/16,157.9,157.8,158.5,155.1,155.75,155.5,155.97,4710508,7.35E+13,30235,1678998,0.3564
5/3/16,155.5,156.25,159.4,152.1,153,152.9,155.79,6028875,9.39E+13,33465,986069,0.1636
5/4/16,152.9,152.55,154.6,148,148.95,148.65,151.22,8544044,1.29E+14,42499,3328985,0.3896
5/5/16,148.65,149.95,150.95,146.8,149.75,148.7,149.13,7567623,1.13E+14,32367,2588972,0.3421
5/6/16,148.7,148.7,152.5,148.55,150.6,150.6,151.05,6562718,9.91E+13,34721,1383548,0.2108
5/9/16,150.6,152,156.4,150.8,155.4,155.15,154.15,6471976,9.98E+13,32016,1638828,0.2532
5/10/16,155.15,155,158.25,152.4,157.25,157.4,155.46,6802037,1.06E+14,36475,1258034,0.1849
5/11/16,157.4,154.45,158.15,152.8,156.8,156.85,156.34,7745485,1.21E+14,34552,1791639,0.2313
5/12/16,156.85,159.75,160.15,155.2,158.1,157.65,157.45,8079241,1.27E+14,43954,2284242,0.2827
5/13/16,157.65,157.5,157.5,154.1,155.1,155.1,155.38,10556586,1.64E+14,47142,2624479,0.2486
5/16/16,155.1,150,150,139.75,142.05,142.3,143.46,37212369,5.34E+14,210250,8541497,0.2295
5/17/16,142.3,143.3,144.65,139.7,141.65,141.9,141.89,15796818,2.24E+14,114854,3636649,0.2302
5/18/16,141.9,140,143.6,140,142.4,142.4,142.05,9622998,1.37E+14,68471,2297390,0.2387
5/19/16,142.4,142,142,136.2,137.05,137.2,139.35,10018968,1.40E+14,61561,4013788,0.4006
5/20/16,137.2,136.85,138.7,134.5,135,135.05,136.5,8781855,1.20E+14,66612,2831602,0.3224
5/23/16,135.05,135.8,136.4,131.3,132,131.8,133.43,11239891,1.50E+14,74583,6179461,0.5498
5/24/16,131.8,131.25,131.9,128.25,129.95,129.8,129.82,9149939,1.19E+14,64724,4341725,0.4745
5/25/16,129.8,131.85,134.2,130.5,132.9,133.2,132.44,9150800,1.21E+14,63724,4043240,0.4418
5/26/16,133.2,133.55,136.35,132.5,135,134.85,134.88,15954717,2.15E+14,81843,6211497,0.3893
5/27/16,134.85,135.9,140.8,134.4,140.2,138.6,136.82,8704250,1.19E+14,66913,2772316,0.3185
5/30/16,138.6,141,141.4,136.5,138,138.4,138.78,7009869,9.73E+13,37056,1420070,0.2026
5/31/16,138.4,138.7,143.45,136.8,142.3,142.8,140.07,8312141,1.16E+14,39341,1707757,0.2055
6/1/16,142.8,143.3,143.4,137.9,139.25,138.75,141.14,7562727,1.07E+14,42562,2234296,0.2954
6/2/16,138.75,138.45,142.3,137.45,141.85,141.55,140.05,6802367,9.53E+13,33616,1947357,0.2863
6/3/16,141.55,142,144.45,139.35,139.8,140.2,141.71,9742027,1.38E+14,34752,4556257,0.4677
6/6/16,140.2,140.95,144.35,140.25,143.65,143.45,142.89,8445491,1.21E+14,35505,2436629,0.2885
6/7/16,143.45,144.75,146.9,142.9,145.25,145.4,144.92,11139484,1.61E+14,57732,3070339,0.2756
6/8/16,145.4,145.95,149.4,144.25,147.75,147.95,147.6,7976187,1.18E+14,38770,1435686,0.18
6/9/16,147.95,147.9,151.65,146.65,148.7,149.05,149.6,8885275,1.33E+14,49325,1787671,0.2012
6/10/16,149.05,148.3,150.8,145.25,146.3,146.3,147.96,6775533,1.00E+14,29234,1036444,0.153
6/13/16,146.3,144.2,147.5,142.2,147.35,146.1,144.18,5251339,7.57E+13,31770,1115346,0.2124
6/14/16,146.1,148,149.5,147.2,148.6,148.8,148.45,6759764,1.00E+14,35021,1240355,0.1835
6/15/16,148.8,149.5,153.5,148.2,151.5,151.8,150.62,9172031,1.38E+14,43213,2234304,0.2436
6/16/16,151.8,151.25,153.7,148.5,151.5,151.6,151.42,12052934,1.83E+14,51245,3006799,0.2495
6/17/16,151.6,152.95,153.2,148.7,150.2,150.6,150.89,7173150,1.08E+14,31343,1617087,0.2254
6/20/16,150.6,147.85,152.6,147.5,151,151.65,151,9750645,1.47E+14,42828,3406115,0.3493
6/21/16,151.65,151.9,152.9,149.05,149.25,149.9,151.39,4510620,6.83E+13,22628,819333,0.1816
6/22/16,149.9,149.55,151.6,148.3,148.6,149.1,149.81,5702590,8.54E+13,25400,721145,0.1265
6/23/16,149.1,149.9,153.3,149.3,152.9,152.2,151.17,5687099,8.60E+13,31342,1628748,0.2864
6/24/16,152.2,144.95,147.95,140.8,146.45,147.15,144.46,14542704,2.10E+14,63042,3930087,0.2702
6/27/16,147.15,146.1,152.6,146.1,151.85,151.85,150.21,8394527,1.26E+14,38985,1299352,0.1548
6/28/16,151.85,152.45,155,150.5,154,154.4,153.63,9508488,1.46E+14,42957,1937854,0.2038
6/29/16,154.4,155,156,153.35,153.75,153.9,154.52,5909460,9.13E+13,26427,1025975,0.1736
6/30/16,153.9,155.35,155.65,153.5,154.15,153.95,154.65,6302699,9.75E+13,26685,1895806,0.3008
7/1/16,153.95,154.05,157.85,153.65,156.5,156.6,156.08,6335327,9.89E+13,36268,1350785,0.2132
7/4/16,156.6,157.95,161.75,157.5,159.8,159.8,160.03,6832317,1.09E+14,37932,1252201,0.1833
7/5/16,159.8,160.45,162.3,158.75,159.6,159.45,160.52,6254891,1.00E+14,31967,1135385,0.1815
7/7/16,159.45,160,162.15,157.45,158.15,158.15,159.99,5042083,8.07E+13,36826,994249,0.1972
7/8/16,158.15,158.15,158.9,153.6,154.6,154.75,155.22,7186476,1.12E+14,34433,2490847,0.3466
7/11/16,154.75,158.1,162.7,157.6,162.25,162.35,160.08,7970014,1.28E+14,45872,2020189,0.2535
7/12/16,162.35,163.2,165,159.4,160.5,160.75,162.16,11500989,1.87E+14,55640,3556293,0.3092
7/13/16,160.75,161.05,161.95,158.65,159.8,160.15,160.33,5978746,9.59E+13,36596,1672307,0.2797
7/14/16,160.15,159.1,166.9,159.1,163.65,163.7,164.12,13346846,2.19E+14,63070,3969911,0.2974
7/15/16,163.7,164.9,168.8,163.3,164,164.25,165.71,12821241,2.12E+14,61386,2460666,0.1919
7/18/16,164.25,165,166.55,158.2,158.6,159.05,162.96,6873621,1.12E+14,37556,1649701,0.24
7/19/16,159.05,159.5,162.5,156.5,158.25,158.3,159.31,13973022,2.23E+14,65642,3767552,0.2696
7/20/16,158.3,159,159.35,157.25,157.45,157.55,157.95,5041536,7.96E+13,28373,1694306,0.3361
7/21/16,157.55,158,158.9,151.7,151.85,152.25,154.49,8788809,1.36E+14,38277,3546292,0.4035
7/22/16,152.25,152.4,153,149.5,150.9,150.7,151.28,8584225,1.30E+14,38501,2445045,0.2848
7/25/16,150.7,150.5,157.1,148.9,156.05,155.85,154.49,8443187,1.30E+14,41428,1639642,0.1942
7/26/16,155.85,156.45,158.75,153.1,153.85,153.8,156.49,6423389,1.01E+14,31118,1642175,0.2557
7/27/16,153.8,155,156.65,153.5,154.5,154.85,154.97,4961802,7.69E+13,28155,1363527,0.2748
7/28/16,154.85,155.15,156.85,153.75,154.3,154.5,155,7885118,1.22E+14,36573,3007757,0.3814
7/29/16,154.5,154.5,155.1,151.1,151.75,151.7,153.18,4360612,6.68E+13,21153,1295450,0.2971
8/1/16,151.7,153,153.5,146,147.75,147.5,148.9,6265656,9.33E+13,36704,1708166,0.2726
8/2/16,147.5,148.6,152.4,146.3,151,151.15,149.35,9587249,1.43E+14,56230,2626518,0.274
8/3/16,151.15,150.5,154.9,148,149.1,148.85,151.58,6650715,1.01E+14,36404,1000791,0.1505
8/4/16,148.85,151,157.35,146.55,157,155.75,152.18,11938778,1.82E+14,56727,3238712,0.2713
8/5/16,155.75,157.7,159.7,156.25,156.85,157.65,158.1,8486062,1.34E+14,46314,2107879,0.2484
8/8/16,157.65,158.8,159.75,154.65,156.7,157.5,157.64,5309988,8.37E+13,25483,975654,0.1837
8/9/16,157.5,157.25,160.55,156.3,158.65,158.45,158.38,7446960,1.18E+14,32112,877375,0.1178
8/10/16,158.45,159,161.25,155.35,160.05,160.4,158.76,11504484,1.83E+14,53006,3352661,0.2914
8/11/16,160.4,153,153.15,145,145.6,145.95,148.02,38489351,5.70E+14,156074,7831473,0.2035
8/12/16,145.95,147,152.2,144.55,149.45,149.6,148.95,22293971,3.32E+14,92966,7115748,0.3192
8/16/16,149.6,150,151.4,147.1,149.4,149.55,149.14,7165689,1.07E+14,33105,1503846,0.2099
8/17/16,149.55,149.5,152.4,149.15,151.2,151.35,151.2,6673777,1.01E+14,32161,975397,0.1462
8/18/16,151.35,152.15,154.9,151.85,154.5,154.5,153.61,6548857,1.01E+14,29584,1409434,0.2152
8/19/16,154.5,155.95,162.8,155.1,160.9,161.65,159.2,14267416,2.27E+14,80168,4058920,0.2845
8/22/16,161.65,160.95,162.35,157.7,160.3,160.05,160.32,8026440,1.29E+14,35807,1027314,0.128
8/23/16,160.05,160.3,165,158.35,164.2,164.3,162.42,15115837,2.46E+14,69033,3292880,0.2178
8/24/16,164.3,164.3,165.25,162.35,163.2,163.15,163.72,6766596,1.11E+14,33014,1000406,0.1478
8/25/16,163.15,163.95,164.8,161.4,162.35,161.95,162.57,10027674,1.63E+14,47929,4986735,0.4973
8/26/16,161.95,161.75,163.2,157.6,158.5,158.3,159.83,5393070,8.62E+13,26301,668858,0.124
8/29/16,158.3,158.4,160.7,157.1,160.4,160.05,159,4125681,6.56E+13,25030,544036,0.1319
8/30/16,160.05,161,164.75,160.55,164.4,164.15,162.62,6148036,1.00E+14,32746,1239436,0.2016
8/31/16,164.15,164.5,165.7,161.9,162.15,162.95,164.32,8047620,1.32E+14,35968,2689724,0.3342
9/1/16,162.95,163.5,164.25,160.6,161.7,161.25,162.65,6466506,1.05E+14,30703,2092491,0.3236
9/2/16,161.25,161.7,166.9,161.15,166.4,166.35,164.62,8185748,1.35E+14,41360,1846608,0.2256
9/6/16,166.35,168,170.9,167.6,169.45,169.5,169.73,9021719,1.53E+14,48440,2645310,0.2932
9/7/16,169.5,171.25,177.65,170.5,175.1,174.8,174.38,16469703,2.87E+14,76772,4332468,0.2631
9/8/16,174.8,175.5,177.45,173.3,174.6,174.75,175.59,6806480,1.20E+14,32148,1502056,0.2207
9/9/16,174.75,174.6,174.85,171.25,171.95,171.95,172.71,7304893,1.26E+14,60062,2065104,0.2827
9/12/16,171.95,167.95,167.95,161.15,162.1,161.75,163.5,8733499,1.43E+14,70976,2893502,0.3313
9/14/16,161.75,162,168.7,161.75,168.55,168.3,166.49,7533651,1.25E+14,52377,1469659,0.1951
9/15/16,168.3,168.35,168.9,164.15,166.65,166.6,166.13,5395997,8.96E+13,33157,692184,0.1283
9/16/16,166.6,168.25,171.35,164.15,164.8,164.75,167.32,11408056,1.91E+14,44542,4738928,0.4154
9/19/16,164.75,166.95,167.9,165.4,166.3,166.45,166.49,3003890,5.00E+13,18420,432425,0.144
9/20/16,166.45,167.15,168.35,165.35,165.95,166.7,166.94,3272265,5.46E+13,21274,490527,0.1499
9/21/16,166.7,166.25,168.3,163.9,164,164.35,165.93,4207634,6.98E+13,26652,1347911,0.3203
9/22/16,164.35,167.1,170,166.65,169.6,169.45,168.43,5591092,9.42E+13,31480,1737621,0.3108
9/23/16,169.45,169.95,172.4,168.2,169.1,169.15,170.13,6444029,1.10E+14,33858,1322977,0.2053
9/26/16,169.15,168.5,169.4,165.5,165.65,166.35,167.51,5315511,8.90E+13,30576,1633378,0.3073
9/27/16,166.35,167.15,167.7,163.55,164.1,164,165.39,3742387,6.19E+13,23478,418795,0.1119
9/28/16,164,163.9,169.7,163.5,168.2,168.45,167.31,6284089,1.05E+14,33287,1217263,0.1937
9/29/16,168.45,169.5,170.9,159.55,162.55,161.9,164.24,11281815,1.85E+14,48378,3823382,0.3389
9/30/16,161.9,160.5,168.2,160.05,167.7,167.4,165.44,7164669,1.19E+14,46680,1607229,0.2243
10/3/16,167.4,168.1,170.6,167.75,168.7,168.9,169.12,5528006,9.35E+13,30257,1099615,0.1989
10/4/16,168.9,169.5,171.4,165.65,170.7,169.85,168.53,16698890,2.81E+14,62127,7445198,0.4458
10/5/16,169.85,172.5,173.2,168.5,168.75,169.45,171.13,11698120,2.00E+14,50871,3951544,0.3378
10/6/16,169.45,169.95,169.95,163.5,164.55,164.5,166.82,6697536,1.12E+14,30972,1663225,0.2483
10/7/16,164.5,164.7,165.7,162.6,163.5,163.85,164.32,7061560,1.16E+14,27906,2592283,0.3671
10/10/16,163.85,164.5,165.2,161.4,162.35,161.95,162.98,3950523,6.44E+13,21793,1181811,0.2992
10/13/16,161.95,161.25,161.35,151.2,154.25,154.25,155.36,12034390,1.87E+14,58718,4604696,0.3826
10/14/16,154.25,155.2,155.95,153.1,153.9,153.95,154.32,6440074,9.94E+13,30511,2060677,0.32
10/17/16,153.95,154.1,155.75,150.1,151.25,150.95,152.61,5802392,8.86E+13,28047,1127643,0.1943
10/18/16,150.95,152.45,156.25,151.5,155.8,155.7,154,5013838,7.72E+13,26434,1017277,0.2029
10/19/16,155.7,156.65,157.3,154.1,155.4,155.4,155.58,4212034,6.55E+13,21785,734902,0.1745
10/20/16,155.4,155.1,158.45,155.1,157.5,157.45,157.43,6095049,9.60E+13,46987,1659515,0.2723
10/21/16,157.45,157.9,157.9,154.6,156.4,156.1,155.73,3310337,5.16E+13,23776,602992,0.1822
10/24/16,156.1,156.4,160.4,156.4,158.2,158.4,159.28,5301519,8.44E+13,29158,1343582,0.2534
10/25/16,158.4,159,159.5,155.55,156.5,156.55,157.14,2847649,4.47E+13,22124,523028,0.1837
10/26/16,156.55,156.55,159,153.95,154.9,155.15,156.57,3620802,5.67E+13,21515,527385,0.1457
10/27/16,155.15,154.85,155.75,152.4,153.2,153.05,153.61,6337383,9.73E+13,24679,2542761,0.4012
10/28/16,153.05,153.8,156.65,153.1,156.3,156.25,155.47,4574412,7.11E+13,23651,1342428,0.2935
10/30/16,156.25,156.95,157.45,155,155.3,155.65,156.04,508949,7.94E+12,3345,224501,0.4411
11/1/16,155.65,156.6,157.35,154.05,155.3,155.3,155.52,5673444,8.82E+13,33484,2386848,0.4207
11/2/16,155.3,152.8,152.8,149.6,150,150,150.83,5224054,7.88E+13,42739,2053214,0.393
11/3/16,150,149.3,150.85,146.05,146.9,146.55,148.19,5759653,8.54E+13,37945,1358805,0.2359
11/4/16,146.55,149.15,149.15,141.3,143.05,142.55,144.05,9329011,1.34E+14,39014,3306777,0.3545
11/7/16,142.55,147,149.2,144.45,147.95,148.05,147.52,5240267,7.73E+13,32413,1109189,0.2117
11/8/16,148.05,148.2,149.7,146,148.55,148.95,147.65,3610842,5.33E+13,17527,886994,0.2456
11/9/16,148.95,137,153,135.25,152.1,151.2,145.55,13645350,1.99E+14,51540,2584267,0.1894
11/10/16,151.2,155.3,166.3,155,165.2,165,162.73,19938451,3.24E+14,95673,4467652,0.2241
11/11/16,165,164,169.9,158.6,162.35,160.5,164.27,20909685,3.43E+14,91872,4607149,0.2203
11/15/16,160.5,167.4,177.25,165.6,173.9,174.3,171.86,45412145,7.80E+14,185203,10282144,0.2264
11/16/16,174.3,177.3,178.45,168.25,173.45,173.4,173.07,19230982,3.33E+14,90517,5354465,0.2784
11/17/16,173.4,174.8,179.6,172.65,175.3,174.75,176.66,22051586,3.90E+14,92576,7792183,0.3534
11/18/16,174.75,175.9,178,172.5,177,176.95,175.92,10883549,1.91E+14,47371,2031591,0.1867
11/21/16,176.95,179.55,179.55,159.5,161.4,161.1,165.56,24330175,4.03E+14,132616,6167164,0.2535
11/22/16,161.1,163.8,165.3,159,162.65,163.2,162.3,15079667,2.45E+14,72368,3199386,0.2122
11/23/16,163.2,164.7,164.8,160.6,160.9,162.1,163.12,7304971,1.19E+14,38445,1378248,0.1887
11/24/16,162.1,160.2,168.65,158.5,166.6,167.05,165.31,17931399,2.96E+14,88392,6321552,0.3525
11/25/16,167.05,168.5,171.15,165.85,167.45,167.9,168.31,9693735,1.63E+14,51722,1276825,0.1317
11/28/16,167.9,162,164.85,161,162.7,163.05,163.03,12450961,2.03E+14,57735,2447846,0.1966
11/29/16,163.05,163,165.5,160.6,161.65,161.5,162.8,6633060,1.08E+14,31988,1180928,0.178
11/30/16,161.5,161.8,164.8,161.1,164,164.15,162.96,7519207,1.23E+14,48458,1372150,0.1825
12/1/16,164.15,164.7,165.8,160.85,161.75,161.6,162.71,5777972,9.40E+13,31233,1113523,0.1927
12/2/16,161.6,160.8,164.5,159.4,161,161.1,161.77,9787771,1.58E+14,62405,2534426,0.2589
12/5/16,161.1,161,163,160.5,162.95,162.5,161.92,4095538,6.63E+13,27967,731974,0.1787
12/6/16,162.5,163.3,164.15,161.9,162.35,162.3,163.04,4266725,6.96E+13,23662,748387,0.1754
12/7/16,162.3,163,164.6,156.6,157.1,157.5,160.9,9887410,1.59E+14,55301,3398253,0.3437
12/8/16,157.5,159.2,159.6,157.3,158.4,158.5,158.57,8724918,1.38E+14,52822,3412263,0.3911
12/9/16,158.5,159.1,162.75,157.2,162.15,162.05,160.81,10278079,1.65E+14,61142,3736994,0.3636
12/12/16,162.05,162,162,157.65,159.2,158.9,159.85,5487034,8.77E+13,38582,2023100,0.3687
12/13/16,158.9,158.5,161,156.6,160.75,160.4,158.61,5492641,8.71E+13,31951,1296143,0.236
12/14/16,160.4,161,161.05,157.85,158.1,158.35,158.87,2808098,4.46E+13,19172,573187,0.2041
12/15/16,158.35,157,161.4,156.4,160.2,159.9,159.49,4977598,7.94E+13,25239,630921,0.1268
12/16/16,159.9,160.5,162.7,158.85,159.5,159.65,160.56,5485711,8.81E+13,39531,1311597,0.2391
12/19/16,159.65,159.5,160.7,158.2,159.9,159.35,159.49,2403718,3.83E+13,16489,451170,0.1877
12/20/16,159.35,159,160.2,155,155.75,155.75,156.84,4724772,7.41E+13,28203,915562,0.1938
12/21/16,155.75,156.7,158.2,154.55,157.15,157.5,156.82,4650450,7.29E+13,28346,933970,0.2008
12/22/16,157.5,157,157,153.3,155.4,155.05,154.87,4094197,6.34E+13,22140,842106,0.2057
12/23/16,155.05,155,156.35,152.6,153.3,153,154.55,3909592,6.04E+13,21795,482676,0.1235
12/26/16,153,152,152.35,146,147.75,147.35,148.57,6151900,9.14E+13,40563,1616774,0.2628
12/27/16,147.35,147.7,151,146.1,150.85,149.9,148.11,4460849,6.61E+13,26749,836829,0.1876
12/28/16,149.9,150.25,152.65,149.1,151,150.15,150.79,6665714,1.01E+14,33114,2311035,0.3467
12/29/16,150.15,150,152.4,148.35,151.75,151.5,150.97,19597740,2.96E+14,54030,14191695,0.7241
12/30/16,151.5,151.6,153.9,151.3,153.4,153.4,152.73,6069655,9.27E+13,30088,2226228,0.3668
1/2/17,153.4,153.95,154.6,147.6,149,148.9,149.85,9644457,1.45E+14,49223,3357363,0.3481
1/3/17,148.9,149.1,150.2,146.7,148.35,148.6,148.61,10690916,1.59E+14,45901,2633729,0.2464
1/4/17,148.6,148,149.85,147.4,147.85,148,148.35,4993802,7.41E+13,29136,1408023,0.282
1/5/17,148,149.55,151.6,149.3,150.85,150.95,150.7,7807838,1.18E+14,69663,3293508,0.4218
1/6/17,150.95,151,154.6,151,153.75,153.25,153.35,8101310,1.24E+14,37009,2677694,0.3305
1/9/17,153.25,154,155,152.4,152.4,152.8,153.44,6078686,9.33E+13,28195,2089058,0.3437
1/10/17,152.8,153.5,154.15,151.25,153.3,152.95,152.55,5444632,8.31E+13,47075,2151840,0.3952
1/11/17,152.95,153.9,160.2,153.25,159.45,159.6,157.43,11384243,1.79E+14,63949,4171150,0.3664
1/12/17,159.6,160,160.65,158,158.25,158.7,159.2,5849315,9.31E+13,31662,1974706,0.3376
1/13/17,158.7,159.15,159.7,156.7,157.3,157.75,157.81,4635287,7.31E+13,21843,1188064,0.2563
1/16/17,157.75,157.75,160,157,159.65,159.6,158.61,5216572,8.27E+13,24072,1866002,0.3577
1/17/17,159.6,160.4,162,158.35,158.8,159.05,160,5138460,8.22E+13,27846,1086748,0.2115
1/18/17,159.05,159.4,160.85,157.85,158.55,158.85,159.32,4034241,6.43E+13,26400,1485312,0.3682
1/19/17,158.85,158.5,160.8,157.85,159.8,160.1,159.59,4541251,7.25E+13,30463,1700227,0.3744
1/20/17,160.1,159.4,160.7,153.55,154.1,154.35,157.08,4787706,7.52E+13,25946,1714938,0.3582
1/23/17,154.35,153.5,157,153.15,154.8,154.2,154.85,4199528,6.50E+13,22944,1331432,0.317
1/24/17,154.2,155.3,156.5,154.5,156.2,156.05,155.51,4541702,7.06E+13,37590,1807537,0.398
1/25/17,156.05,156.5,164,155.25,162.8,161.95,158.98,12590142,2.00E+14,50261,6824533,0.5421
1/27/17,161.95,163,169.2,162.3,167.9,167.7,166.52,12394688,2.06E+14,79997,4411493,0.3559
1/30/17,167.7,167.1,170.3,165.1,167.5,167.75,167.92,7176912,1.21E+14,56940,1751056,0.244
1/31/17,167.75,167.3,168.8,164.35,165.45,165.15,166.14,4227883,7.02E+13,28542,1113102,0.2633
2/1/17,165.15,166.4,173.7,165.3,173.2,173.05,170.04,17004030,2.89E+14,88311,5591249,0.3288
2/2/17,173.05,172.9,178.85,170.65,176.8,177.65,175.14,14260877,2.50E+14,76875,4527184,0.3175
2/3/17,177.65,178,187.25,176.1,186.05,186.45,183.38,16542435,3.03E+14,81727,4782903,0.2891
2/6/17,186.45,187,191.7,183.7,184.95,184.6,187.53,14311070,2.68E+14,57777,5554783,0.3881
2/7/17,184.6,184.95,190.4,183.2,186.45,187.05,186.97,10402832,1.95E+14,53553,2022114,0.1944
2/8/17,187.05,187.35,188.6,182.25,187.65,187,186.03,8105412,1.51E+14,39278,2241112,0.2765
2/9/17,187,187,187.7,180.8,184.4,184.05,183.48,9428624,1.73E+14,44331,1952890,0.2071
2/10/17,184.05,185.7,191,184.55,187.9,188.05,188.47,18572012,3.50E+14,99496,3872798,0.2085
2/13/17,188.05,182.8,183,168,168.2,168.8,172.98,38352779,6.63E+14,177698,10514559,0.2742
2/14/17,168.8,170,171.25,166.15,168.05,168.8,168.86,16667658,2.81E+14,82735,2229839,0.1338
2/15/17,168.8,169,170.4,162.75,162.95,163.2,165.49,13176926,2.18E+14,68437,3889674,0.2952
2/16/17,163.2,165.4,167.75,163.65,166.25,166.05,165.66,9141324,1.51E+14,50723,1747499,0.1912
2/17/17,166.05,166.15,168.35,164.5,166.15,166.15,166.16,6994611,1.16E+14,35239,1184476,0.1693
2/20/17,166.15,166,169.45,164.85,169.35,168.85,167.55,5345157,8.96E+13,36266,1919344,0.3591
2/21/17,168.85,170.1,170.75,168.05,169.45,169.3,169.33,7720858,1.31E+14,41209,2212876,0.2866
2/22/17,169.3,169.15,170.55,167.2,167.5,167.7,168.76,7388811,1.25E+14,50844,2600245,0.3519
2/23/17,167.7,168.7,169.85,167.05,168.2,168.15,168.36,10531474,1.77E+14,45713,5510531,0.5232
2/27/17,168.15,168.5,168.5,164.1,164.4,164.4,165.45,7407568,1.23E+14,45417,3671986,0.4957
2/28/17,164.4,165,166.6,163.9,165.25,165.3,165.41,7175645,1.19E+14,35818,2408473,0.3356
3/1/17,165.3,165.9,168.5,165,165.1,165.35,166.71,6979516,1.16E+14,34846,1346473,0.1929
3/2/17,165.35,166.45,167.35,161,161.95,161.6,164.09,8201681,1.35E+14,34962,2288771,0.2791
3/3/17,161.6,160.1,162.75,159.55,159.9,159.95,160.58,9478049,1.52E+14,46163,4396346,0.4638
3/6/17,159.95,161.3,162.2,160.05,160.5,160.85,160.93,6996223,1.13E+14,35981,3108954,0.4444
3/7/17,160.85,160.8,162.4,160,160.35,160.35,161.02,6389864,1.03E+14,25198,2366227,0.3703
3/8/17,160.35,160.35,161.7,157.35,159.4,159.25,159.45,8422899,1.34E+14,44674,3378757,0.4011
3/9/17,159.25,159.35,160.7,158,159.2,159.45,159.47,5475070,8.73E+13,32429,1814609,0.3314
3/10/17,159.45,163,163,158.3,159,159,159.44,5501220,8.77E+13,24818,1373753,0.2497
3/14/17,159,162.85,164.25,160.5,160.5,161,161.9,7292526,1.18E+14,29038,2871876,0.3938
3/15/17,161,160.65,167.7,160.6,166.25,166.5,165.7,11715430,1.94E+14,54713,4114559,0.3512
3/16/17,166.5,167.6,169.65,166.4,168.7,168.55,168.2,9620096,1.62E+14,42923,3207546,0.3334
3/17/17,168.55,168.7,169.2,164.4,164.85,164.9,165.77,7160099,1.19E+14,33235,2947915,0.4117
3/20/17,164.9,164.7,167.4,163.1,165.55,165.6,165.38,5099749,8.43E+13,25807,1374912,0.2696
3/21/17,165.6,166.1,166.8,162.15,163,162.85,163.65,5788764,9.47E+13,26306,2100889,0.3629
3/22/17,162.85,161,164.15,160.65,161.6,161.6,162.32,5537506,8.99E+13,43024,1477429,0.2668
3/23/17,161.6,162.1,163.45,160.3,162.2,162.2,161.79,7386841,1.20E+14,43421,2913219,0.3944
3/24/17,162.2,162,171.55,162,168.3,169.05,168.39,23265545,3.92E+14,119914,6839886,0.294
3/27/17,169.05,168.3,173.2,167.55,171.9,172.3,171.88,24032433,4.13E+14,71602,13963498,0.581
3/28/17,172.3,172.55,174.3,171.5,173.75,173.9,173.53,20208892,3.51E+14,52444,13300464,0.6581
3/29/17,173.9,174,176.2,172.85,173.4,173.5,174.73,20952290,3.66E+14,58730,13648887,0.6514
3/30/17,173.5,173.6,175.7,172.75,173,173.65,174.21,19317655,3.37E+14,71486,13516448,0.6997
3/31/17,173.65,173.1,174.9,171.1,173.3,172.95,173.36,7540833,1.31E+14,42578,1685029,0.2235
4/3/17,172.95,173.9,174.4,170.35,172.6,172.4,172.26,4203694,7.24E+13,21384,618434,0.1471
4/5/17,172.4,172.75,176.3,172.05,174.3,174.55,174.63,9180210,1.60E+14,70157,3536358,0.3852
4/6/17,174.55,173.85,177.15,173.35,174.25,174.9,175.12,9621343,1.68E+14,39780,2730444,0.2838
4/7/17,174.9,174,174.5,167.6,168.5,168.65,171.48,6958075,1.19E+14,34230,1760186,0.253
4/10/17,168.65,169.75,172.15,168.2,171.25,171.1,170.22,6533837,1.11E+14,39049,1118902,0.1712
4/11/17,171.1,171.45,175.35,170.1,174.5,174.7,173.22,8135812,1.41E+14,41962,2597434,0.3193
4/12/17,174.7,174.15,175.65,171.2,172.35,172.35,172.99,6323133,1.09E+14,30629,1813641,0.2868
4/13/17,172.35,172.2,177.9,171.5,175.5,175.65,176.12,12377238,2.18E+14,70637,4322106,0.3492
4/17/17,175.65,178,178.1,175.25,175.9,175.95,176.62,6316890,1.12E+14,37501,1247756,0.1975
4/18/17,175.95,176.5,181.7,175.35,177.1,176.05,179.08,11000034,1.97E+14,61326,2115739,0.1923
4/19/17,176.05,177,177.2,173.3,174.9,174.85,174.99,6148670,1.08E+14,39724,970135,0.1578
4/20/17,174.85,175.9,180.5,174.2,179.55,179.65,178.34,11566048,2.06E+14,60809,4017380,0.3473
4/21/17,179.65,179.65,180.05,174.5,175.35,175.2,176.79,6262395,1.11E+14,50911,1639879,0.2619
4/24/17,175.2,177.5,179.4,175.55,179.3,178.9,177.85,7576411,1.35E+14,46463,2990982,0.3948
4/25/17,178.9,180,183.45,178.75,181.5,181.8,181.31,8146288,1.48E+14,48011,2201216,0.2702
4/26/17,181.8,182.65,184.6,178.85,181.4,181.65,182.67,7967391,1.46E+14,52001,2618485,0.3287
4/27/17,181.65,181.95,184,180.05,181.6,181.4,181.91,6405353,1.17E+14,41667,1925843,0.3007
4/28/17,181.4,181.7,188.55,181.7,187.65,187.55,185.81,11823024,2.20E+14,64029,2513924,0.2126
5/2/17,187.55,188,191.6,185.7,188.9,188.65,188.96,11014407,2.08E+14,54212,3518565,0.3195
5/3/17,188.65,189.5,194.55,186.7,189.3,189.55,190.5,12842041,2.45E+14,68168,2212919,0.1723
5/4/17,189.55,194,196.75,192.25,195.95,195.75,194.37,14165960,2.75E+14,74494,4198580,0.2964
5/5/17,195.75,197,202.5,184.2,187.5,187.4,193.65,27045694,5.24E+14,119463,4432820,0.1639
5/8/17,187.4,187.6,191.6,185.3,188.75,188.85,189.27,9056363,1.71E+14,51562,1879846,0.2076
5/9/17,188.85,189.4,190,184.65,186.3,186.75,186.89,5765748,1.08E+14,32002,871422,0.1511
5/10/17,186.75,187,188.4,185.05,185.7,185.55,186.42,5069404,9.45E+13,23744,1170880,0.231
5/11/17,185.55,186.55,190.5,185.8,187.75,187.9,188.35,6927969,1.30E+14,47673,1463197,0.2112
5/12/17,187.9,188,191.2,184.85,186,186.4,188.26,9730497,1.83E+14,59043,1705095,0.1752
5/15/17,186.4,186.55,189.8,186.5,188.25,188.8,188.29,5384073,1.01E+14,34150,1278236,0.2374
5/16/17,188.8,188.25,195,186.4,193.5,193.55,191.72,10631909,2.04E+14,53738,2000483,0.1882
5/17/17,193.55,193,193.75,189.6,191.85,191.75,191.96,6975684,1.34E+14,32522,1458021,0.209
5/18/17,191.75,190.75,196.3,185.2,185.9,187.45,191.86,19870837,3.81E+14,106322,3099829,0.156
5/19/17,187.45,190,195.9,186.3,188.85,188.75,191.07,31521446,6.02E+14,143846,5011443,0.159
5/22/17,188.75,189.5,191.3,181.7,183.25,182.8,185.99,10849346,2.02E+14,67868,2619303,0.2414
5/23/17,182.8,183.15,185.75,177.55,182.1,182,181.7,10454348,1.90E+14,53786,1497965,0.1433
5/24/17,182,182.2,182.8,174.8,175.85,175.75,178.19,11978420,2.13E+14,71776,3714712,0.3101
5/25/17,175.75,176.6,182.5,176,181.6,181.5,178.73,8619259,1.54E+14,49899,2737879,0.3176
5/26/17,181.5,181.5,181.75,177.65,179.35,179.45,179.61,7630085,1.37E+14,44801,2270524,0.2976
5/29/17,179.45,179.5,181.35,173,173.25,173.65,176.31,8084707,1.43E+14,38264,2259126,0.2794
5/30/17,173.65,173.3,179.2,172,179,178.5,175.93,10252246,1.80E+14,48870,3035769,0.2961
5/31/17,178.5,179.35,180.5,176.75,178.05,178.05,178.65,8340826,1.49E+14,42171,2735985,0.328
6/1/17,178.05,178.5,179.85,176.2,179,179,178.42,6826246,1.22E+14,54691,1961154,0.2873
6/2/17,179,180.45,181.15,177.05,178.25,178.9,179.44,8662482,1.55E+14,49456,3189875,0.3682
6/5/17,178.9,179.9,180.35,178.2,178.45,178.6,179.21,5074657,9.09E+13,27310,1683520,0.3318
6/6/17,178.6,179.25,179.6,173.7,174.9,174.45,175.75,5254510,9.23E+13,32669,1544876,0.294
6/7/17,174.45,175.4,177.4,174.2,177.3,176.8,175.93,5496279,9.67E+13,45023,1618093,0.2944
6/8/17,176.8,177.7,177.7,174.5,174.55,174.85,175.87,4506151,7.92E+13,26582,1387438,0.3079
6/9/17,174.85,174.1,175.65,172.9,173.65,173.75,174.02,5868224,1.02E+14,29238,2097657,0.3575
6/12/17,173.75,173,173.5,166.9,168.8,168.05,169.28,10779589,1.82E+14,68277,4228128,0.3922
6/13/17,168.05,168.95,171.35,168.3,169.8,169.75,170.16,5256450,8.94E+13,31443,843317,0.1604
6/14/17,169.75,171.8,175,169.85,172.75,172.8,172.81,12008368,2.08E+14,59229,3329994,0.2773
6/15/17,172.8,171.5,172.3,168.5,169.7,169.6,170.49,8810334,1.50E+14,50470,2833990,0.3217
6/16/17,169.6,170.5,171.25,167.05,167.5,167.7,168.74,9296583,1.57E+14,50915,4134959,0.4448
6/19/17,167.7,168.25,169.5,167.7,168.2,168.05,168.46,3972259,6.69E+13,23019,852881,0.2147
6/20/17,168.05,168,168.6,165.5,167.4,167.35,166.86,5780219,9.64E+13,34742,1831696,0.3169
6/21/17,167.35,166.55,169.8,166.3,166.7,167,168.18,5794027,9.74E+13,38345,1624605,0.2804
6/22/17,167,166.9,168.55,164.5,164.8,165.15,166.78,6554878,1.09E+14,31421,2420723,0.3693
6/23/17,165.15,165,165.8,160.5,160.75,160.85,162.4,7198262,1.17E+14,49007,1981865,0.2753
6/27/17,160.85,160.75,160.75,153.2,154.1,154.85,154.96,11027711,1.71E+14,59998,3002578,0.2723
6/28/17,154.85,153,156.4,152.2,155.9,155.6,154.84,6999255,1.08E+14,41604,1605488,0.2294
6/29/17,155.6,156.6,157.9,154.85,156,155.5,156.36,8116474,1.27E+14,37367,2750870,0.3389
6/30/17,155.5,157,162.4,156.15,161.8,161.65,160,13722692,2.20E+14,69660,4183865,0.3049
7/3/17,161.65,162.7,165,160.55,162.05,161.85,162.71,8862686,1.44E+14,44633,2206432,0.249
7/4/17,161.85,162.4,163,159,159,159.35,160.54,5630976,9.04E+13,36160,1355016,0.2406
7/5/17,159.35,159.95,162.4,158.5,161.25,160.8,160.91,6616815,1.06E+14,34585,1790221,0.2706
7/6/17,160.8,161.4,165.8,161.4,162.2,162.4,163.89,11934377,1.96E+14,68880,4046050,0.339
7/7/17,162.4,162.5,163.95,160,160.35,160.55,161.71,9183465,1.49E+14,54602,3740080,0.4073
7/10/17,160.55,166,167.5,162.1,166.6,166.6,166.42,6073542,1.01E+14,25944,3017218,0.4968
7/11/17,166.6,167,167.5,161.5,162.15,162.65,164.62,7392843,1.22E+14,41108,2525645,0.3416
7/12/17,162.65,162.65,164,160.65,163.15,163.5,162.4,8654854,1.41E+14,41545,2769395,0.32
7/13/17,163.5,164.9,165.75,162,163.5,163.4,163.61,7648517,1.25E+14,38625,2709109,0.3542
7/14/17,163.4,163.6,166.4,162.25,164.95,165,164.64,7708910,1.27E+14,44543,2267776,0.2942
7/17/17,165,165.2,165.65,162.8,164.6,164.35,164.15,7332263,1.20E+14,30389,3332885,0.4546
7/18/17,164.35,163.45,167.15,162.8,163.4,163.85,164.93,7786687,1.28E+14,38089,2908728,0.3736
7/19/17,163.85,163.7,165.5,163.5,164.7,164.45,164.43,5407563,8.89E+13,39180,1870951,0.346
7/20/17,164.45,164.25,165.4,161.45,161.95,161.9,163.35,8077756,1.32E+14,37884,3831713,0.4744
7/21/17,161.9,162.2,163.9,160.7,161.75,161.75,162.04,6359475,1.03E+14,29843,2436629,0.3831
7/24/17,161.75,162,165.95,162,164.15,164.2,164.53,7911705,1.30E+14,48312,2569539,0.3248
7/25/17,164.2,164.95,166.2,164.3,165.2,165,165.08,8747271,1.44E+14,40556,4206722,0.4809
7/26/17,165,165,166.5,163,163.65,163.35,164.78,7778973,1.28E+14,38762,2804712,0.3606
7/27/17,163.35,163.5,165.1,160,160.5,160.95,162.25,11524003,1.87E+14,44318,5045028,0.4378
7/28/17,160.95,160.8,162.95,160.2,161.5,161.55,161.79,6187569,1.00E+14,27294,2100615,0.3395
7/31/17,161.55,161.8,168.5,160.55,166.3,166.05,165.89,15878051,2.63E+14,56259,5198384,0.3274
8/1/17,166.05,166.75,167,162.6,163.6,163.5,164.02,7847054,1.29E+14,37730,2694024,0.3433
8/2/17,163.5,164.4,165.3,162.8,163,163.4,164,6526280,1.07E+14,28737,1459265,0.2236
8/3/17,163.4,163,163.65,157,158.2,158.2,160.16,9337691,1.50E+14,51946,3228366,0.3457
8/4/17,158.2,158,160.85,155.4,159.1,158.95,158.76,7121754,1.13E+14,35515,1437348,0.2018
8/7/17,158.95,160.7,161.3,159.2,160,160.05,160.23,4382843,7.02E+13,26158,808537,0.1845
8/8/17,160.05,161.2,161.25,156.1,156.6,156.55,157.7,5960785,9.40E+13,26819,1298603,0.2179
8/9/17,156.55,156.9,157.7,154.15,154.9,155.2,155.69,7541485,1.17E+14,33247,1232087,0.1634
8/10/17,155.2,153.9,155.6,145.4,149,148.45,150.85,10557366,1.59E+14,44641,2346542,0.2223
8/11/17,148.45,145.6,150.5,141.2,142.7,142.25,145.67,14474693,2.11E+14,92753,3923895,0.2711
8/14/17,142.25,140,143.2,139.7,142.05,142.25,141.76,16094565,2.28E+14,88513,5353259,0.3326
8/16/17,142.25,143.3,148.65,137.65,146.95,147.15,142.46,25054671,3.57E+14,103146,8764846,0.3498
8/17/17,147.15,148.3,152.25,146.65,148.3,148.25,149.75,20122929,3.01E+14,92146,4316662,0.2145
8/18/17,148.25,146.25,148.25,144.3,147.65,147.2,146.47,13628146,2.00E+14,67730,3914557,0.2872
8/21/17,147.2,147.9,149.6,141,142,142.1,145.56,11173367,1.63E+14,51453,3649555,0.3266
8/22/17,142.1,143.05,143.75,138.2,139.6,139.35,140.43,17697793,2.49E+14,103825,4541453,0.2566
8/23/17,139.35,140.7,142.25,138.45,140.75,140.95,140.59,18892523,2.66E+14,73051,6309456,0.334
8/24/17,140.95,141.1,144,140.65,142.85,142.85,142.53,12332259,1.76E+14,47331,3306471,0.2681
8/28/17,142.85,143.8,145.9,143.05,144,144.25,144.46,10531819,1.52E+14,94345,2967621,0.2818
8/29/17,144.25,141.95,143.5,139.6,139.95,140.05,141.44,14024022,1.98E+14,104113,4052901,0.289
8/30/17,140.05,141.05,142.1,139.05,139.8,139.45,140.48,11604114,1.63E+14,55045,3879665,0.3343
8/31/17,139.45,140.25,140.4,137.2,138.3,137.85,138.64,14641211,2.03E+14,60491,5005204,0.3419
9/1/17,137.85,139,140.85,137.65,138.35,138.25,139.04,12375796,1.72E+14,50398,4172595,0.3372
9/4/17,138.25,138.9,139.25,135.8,136.9,136.8,137.41,10476474,1.44E+14,57540,2607686,0.2489
9/5/17,136.8,136.8,139,136,138.6,138.4,137.85,10799999,1.49E+14,62957,3506475,0.3247
9/6/17,138.4,137,139.3,136.4,138.1,138.35,137.74,11293085,1.56E+14,38531,4377757,0.3876
9/7/17,138.35,138.8,140.95,138.55,139.6,139.55,140,10371362,1.45E+14,49834,3130122,0.3018
9/8/17,139.55,140.4,140.4,136.5,136.7,136.8,137.89,8057267,1.11E+14,51868,2484709,0.3084
9/11/17,136.8,139.3,139.6,137.15,137.4,137.45,138.03,8737567,1.21E+14,43012,2626272,0.3006
9/12/17,137.45,138.25,142.5,137.2,142.2,141.85,140.98,14798852,2.09E+14,76869,4781332,0.3231
9/13/17,141.85,142.2,145.9,141.6,143.95,143.8,144.42,15466661,2.23E+14,63434,5188928,0.3355
9/14/17,143.8,143.8,147,143.8,145.4,145.7,145.76,11680566,1.70E+14,49718,2424689,0.2076
9/15/17,145.7,144.3,146,143.7,145.3,145.3,144.79,9971545,1.44E+14,46924,3708593,0.3719
9/18/17,145.3,146,149,144.75,145.2,145.45,147.02,9099176,1.34E+14,40563,2231613,0.2453
9/19/17,145.45,145.2,146,143.15,144.3,144.55,144.49,6833002,9.87E+13,60848,1279721,0.1873
9/20/17,144.55,144.3,151,143.8,148.1,148.35,147.7,15549320,2.30E+14,73752,4451390,0.2863
9/21/17,148.35,148.9,148.9,144.65,145.4,145.6,146.32,12114445,1.77E+14,55435,3662231,0.3023
9/22/17,145.6,145,145,141.5,142.3,141.85,142.92,11341028,1.62E+14,54962,4635662,0.4088
9/25/17,141.85,141.85,143.25,138.2,142.65,142.6,140.61,9012712,1.27E+14,41709,2147414,0.2383
9/26/17,142.6,142.6,144.2,140.95,142.7,142.65,142.65,7186304,1.03E+14,35531,2112041,0.2939
9/27/17,142.65,143.9,143.9,137.85,138.3,138.5,140.68,8190665,1.15E+14,38044,2416128,0.295
9/28/17,138.5,138.5,140.3,137.2,138.85,138.55,138.66,27555317,3.82E+14,63539,16805077,0.6099
9/29/17,138.55,139.1,140.75,137.1,137.95,137.6,139,7676701,1.07E+14,46977,2858632,0.3724
10/3/17,137.6,138.9,139.9,136.35,137.15,137.3,137.67,9999986,1.38E+14,48866,4144193,0.4144
10/4/17,137.3,138,139,136.7,137.55,137.55,137.71,7166677,9.87E+13,40930,2431710,0.3393
10/5/17,137.55,137.75,140.25,137.2,140,139.6,138.69,6241934,8.66E+13,30570,1519840,0.2435
10/6/17,139.6,139.8,142.5,139.55,141.5,141.8,141.38,6979919,9.87E+13,29404,2049047,0.2936
10/9/17,141.8,141.5,142.8,140.5,141.9,141.55,141.48,4845869,6.86E+13,26048,1179625,0.2434
10/10/17,141.55,141.9,143.2,141.25,141.6,141.65,141.98,5506768,7.82E+13,26128,2039207,0.3703
10/11/17,141.65,142,143.6,137.9,138.8,138.6,140.55,6039529,8.49E+13,34930,1846239,0.3057
10/12/17,138.6,138.6,138.9,136.1,138.65,138.55,137.73,9074838,1.25E+14,45715,3114382,0.3432
10/13/17,138.55,139,141.75,138.05,139.75,139.55,140.13,5536201,7.76E+13,31918,755759,0.1365
10/16/17,139.55,140.5,140.9,137.7,138.25,138.2,138.96,5854218,8.14E+13,26140,1409293,0.2407
10/17/17,138.2,138.3,140.6,138.05,139.15,139.15,139.28,4082412,5.69E+13,23024,585623,0.1435
10/18/17,139.15,138.45,138.9,136,136.7,136.7,137.31,7209573,9.90E+13,32451,2605938,0.3615
10/19/17,136.7,136.9,136.9,134.05,134.4,134.9,135.44,1510641,2.05E+13,10395,872394,0.5775
10/23/17,134.9,135,138.9,133.5,138.7,137.9,135.76,6988351,9.49E+13,37642,2016674,0.2886
10/24/17,137.9,138.6,145.15,138.5,143.2,143.15,142.5,12480604,1.78E+14,63298,3872711,0.3103
10/25/17,143.15,157.45,192.9,157.45,184,188.15,179.64,136846102,2.46E+15,436070,72033973,0.5264
10/26/17,188.15,189,206.65,182,184.3,185.7,191.23,49068444,9.38E+14,216205,14840217,0.3024
10/27/17,185.7,184.75,188.8,173.6,174.2,174.4,178.83,21689785,3.88E+14,105171,9000716,0.415
10/30/17,174.4,174.3,184.7,173.55,174.35,174.65,178.9,14562346,2.61E+14,84112,2888264,0.1983
10/31/17,174.65,175.35,177.7,167.85,170.3,169.9,172.25,13702475,2.36E+14,91712,3885754,0.2836
11/1/17,169.9,172.9,175.4,171.2,172.85,172.45,173.2,14602616,2.53E+14,71465,5635000,0.3859
11/2/17,172.45,172.85,174.65,168.6,169.1,169.55,171.13,11455496,1.96E+14,48556,4224798,0.3688
11/3/17,169.55,170.3,172.5,167.2,171.8,171.75,170.08,18117337,3.08E+14,75502,6939709,0.383
11/6/17,171.75,172,176,170.5,172.25,172.6,173.84,15542622,2.70E+14,76123,5548389,0.357
11/7/17,172.6,173.8,175,164.1,165.2,165.25,168.87,13197516,2.23E+14,69780,5183549,0.3928
11/8/17,165.25,166.2,167.15,160.75,163.2,162.3,164,9187572,1.51E+14,63115,2489244,0.2709
11/9/17,162.3,164.4,166.4,161.65,165.6,165.55,164.4,8118331,1.33E+14,40616,1848802,0.2277
11/10/17,165.55,165,173.7,164,170.8,169.8,169.34,19819112,3.36E+14,86668,5948634,0.3001
11/13/17,169.8,171.5,175.35,169.25,171.85,172.1,172.67,14478546,2.50E+14,55297,3341399,0.2308
11/14/17,172.1,173.3,177.4,172.7,174.65,174.35,175.25,20140602,3.53E+14,85435,5003571,0.2484
11/15/17,174.35,177.5,181.2,169.3,175.05,175.2,176.9,43833572,7.75E+14,169441,13213106,0.3014
11/16/17,175.2,176.75,184,175.25,183.75,182.8,179.24,21563190,3.86E+14,90959,6227126,0.2888
11/17/17,182.8,190,191.85,182.05,183.4,183.55,186.58,31017855,5.79E+14,112691,12594783,0.406
11/20/17,183.55,183.8,187.85,182.5,184.05,184.45,184.86,14192200,2.62E+14,66028,3674207,0.2589
11/21/17,184.45,185.6,186.25,179.15,180.05,180.35,182.21,12505118,2.28E+14,56545,3486219,0.2788
11/22/17,180.35,181.5,183.65,177.1,180.6,180.65,180.92,16415341,2.97E+14,92238,3565631,0.2172
11/23/17,180.65,180.7,181.35,176.05,178,178.1,178.57,10580968,1.89E+14,52213,2341794,0.2213
11/24/17,178.1,178.7,179.75,176.15,176.8,176.85,177.78,8407178,1.49E+14,49581,2428240,0.2888
11/27/17,176.85,176,176.15,174.05,175.4,175.4,175.07,7632874,1.34E+14,36598,2055305,0.2693
11/28/17,175.4,175.7,176.15,171.5,171.8,172.25,174.25,8869406,1.55E+14,50817,2772676,0.3126
11/29/17,172.25,172.2,173.3,169.9,172,171.65,171.71,12069869,2.07E+14,55846,5754525,0.4768
11/30/17,171.65,170.9,172.9,168.4,169.7,169.1,170.92,15598331,2.67E+14,68874,5888632,0.3775
12/1/17,169.1,169.7,172.5,165.05,166.7,167.6,170.12,14876690,2.53E+14,56668,5003060,0.3363
12/4/17,167.6,168.65,171.3,165.5,170.9,170.1,168.45,10713977,1.80E+14,54683,3183127,0.2971
12/5/17,170.1,169.75,171.6,165.45,169.85,170,168.81,10343172,1.75E+14,50662,1620736,0.1567
12/6/17,170,168.8,170.15,165.1,165.85,165.95,167.89,7672622,1.29E+14,39288,1909419,0.2489
12/7/17,165.95,167.9,169,166.35,167.9,167.95,167.81,6881470,1.15E+14,31635,2226294,0.3235
12/8/17,167.95,168.65,169.95,167.05,167.55,167.45,168.28,8613753,1.45E+14,33896,2030732,0.2358
12/11/17,167.45,168.6,169.25,166.9,167.15,167.45,167.89,5678110,9.53E+13,28897,1478479,0.2604
12/12/17,167.45,167.6,167.7,165.05,165.1,165.6,165.99,7947508,1.32E+14,51543,1961446,0.2468
12/13/17,165.6,165.1,166.5,163.05,163.95,163.75,164.82,8908042,1.47E+14,48758,3549288,0.3984
12/14/17,163.75,164.8,166.8,162.5,166,165.85,164.61,8241166,1.36E+14,48375,2052042,0.249
12/15/17,165.85,168,169.15,164.75,165.4,165.25,166.86,8813162,1.47E+14,43893,2796983,0.3174
12/18/17,165.25,164,171.95,155,169.5,169.4,167.27,17913408,3.00E+14,85848,3399199,0.1898
12/19/17,169.4,171.35,172.95,167.3,168.45,168.3,169.82,11037991,1.87E+14,63349,2825392,0.256
12/20/17,168.3,167.9,168.3,166.4,166.7,166.65,167.4,4628882,7.75E+13,31593,742182,0.1603
12/21/17,166.65,166.65,168.9,165.8,167.8,167.9,167.67,8281308,1.39E+14,34905,3528941,0.4261
12/22/17,167.9,168.75,171.2,166.95,167.95,168,169.25,10856345,1.84E+14,40750,2981063,0.2746
12/26/17,168,167.4,168,165.9,166.75,166.5,166.73,6518312,1.09E+14,38082,2230713,0.3422
12/27/17,166.5,166.4,169.5,165.4,166,166,167.53,8088029,1.36E+14,45429,1873348,0.2316
12/28/17,166,166.25,167.95,162.3,162.6,162.75,164.46,12277703,2.02E+14,51239,3103761,0.2528
12/29/17,162.75,163.6,164,160.15,161.4,160.65,161.91,8684173,1.41E+14,48741,2473045,0.2848
1/1/18,160.65,161,163.9,160.85,161.35,161.5,162.36,7408273,1.20E+14,28575,2376161,0.3207
1/2/18,161.5,161.9,162.5,156.5,157.9,157.95,158.5,11611821,1.84E+14,67968,3368812,0.2901
1/3/18,157.95,158.65,159.6,157.05,157.8,157.85,158.23,8271671,1.31E+14,56240,2521673,0.3049
1/4/18,157.85,158.5,165.3,157.5,164.4,163.9,162.9,17214456,2.80E+14,80546,5488042,0.3188
1/5/18,163.9,165.15,166.5,161.25,161.9,161.8,163.2,11233822,1.83E+14,50124,2930382,0.2609
1/8/18,161.8,162.1,164.05,160.8,161.7,161.65,162.12,6316362,1.02E+14,42880,2168744,0.3434
1/9/18,161.65,161.75,165.4,161.6,164.25,164.5,163.73,10305337,1.69E+14,106600,3407032,0.3306
1/10/18,164.5,164.25,165.8,161.05,162.45,162.5,163.13,10993630,1.79E+14,64289,4983475,0.4533
1/11/18,162.5,162.5,163.9,161.6,163.1,163.3,162.72,6879490,1.12E+14,36899,2084452,0.303
1/12/18,163.3,163.75,164.2,160.35,162.35,163,162.49,8826985,1.43E+14,41092,3386463,0.3836
1/15/18,163,163.5,165,162.8,164.5,164.4,163.98,7054678,1.16E+14,53566,2922525,0.4143
1/16/18,164.4,164.6,166.6,156.2,157.1,156.95,160.92,15621689,2.51E+14,105882,5891531,0.3771
1/17/18,156.95,156.95,165.8,154.55,165.4,165.2,161.42,17556659,2.83E+14,77712,5793930,0.33
1/18/18,165.2,169,171,160.7,162.7,162.35,165.17,16765567,2.77E+14,83595,6677424,0.3983
1/19/18,162.35,162,166.65,161.45,166,165.4,164.62,8533716,1.40E+14,45671,2085900,0.2444
1/22/18,165.4,166,167.65,163.2,164.4,164.8,165.18,8918325,1.47E+14,42275,3102618,0.3479
1/23/18,164.8,164.95,174,164.5,173.25,173.15,169.08,18168528,3.07E+14,110329,6774621,0.3729
1/24/18,173.15,173.15,179.7,170.35,178.05,178.35,175.37,21139975,3.71E+14,131782,4768553,0.2256
1/25/18,178.35,178.8,178.8,166.45,166.9,167.15,170.69,24579032,4.20E+14,98286,9386555,0.3819
1/29/18,167.15,168.3,168.9,161.3,162.15,162.35,164.05,12013160,1.97E+14,64043,4207489,0.3502
1/30/18,162.35,162,164.2,159.8,160.05,160.2,161.84,11158191,1.81E+14,47507,2857859,0.2561
1/31/18,160.2,159.2,161.8,155.5,156.35,156.8,157.78,13420760,2.12E+14,90998,5149550,0.3837
2/1/18,156.8,158.05,158.6,151.75,152.25,152.35,155.51,12039264,1.87E+14,62803,4184833,0.3476
2/2/18,152.35,150.2,156.7,148.2,153,153.2,152.61,24420057,3.73E+14,111055,10621430,0.4349
2/5/18,153.2,150.6,158.55,149,157.1,157.5,155.71,13827865,2.15E+14,105708,4644907,0.3359
2/6/18,157.5,150,156,148,155.1,154.45,152.59,11335878,1.73E+14,65226,3026781,0.267
2/7/18,154.45,156,156.8,152.7,153.75,153.95,154.58,9997661,1.55E+14,57300,2478281,0.2479
2/8/18,153.95,154,157.35,153.5,156.2,156.2,155.55,6839457,1.06E+14,41035,1435074,0.2098
2/9/18,156.2,153.25,158.35,152.5,156.3,156.25,154.61,6223913,9.62E+13,35085,869280,0.1397
2/12/18,156.25,159,172.9,159,168.9,168.65,167.61,48926198,8.20E+14,215495,13475626,0.2754
2/14/18,168.65,167,172,163.8,163.9,165.8,167.8,28561359,4.79E+14,116938,11320768,0.3964
2/15/18,165.8,163.9,167.2,157.1,159.05,159.05,161.78,17565094,2.84E+14,89371,3258822,0.1855
2/16/18,159.05,159.4,160.4,150.6,153.4,152.4,154.17,22647050,3.49E+14,86760,5814269,0.2567
2/19/18,152.4,150,152.85,138.2,143.8,143.85,144.62,37226788,5.38E+14,133861,7872610,0.2115
2/20/18,143.85,140.5,148.3,140.3,144.45,144.8,144.48,26441686,3.82E+14,114034,4793734,0.1813
2/21/18,144.8,146.75,147.2,142.3,145.35,145.9,144.85,13511046,1.96E+14,58717,2218575,0.1642
2/22/18,145.9,144.05,146.6,142.3,143.3,143.4,144.52,16126505,2.33E+14,59589,7503020,0.4653
2/23/18,143.4,145.7,148.2,144.7,146.05,145.55,146.46,14280404,2.09E+14,58924,4279354,0.2997
2/26/18,145.55,148,148.3,143.2,143.35,143.75,145.02,12120874,1.76E+14,61669,3730295,0.3078
2/27/18,143.75,143.4,144,138.2,141.7,141.45,141.1,18251152,2.58E+14,70732,5155785,0.2825
2/28/18,141.45,139,143.5,138,141.6,141.95,140.78,15443300,2.17E+14,65991,3293246,0.2132
3/1/18,141.95,141.8,143.6,137.8,138.35,138.3,140.74,13912882,1.96E+14,57549,2810664,0.202
3/5/18,138.3,137,139.8,136.25,138.95,138.8,138.19,10501381,1.45E+14,51831,1871474,0.1782
3/6/18,138.8,140.9,141.35,134.15,134.5,135.25,138.29,10841359,1.50E+14,50886,1903515,0.1756
3/7/18,135.25,133.1,135.35,128.55,133.35,132.6,131.76,17616076,2.32E+14,74795,3143758,0.1785
3/8/18,132.6,134.5,135,129.9,134.25,134.35,132.86,13361413,1.78E+14,56863,2350514,0.1759
3/9/18,134.35,135.6,135.85,130.8,131.3,131.55,132.44,10445844,1.38E+14,45359,1719510,0.1646
3/12/18,131.55,132,133.35,128.1,131.5,132.1,130.47,13816607,1.80E+14,55325,2814763,0.2037
3/13/18,132.1,132.15,144.3,131.05,140.85,141.55,140.25,31216963,4.38E+14,117817,4694751,0.1504
3/14/18,141.55,139.15,147.7,137.3,144.45,145.75,143.97,29093742,4.19E+14,106294,4510168,0.155
3/15/18,145.75,144.35,146.25,142.55,143.8,143.75,144.53,13300363,1.92E+14,53470,2103550,0.1582
3/16/18,143.75,143.7,146.95,142.6,143.75,143.8,145.09,12380055,1.80E+14,76128,1715490,0.1386
3/19/18,143.8,143.9,145.9,130,132.25,133.35,134.98,39455304,5.33E+14,132839,10234326,0.2594
3/20/18,133.35,132,136.8,130.7,136.6,135.85,134.3,27633823,3.71E+14,94746,5703757,0.2064
3/21/18,135.85,137.45,138.6,134.55,135.3,135.6,136.23,14924805,2.03E+14,61186,2859496,0.1916
3/22/18,135.6,135.25,137,133.5,134.7,134.95,135.47,16863181,2.28E+14,61228,6456538,0.3829
3/23/18,134.95,130.9,134.5,129.8,132.3,133.2,132.13,14793481,1.95E+14,46343,3205691,0.2167
3/26/18,133.2,133.5,142.9,133,141.5,141.5,138.48,21487326,2.98E+14,74393,4204701,0.1957
3/27/18,141.5,146,146.65,142,143.7,143.7,144.17,16874932,2.43E+14,68784,2653894,0.1573
3/28/18,143.7,142.5,146.5,140.9,142.2,142.3,143.01,20519812,2.93E+14,62887,5573672,0.2716
4/2/18,142.3,142.6,144.5,140.35,142.55,141.9,141.81,8494352,1.20E+14,40425,1227815,0.1445
4/3/18,141.9,144.15,148.2,143.65,144.7,145.35,145.74,15187662,2.21E+14,60601,1351796,0.089
4/4/18,145.35,145.85,146.95,139,139.6,139.9,143.08,11729950,1.68E+14,44567,1093730,0.0932
4/5/18,139.9,143,150.3,140.8,148.75,147.8,143.96,18912455,2.72E+14,81490,4303295,0.2275
4/6/18,147.8,148.15,151.5,145.9,150.4,150.4,149.05,19705149,2.94E+14,81685,3408265,0.173
4/9/18,150.4,151.4,155.3,150.15,153.25,153.3,152.95,18011329,2.75E+14,67432,4271678,0.2372
4/10/18,153.3,153.9,154.55,151.55,152.75,153.25,153.15,14260591,2.18E+14,54416,2933269,0.2057
4/11/18,153.25,152.75,153,149.2,150.4,150.6,150.88,8762706,1.32E+14,41515,1412243,0.1612
4/12/18,150.6,150.2,152.85,148.2,149,148.85,150.64,11018571,1.66E+14,52426,1083387,0.0983
4/13/18,148.85,149,152.75,149,150.25,150.45,150.78,11219297,1.69E+14,45594,1505213,0.1342
4/16/18,150.45,149,151.1,147.6,149.75,149.85,149.38,8254895,1.23E+14,31836,787674,0.0954
4/17/18,149.85,150,151.75,147.4,147.9,147.85,149.12,9233324,1.38E+14,32881,1390808,0.1506
4/18/18,147.85,148.5,149.15,140.85,142.25,141.65,144.76,17171761,2.49E+14,98218,3685538,0.2146
4/19/18,141.65,142.5,146.35,140.6,145.35,145.35,143.73,12771517,1.84E+14,57435,1972263,0.1544
4/20/18,145.35,144.8,145,140.95,145,143.6,142.64,10752076,1.53E+14,44710,1860936,0.1731
4/23/18,143.6,143.95,145.8,141.5,144.3,144.15,143.8,7841803,1.13E+14,33989,469721,0.0599
4/24/18,144.15,143.5,144.55,141.4,141.7,141.85,142.71,4991672,7.12E+13,18023,803379,0.1609
4/25/18,141.85,140.45,141.6,135.6,136.4,136.35,139.13,10722775,1.49E+14,46318,1968368,0.1836
4/26/18,136.35,136.35,138.2,135.25,138.15,137.35,136.53,8328731,1.14E+14,34582,970890,0.1166
4/27/18,137.35,138,145.3,137,142.5,143.2,143,13900165,1.99E+14,78434,1989118,0.1431
4/30/18,143.2,144.95,149.85,143.05,148.7,148.95,147.11,13735085,2.02E+14,126589,3709879,0.2701
5/2/18,148.95,147.5,149,143.2,144.55,144.3,145.73,8232020,1.20E+14,46898,1816470,0.2207
5/3/18,144.3,144.55,144.85,140.5,142.8,143.05,142.74,8591667,1.23E+14,39895,997786,0.1161
5/4/18,143.05,142.35,146.4,139.1,140.2,139.9,142.29,11845370,1.69E+14,47443,1991673,0.1681
5/7/18,139.9,141.7,144.65,141.1,143.3,143.55,143.08,8843289,1.27E+14,41277,1519664,0.1718
5/8/18,143.55,144.1,149.45,141.55,145.4,145.6,145.88,15834407,2.31E+14,56972,3679260,0.2324
5/9/18,145.6,145.05,145.7,142.3,144,144.3,144.33,9808289,1.42E+14,41202,2003055,0.2042
5/10/18,144.3,145.65,145.65,138,138.55,138.65,141.02,10669964,1.50E+14,39432,2251268,0.211
5/11/18,138.65,139.55,143.65,137.1,142.4,142.7,141.32,11673210,1.65E+14,54541,1935381,0.1658
5/14/18,142.7,141.85,144.65,141.1,142.65,142.7,142.75,6675636,9.53E+13,30301,314809,0.0472
5/15/18,142.7,142.5,144.2,138.9,139.3,139.65,141.8,9060878,1.28E+14,39251,1059427,0.1169
5/16/18,139.65,138.3,138.95,131.5,131.9,132.05,134.01,18022426,2.42E+14,86453,4438359,0.2463
5/17/18,132.05,132,133.1,129.2,129.45,130,131.14,15616895,2.05E+14,59528,4373951,0.2801
5/18/18,130,130.8,130.8,125.25,126.45,126.7,127.26,12109019,1.54E+14,54926,2225146,0.1838
5/21/18,126.7,127.95,131.8,126.15,129.3,129.9,128.88,11517584,1.48E+14,45389,1105585,0.096
5/22/18,129.9,129.65,134.75,126.65,132.8,132.9,130.89,14601997,1.91E+14,65916,1727337,0.1183
5/23/18,132.9,131.7,140.9,131.4,136.75,136.6,137.67,23713478,3.26E+14,110824,4831043,0.2037
5/24/18,136.6,137.75,140.65,135.05,138.8,138.85,138.07,13046640,1.80E+14,59828,1176395,0.0902
5/25/18,138.85,139,144.2,139,141.25,141.3,141.41,12300751,1.74E+14,51079,957740,0.0779
5/28/18,141.3,142.5,148.5,140.35,145.25,145.4,144.71,24833790,3.59E+14,109591,2584394,0.1041
5/29/18,145.4,144,145.45,139.55,140.3,140.4,142.37,12773006,1.82E+14,49898,2085625,0.1633
5/30/18,140.4,138.9,142,137.55,138.15,138.45,139.43,17044430,2.38E+14,77141,5041617,0.2958
5/31/18,138.45,139.1,139.85,135.8,136.9,136.85,137.54,13116608,1.80E+14,55403,3453274,0.2633
6/1/18,136.85,137.65,138.5,134.75,137,136.95,136.8,11437804,1.56E+14,48495,1719837,0.1504
6/4/18,136.95,137.5,137.9,131,131.95,131.55,132.47,22267362,2.95E+14,122292,6624757,0.2975
6/5/18,131.55,131.9,132.85,126.45,127.55,127.75,128.68,21462369,2.76E+14,99266,6078410,0.2832
6/6/18,127.75,127,131.1,126.3,130.5,130.25,129.01,25559290,3.30E+14,131955,7685512,0.3007
6/7/18,130.25,131.25,133.65,129.6,131.1,131.4,131.46,17885218,2.35E+14,84046,4760681,0.2662
6/8/18,131.4,130.6,133.2,129.75,132.3,132.25,131.96,17691484,2.33E+14,69439,5632083,0.3183
6/11/18,132.25,133.15,136,132.15,133.75,133.7,134.32,13389907,1.80E+14,54730,2778570,0.2075
6/12/18,133.7,134,134.65,132.35,133.85,133.35,133.41,16578037,2.21E+14,54403,6321621,0.3813
6/13/18,133.35,133.95,138.25,133.75,137.15,136.75,136.41,16382863,2.23E+14,65418,4136290,0.2525
6/14/18,136.75,137.15,137.15,134.65,135.3,135.15,135.48,12368015,1.68E+14,44703,3924313,0.3173
6/15/18,135.15,134.85,136.15,130.35,131.35,131.3,132.63,11776063,1.56E+14,48523,2145817,0.1822
6/18/18,131.3,131,131.3,129.2,129.95,130.4,130.3,9736608,1.27E+14,42707,2504954,0.2573
6/19/18,130.4,129.9,131.75,127.25,128.05,127.85,128.99,12733048,1.64E+14,56444,2902257,0.2279
6/20/18,127.85,127.5,128.4,124.7,125.05,125.1,125.89,22227705,2.80E+14,70228,9744413,0.4384
6/21/18,125.1,125.7,125.9,121.5,122.1,122,122.87,16021753,1.97E+14,60826,3894955,0.2431
6/22/18,122,122.1,122.8,120.45,121.55,121.5,121.68,17477101,2.13E+14,68337,5179147,0.2963
6/25/18,121.5,121.45,122,116.5,116.5,116.8,118.93,11480804,1.37E+14,44297,2025335,0.1764
6/26/18,116.8,116.5,119.1,115,117.8,118.05,117.28,18511633,2.17E+14,89627,4902829,0.2649
6/27/18,118.05,118.05,118.05,113.6,114.55,115.15,115.33,15058571,1.74E+14,83548,3200156,0.2125
6/28/18,115.15,114.25,116.3,112.45,112.8,113,114.15,11274714,1.29E+14,38827,1683184,0.1493
6/29/18,113,114,115.15,112.15,112.75,112.65,113.87,14274242,1.63E+14,48594,4041089,0.2831
7/2/18,112.65,113.4,115.45,109.5,113.6,113.65,112.32,19814242,2.23E+14,70565,3997632,0.2018
7/3/18,113.65,113.6,114.65,111.8,113,113,113.08,12691360,1.44E+14,50341,1696720,0.1337
7/4/18,113,113,113.8,112.25,113.25,113.1,112.95,8861062,1.00E+14,32142,1711008,0.1931
7/5/18,113.1,113.7,114.5,112.55,113.4,113.25,113.4,9467902,1.07E+14,32995,1491340,0.1575
7/6/18,113.25,113.5,116.75,113.1,115.25,115.55,114.98,13020139,1.50E+14,43628,2384073,0.1831
7/9/18,115.55,117,117.7,115.2,117,117,116.7,9043165,1.06E+14,36084,2142553,0.2369
7/10/18,117,117.8,121.1,116.65,119.35,119.5,119.23,11116786,1.33E+14,42270,2387017,0.2147
7/11/18,119.5,119,119.2,115.5,116.15,116.2,117.15,10310176,1.21E+14,43185,3354423,0.3254
7/12/18,116.2,117.2,120.15,117.2,118.8,119.45,118.92,13717600,1.63E+14,62118,3147144,0.2294
7/13/18,119.45,119.7,119.7,114.05,118.05,117.4,116.02,13197199,1.53E+14,49120,3090748,0.2342
7/16/18,117.4,116.75,117.3,112,112.45,113.05,114.61,8610590,9.87E+13,28329,1872253,0.2174
7/17/18,113.05,112.8,121.8,111.9,120.8,120.8,117.95,13191590,1.56E+14,52650,1645690,0.1248
7/18/18,120.8,121,122.3,115.25,118.05,117.65,117.89,13308355,1.57E+14,50749,712904,0.0536
7/19/18,117.65,118,122.95,114.7,119.7,120.05,120.24,19394155,2.33E+14,69395,3995135,0.206
7/20/18,120.05,118.6,121.65,117.7,120.3,120.25,119.68,10768295,1.29E+14,47659,1400765,0.1301
7/23/18,120.25,120.5,127,119.2,126.3,126.3,123.59,17651707,2.18E+14,64531,3757172,0.2129
7/24/18,126.3,125.05,134.5,125.05,133.4,132.55,129.87,23818086,3.09E+14,104876,7462565,0.3133
7/25/18,132.55,132.55,134.9,130.5,131,131.8,132.27,14846115,1.96E+14,55681,3458061,0.2329
7/26/18,131.8,133.5,140.3,133,138.75,138.85,137.37,28428745,3.91E+14,118284,6438221,0.2265
7/27/18,138.85,138.9,140.9,135.4,137.75,137.85,138,27335018,3.77E+14,111309,7322515,0.2679
7/30/18,137.85,149,153.3,144.65,152.15,152.05,149.79,69716569,1.04E+15,290113,13803163,0.198
7/31/18,152.05,152.15,155.7,148.3,153,153.35,151.3,30975324,4.69E+14,110563,5984823,0.1932
8/1/18,153.35,151.4,153.65,147.7,147.95,150.2,150.85,24904453,3.76E+14,94886,7458437,0.2995
8/2/18,150.2,147.95,149.8,146.2,146.25,147.25,148.2,14029282,2.08E+14,52738,2495820,0.1779
8/3/18,147.25,147.25,150.85,147.05,149.5,149.6,148.85,13329914,1.98E+14,63099,1590807,0.1193
8/6/18,149.6,150,152.15,149.4,150.95,150.55,150.74,13628825,2.05E+14,58187,2102174,0.1542
8/7/18,150.55,151,151.25,144.8,146.15,146.15,147.7,14426507,2.13E+14,66330,2644387,0.1833
8/8/18,146.15,146.3,149.8,146,148.5,148.6,148.27,10390322,1.54E+14,39881,915245,0.0881
8/9/18,148.6,150.5,157.5,148.85,153.7,154.75,154.02,26562716,4.09E+14,96932,5116462,0.1926
8/10/18,154.75,153.75,155.5,147.6,148.05,148.3,151.09,17027336,2.57E+14,67683,1401989,0.0823
8/13/18,148.3,146,149.4,144.4,146.8,145.65,146.77,16135497,2.37E+14,58249,3528670,0.2187
8/14/18,145.65,147,148.65,145.55,146.25,146.3,146.89,9480376,1.39E+14,44487,1392881,0.1469
8/16/18,146.3,145.5,147.6,141.45,142.85,142.7,144.83,13666075,1.98E+14,52307,3301616,0.2416
8/17/18,142.7,143.85,147.75,142.95,146.6,146.2,145.41,12400330,1.80E+14,45510,1438645,0.116
8/20/18,146.2,147,151.5,146.25,151.35,151,148.65,10467382,1.56E+14,39761,1535734,0.1467
8/21/18,151,153.4,155,150.2,151.2,150.9,151.97,16772616,2.55E+14,66025,1824767,0.1088
8/23/18,150.9,151.4,151.75,148.5,149.8,149.85,149.87,9846020,1.48E+14,39560,896363,0.091
8/24/18,149.85,148.45,151.7,146.65,147,147.4,148.63,9847399,1.46E+14,40467,1057172,0.1074
8/27/18,147.4,149,152.6,148.5,149.6,150.05,150.51,11140288,1.68E+14,49631,1115190,0.1001
8/28/18,150.05,151.3,151.3,142.65,144,143.85,145.4,14983300,2.18E+14,65020,2474410,0.1651
8/29/18,143.85,144.5,149.65,143.25,147.25,147.7,147.18,19655498,2.89E+14,71744,4760767,0.2422
8/30/18,147.7,147.4,151.2,145.65,150,150.15,148.84,15041815,2.24E+14,55232,2417810,0.1607
8/31/18,150.15,149.05,153.45,147.2,153.1,152.95,150.46,19943774,3.00E+14,72784,3114522,0.1562
9/3/18,152.95,153.95,156.5,150.9,151.3,151.7,154.48,16081701,2.48E+14,72339,1662541,0.1034
9/4/18,151.7,151.3,152.3,144.5,145.55,145.55,148.38,13746105,2.04E+14,53444,1714632,0.1247
9/5/18,145.55,145.4,146.55,140.5,144.45,144.55,144.03,12672028,1.83E+14,50620,1245248,0.0983
9/6/18,144.55,145.9,147.1,144.15,145.7,146.1,145.6,10475666,1.53E+14,40096,457871,0.0437
9/7/18,146.1,146.65,148.5,144.7,147.95,148.05,146.75,10950716,1.61E+14,42052,1928414,0.1761
9/10/18,148.05,146.95,150,145.45,146.7,146.6,147.01,12612864,1.85E+14,52287,3722007,0.2951
9/11/18,146.6,148,149.35,139.35,139.6,140.5,145.14,17009872,2.47E+14,67195,3076867,0.1809
9/12/18,140.5,140.5,140.75,132.65,133.4,133.55,134.83,34431935,4.64E+14,131983,8738579,0.2538
9/14/18,133.55,135.75,136.65,134,134.2,134.4,134.91,21913127,2.96E+14,51348,6269680,0.2861
9/17/18,134.4,133.05,135.85,131,135.4,135.25,133.32,18967228,2.53E+14,68136,3773477,0.1989
9/18/18,135.25,121.75,126.45,111.85,112.2,113.1,118.17,144891921,1.71E+15,484417,37695069,0.2602
9/19/18,113.1,112,119,110.15,116.35,116.35,115.88,117771556,1.36E+15,393565,18838019,0.16
9/21/18,116.35,117.5,119.4,105.85,112.3,111.45,115.1,46559986,5.36E+14,164136,9188794,0.1974
9/24/18,111.45,112.5,113,106.9,107.1,107.7,109.04,30112522,3.28E+14,130593,6466535,0.2147
9/25/18,107.7,107.7,110.45,104.55,109.3,109.45,107.79,39581226,4.27E+14,111144,9163299,0.2315
9/26/18,109.45,110.95,111.25,107.4,108.85,109.15,109.32,25692758,2.81E+14,76758,3251050,0.1265
9/27/18,109.15,108.5,109.7,103.8,104.7,104.35,106.56,18303251,1.95E+14,63956,3172501,0.1733
9/28/18,104.35,105.15,106.8,97.35,99.4,99.5,102.48,33044144,3.39E+14,110731,5774448,0.1747
10/1/18,99.5,99.4,105.25,95.4,104.25,104.4,100.29,29563711,2.97E+14,100476,4336252,0.1467
10/3/18,104.4,102.2,107.65,101.8,102.7,103.3,104.61,30440427,3.18E+14,104075,4119676,0.1353
10/4/18,103.3,101.5,105.35,100.35,102.3,103.35,103.43,22401811,2.32E+14,87734,1881395,0.084
10/5/18,103.35,102.9,104.2,97.55,98.9,99.1,100.26,38298074,3.84E+14,216112,9519035,0.2486
10/8/18,99.1,100,100.5,95.3,97.2,97.5,98.68,28957630,2.86E+14,179663,7120022,0.2459
10/9/18,97.5,98.9,99.1,92.65,92.9,93.25,95.48,24069650,2.30E+14,90069,4207403,0.1748
10/10/18,93.25,93.75,96.8,92.8,95.5,95.6,95.38,37419473,3.57E+14,86393,12260072,0.3276
10/11/18,95.6,91.95,95.3,91,93.95,93.95,93.24,22648997,2.11E+14,78734,3946076,0.1742
10/12/18,93.95,96.9,97.75,94.8,96.45,96.5,96.28,23768732,2.29E+14,79043,5247092,0.2208
10/15/18,96.5,96.05,98.05,95.4,97.7,97.35,96.78,14955267,1.45E+14,44098,1172797,0.0784
10/16/18,97.35,97.55,101.2,97.4,100.1,100.25,99.45,21139482,2.10E+14,72126,4051761,0.1917
10/17/18,100.25,102.45,102.65,98.75,99.7,99.6,100.11,22282115,2.23E+14,78178,6470622,0.2904
10/19/18,99.6,98.9,103.2,97.5,102.85,102.4,101.33,25230698,2.56E+14,82484,5323284,0.211
10/22/18,102.4,103.65,105.4,101.45,102.55,102.6,103.15,18193081,1.88E+14,57879,2778551,0.1527
10/23/18,102.6,101.4,103.65,100.95,101.7,101.7,102.09,11600993,1.18E+14,36535,1274699,0.1099
10/24/18,101.7,102.7,103.45,100.95,102.9,102.65,102.24,11710626,1.20E+14,34925,2041294,0.1743
10/25/18,102.65,101,102.8,97.9,98.7,98.45,100.52,17653402,1.77E+14,50096,4820515,0.2731
10/26/18,98.45,99.3,101.6,97.85,98.95,98.85,99.37,19408496,1.93E+14,56324,2440018,0.1257
10/29/18,98.85,99.1,107.7,98.2,107.35,107.1,104.23,25921189,2.70E+14,84807,3586889,0.1384
10/30/18,107.1,107.7,113.7,105.85,111.2,110,110.25,51240583,5.65E+14,204670,10048535,0.1961
10/31/18,110,114.7,114.75,109.85,110.35,110.65,111.74,50580445,5.65E+14,167570,5968721,0.118
11/1/18,110.65,111.7,111.85,107.05,107.35,107.7,109.32,25819979,2.82E+14,91252,3975054,0.154
11/2/18,107.7,108.9,113.45,108.4,110,109.9,111.36,38112597,4.24E+14,117153,9756897,0.256
11/5/18,109.9,110,112.5,108.7,111.25,111.2,111.06,18802509,2.09E+14,79037,3545406,0.1886
11/6/18,111.2,112.25,112.65,109.85,110.3,110.45,111.43,17283224,1.93E+14,51332,4076588,0.2359
11/7/18,110.45,111.25,111.65,110.5,111.05,110.95,110.98,1807343,2.01E+13,8485,558316,0.3089
11/9/18,110.95,111,113.25,110.4,111.45,111.5,112.07,14599759,1.64E+14,53480,2235913,0.1531
11/12/18,111.5,111.5,111.95,108.85,109.2,109.4,110,10558393,1.16E+14,34767,1157387,0.1096
11/13/18,109.4,108.9,109.25,106.4,109,108.7,107.75,14242220,1.53E+14,49868,1015879,0.0713
11/14/18,108.7,109.4,113.95,109.4,112.5,112.75,112,21880524,2.45E+14,64044,3119847,0.1426
11/15/18,112.75,112.9,114.45,111.15,112.55,112.8,113,15489157,1.75E+14,49602,2268575,0.1465
11/16/18,112.8,113.45,116.3,110.05,116.1,115.2,113.24,24404681,2.76E+14,71504,4596281,0.1883
11/19/18,115.2,116.4,118.4,114.35,115.2,115.35,116.31,26168544,3.04E+14,76568,6272357,0.2397
11/20/18,115.35,113.2,115.6,109.25,110,110.2,113.34,28258376,3.20E+14,65989,7450099,0.2636
11/21/18,110.2,111.1,113.45,110.5,112.4,112.2,112.35,21085996,2.37E+14,62280,4079900,0.1935
11/22/18,112.2,112.8,112.8,109.45,109.85,109.9,111.07,13647386,1.52E+14,40021,2544025,0.1864
11/26/18,109.9,110.6,111.15,107.1,108.5,108.9,108.99,15396197,1.68E+14,44707,2358606,0.1532
11/27/18,108.9,108.9,110.5,108.25,108.85,108.95,109.25,12495317,1.37E+14,42812,1501534,0.1202
11/28/18,108.95,109,110.25,103.6,104.35,104.75,106.87,18726621,2.00E+14,60510,3637350,0.1942
11/29/18,104.75,106,106.85,103.45,105.1,105,105.22,18139210,1.91E+14,61720,3592617,0.1981
11/30/18,105,105.5,106.65,103.7,105,105.05,105.05,14741115,1.55E+14,64226,2806103,0.1904
12/3/18,105.05,106.25,108.2,104.9,106.85,106.95,106.45,14092602,1.50E+14,42855,1173588,0.0833
12/4/18,106.95,107.1,109.55,106.3,107.75,107.85,108.09,21368296,2.31E+14,55390,6024777,0.2819
12/5/18,107.85,106.8,108.2,106.05,107.65,107.45,107.04,13516608,1.45E+14,42320,2308591,0.1708
12/6/18,107.45,106.65,107,104.65,105.1,105.25,105.66,10372612,1.10E+14,38576,1839789,0.1774
12/7/18,105.25,105.8,107,102.95,106.25,106.4,105.45,16565178,1.75E+14,52241,2000969,0.1208
12/10/18,106.4,102.4,106.9,102.4,105.6,105.95,105.54,11644907,1.23E+14,33206,1047888,0.09
12/11/18,105.95,103.3,110,103.3,108.7,109.05,107.25,19637144,2.11E+14,47566,2478626,0.1262
12/12/18,109.05,110,114.65,109.4,112.9,113.4,112.55,21298584,2.40E+14,61389,4074723,0.1913
12/13/18,113.4,114.8,115.55,111.1,111.5,111.85,113.46,12736431,1.45E+14,41373,1527460,0.1199
12/14/18,111.85,111,113.1,110.8,111.25,111.4,111.8,9127017,1.02E+14,32314,699495,0.0766
12/17/18,111.4,111.7,112.5,111.2,111.65,111.8,111.91,6157887,6.89E+13,20314,673266,0.1093
12/18/18,111.8,111.1,113.9,110,112.35,112.45,112.72,10915321,1.23E+14,39107,1567643,0.1436
12/19/18,112.45,113,117.15,113,115.4,115.6,115.24,19219299,2.21E+14,71315,4209199,0.219
12/20/18,115.6,115.4,116.85,113.8,114.95,114.9,115.58,13443857,1.55E+14,51123,2009394,0.1495
12/21/18,114.9,115,116.4,114.25,115.05,115.1,115.41,13316969,1.54E+14,41447,1867441,0.1402
12/24/18,115.1,116,116.8,114.6,115.25,115.4,115.64,10567495,1.22E+14,31266,1088995,0.1031
12/26/18,115.4,115,118.9,112.9,118.5,117.7,115.38,13805517,1.59E+14,40521,2016690,0.1461
12/27/18,117.7,119.2,119.4,115.8,116.1,116.4,117.7,14432390,1.70E+14,49801,1459058,0.1011
12/28/18,116.4,117.25,119.05,117.1,118.5,118.35,118.29,8751088,1.04E+14,31170,1407504,0.1608
12/31/18,118.35,119.25,119.95,118.2,118.6,118.8,119.02,10237262,1.22E+14,33443,971218,0.0949
1/1/19,118.8,119.45,124,118.2,123.8,123.3,121.78,23311973,2.84E+14,78088,2317091,0.0994
1/2/19,123.3,123.5,124.45,118.2,119.55,119.35,121.25,25568039,3.10E+14,92961,3840897,0.1502
1/3/19,119.35,121.4,123.4,118.1,119.6,119.3,120.79,40246215,4.86E+14,138717,5672034,0.1409
1/4/19,119.3,120.4,122.4,118.5,121.85,121.7,120.68,22277306,2.69E+14,71087,1902596,0.0854
1/7/19,121.7,122.5,123.75,121.6,122.55,122.7,122.72,14244449,1.75E+14,44679,3430577,0.2408
1/8/19,122.7,122.9,124.15,121.7,123.5,123.85,123.04,11438177,1.41E+14,36748,1415941,0.1238
1/9/19,123.85,124.1,124.6,121.4,122.8,122.95,123.33,12747179,1.57E+14,40944,1071713,0.0841
1/10/19,122.95,122.5,124.15,121.85,123.55,123.45,123.28,8763655,1.08E+14,28607,890881,0.1017
1/11/19,123.45,123.8,123.9,119.65,121,121.15,121.19,13442566,1.63E+14,46926,2902763,0.2159
1/14/19,121.15,120.95,123.1,120.1,120.7,120.95,121.33,13655552,1.66E+14,37848,2913693,0.2134
1/15/19,120.95,121.3,122.15,120.75,121.3,121.1,121.21,8076763,9.79E+13,28832,1336888,0.1655
1/16/19,121.1,121.1,123.25,120.8,120.95,121,121.66,10282923,1.25E+14,33173,1914596,0.1862
1/17/19,121,121.5,121.6,118.1,119.15,119.2,119.71,9553120,1.14E+14,30833,1286428,0.1347
1/18/19,119.2,119.2,119.9,117.55,118.05,118,118.79,6772442,8.04E+13,23773,624304,0.0922
1/21/19,118,118.3,119.1,115.8,115.95,116.45,117.49,8481086,9.96E+13,33097,1084099,0.1278
1/22/19,116.45,116.45,116.85,113.4,113.8,113.8,114.8,9138823,1.05E+14,32244,1048325,0.1147
1/23/19,113.8,114,114.7,111.05,111.4,111.3,112.77,10399387,1.17E+14,32700,2679789,0.2577
1/24/19,111.3,112,114.8,111.45,112.3,113,112.88,13283892,1.50E+14,39487,3678221,0.2769
1/25/19,113,113.3,114.2,109.5,110.55,110.2,112.05,8760153,9.82E+13,33070,1772483,0.2023
1/28/19,110.2,111,112,107.65,109.3,109.15,109.76,13633282,1.50E+14,58233,2411300,0.1769
1/29/19,109.15,109.5,115.05,108.85,114.9,113.75,112.57,18274599,2.06E+14,66237,3025892,0.1656
1/30/19,113.75,116.5,118.3,112.3,113.3,113.7,114.71,32710788,3.75E+14,106413,5554230,0.1698
1/31/19,113.7,114.4,114.95,110.55,112.8,112.45,112.07,14842463,1.66E+14,56264,2948338,0.1986
2/1/19,112.45,113.45,114,109.2,110.75,111.1,111.83,16494373,1.84E+14,54705,4419450,0.2679
2/4/19,111.1,110.05,112.4,107.8,110.3,110.3,110.51,15219147,1.68E+14,46310,3479649,0.2286
2/5/19,110.3,110.3,111.2,107.2,107.6,107.95,109.35,12325444,1.35E+14,37107,3563417,0.2891
2/6/19,107.95,108.5,109.8,106,109.5,109.2,108.03,11075323,1.20E+14,35687,1976943,0.1785
2/7/19,109.2,109.4,110.3,108,109,108.9,109.16,11079690,1.21E+14,36403,2129184,0.1922
2/8/19,108.9,108,108.5,104.35,104.7,104.9,106.04,10370510,1.10E+14,38414,2198301,0.212
2/11/19,104.9,104.7,104.85,102.9,104.35,103.9,103.91,7582047,7.88E+13,25869,939869,0.124
2/12/19,103.9,103.9,105.35,102.3,102.75,102.65,103.93,7360166,7.65E+13,26763,893261,0.1214
2/13/19,102.65,103.4,104.5,102,102.35,102.4,103.3,8514159,8.80E+13,28230,1963644,0.2306
2/14/19,102.4,102.4,104.4,101.25,103.6,103.65,102.91,10652960,1.10E+14,78022,2400939,0.2254
2/15/19,103.65,104.25,104.45,100.3,100.85,100.85,101.99,10362257,1.06E+14,30877,1902455,0.1836
2/18/19,100.85,100.85,101.95,98.5,99.15,99.15,100.28,9448271,9.47E+13,30862,1724701,0.1825
2/19/19,99.15,99.8,104.3,99.3,102.35,102.45,102.37,17163902,1.76E+14,56670,2849621,0.166
2/20/19,102.45,102.5,104.2,102,103,102.95,103.01,11097310,1.14E+14,38990,866315,0.0781
2/21/19,102.95,104.5,104.55,102.5,103.05,103,103.18,10298813,1.06E+14,36092,1268918,0.1232
2/22/19,103,103.05,103.65,102.25,102.9,102.8,102.96,9600642,9.88E+13,32044,2503772,0.2608
2/25/19,102.8,102.75,103.75,102.5,102.85,102.9,103.16,10977553,1.13E+14,58595,3594921,0.3275
2/26/19,102.9,102.3,102.3,99.35,101.45,101.5,101.06,11658555,1.18E+14,42763,1599778,0.1372
2/27/19,101.5,101.75,103.6,100.3,100.95,101,101.64,11698000,1.19E+14,36988,1879984,0.1607
2/28/19,101,101.2,101.7,100.75,101.15,101,101.07,18331980,1.85E+14,51007,10291895,0.5614
3/1/19,101,102,108.8,101.6,108.5,108.1,105.99,29505475,3.13E+14,80989,6985042,0.2367
3/5/19,108.1,108.5,113.7,107.6,112.5,112.55,110.88,22697797,2.52E+14,70338,3795312,0.1672
3/6/19,112.55,112.5,113.55,111,111.85,112.1,112.47,11474316,1.29E+14,35507,1457147,0.127
3/7/19,112.1,112,116.9,111.15,115.2,115.2,114.9,25364521,2.91E+14,70889,6082748,0.2398
3/8/19,115.2,115.65,116.85,113.05,113.45,113.6,114.61,16938684,1.94E+14,58149,2497513,0.1474
3/11/19,113.6,114.5,117.2,114.25,116.2,116.05,116.2,11888797,1.38E+14,46123,2091278,0.1759
3/12/19,116.05,116.95,117.8,114.45,115.05,115.35,116,11380491,1.32E+14,40163,2153895,0.1893
3/13/19,115.35,115.75,117.65,113.55,115.45,115.55,115.28,13704339,1.58E+14,41206,1826319,0.1333
3/14/19,115.55,116,117.9,114.4,116.6,116.55,116.02,15301986,1.78E+14,51559,2733836,0.1787
3/15/19,116.55,116.4,119.85,116,117.95,118.15,118.46,21121349,2.50E+14,68444,5722563,0.2709
3/18/19,118.15,118.25,121.4,117.9,121.2,120.55,119.89,24863255,2.98E+14,83641,8421982,0.3387
3/19/19,120.55,121.2,125.85,121.05,125,124.4,123.45,32738805,4.04E+14,109165,7630534,0.2331
3/20/19,124.4,125.15,127.15,123.1,126,125.2,125.11,23781774,2.98E+14,75768,4434079,0.1864
3/22/19,125.2,126.05,126.95,119.3,119.95,120.1,123.49,21842085,2.70E+14,83712,4845148,0.2218
3/25/19,120.1,118.9,118.9,116.4,118.3,118.2,117.83,11683480,1.38E+14,46816,1506298,0.1289
3/26/19,118.2,119.1,122.15,118.75,122.15,120.8,120.05,13335846,1.60E+14,41564,3341115,0.2505
3/27/19,120.8,122.4,123.45,120.3,121.15,121.55,121.89,16800819,2.05E+14,54084,3037260,0.1808
3/28/19,121.55,121.75,131.4,121.55,129.75,130.1,127.87,44199513,5.65E+14,164398,11571162,0.2618
3/29/19,130.1,130.95,133.1,127.65,128.75,128.65,130.19,32698775,4.26E+14,100371,6293746,0.1925
4/1/19,128.65,133,137.3,130.25,132.3,132.7,133.77,42469408,5.68E+14,155292,6973350,0.1642
4/2/19,132.7,133.7,135.4,130.8,133.75,133.2,133.31,29686522,3.96E+14,99742,4115433,0.1386
4/3/19,133.2,134.4,137.15,131.35,132.8,132.05,134.32,31127867,4.18E+14,96419,7041944,0.2262
4/4/19,132.05,133.2,134,130.2,131.15,131.2,131.88,25022512,3.30E+14,88911,2520483,0.1007
4/5/19,131.2,131.95,132.85,128.8,131.05,130.6,130.57,21264107,2.78E+14,79287,3964570,0.1864
4/8/19,130.6,131.3,134.4,129.35,130.9,130,131.56,25439662,3.35E+14,80279,4978780,0.1957
4/9/19,130,130.4,132.65,127.75,132.3,132.05,130.02,22294096,2.90E+14,72341,3304803,0.1482
4/10/19,132.05,131.95,132.7,129.1,129.45,129.7,131.07,15717985,2.06E+14,43811,1357600,0.0864
4/11/19,129.7,129.55,130.2,127.7,128.7,128.7,128.63,13868679,1.78E+14,47687,983056,0.0709
4/12/19,128.7,128.7,132,127.9,131,131.15,129.68,15552675,2.02E+14,43474,3683563,0.2368
4/15/19,131.15,131.4,132.2,129.8,130.65,130.75,130.99,12867190,1.69E+14,68561,2848059,0.2213
4/16/19,130.75,131.1,131.55,130,130.6,130.9,130.72,10100946,1.32E+14,27321,2012466,0.1992
4/18/19,130.9,130.85,131.05,125.75,126.05,126.55,127.72,13933866,1.78E+14,54452,2819867,0.2024
4/22/19,126.55,126.05,126.4,123.15,123.25,123.8,125.08,13597846,1.70E+14,44912,1950990,0.1435
4/23/19,123.8,123.8,126.7,122.7,123.2,123.1,124.62,16973355,2.12E+14,55596,2351850,0.1386
4/24/19,123.1,123.9,125.45,122.7,125.05,125.1,124.11,12660017,1.57E+14,38887,1589323,0.1255
4/25/19,125.1,125.2,125.75,121.5,122,122,123.55,16646745,2.06E+14,59468,4867780,0.2924
4/26/19,122,123.2,124,121.65,123.2,123.25,122.85,12210778,1.50E+14,36009,2187221,0.1791
4/30/19,123.25,123,123,113.75,116.5,116.65,116.09,28462786,3.30E+14,91963,9597774,0.3372
5/2/19,116.65,116,117.95,114.85,115.95,115.9,116.39,16270959,1.89E+14,79142,3260550,0.2004
5/3/19,115.9,117.05,120.45,116.5,119.1,119.05,118.86,21874589,2.60E+14,78807,3997320,0.1827
5/6/19,119.05,117,118.6,115.55,115.85,116,117.17,11664203,1.37E+14,42451,3182000,0.2728
5/7/19,116,117,117.45,112,112.45,112.55,115.03,13550529,1.56E+14,43138,3046728,0.2248
5/8/19,112.55,112.6,113.85,110.25,110.8,110.95,112.1,17253993,1.93E+14,64219,3471312,0.2012
5/9/19,110.95,111.15,112.65,109.9,111.4,111.35,111.34,15181417,1.69E+14,52758,2367569,0.156
5/10/19,111.35,112.3,114.95,110.75,113.2,113.65,112.63,16554916,1.86E+14,46183,1535915,0.0928
5/13/19,113.65,113.2,113.45,104.8,106.55,105.8,108.48,22850959,2.48E+14,68859,4248357,0.1859
5/14/19,105.8,106.8,110.85,104.25,110.6,109.8,108.9,24673541,2.69E+14,102093,5264782,0.2134
5/15/19,109.8,110.3,110.3,107,107.3,107.8,108.71,15300951,1.66E+14,43983,3291156,0.2151
5/16/19,107.8,108.15,110.4,105.8,109.75,109.8,107.91,13844349,1.49E+14,50137,2236255,0.1615
5/17/19,109.8,109.75,113.15,107.7,112.3,112.25,110.47,18188023,2.01E+14,57055,4556975,0.2505
5/20/19,112.25,117.9,124.7,115.2,123.2,122.9,120.75,28831104,3.48E+14,105893,5884213,0.2041
5/21/19,122.9,123.2,127.3,122,126.1,125.8,125.16,36958794,4.63E+14,100087,10031896,0.2714
5/22/19,125.8,126.7,128,124.95,126.75,126.15,126.21,24188827,3.05E+14,90574,5652905,0.2337
5/23/19,126.15,129,144,126.55,127.75,127.55,134.75,107991987,1.46E+15,329117,24715845,0.2289
5/24/19,127.55,129.4,138.4,128.65,137.5,137.35,134.07,55810944,7.48E+14,187262,9496229,0.1701
5/27/19,137.35,137.3,141.7,136.4,140.5,140.95,140.04,28842316,4.04E+14,98833,5311225,0.1841
5/28/19,140.95,140.75,143.5,136.8,139.4,139.8,139.99,28207829,3.95E+14,112064,3127624,0.1109
5/29/19,139.8,139.05,139.1,135.7,136.35,136.35,136.82,16932356,2.32E+14,71514,3023029,0.1785
5/30/19,136.35,136,137.75,134.25,135.5,135.1,135.57,20408134,2.77E+14,75622,4566580,0.2238
5/31/19,135.1,137,138.15,130,133.4,133.25,133.75,26941798,3.60E+14,84506,3347521,0.1243
6/3/19,133.25,133.9,133.9,129.2,131.55,131.55,131.11,25926630,3.40E+14,131733,5145435,0.1985
6/4/19,131.55,131.6,135.1,130.7,132.45,132.6,133.53,27690204,3.70E+14,81419,4158166,0.1502
6/6/19,132.6,132.95,132.95,122.25,123.5,124.35,126.24,44472552,5.61E+14,135904,9355145,0.2104
6/7/19,124.35,123,124.8,120.35,120.85,121.3,122.6,26690749,3.27E+14,79326,2498625,0.0936
6/10/19,121.3,123.3,124.6,117.3,119,117.95,120.03,27897842,3.35E+14,93659,4469905,0.1602
6/11/19,117.95,119,122,117.55,121.35,121.3,120.02,22557180,2.71E+14,75628,3077267,0.1364
6/12/19,121.3,121.3,122.45,119.95,121.8,121.3,120.94,16000319,1.94E+14,48451,1291728,0.0807
6/13/19,121.3,121.25,122,117.1,121.3,121.05,119.49,21427393,2.56E+14,61695,1921423,0.0897
6/14/19,121.05,121.3,121.85,118.1,118.2,119.1,120.28,17291625,2.08E+14,50019,1967093,0.1138
6/17/19,119.1,119.35,119.45,116.05,117.1,116.6,117.54,16409459,1.93E+14,46414,2562712,0.1509
6/18/19,116.6,117.3,118.4,115.1,116.8,116.5,116.89,19869838,2.32E+14,55823,1708771,0.0837
6/19/19,116.5,118,119.2,114.3,116,115.8,116.77,17739731,2.07E+14,46893,1581953,0.0892
6/20/19,115.8,116.2,119,115.25,118.8,118.5,117.27,17575444,2.06E+14,49883,3055857,0.1739
6/21/19,118.5,118.6,119.45,117.2,118.2,118.05,118.14,19336018,2.28E+14,62543,5912046,0.3058
6/24/19,118.05,118.35,119.95,117.4,118.1,118.25,118.67,16957023,2.01E+14,50300,2894436,0.1707
6/25/19,118.25,118.2,120.4,117.7,119.75,120,119.27,14107941,1.68E+14,46204,2129001,0.1509
6/26/19,120,119.65,121.8,119.15,121.6,121.45,120.49,15346189,1.85E+14,48721,1957916,0.1276
6/27/19,121.45,122,123,120.25,121,121.4,121.67,43164548,5.25E+14,81400,19023205,0.4407
6/28/19,121.4,121,125.6,120.5,120.9,121.6,123.04,36026820,4.43E+14,101863,8541314,0.2371
7/1/19,121.6,122.9,123,119.85,121.2,121.25,121.11,17877613,2.17E+14,51882,3162173,0.1769
7/2/19,121.25,121.7,121.95,120.1,120.2,120.5,120.83,13541937,1.64E+14,36391,2331751,0.1722
7/3/19,120.5,120.9,126.15,119.55,125.8,125.5,123.36,36076430,4.45E+14,118140,13209961,0.3662
7/4/19,125.5,126,131,126,129.6,129.4,129.07,44586582,5.75E+14,151058,11194421,0.2511
7/5/19,129.4,130,132.85,127.2,129.85,130.45,130.56,46003784,6.01E+14,140909,7392352,0.1607
7/8/19,130.45,130.2,130.9,123.1,124.6,124.65,125.83,31279495,3.94E+14,92388,5693579,0.182
7/9/19,124.65,123.9,126.4,122.75,125.85,125.9,125.27,14869226,1.86E+14,48204,893688,0.0601
7/10/19,125.9,126.75,127.25,123.7,124,124.25,125.13,15786409,1.98E+14,50396,1456520,0.0923
7/11/19,124.25,125,126.5,123.9,126,126,125.21,14450972,1.81E+14,46712,1170301,0.081
7/12/19,126,125.95,127.3,124.95,125.8,125.95,126,12403617,1.56E+14,35127,845987,0.0682
7/15/19,125.95,125.5,125.7,121.65,122.1,122,122.79,15285529,1.88E+14,46167,1587177,0.1038
7/16/19,122,121,124.7,120.5,124.25,124.2,122.2,19467661,2.38E+14,55153,3521805,0.1809
7/17/19,124.2,124.2,128.4,123.25,128,127.3,125.29,17922297,2.25E+14,60379,3070610,0.1713
7/18/19,127.3,127.35,127.35,121.05,121.4,121.35,123.23,21215697,2.61E+14,66205,3491455,0.1646
7/19/19,121.35,122.25,122.7,116.85,118,118,119.07,19834528,2.36E+14,72017,3533897,0.1782
7/22/19,118,118,119.35,115.85,118.45,118.35,117.69,18668714,2.20E+14,55775,3456730,0.1852
7/23/19,118.35,118.8,119.15,112.05,112.55,112.5,115.26,27847381,3.21E+14,96454,6992591,0.2511
7/24/19,112.5,112.6,113.75,109.2,109.5,110.2,111.7,20247743,2.26E+14,71682,2317122,0.1144
7/25/19,110.2,110.4,111.1,108.3,110,109.55,109.67,18973739,2.08E+14,64884,2929554,0.1544
7/26/19,109.55,112,114.2,110,112.35,112.55,112.61,32878840,3.70E+14,108936,4548278,0.1383
7/29/19,112.55,112.5,112.85,108.6,108.8,109,110.17,21977839,2.42E+14,68835,3666727,0.1668
7/30/19,109,109.1,109.9,101.35,102.75,102.65,105.3,27282787,2.87E+14,82267,4769857,0.1748
7/31/19,102.65,102.35,107.4,101.7,106.75,106.7,105.21,24435796,2.57E+14,77186,3494581,0.143
8/1/19,106.7,105,107.15,102.8,105.5,105.55,105.38,22516129,2.37E+14,68160,3026508,0.1344
8/2/19,105.55,104.6,107,102.9,105.2,104.9,105.03,24790865,2.60E+14,75434,1462037,0.059
8/5/19,104.9,104.2,104.2,99.2,103.25,103.15,101.85,26343953,2.68E+14,78996,2648685,0.1005
8/6/19,103.15,102,105.2,101.85,104.55,104.2,104.07,19905572,2.07E+14,65699,1572768,0.079
8/7/19,104.2,104.4,105.75,97.05,97.55,97.6,101.36,34519236,3.50E+14,124880,7337318,0.2126
8/8/19,97.6,98.45,101.1,96.5,100.7,100.05,98.26,36696809,3.61E+14,107224,6372586,0.1737
8/9/19,100.05,100.75,101.7,98.7,100.1,99.85,100.29,20365591,2.04E+14,61617,1637106,0.0804
8/13/19,99.85,100,102.4,97.1,97.6,98.1,99.16,22374374,2.22E+14,71884,3384150,0.1513
8/14/19,98.1,98.35,101.5,98.1,100.85,101.1,100.03,21623579,2.16E+14,56046,3718391,0.172
8/16/19,101.1,100.05,103.25,99.45,102.35,102.45,101.75,24121786,2.45E+14,150629,3896338,0.1615
8/19/19,102.45,102.7,103.2,101.15,102.65,102.6,102.34,19400781,1.99E+14,97399,3171542,0.1635
8/20/19,102.6,102.25,102.25,97.85,98.7,98.7,99.4,25137708,2.50E+14,66836,4740096,0.1886
8/21/19,98.7,98.7,99.7,93.3,94.2,94.85,96.22,30942720,2.98E+14,82564,6126783,0.198
8/22/19,94.85,94.3,95,89.65,91.4,90.65,92.81,32838820,3.05E+14,86017,6294006,0.1917
8/23/19,90.65,90.75,94.6,89.9,93.5,93.5,92.77,26850219,2.49E+14,75633,3895110,0.1451
8/26/19,93.5,99.9,99.9,91.5,94.9,95.05,95.07,43374486,4.12E+14,113109,5954097,0.1373
8/27/19,95.05,97,99.2,96.65,97.2,97.3,97.82,35349172,3.46E+14,110841,5083350,0.1438
8/28/19,97.3,97.2,97.65,93.75,94.5,94.5,95.43,24947200,2.38E+14,74304,4435153,0.1778
8/29/19,94.5,94,96,91.35,92.2,91.8,93.23,28470571,2.65E+14,67298,4505556,0.1583
8/30/19,91.8,92.3,93.55,89.1,92.8,92.6,91.33,39229554,3.58E+14,122898,5599644,0.1427
9/3/19,92.6,92,93.45,90.3,90.9,91.45,91.85,27311759,2.51E+14,72404,3132731,0.1147
9/4/19,91.45,91.4,93.7,91,93.3,93.3,92.57,29081927,2.69E+14,66895,3076886,0.1058
9/5/19,93.3,93.65,96,91.8,94,93.75,93.17,23259084,2.17E+14,58699,1716246,0.0738
9/6/19,93.75,94,95.4,93.15,94.45,94.4,94.04,19983569,1.88E+14,50051,1647904,0.0825
9/9/19,94.4,94,96.25,93.3,95.45,95.55,95.1,18357251,1.75E+14,56932,2513755,0.1369
9/11/19,95.55,95.55,99.65,95.55,98.9,99.05,98.07,21886257,2.15E+14,72340,2983326,0.1363
9/12/19,99.05,99.55,102.5,98.9,100.9,101.1,101.04,37650231,3.80E+14,97341,8374885,0.2224
9/13/19,101.1,100.8,101.4,96.75,100,99.95,98.68,32807009,3.24E+14,91335,3363330,0.1025
9/16/19,99.95,98.95,100.25,97.5,98.55,98.85,99.12,17038914,1.69E+14,54815,1769970,0.1039
9/17/19,98.85,98.55,99.5,94.9,95.05,95.15,97.12,19835966,1.93E+14,53752,2681371,0.1352
9/18/19,95.15,95.9,96.9,94.35,96.1,95.95,95.89,20640002,1.98E+14,48804,1740318,0.0843
9/19/19,95.95,95.95,96,93.75,95,94.6,94.64,18279548,1.73E+14,42303,1182055,0.0647
9/20/19,94.6,94.7,102.75,90.75,100.1,100.3,97.35,70332391,6.85E+14,165486,11601981,0.165
9/23/19,100.3,102.95,103.15,98.5,100.25,100.7,100.41,48127877,4.83E+14,109333,9107521,0.1892
9/24/19,100.7,100,101.6,98.75,98.8,99.2,99.95,23331962,2.33E+14,56904,2389154,0.1024
9/25/19,99.2,98.15,98.4,93,93.25,93.5,95.43,23376094,2.23E+14,63633,4006020,0.1714
9/26/19,93.5,93.95,97.75,93.75,95.1,95.75,96.03,29876161,2.87E+14,75574,2805500,0.0939
9/27/19,95.75,94.5,96.7,93.85,95.5,95.1,95.17,23168151,2.20E+14,58348,1875210,0.0809
9/30/19,95.1,95.1,95.5,91.5,93.2,93.05,92.84,26815456,2.49E+14,60735,4529334,0.1689
10/1/19,93.05,94,94.8,85.65,92.6,91.3,91.14,37248976,3.39E+14,89573,4197989,0.1127
10/3/19,91.3,90.75,93.1,89.4,90.9,90.9,91.33,32868099,3.00E+14,78416,4584591,0.1395
10/4/19,90.9,92,92.45,88,88.15,88.6,90.41,26723333,2.42E+14,84440,3078520,0.1152
10/7/19,88.6,88.25,89.65,85.75,86.85,87.25,87.07,32910801,2.87E+14,74382,3917477,0.119
10/9/19,87.25,86.2,91.6,86,91.1,91.05,89.06,29668675,2.64E+14,81565,3156842,0.1064
10/10/19,91.05,89.9,89.9,87.25,87.75,87.8,88.21,23558861,2.08E+14,63980,1860855,0.079
10/11/19,87.8,88.45,91.2,86.3,90.8,90.85,88.95,36434582,3.24E+14,93415,4081438,0.112
10/14/19,90.85,88,91,87.25,87.95,88.3,89.33,32891475,2.94E+14,84802,3070785,0.0934
10/15/19,88.3,88.25,88.75,86.8,87.9,88,87.99,25324047,2.23E+14,65283,2820412,0.1114
10/16/19,88,88.25,89.85,87,87.2,87.3,88.28,21601532,1.91E+14,59645,3010559,0.1394
10/17/19,87.3,87.3,89.45,86.3,88.9,89,87.93,33807958,2.97E+14,102478,8935746,0.2643
10/18/19,89,88.9,90.85,88.15,89.55,89.8,89.92,26210863,2.36E+14,73734,4229940,0.1614
10/22/19,89.8,89.5,92.6,89.05,90.15,90.15,90.91,24388459,2.22E+14,67482,2642106,0.1083
10/23/19,90.15,90.1,92.95,89.5,92.7,92.45,91.56,22808547,2.09E+14,58910,2637824,0.1157
10/24/19,92.45,92.7,93.6,87.95,89.9,89.9,91.36,26248072,2.40E+14,82133,3115234,0.1187
10/25/19,89.9,90,92.15,88.7,91.5,91.55,90.38,31767476,2.87E+14,64884,4921761,0.1549
10/27/19,91.55,92,92.45,91.3,91.4,91.6,91.82,2519207,2.31E+13,10379,785906,0.312
10/29/19,91.6,90.1,93.6,90.1,93.15,93.05,92.46,19787731,1.83E+14,51078,2478504,0.1253
10/30/19,93.05,93.4,97.1,92.8,95.75,95.55,95.2,31568294,3.01E+14,83607,5722005,0.1813
10/31/19,95.55,96.25,99,95.65,97.3,97.2,97.21,43288594,4.21E+14,114100,7844703,0.1812
11/1/19,97.2,97.5,100.95,96.9,99.9,100,99.78,39869804,3.98E+14,99682,5949636,0.1492
11/4/19,100,100.45,103.75,100.35,102.1,101.95,102.23,33014625,3.38E+14,80631,4501205,0.1363
11/5/19,101.95,102.15,103.95,101.3,101.7,101.9,102.59,32355920,3.32E+14,81103,5707024,0.1764
11/6/19,101.9,101.7,101.9,98.75,99.05,99.45,100.17,30831213,3.09E+14,71433,3473594,0.1127
11/7/19,99.45,99.9,100.65,95.65,96.4,96.2,97.8,34005915,3.33E+14,78282,6793427,0.1998
11/8/19,96.2,95.7,97.15,93.35,93.9,93.8,95.23,36265152,3.45E+14,89956,4987151,0.1375
11/11/19,93.8,94,98.9,94,96.75,96.5,96.85,42257119,4.09E+14,105184,4864984,0.1151
11/13/19,96.5,97,97.35,93,93.45,93.35,95.35,23333054,2.22E+14,59922,2588186,0.1109
11/14/19,93.35,93.5,94,90.65,93.05,93.3,92.65,29659716,2.75E+14,75096,3134730,0.1057
11/15/19,93.3,93.65,96.55,93.65,94.3,94.3,95.11,34167904,3.25E+14,80096,3018363,0.0883
11/18/19,94.3,94.9,96.2,94.3,96,95.9,95.35,20091100,1.92E+14,51999,3072747,0.1529
11/19/19,95.9,96,99.55,95.8,99.4,99,97.72,34458756,3.37E+14,85730,5118744,0.1485
11/20/19,99,100,101.35,98.05,98.45,98.9,99.54,34325824,3.42E+14,81229,3931166,0.1145
11/21/19,98.9,99.35,100.5,98.35,98.6,98.6,99.38,23420705,2.33E+14,60343,3549729,0.1516
11/22/19,98.6,99,99.8,98.4,99.1,99.1,98.97,19122025,1.89E+14,51119,1864782,0.0975
11/25/19,99.1,99.1,100.9,98.9,100.7,100.55,99.89,17679743,1.77E+14,51331,2875686,0.1627
11/26/19,100.55,100.95,103.15,99.1,100.1,99.9,101.48,32085550,3.26E+14,81841,3521698,0.1098
11/27/19,99.9,100.3,102.7,99.4,102.35,102.15,100.76,21675598,2.18E+14,57148,3366764,0.1553
11/28/19,102.15,102.85,106.8,102.6,106.55,106.4,104.91,46186176,4.85E+14,129018,7112533,0.154
11/29/19,106.4,106.95,108.25,104.5,104.7,104.9,106.45,36061330,3.84E+14,92980,4644815,0.1288
12/2/19,104.9,105,106.15,104.05,104.4,104.4,104.73,17206241,1.80E+14,40417,1824482,0.106
12/3/19,104.4,104.4,105,100.55,100.95,101.1,102.06,23193098,2.37E+14,51585,2487490,0.1073
12/4/19,101.1,101,104,100.05,103.9,103.75,102.58,25535652,2.62E+14,62457,2084835,0.0816
12/5/19,103.75,104.85,105.65,101.65,102.15,102.25,103.75,30318270,3.15E+14,83229,3144310,0.1037
12/6/19,102.25,103.3,103.65,96.2,96.55,97.05,99.2,38792538,3.85E+14,106066,5902245,0.1521
12/9/19,97.05,97.05,98.4,95.5,96.9,96.95,97.19,32714343,3.18E+14,74720,2477539,0.0757
12/10/19,96.95,97.75,98.05,95.2,95.7,95.6,96.88,26343866,2.55E+14,61890,2151085,0.0817
12/11/19,95.6,95.75,96.5,94.2,96,95.7,95.44,18308976,1.75E+14,45867,1472252,0.0804
12/12/19,95.7,96.3,98.3,95.75,97.5,97.9,96.93,18708706,1.81E+14,47502,3297730,0.1763
12/13/19,97.9,98.45,102.15,98.2,101.95,101.75,100.77,34076279,3.43E+14,81322,5090393,0.1494
12/16/19,101.75,102.2,102.2,100.35,100.95,101,101.15,18058824,1.83E+14,41560,1564876,0.0867
12/17/19,101,101.45,103.5,101.15,102,102.2,102.44,22444734,2.30E+14,58353,2104332,0.0938
12/18/19,102.2,101.45,101.6,98.5,99,98.9,99.36,27067150,2.69E+14,73727,2819089,0.1042
12/19/19,98.9,98.45,99.35,97.65,98.65,98.55,98.48,22316938,2.20E+14,51442,2822658,0.1265
12/20/19,98.55,99.05,101.25,99,100.55,100.7,100.59,24865061,2.50E+14,60240,2556169,0.1028
12/23/19,100.7,100.6,101.1,99.2,99.95,99.7,100.19,19266221,1.93E+14,40497,2129872,0.1105
12/24/19,99.7,99.8,100.65,99.6,99.9,99.9,100.02,14586094,1.46E+14,27156,1153623,0.0791
12/26/19,99.9,100.3,100.35,98.55,99.1,99.05,99.38,19910616,1.98E+14,35008,2259643,0.1135
12/27/19,99.05,99.65,104.6,99.6,104,104.25,103.4,44118153,4.56E+14,96049,6157298,0.1396
12/30/19,104.25,104.05,104.35,102.05,102.95,102.9,103.12,18622914,1.92E+14,43327,1569663,0.0843
12/31/19,102.9,102.9,103.2,101.55,101.65,101.9,102.35,15943079,1.63E+14,36801,1424431,0.0893
1/1/20,101.9,102.25,102.7,101.3,102,101.9,101.93,12896434,1.31E+14,27102,1106315,0.0858
1/2/20,101.9,102.1,104.85,101.75,104.45,104.45,103.29,18704405,1.93E+14,42432,2480926,0.1326
1/3/20,104.45,103.95,103.95,100.1,101.25,100.85,101.93,24439056,2.49E+14,55406,4308223,0.1763
1/6/20,100.85,99.95,99.95,95.35,95.8,95.8,96.72,30549236,2.95E+14,70780,6614515,0.2165
1/7/20,95.8,97.6,98.15,94.75,96,96.15,96.44,31124816,3.00E+14,67721,3647586,0.1172
1/8/20,96.15,94,95.8,93.5,95.1,95.3,94.82,26770478,2.54E+14,55321,1786923,0.0667
1/9/20,95.3,97.25,98,96.55,97.2,97.3,97.38,21511429,2.09E+14,48279,2901560,0.1349
1/10/20,97.3,97.75,98.95,96.65,96.85,97.05,97.73,22583687,2.21E+14,53013,1650105,0.0731
1/13/20,97.05,97.4,98.1,97,97.6,97.55,97.53,15182504,1.48E+14,31193,1017380,0.067
1/14/20,97.55,97.9,98.7,96.45,97.9,97.8,97.76,14721468,1.44E+14,34354,1324821,0.09
1/15/20,97.8,97.6,98.3,96.3,98.05,98,97.42,17552783,1.71E+14,38423,1518831,0.0865
1/16/20,98,98,99,97.35,97.55,97.65,98.15,15395112,1.51E+14,33619,1228641,0.0798
1/17/20,97.65,96,98.25,95.1,97.3,97.35,97.24,16846301,1.64E+14,35375,1034536,0.0614
1/20/20,97.35,97.85,97.85,94.3,94.5,94.7,95.72,20296585,1.94E+14,47021,3718882,0.1832
1/21/20,94.7,94.7,95.7,94.1,94.8,94.75,94.88,16440135,1.56E+14,39772,1650652,0.1004
1/22/20,94.75,95.5,95.75,93.5,94.4,94.3,94.37,16534303,1.56E+14,39152,2658379,0.1608
1/23/20,94.3,94.2,96.25,94,95.25,94.9,95.31,17790397,1.70E+14,39161,2147682,0.1207
1/24/20,94.9,95,96.55,94.85,95.45,95.6,95.76,21508398,2.06E+14,50269,3401519,0.1581
1/27/20,95.6,93.25,93.9,92,92.6,92.35,92.72,44570494,4.13E+14,104988,10107367,0.2268
1/28/20,92.35,92.65,93.75,92.25,93.55,93.2,92.88,23833458,2.21E+14,45729,5710628,0.2396
1/29/20,93.2,93.75,94.2,93.35,93.65,93.7,93.72,14424795,1.35E+14,27058,1626579,0.1128
1/30/20,93.7,93.5,93.55,92,93,93.1,92.73,18403471,1.71E+14,36972,3284501,0.1785
1/31/20,93.1,93.5,94.1,92.4,92.45,92.7,93.26,22498038,2.10E+14,42699,3818615,0.1697
2/1/20,92.7,92.7,93.25,88.1,88.45,89.3,91.27,16187871,1.48E+14,38411,2964136,0.1831
2/3/20,89.3,88.9,89.3,85.4,85.9,85.9,86.89,27702836,2.41E+14,79940,5977690,0.2158
2/4/20,85.9,86.8,87.9,86.1,87.05,87.1,87.09,21444489,1.87E+14,45540,3168571,0.1478
2/5/20,87.1,87.5,88.7,87,88.25,88.15,87.94,18282043,1.61E+14,36303,1985948,0.1086
2/6/20,88.15,88.6,92.5,88,91.55,91.65,90.44,31183865,2.82E+14,65965,4186155,0.1342
2/7/20,91.65,91.55,92.75,90.25,91.95,92.05,91.8,19744328,1.81E+14,40116,1064389,0.0539
2/10/20,92.05,91.85,92.3,89.6,90.1,90.1,90.68,12920134,1.17E+14,31583,920913,0.0713
2/11/20,90.1,90.8,91.6,90,90.35,90.35,90.82,10892762,9.89E+13,24035,905359,0.0831
2/12/20,90.35,90.55,91.2,87.55,88.25,88.25,89.01,15597107,1.39E+14,38302,1719099,0.1102
2/13/20,88.25,88.25,89.1,87.75,88.1,88.05,88.37,14891172,1.32E+14,28989,1690878,0.1135
2/14/20,88.05,88.15,88.95,86.1,86.4,86.45,87.37,15401905,1.35E+14,32088,2191300,0.1423
2/17/20,86.45,85.3,86.35,82,82.25,82.3,83.6,22256419,1.86E+14,55335,5238297,0.2354
2/18/20,82.3,82.25,82.4,78.2,81,81,80.04,28227097,2.26E+14,78859,4326232,0.1533
2/19/20,81,81.7,82.6,80.2,80.95,81.1,81.15,15937963,1.29E+14,35124,1232031,0.0773
2/20/20,81.1,80.35,83.25,80.3,82.3,82.25,81.95,18131343,1.49E+14,39573,1644020,0.0907
2/24/20,82.25,80.9,82.1,79.7,80.05,79.9,80.96,15685366,1.27E+14,32639,2228157,0.1421
2/25/20,79.9,80.5,81.2,79.4,80.1,80.05,80.27,13755466,1.10E+14,29560,782215,0.0569
2/26/20,80.05,79.25,81.05,79.05,80.35,80.2,80.16,15584386,1.25E+14,29435,1466395,0.0941
2/27/20,80.2,80,80.35,77.2,78,78.3,78.41,23401192,1.83E+14,48616,3860950,0.165
2/28/20,78.3,76.4,77.6,73.3,76.7,76.3,75.96,34963801,2.66E+14,75067,7153586,0.2046
3/2/20,76.3,77.5,78.35,70.35,70.9,71.15,74.58,40961015,3.05E+14,68502,9310297,0.2273
3/3/20,71.15,71.25,73.4,71,73.15,72.9,72.24,23348154,1.69E+14,52827,2632512,0.1128
3/4/20,72.9,73.05,74.15,71.25,73.4,73.3,72.56,24339350,1.77E+14,49448,2580627,0.106
3/5/20,73.3,73.2,75.35,70.65,73.35,73.65,73.42,27590830,2.03E+14,59804,2152150,0.078
3/6/20,73.65,69.8,72.65,68.75,71.6,71.75,71.41,22864611,1.63E+14,43441,5358720,0.2344
3/9/20,71.75,69.7,72.6,68.5,69.2,69.35,70.41,25784509,1.82E+14,63778,5555913,0.2155
3/11/20,69.35,69.75,70.65,65.3,65.4,66.6,68.48,26739880,1.83E+14,59483,5532328,0.2069
3/12/20,66.6,62.1,62.95,56.15,56.7,56.65,59.56,34996609,2.08E+14,86171,6334530,0.181
3/13/20,56.65,51.05,66.35,46.5,66.2,65.35,60.42,47239305,2.85E+14,115424,11134053,0.2357
3/16/20,65.35,62,64.45,60.3,63.5,63.7,62.97,26404821,1.66E+14,68277,3955694,0.1498
3/17/20,63.7,63.8,69.6,62.15,64.65,66.15,66.56,31265474,2.08E+14,82785,5458144,0.1746
3/18/20,66.15,66,67.3,63,65,65.15,65,31395519,2.04E+14,83006,7207259,0.2296
3/19/20,65.15,60.3,69,60.2,62.05,61.45,64.18,40171354,2.58E+14,100607,10888329,0.271
3/20/20,61.45,62.05,66.9,61.85,63.25,63.25,64.11,31616861,2.03E+14,95549,4924879,0.1558
3/23/20,63.25,57.5,60.95,52.9,53.45,53.85,55.13,17303722,9.54E+13,70183,6314699,0.3649
3/24/20,53.85,55.05,56.9,51.7,55.9,55.4,54.78,19142565,1.05E+14,84952,2805381,0.1466
3/25/20,55.4,53.1,59.95,52.8,59.2,58.2,57.2,24727759,1.41E+14,116041,6123128,0.2476
3/26/20,58.2,59.2,60.05,54.75,55.8,55.95,57.39,30819558,1.77E+14,99986,8064208,0.2617
3/27/20,55.95,57.3,61.5,53.35,53.8,54.35,57.01,38984067,2.22E+14,121811,7009184,0.1798
3/30/20,54.35,52.1,53.85,51.3,52.3,52.45,52.57,18353478,9.65E+13,55104,4069111,0.2217
3/31/20,52.45,53.4,56.2,51.6,56,53.55,52.55,22322052,1.17E+14,67696,6153079,0.2757
4/1/20,53.55,54,54.35,50.8,51.25,51.25,51.75,16340613,8.46E+13,62068,4049389,0.2478
4/3/20,51.25,51.25,51.3,48.5,48.6,48.7,49.48,20739757,1.03E+14,66487,6894032,0.3324
4/7/20,48.7,50.25,50.9,47.7,48,48.15,48.55,25467272,1.24E+14,79757,8330499,0.3271
4/8/20,48.15,48,51.5,47.3,48.45,48.35,49.34,27159204,1.34E+14,77070,3236560,0.1192
4/9/20,48.35,49,51.9,48.8,50.7,50.9,50.3,26081928,1.31E+14,79886,4335836,0.1662
4/13/20,50.9,50.9,51.2,48.7,49.65,49.85,49.61,14157206,7.02E+13,50041,2473103,0.1747
4/15/20,49.85,50.2,51.9,48.5,49.05,48.95,50.38,20243132,1.02E+14,57550,3970190,0.1961
4/16/20,48.95,49.15,50.2,48.25,49.7,49.6,49.36,19193391,9.47E+13,54357,3681856,0.1918
4/17/20,49.6,51.25,52.35,49.05,50.2,50.2,50.52,35113747,1.77E+14,96344,9230762,0.2629
4/20/20,50.2,51,53.2,49.65,51.15,51.2,51.51,47815278,2.46E+14,128289,9011332,0.1885
4/21/20,51.2,49.8,50,48.4,48.45,48.55,48.96,23452461,1.15E+14,64444,6504170,0.2773
4/22/20,48.55,48.5,48.75,47,48.5,48.3,47.85,26228382,1.26E+14,75211,5553687,0.2117
4/23/20,48.3,48.6,49.2,48,48.35,48.45,48.58,16711767,8.12E+13,59246,2652505,0.1587
4/24/20,48.45,47.65,48,46.1,46.4,46.35,47.09,18988577,8.94E+13,65730,6233363,0.3283
4/27/20,46.35,47.25,47.8,46.55,46.6,46.75,47,17015660,8.00E+13,52575,4015972,0.236
4/28/20,46.75,47,47.5,46.7,47.45,47.3,47.12,17324240,8.16E+13,53714,4831520,0.2789
4/29/20,47.3,47.55,48.65,47.2,47.9,48.1,48.08,26517815,1.27E+14,76515,7356426,0.2774
4/30/20,48.1,49,51.25,48.4,49.25,49.2,49.79,41912287,2.09E+14,130449,9929052,0.2369
5/4/20,49.2,48,48,45.5,45.9,45.85,46.2,23190611,1.07E+14,104278,8699819,0.3751
5/5/20,45.85,46.5,46.5,43.8,44,44,44.96,26004754,1.17E+14,105286,8429233,0.3241
5/6/20,44,44,44.2,41.8,42.35,42.3,42.49,33143287,1.41E+14,103260,7803490,0.2354
5/7/20,42.3,42,43.25,41.6,42.55,42.5,42.5,17318857,7.36E+13,45933,2237771,0.1292
5/8/20,42.5,43,43.35,41,41.05,41.1,42.06,19319628,8.13E+13,68299,4463574,0.231
5/11/20,41.1,41.85,41.85,40.55,40.9,41,41.17,19453329,8.01E+13,56499,3756451,0.1931
5/12/20,41,40.6,41.55,39.35,41.05,41.05,40.26,24650912,9.93E+13,70181,4779802,0.1939
5/13/20,41.05,44,45.15,42.2,44.4,44.15,43.96,57646491,2.53E+14,126810,12063758,0.2093
5/14/20,44.15,43.6,44.9,42.85,43.25,43.15,43.62,26197647,1.14E+14,70311,4896088,0.1869
5/15/20,43.15,43.15,43.6,41.4,41.55,41.6,42.24,24229616,1.02E+14,68620,4938721,0.2038
5/18/20,41.6,41.5,41.7,38.35,38.6,38.6,39.16,35350236,1.38E+14,103094,8755418,0.2477
5/19/20,38.6,39,39.3,36.3,36.5,36.5,37.6,43613740,1.64E+14,115794,9798826,0.2247
5/20/20,36.5,36.15,37.2,36,36.7,36.65,36.62,28593606,1.05E+14,74423,5226074,0.1828
5/21/20,36.65,36.95,39.1,36.6,37.6,37.55,38.17,53394024,2.04E+14,129109,6573613,0.1231
5/22/20,37.55,37.7,39.25,36.75,37.6,37.45,37.91,51975877,1.97E+14,115405,6483716,0.1247
5/26/20,37.45,37.85,38.35,36.7,37.1,37.1,37.37,33532219,1.25E+14,68999,6732331,0.2008
5/27/20,37.1,37.3,38.9,36.75,38.55,38.5,37.78,43372765,1.64E+14,80576,7850612,0.181
5/28/20,38.5,38.55,39.95,38.3,38.6,38.6,39.11,51181791,2.00E+14,105058,10154499,0.1984
5/29/20,38.6,38.45,39.15,37.5,38.75,38.95,38.45,33859214,1.30E+14,67364,6260535,0.1849
6/1/20,38.95,39.7,42.8,39.4,42.6,42.45,41.24,78512223,3.24E+14,155088,13852878,0.1764
6/2/20,42.45,42.75,43.1,41.35,42.2,42.1,42.07,45380613,1.91E+14,95725,8352466,0.1841
6/3/20,42.1,42.9,45.1,42.3,43.05,43.15,43.63,73277842,3.20E+14,139033,12709553,0.1734
6/4/20,43.15,43.4,45.1,42.3,42.95,42.8,43.53,72267603,3.15E+14,139912,10658781,0.1475
6/5/20,42.8,43.25,47,43.15,46.95,46.5,44.84,77982876,3.50E+14,136839,16405546,0.2104
6/8/20,46.5,48,49,45.4,45.45,45.75,47.01,74318859,3.49E+14,161976,18013388,0.2424
6/9/20,45.75,45.75,47.55,44.4,45.7,45.8,46.04,71125810,3.27E+14,140152,8291288,0.1166
6/10/20,45.8,45.7,47.4,45.55,47.2,47,46.4,44737464,2.08E+14,93289,7618704,0.1703
6/11/20,47,47.2,47.95,45,45.2,45.15,46.55,53651971,2.50E+14,113530,9460787,0.1763
6/12/20,45.15,42,45.6,41.85,45.45,45.45,44.2,44355747,1.96E+14,82989,4937641,0.1113
6/15/20,45.45,45.2,46.3,43.65,45.95,45.95,45.1,50670538,2.29E+14,99966,5413242,0.1068
6/16/20,45.95,47,47.4,43.75,44.65,44.85,45.59,48131046,2.19E+14,95070,7666894,0.1593
6/17/20,44.85,44.5,45.65,43.85,44.8,44.9,44.95,39635625,1.78E+14,78185,4225738,0.1066
6/18/20,44.9,44.8,46.45,44.55,46,45.95,45.52,30460778,1.39E+14,72394,5810250,0.1907
6/19/20,45.95,46.45,47.5,45.9,46.9,47.05,46.86,48159332,2.26E+14,88335,11266739,0.2339
6/22/20,47.05,47.55,50.1,47.4,49.8,49.4,48.89,65558940,3.21E+14,128188,14761276,0.2252
6/23/20,49.4,50.6,51.05,49.5,50.55,50.5,50.39,64519345,3.25E+14,124021,11510303,0.2897
6/24/20,50.5,54.8,54.8,51.1,51.65,51.6,53.15,135178756,7.18E+14,269481,28184754,0.2085
6/25/20,51.6,51,53,50.1,52.35,52,51.68,63334346,3.27E+14,146199,7547851,0.1192
6/26/20,52,52.9,53.1,51.5,51.8,51.85,52.23,36651763,1.91E+14,88599,5942559,0.1621
6/29/20,51.85,51.5,51.5,48.95,49.25,49.25,49.68,33620836,1.67E+14,90559,6468627,0.1924
6/30/20,49.25,49.8,50.3,48.3,48.7,48.6,49.33,24094805,1.19E+14,59833,3208611,0.1332
7/1/20,48.6,48.65,51.7,48.2,51.4,51.4,50.35,56378625,2.84E+14,121346,10971154,0.1946
7/2/20,51.4,51.55,52.4,50.55,51.4,51.5,51.7,48639045,2.51E+14,97017,9990694,0.2054
7/3/20,51.5,51.6,51.85,50.55,50.6,50.75,51.03,26626325,1.36E+14,47615,3627731,0.1362
7/6/20,50.75,51,52,50.9,51.35,51.45,51.46,28186246,1.45E+14,54685,4753373,0.1686
7/7/20,51.45,51.4,51.4,49.7,50.65,50.8,50.54,36427755,1.84E+14,71144,6127349,0.1682
7/8/20,50.8,50.8,54.1,50.75,52.65,52.75,53.22,96884916,5.16E+14,186620,19993248,0.2064
7/9/20,52.75,53,53.5,51.9,52.85,52.8,52.75,37524641,1.98E+14,84599,4537352,0.1209
7/10/20,52.8,52.15,53.35,50.9,51.6,51.6,52,36913436,1.92E+14,84076,5408891,0.1465
7/13/20,51.6,52,52.45,50.15,50.5,50.55,50.94,31368155,1.60E+14,72709,6371886,0.2031
7/14/20,50.55,50.3,50.3,48.1,49.1,49,48.78,35213352,1.72E+14,91971,7894741,0.2242
7/15/20,49,49.5,49.9,47.2,47.65,47.55,48.81,31647989,1.54E+14,78956,6551457,0.207
7/16/20,47.55,48,48.35,46.9,48.1,48.1,47.68,22261907,1.06E+14,72480,2840343,0.1276
7/17/20,48.1,48.25,49.7,48.05,49.7,49.4,48.75,23124544,1.13E+14,56352,4752752,0.2055
7/20/20,49.4,49.45,50.3,48.4,48.75,48.65,49.24,33227141,1.64E+14,92163,8546979,0.2572
7/21/20,48.65,49.45,49.85,48.7,49.45,49.4,49.36,26867428,1.33E+14,70607,5141669,0.1914
7/22/20,49.4,49.5,49.95,48.35,48.7,48.7,48.95,27424762,1.34E+14,64274,3737067,0.1363
7/23/20,48.7,48.9,49.65,48.5,49.25,49.25,49.11,23215501,1.14E+14,57679,3760204,0.162
7/24/20,49.25,48.6,49.1,47.7,48.6,48.6,48.41,21490405,1.04E+14,47613,2601159,0.121
7/27/20,48.6,48.6,48.6,46.55,46.75,46.65,47.29,25755306,1.22E+14,51992,4965456,0.1928
7/28/20,46.65,46.8,47.25,45.95,46.95,46.8,46.58,20236662,9.43E+13,48568,2359110,0.1166
7/29/20,46.8,47,48.65,46.85,47.3,47.35,47.76,32650844,1.56E+14,65118,3676138,0.1126
7/30/20,47.35,47.7,47.9,45.7,45.9,45.95,46.82,24738511,1.16E+14,61635,5211554,0.2107
7/31/20,45.95,46,47.2,45.45,46.75,46.8,46.38,31805020,1.48E+14,61627,3772249,0.1186
8/3/20,46.8,46.45,47.5,46.2,46.65,46.85,47.04,20459853,9.63E+13,32075,2705185,0.1322
8/4/20,46.85,47,47.2,45.9,46.55,46.5,46.47,24687343,1.15E+14,56350,4250531,0.1722
8/5/20,46.5,46.7,47.45,46.25,46.4,46.35,46.77,25599111,1.20E+14,39845,4518324,0.1765
8/6/20,46.35,46.8,47.05,45.9,46.4,46.25,46.54,25765184,1.20E+14,50418,4446634,0.1726
8/7/20,46.25,46.4,48.85,46.1,48.6,48.35,47.51,37147126,1.76E+14,61202,8790808,0.2366
8/10/20,48.35,48.95,49.25,47.9,48.9,48.55,48.63,28220299,1.37E+14,70561,5180114,0.1836
8/11/20,48.55,47,48.4,46.7,47.2,47.1,47.36,36466171,1.73E+14,73253,8153359,0.2236
8/12/20,47.1,47.6,49.9,47.2,48.35,48.6,48.97,73914810,3.62E+14,133369,16753218,0.2267
8/13/20,48.6,48.8,49,47.8,48.1,48.1,48.3,21612267,1.04E+14,45239,5164294,0.239
8/14/20,48.1,48.5,48.5,45.8,46.15,46.1,46.95,40561827,1.90E+14,84631,12984338,0.3201
8/17/20,46.1,46.7,46.75,45.65,46.3,46.15,46.06,26149211,1.20E+14,68516,5793586,0.2216
8/18/20,46.15,46.4,46.65,45.65,46.5,46.5,46.15,34889564,1.61E+14,56483,8139382,0.2333
8/19/20,46.5,46.7,47.75,46.6,47.65,47.6,47.35,27392710,1.30E+14,46406,9218275,0.3365
8/20/20,47.6,47.15,48,46.4,47.35,47.45,47.52,22312375,1.06E+14,42659,7547171,0.3383
8/21/20,47.45,47.95,48.85,47.7,48.3,48.35,48.26,22911875,1.11E+14,44030,7752558,0.3384
8/24/20,48.35,48.7,48.8,47.5,48.3,48.35,48.08,39209571,1.89E+14,57939,9949094,0.2537
8/25/20,48.35,48.6,49.5,48.45,48.65,48.7,48.96,42069294,2.06E+14,62216,8482564,0.2016
8/26/20,48.7,48.55,49.1,48.15,48.5,48.45,48.51,24378055,1.18E+14,41209,4050023,0.1661
8/27/20,48.45,48.8,49.5,48.55,48.65,48.7,49.01,34037255,1.67E+14,57138,7413109,0.2178
8/28/20,48.7,49.05,52.2,48.9,51.6,51.6,51.3,101656705,5.21E+14,166161,25601111,0.2518
8/31/20,51.6,53.5,53.95,48.05,48.85,48.95,51.01,54489680,2.78E+14,109086,13710168,0.2516
9/1/20,48.95,49.5,49.8,46.85,47.95,47.55,47.98,43888630,2.11E+14,73251,7268265,0.1656
9/2/20,47.55,47.8,48.25,46.7,47.45,47.25,47.13,32628864,1.54E+14,58800,6644555,0.2036
9/3/20,47.25,47.8,47.95,47.05,47.15,47.3,47.38,20869935,9.89E+13,36243,3688048,0.1767
9/4/20,47.3,46.7,47.05,45.75,46.1,45.9,46.32,37394928,1.73E+14,67007,10539601,0.2818
9/7/20,45.9,46,46.5,45,46.35,46.2,45.61,30300185,1.38E+14,55507,5016615,0.1656
9/8/20,46.2,46.3,46.45,45.05,45.15,45.25,45.77,26695546,1.22E+14,41932,5522248,0.2069
9/9/20,45.25,44.8,44.8,43.8,44.6,44.35,44.23,19912040,8.81E+13,44930,5710039,0.2868
9/10/20,44.35,44.8,45.8,44.6,45.55,45.6,45.27,17529918,7.94E+13,34326,3860289,0.2202
9/11/20,45.6,45.5,46.1,45.3,45.9,45.95,45.75,13134359,6.01E+13,32890,3410544,0.2597
9/14/20,45.95,46.15,46.65,46,46,46.15,46.34,15548159,7.21E+13,27077,4302910,0.2767
9/15/20,46.15,46.25,46.7,45.65,46.55,46.55,46.31,12525342,5.80E+13,23809,3198255,0.2553
9/16/20,46.55,46.55,46.7,45.85,46.3,46.45,46.33,10519165,4.87E+13,21797,3624982,0.3446
9/17/20,46.45,45.8,46.3,45.5,45.55,45.6,45.81,12133544,5.56E+13,31405,5184248,0.4273
9/18/20,45.6,45.85,45.9,44.9,45.05,45.05,45.34,14231696,6.45E+13,30432,4735587,0.3327
9/21/20,45.05,45.3,45.3,42.5,42.6,42.85,43.78,23385146,1.02E+14,48369,7067410,0.3022
9/22/20,42.85,42.65,42.95,40.85,42.25,42.3,42.07,26903199,1.13E+14,41041,2523656,0.0938
9/23/20,42.3,42.7,42.8,40.85,41.5,41.55,41.73,23937793,9.99E+13,34952,3734179,0.156
9/24/20,41.55,40.75,41.2,39.65,39.75,39.85,40.08,21990482,8.81E+13,44256,5188558,0.2359
9/25/20,39.85,40.2,41.85,39.5,41.75,41.55,40.38,21522723,8.69E+13,38780,2755843,0.128
9/28/20,41.55,42.1,43.45,41.65,43.35,43.35,42.51,21365403,9.08E+13,35298,2845969,0.1332
9/29/20,43.35,43.4,43.6,40.7,41.4,41.35,41.74,31387377,1.31E+14,45756,4057526,0.1293
9/30/20,41.35,41.65,41.65,40.3,41,41.05,40.84,32131398,1.31E+14,40437,1674030,0.0521
10/1/20,41.05,41.35,42.6,41.35,41.8,41.95,41.93,21969216,9.21E+13,32880,2511758,0.1143
10/5/20,41.95,42.1,42.8,41.4,41.6,41.55,42.01,21951328,9.22E+13,34749,3530572,0.1608
10/6/20,41.55,41.8,42.25,40.8,42,42.05,41.64,29879396,1.24E+14,37418,8432715,0.2822
10/7/20,42.05,42,42.25,41.3,41.45,41.5,41.69,13209472,5.51E+13,19741,2112364,0.1599
10/8/20,41.5,41.85,43.45,41.6,42.6,42.6,42.8,29261228,1.25E+14,49415,5246360,0.1793
10/9/20,42.6,42.5,44.45,41.95,44.35,44.3,43.33,27478318,1.19E+14,44615,4254425,0.1548
10/12/20,44.3,44.4,45.55,41.2,41.9,41.8,43.06,36832859,1.59E+14,55521,7117799,0.1932
10/13/20,41.8,41.8,42.15,41.2,41.3,41.3,41.64,19646632,8.18E+13,40912,5070613,0.2581
10/14/20,41.3,41.5,42.25,40.35,41.9,42.05,41.27,17707254,7.31E+13,31541,3077590,0.1738
10/15/20,42.05,41.9,42.75,40,40.15,40.35,41.45,22011058,9.12E+13,41145,5474855,0.2487
10/16/20,40.35,40.7,41.1,39.9,40.4,40.3,40.55,18306969,7.42E+13,30638,4601703,0.2514
10/19/20,40.3,41,43.85,40.55,43.65,43.6,42.74,43038518,1.84E+14,74964,8197622,0.1905
10/20/20,43.6,43.05,43.25,41.45,42.05,41.85,42.08,38022299,1.60E+14,68154,8509559,0.2238
10/21/20,41.85,42.2,43.3,41.65,42.55,42.55,42.65,30555633,1.30E+14,51940,3925028,0.1285
10/22/20,42.55,42.4,43.2,41.85,42.75,42.85,42.48,27573809,1.17E+14,45546,5567094,0.2019
10/23/20,42.85,42.9,43.65,42.8,43.05,43.15,43.21,27661346,1.20E+14,40493,2945907,0.1065
10/26/20,43.15,43.05,43.75,42.55,42.7,42.7,43.08,33556100,1.45E+14,51598,3249636,0.0968
10/27/20,42.7,42.7,43.1,41.5,42.85,42.9,42.37,21932535,9.29E+13,37514,2711750,0.1236
10/28/20,42.9,42.8,43.2,41.65,42,42,42.48,20411304,8.67E+13,29101,3339890,0.1636
10/29/20,42,41.75,43.45,41.05,42.75,42.95,42.05,37139036,1.56E+14,59907,4526368,0.1219
10/30/20,42.95,43.25,43.45,41.35,41.65,41.7,42.12,45666121,1.92E+14,81893,6426636,0.1407
11/2/20,41.7,42.1,45.25,41.85,44.6,44.85,44,61695399,2.71E+14,115087,14970548,0.2427
11/3/20,44.85,44.6,45.75,43.8,44.85,45.05,44.64,38365746,1.71E+14,85056,4076230,0.1062
11/4/20,45.05,44.75,45.3,43.4,44.7,45.05,44.51,35144741,1.56E+14,55481,2772245,0.0789
11/5/20,45.05,45.3,46.55,45.05,45.6,45.75,45.7,31843085,1.46E+14,58285,4026362,0.1264
11/6/20,45.75,45.6,46.4,45.1,45.75,45.8,45.89,25675306,1.18E+14,43465,3639717,0.1418
11/9/20,45.8,46.35,47.4,46,46.75,46.75,46.66,30062307,1.40E+14,49698,5956334,0.1981
11/10/20,46.75,47,48.8,46.5,48.15,48.2,47.79,39007158,1.86E+14,69953,7931666,0.2033
11/11/20,48.2,48.3,48.9,46.7,47.1,47.2,47.69,35470779,1.69E+14,50271,3713700,0.1047
11/12/20,47.2,47.1,47.25,45.4,45.75,45.65,45.98,30619367,1.41E+14,54015,4897990,0.16
11/13/20,45.65,45.45,46.75,44.4,46.5,46.55,45.53,26724684,1.22E+14,42374,2851340,0.1067
11/14/20,46.55,47.15,47.2,46.4,46.5,46.65,46.77,2862425,1.34E+13,10047,1215268,0.4246
11/17/20,46.65,46.7,47.9,46.7,47.55,47.55,47.34,21494471,1.02E+14,35317,3404288,0.1584
11/18/20,47.55,47.15,49.9,47,49.25,49.6,49.05,52946624,2.60E+14,86650,10912879,0.2061
11/19/20,49.6,49.35,49.35,47.65,47.75,47.95,48.58,27880377,1.35E+14,52198,6447149,0.2312
11/20/20,47.95,47.95,48.3,47.2,47.5,47.55,47.68,17592043,8.39E+13,28891,3412613,0.194
11/23/20,47.55,47.85,48.2,46.7,46.95,46.9,47.27,20454971,9.67E+13,37162,5459278,0.2669
11/24/20,46.9,47.2,47.45,46,47.05,46.85,46.63,31404794,1.46E+14,48173,8370616,0.2665
11/25/20,46.85,47.55,50.7,47.3,48.95,49.05,49.2,95600102,4.70E+14,137035,18333437,0.1918
11/26/20,49.05,49.1,51.5,48.25,51.3,51.15,49.9,55805690,2.78E+14,93216,10431448,0.1869
11/27/20,51.15,51.15,52.5,50.6,51.2,51.35,51.45,61204165,3.15E+14,94088,8881589,0.1451
12/1/20,51.35,51.55,54.2,51.15,53.7,53.75,53.14,58316841,3.10E+14,90707,12211000,0.2094
12/2/20,53.75,53.95,55.25,53.05,54.2,54.1,54.13,61231380,3.31E+14,77421,12793241,0.2089
12/3/20,54.1,54.65,58.7,54.35,58.4,58.3,57.44,88098471,5.06E+14,142272,15735811,0.1786
12/4/20,58.3,58.9,59.75,56.6,59.05,59.05,58.26,73822092,4.30E+14,121571,8576327,0.1162
12/7/20,59.05,59.2,61,58.5,60,60.15,59.75,63605512,3.80E+14,89085,6892288,0.1084
12/8/20,60.15,60.15,66.15,59.9,66.15,65.2,62.6,134428758,8.41E+14,192269,17069391,0.127
12/9/20,65.2,67.35,67.6,64.2,65.1,65.6,65.75,115081316,7.57E+14,177753,24039595,0.2089
12/10/20,65.6,64.95,66.8,62.9,66.3,66.35,64.51,69017267,4.45E+14,118967,12446671,0.1803
12/11/20,66.35,66.35,68.25,65,65.35,65.45,66.65,73246944,4.88E+14,117512,14057190,0.1919
12/14/20,65.45,66.35,67.5,66.15,67.2,67,66.91,40028589,2.68E+14,70828,8978556,0.2243
12/15/20,67,67.15,68.1,65.5,66.9,67.15,66.57,43111626,2.87E+14,72643,6462710,0.1499
12/16/20,67.15,67.7,67.9,65.65,66.4,66.4,67.05,33186305,2.23E+14,57596,6677640,0.2012
12/17/20,66.4,66.4,67.15,63.35,63.65,63.8,65.51,39697753,2.60E+14,67368,8022045,0.2021
12/18/20,63.8,63.95,64.25,62,63.1,63.1,62.83,38450486,2.42E+14,66766,5884707,0.153
12/21/20,63.1,62.25,63.5,56.8,58.05,58.8,60.82,50895629,3.10E+14,84872,9464655,0.186
12/22/20,58.8,58.15,60,56.2,58.7,58.8,58,52670734,3.05E+14,93112,5833568,0.1108
12/23/20,58.8,58.8,60.8,58.35,60.65,60.55,59.82,32358417,1.94E+14,63071,4409314,0.1363
12/24/20,60.55,61.05,63.25,60.6,60.8,60.85,61.82,39083563,2.42E+14,62701,4817509,0.1233
12/28/20,60.85,61.5,62.95,61.25,62.5,62.4,62.35,27299489,1.70E+14,44727,3554658,0.1302
12/29/20,62.4,63,64.2,62.1,62.35,62.35,63.25,41508873,2.63E+14,68599,4576446,0.1103
12/30/20,62.35,63,63.25,60.75,62.05,62.1,61.64,33108560,2.04E+14,57846,4848663,0.1464
12/31/20,62.1,62.1,62.55,61.15,61.4,61.45,61.99,22488846,1.39E+14,45187,4386482,0.1951
1/1/21,61.45,61.8,64.8,61.6,64.45,64.5,63.71,43369915,2.76E+14,80984,9510434,0.2193
1/4/21,64.5,65.1,66.3,64.3,65.85,65.8,65.39,40279407,2.63E+14,71423,6165735,0.1531
1/5/21,65.8,65.2,66.25,64.8,65.45,65.6,65.59,31735002,2.08E+14,53267,4302635,0.1356
1/6/21,65.6,66,67.7,64.7,65.35,65.5,66.31,47643226,3.16E+14,77338,5991330,0.1258
1/7/21,65.5,66.5,67,65.75,66.15,66.15,66.31,27985323,1.86E+14,47092,4457570,0.1593
1/8/21,66.15,67,67.15,65.3,65.55,65.55,66.28,22794827,1.51E+14,37388,3569545,0.1566
1/11/21,65.55,66,66.15,63.75,64.3,64.25,64.61,23307584,1.51E+14,40459,3551349,0.1524
1/12/21,64.25,63.9,71.7,63.1,71.1,70.75,68.23,81300070,5.55E+14,135036,20053647,0.2467
1/13/21,70.75,72,76,70.05,75.35,75.25,73.46,127567552,9.37E+14,237155,19663296,0.1541
1/14/21,75.25,75.35,77.9,74.7,76.3,76.2,76.42,73557480,5.62E+14,153530,12122195,0.1648
1/15/21,76.2,76.5,77.8,72.85,75.4,75.15,75.61,61065625,4.62E+14,124394,10867273,0.178
1/18/21,75.15,75.45,77.1,72.05,72.1,73.05,74.57,58500838,4.36E+14,104803,8306827,0.142
1/19/21,73.05,73.45,75.95,73.2,75.65,75.75,74.73,36969600,2.76E+14,67895,5164676,0.1397
1/20/21,75.75,75.85,80.3,75.05,79.65,79.45,77.97,61542233,4.80E+14,125824,10146694,0.1649
1/21/21,79.45,80.15,80.8,75.15,76.9,76.3,78.39,53482170,4.19E+14,111839,8191357,0.1532
1/22/21,76.3,76.15,77.35,73,73.4,73.35,74.93,45531180,3.41E+14,88953,5912416,0.1299
1/25/21,73.35,74.6,76.15,70.4,73.7,73.85,73.66,53420249,3.93E+14,97487,4333857,0.0811
1/27/21,73.85,73.55,75.5,72,72.8,74.05,73.84,72480794,5.35E+14,143013,6294922,0.0868
1/28/21,74.05,72.45,72.8,64.5,66.65,66.75,67.26,153754944,1.03E+15,301041,26562027,0.1728
1/29/21,66.75,67.95,70.15,66.4,68.15,68.05,68.01,72845577,4.95E+14,134302,7312986,0.1004
2/1/21,68.05,68.95,74.4,67.7,74.1,73.9,71.23,88439891,6.30E+14,181777,12784618,0.1446
2/2/21,73.9,75,76.95,73.35,74.7,74.65,75.07,73020753,5.48E+14,143252,9365252,0.1283
2/3/21,74.65,75.4,78.85,73.5,77.2,77.1,76.33,65076252,4.97E+14,123644,12603879,0.1937
2/4/21,77.1,77.1,83.1,76.1,81.8,82.05,80.04,95917593,7.68E+14,203969,17457880,0.182
2/5/21,82.05,83.7,89,81.7,82.8,82.5,85.22,121275419,1.03E+15,281652,19573672,0.1614
2/8/21,82.5,83.5,85.1,80.1,81.5,80.95,82.43,44535603,3.67E+14,109822,8794263,0.1975
2/9/21,80.95,81.4,83.15,78.95,80,80.2,81.05,56527410,4.58E+14,132051,8990112,0.159
2/10/21,80.2,80.1,81.1,78,79.65,79.7,79.57,43516962,3.46E+14,105336,7312091,0.168
2/11/21,79.7,79.65,81.2,76.85,77.25,77.2,78.49,65851076,5.17E+14,156698,16051152,0.2437
2/12/21,77.2,77.45,79.5,77,78.35,78.35,78.34,48490727,3.80E+14,104724,7045680,0.1453
2/15/21,78.35,79.1,80.7,78.6,79.65,79.55,79.56,39681236,3.16E+14,82810,7396792,0.1864
2/16/21,79.55,80.4,81.75,78.6,79.65,79.7,80.13,44803164,3.59E+14,94251,7361146,0.1643
2/17/21,79.7,79.6,85.5,79.15,84.15,84.2,83.1,109833018,9.13E+14,248130,19958786,0.1817
2/18/21,84.2,85.5,96.7,84.4,95.45,95.65,92.51,256891275,2.38E+15,530075,46472045,0.1809
2/19/21,95.65,95.95,99.85,88.65,91.5,91.2,94.53,184205581,1.74E+15,421744,18428897,0.1
2/22/21,91.2,91.4,93.75,88.8,89.25,89.55,91.2,75628484,6.90E+14,194964,9191315,0.1215
2/23/21,89.55,90.3,91.6,86.05,86.3,86.85,88.89,68592567,6.10E+14,159823,11912315,0.1737
2/24/21,86.85,87.4,90.3,86.4,88,88.35,88.9,40874043,3.63E+14,111272,8377744,0.205
2/25/21,88.35,89.9,90.65,89,90,89.95,89.93,52500068,4.72E+14,114541,9153568,0.1744
2/26/21,89.95,86.9,87.2,85,85.2,85.4,86.12,87811972,7.56E+14,222782,17459129,0.1988
3/1/21,85.4,85.4,86.35,82.9,83.5,83.35,84,51758155,4.35E+14,129322,11556175,0.2233
3/2/21,83.35,84,85.25,83.05,83.4,83.3,84.1,39147694,3.29E+14,97814,7686761,0.1964
3/3/21,83.3,84.1,86.9,84.1,85.95,85.6,85.75,55604904,4.77E+14,132258,9304088,0.1673
3/4/21,85.6,85,87.8,84.15,85.15,85.8,86.37,62171034,5.37E+14,135952,13291882,0.2138
3/5/21,85.8,85.2,85.8,79.5,80.95,80.65,82.17,100394468,8.25E+14,238968,41626830,0.4146
3/8/21,80.65,82,83.5,80.7,81.25,81.2,82.1,49714873,4.08E+14,133754,14333875,0.2883
3/9/21,81.2,82,82.65,78.65,80.45,80.3,80.64,35236058,2.84E+14,97224,10661651,0.3026
3/10/21,80.3,81.35,81.9,79.65,79.9,80,80.37,36342485,2.92E+14,93327,11705615,0.3221
3/12/21,80,80.75,80.9,76.6,77.9,77.35,78.57,54547934,4.29E+14,134096,17051094,0.3126
3/15/21,77.35,77.95,79.7,76,78.9,78.85,77.81,74971698,5.83E+14,151705,21537679,0.2873
3/16/21,78.85,79.5,79.95,76.4,78.8,78.85,78.6,65198270,5.12E+14,131557,16094953,0.2469
3/17/21,78.85,78.7,79,74.25,74.35,74.85,76.39,47739117,3.65E+14,124563,12713251,0.2663
3/18/21,74.85,75.9,76.95,70.9,72,71.95,73.95,61825454,4.57E+14,134570,14943176,0.2417
3/19/21,71.95,70.85,74.35,69.55,73.4,73.7,71.96,63657565,4.58E+14,145276,13887256,0.2182
3/22/21,73.7,73.8,74.65,71.75,72.45,72.45,72.91,43215479,3.15E+14,90179,9689849,0.2242
3/23/21,72.45,72.9,75.85,72.8,74.55,74.25,74.33,66644024,4.95E+14,137885,7972888,0.1196
3/24/21,74.25,74.35,75.15,71.35,71.95,71.8,72.9,53558041,3.90E+14,113005,15318800,0.286
3/25/21,71.8,72,72.3,68,70.05,70.05,69.98,57493782,4.02E+14,150705,10862398,0.1889
3/26/21,70.05,71.4,71.9,70.2,71.15,70.75,70.94,34963255,2.48E+14,74302,5436273,0.1555
3/30/21,70.75,71.9,74.2,70.85,72.6,72.25,72.26,83791986,6.06E+14,115646,37297507,0.4451
3/31/21,72.25,72.1,75.45,71.7,74.15,74.1,74.19,54265324,4.03E+14,113243,10458435,0.1927
4/1/21,74.1,74.8,76,73.5,75.65,75.6,74.77,38540206,2.88E+14,88768,6870594,0.1783
4/5/21,75.6,75.1,75.65,70.8,72.65,72.7,72.59,37343942,2.71E+14,95391,7096738,0.19
4/6/21,72.7,72.9,74.3,71.8,73.1,72.85,73.17,38056228,2.78E+14,75493,7080792,0.1861
4/7/21,72.85,72.9,75.55,72.25,74,74.1,74.29,40294171,2.99E+14,82239,7230222,0.1794
4/8/21,74.1,74.4,75.6,73.25,73.5,73.5,74.45,38186842,2.84E+14,72173,7822096,0.2048
4/9/21,73.5,73.4,77.4,72.9,74.15,74,75.41,57888088,4.37E+14,118956,8980432,0.1551
4/12/21,74,72,72,63.25,66.9,66.1,67.32,77084143,5.19E+14,197595,23592405,0.3061
4/13/21,66.1,67.15,69.3,66.3,68.9,68.9,67.91,49363120,3.35E+14,101154,9770150,0.1979
4/15/21,68.9,67.75,69.4,66.3,68.05,68.3,67.97,51164588,3.48E+14,97314,11024164,0.2155
4/16/21,68.3,68.3,69.5,67.05,67.2,67.35,68.14,36225190,2.47E+14,85809,6751193,0.1864
4/19/21,67.35,65,65,62.5,63.65,63.8,63.53,49914615,3.17E+14,126546,11530194,0.231
4/20/21,63.8,64.95,65.8,62.7,63.1,63.25,64.37,36714142,2.36E+14,78697,7564966,0.2061
4/22/21,63.25,62.05,64.2,61.75,62.9,63.05,63.4,45762152,2.90E+14,76200,12397177,0.2709
4/23/21,63.05,62.6,64.95,62.5,62.75,62.95,63.8,45619019,2.91E+14,73665,7970187,0.1747
4/26/21,62.95,63.5,64.45,63.2,63.45,63.55,63.8,34891753,2.23E+14,62953,6855281,0.1965
4/27/21,63.55,63.9,65.55,63.55,65.4,65.3,64.8,45483876,2.95E+14,80235,7545330,0.1659
4/28/21,65.3,66,68.15,65.75,67.6,67.75,67.09,47954929,3.22E+14,83992,9670918,0.2017
4/29/21,67.75,68.45,69.75,66.55,66.75,66.85,67.59,50981272,3.45E+14,75497,7445773,0.146
4/30/21,66.85,65.4,68.4,65.05,66.45,66.75,67.22,51182287,3.44E+14,88601,7380429,0.1442
5/3/21,66.75,65.95,66.95,64.35,66.7,66.65,65.89,44344732,2.92E+14,76778,5405289,0.1219
5/4/21,66.65,67.2,72.95,67.05,70.9,70.4,70.71,117824041,8.33E+14,221770,18606759,0.1579
5/5/21,70.4,72.1,72.95,70.85,72.4,72.35,71.98,66540783,4.79E+14,115976,17279041,0.2597
5/6/21,72.35,73,73,70.1,70.65,70.65,70.88,38260232,2.71E+14,74768,6342027,0.1658
5/7/21,70.65,71.1,71.7,69.85,70.5,70.55,70.65,26413730,1.87E+14,54850,3987884,0.151
5/10/21,70.55,71.35,74.4,70.7,73.4,73.45,73.17,50589470,3.70E+14,97141,11809846,0.2334
5/11/21,73.45,72.5,74.6,71.15,73.85,74.05,73.19,56166002,4.11E+14,103817,12272928,0.2185
5/12/21,74.05,74.05,79.95,73.9,77.5,77.4,77.61,128513179,9.97E+14,228504,24273422,0.1889
5/14/21,77.4,78.3,79.55,73.35,74,74,75.92,86863950,6.60E+14,163683,18437975,0.2123
5/17/21,74,74.8,77.75,73.8,77.15,77.1,76.41,73000338,5.58E+14,129690,19794756,0.2712
5/18/21,77.1,78.4,78.6,76.3,76.7,76.75,77.51,53617303,4.16E+14,100538,8348547,0.1557
5/19/21,76.75,76.6,78.25,76.15,76.5,76.7,77.1,54818016,4.23E+14,96836,11074817,0.202
5/20/21,76.7,77,77.6,75.9,76.85,76.5,76.65,57767243,4.43E+14,101967,15594144,0.2699
5/21/21,76.5,77.5,81.15,77.1,81,80.8,79.22,136879510,1.08E+15,229746,38470110,0.2811
5/24/21,80.8,82.3,83.35,80.35,81.35,81.35,81.78,129796622,1.06E+15,218619,29948066,0.2307
5/25/21,81.35,82.1,82.45,80.45,80.9,80.85,81.02,55767882,4.52E+14,101048,11116738,0.1993
5/26/21,80.85,81.35,82.3,80,80.55,80.6,81.22,54711508,4.44E+14,97343,8822292,0.1613
5/27/21,80.6,80.9,84.2,79.8,83.8,83.55,82.22,106192011,8.73E+14,167562,27032342,0.2546
5/28/21,83.55,84.4,84.6,81.8,83.85,83.85,83.41,93311026,7.78E+14,165472,14411060,0.1544
5/31/21,83.85,83,83.5,79.1,80.65,80.7,81.08,129974240,1.05E+15,233704,28312868,0.2178
6/1/21,80.7,81.05,81.25,78.8,79.3,79.35,80.01,59105829,4.73E+14,119450,19295443,0.3265
6/2/21,79.35,79.15,81.85,78.6,81.2,81.2,80.66,51078156,4.12E+14,103952,10804206,0.2115
6/3/21,81.2,81.95,82.8,81.5,81.7,81.8,82.09,42158361,3.46E+14,73710,15406691,0.3654
6/4/21,81.8,82.1,82.85,81.15,81.85,81.85,82.04,38123227,3.13E+14,75391,11955103,0.3136
6/7/21,81.85,82.6,84.1,81.85,82.65,82.9,82.85,48213715,3.99E+14,87880,11892766,0.2467
6/8/21,82.9,83,83.15,80.2,81.8,81.8,81.79,44246218,3.62E+14,81810,7933156,0.1793
6/9/21,81.8,83,86.25,81.15,82.1,81.85,83.9,103136300,8.65E+14,199411,22765752,0.2207
6/10/21,81.85,82.6,85.3,81.85,84.75,84.75,83.99,59937914,5.03E+14,115594,14827811,0.2474
6/11/21,84.75,84.75,85.9,84.2,84.45,84.45,84.96,37977268,3.23E+14,72764,9681040,0.2549
6/14/21,84.45,84,85.85,81,84.5,84.95,83.27,78345224,6.52E+14,133910,21211432,0.2707
6/15/21,84.95,84.5,86.45,84.1,85.05,85.1,85.43,41494997,3.54E+14,83821,14223316,0.3428
6/16/21,85.1,85,87,84.1,84.25,84.4,85.32,54675510,4.66E+14,99591,12840112,0.2348
6/17/21,84.4,83.7,84.6,81.3,81.7,81.9,83.02,50972723,4.23E+14,97911,12077344,0.2369
6/18/21,81.9,82.65,82.9,77.05,80.4,80.2,79.7,67649503,5.39E+14,139610,12423347,0.1836
6/21/21,80.2,78.3,82.8,77.4,82.25,82.4,80.66,59884792,4.83E+14,124603,13023327,0.2175
6/22/21,82.4,83.2,84.2,81.45,81.65,81.85,82.99,43437619,3.60E+14,92796,10742667,0.2473
6/23/21,81.85,82.55,83.65,81.25,82.3,82.3,82.63,48368946,4.00E+14,88106,9718007,0.2009
6/24/21,82.3,82.45,82.9,80.55,81.15,80.85,81.61,28655724,2.34E+14,54403,6089861,0.2125
6/25/21,80.85,81.6,84,81,83.5,83.5,83.09,49628774,4.12E+14,91121,13106112,0.2641
6/28/21,83.5,84.25,88.4,84.2,87.7,87.8,86.88,129796104,1.13E+15,242714,36265693,0.2794
6/29/21,87.8,87.95,88.9,86.4,87.1,87.1,87.68,63682439,5.58E+14,125437,10345636,0.1625
6/30/21,87.1,87.25,88.05,85.55,85.95,85.9,86.98,37370434,3.25E+14,71390,7327162,0.1961
7/1/21,85.9,86.35,87,85.3,86.3,86.05,86.21,31593866,2.72E+14,54102,4070423,0.1288