sn,symbol,companyName,industry,macro,sector,industryinfo,basicIndustry,totalMarketCap,ffmcap,impactCost,DailyVolatility,YearlyVol,ff_shares,total_shares,ff_per
1,20MICRONS,20 Microns Limited,Industrial Minerals,Commodities,Metals & Mining,Minerals & Mining,Industrial Minerals,928.56,510.7540076,0.17,3.39,64.77,19409235,35286338.59,55.00
3,360ONE,360 ONE WAM LIMITED,Stockbroking & Allied,Financial Services,Financial Services,Capital Markets,Stockbroking & Allied,35188.74,13377.81041,0.06,2.34,44.71,138651712,364706845.6,38.02
4,3IINFOLTD,3i Infotech Limited,Computers - Software & Consulting,Information Technology,Information Technology,IT - Software,Computers - Software & Consulting,502.11,449.3475352,0.13,2.99,57.12,151601733,169402834,89.49
5,3MINDIA,3M India Limited,Diversified,Diversified,Diversified,Diversified,Diversified,38128.83,9532.206526,0.07,1.8,34.39,2816268,11265071.15,25.00
7,5PAISA,5Paisa Capital Limited,Stockbroking & Allied,Financial Services,Financial Services,Capital Markets,Stockbroking & Allied,1600.34,537.2655491,0.11,2.4,45.85,10481185,31220054.62,33.57
8,63MOONS,63 moons technologies limited,Computers - Software & Consulting,Information Technology,Information Technology,IT - Software,Computers - Software & Consulting,1706.52,923.7931364,0.91,3.26,62.28,24943787,46078574.32,54.13
10,AAATECH,Aaa Technologies Limited,Consulting Services,Services,Services,Commercial Services & Supplies,Consulting Services,152.51,43.44601446,1.13,3.32,63.43,3653996,12826745.16,28.49
11,AADHARHFC,Aadhar Housing Finance Limited,Housing Finance Company,Financial Services,Financial Services,Finance,Housing Finance Company,18474.46,3508.577668,0.1,1.77,33.82,81613809,429738543.8,18.99
14,AARON,Aaron Industries Limited,Industrial Products,Industrials,Capital Goods,Industrial Manufacturing,Industrial Products,266.65,71.84554963,0.43,2.38,45.47,2821899,10473291.44,26.94
15,AARTECH,Aartech Solonics Limited,Heavy Electrical Equipment,Industrials,Capital Goods,Electrical Equipment,Heavy Electrical Equipment,171.9,81.17247907,0.67,2.91,55.6,12501537,26474665.02,47.22
16,AARTIDRUGS,Aarti Drugs Limited,Pharmaceuticals,Healthcare,Healthcare,Pharmaceuticals & Biotechnology,Pharmaceuticals,4693.28,1774.177834,0.08,2.09,39.93,34753728,91934965.72,37.80
17,AARTIIND,Aarti Industries Limited,Specialty Chemicals,Commodities,Chemicals,Chemicals & Petrochemicals,Specialty Chemicals,19275.15,10688.28188,0.03,2.33,44.51,201020912,362519277.8,55.45
18,AARTIPHARM,Aarti Pharmalabs Limited,Pharmaceuticals,Healthcare,Healthcare,Pharmaceuticals & Biotechnology,Pharmaceuticals,5346.93,2843.061304,0.09,2.6,49.67,48187480,90625932.2,53.17
19,AARTISURF,Aarti Surfactants Limited,Specialty Chemicals,Commodities,Chemicals,Chemicals & Petrochemicals,Specialty Chemicals,660.61,320.7696679,0.17,2.82,53.88,4107166,8458514.725,48.56
21,AARVI,Aarvi Encon Limited,Diversified Commercial Services,Services,Services,Commercial Services & Supplies,Diversified Commercial Services,195.15,51.63188406,0.4,3.12,59.61,3911506,14784090.91,26.46
22,AAVAS,Aavas Financiers Limited,Housing Finance Company,Financial Services,Financial Services,Finance,Housing Finance Company,13651.92,9849.275087,0.05,1.96,37.45,57097247,79141565.22,72.15
23,ABAN,Aban Offshore Limited,Offshore Support Solution Drilling,Energy,Oil Gas & Consumable Fuels,Oil,Offshore Support Solution Drilling,416.61,219.5551863,0.73,3.26,62.28,30758642,58365088.26,52.70
24,ABB,ABB India Limited,Heavy Electrical Equipment,Industrials,Capital Goods,Electrical Equipment,Heavy Electrical Equipment,164101.85,40495.90474,0.03,2.2,42.03,52293265,211908380.7,24.68
25,ABBOTINDIA,Abbott India Limited,Pharmaceuticals,Healthcare,Healthcare,Pharmaceuticals & Biotechnology,Pharmaceuticals,38408.28,9418.670233,0.05,1.38,26.36,3353511,13675240.33,24.52
26,ABCAPITAL,Aditya Birla Capital Limited,Investment Company,Financial Services,Financial Services,Finance,Investment Company,58614.81,15970.30759,0.05,2.16,41.27,709791449,2605102667,27.25
27,ABDL,Allied Blenders and Distillers Limited,Breweries & Distilleries,Fast Moving Consumer Goods,Fast Moving Consumer Goods,Beverages,Breweries & Distilleries,8698.99,1163.306658,0.08,1.38,26.36,37405359,279710289.4,13.37
28,ABFRL,Aditya Birla Fashion and Retail Limited,Speciality Retail,Consumer Discretionary,Consumer Services,Retailing,Speciality Retail,34753.01,12953.83753,0.07,2.33,44.51,399132261,1070806039,37.27
30,ABSLAMC,Aditya Birla Sun Life AMC Limited,Asset Management Company,Financial Services,Financial Services,Capital Markets,Asset Management Company,19532.1,4881.813316,0.1,2.01,38.4,72056285,288296679,24.99
31,ACC,ACC Limited,Cement & Cement Products,Commodities,Construction Materials,Cement & Cement Products,Cement & Cement Products,44148.79,15959.96256,0.05,2.02,38.59,67885847,187787282,36.15
32,ACCELYA,Accelya Solutions India Limited,Computers - Software & Consulting,Information Technology,Information Technology,IT - Software,Computers - Software & Consulting,2438.95,606.8280933,0.12,2.43,46.43,3713758,14926254.59,24.88
34,ACE,Action Construction Equipment Limited,Construction Vehicles,Industrials,Capital Goods,Agricultural Commercial & Construction Vehicles,Construction Vehicles,15242.65,5255.970259,0.06,3.07,58.65,41062268,119083203.1,34.48
35,ACEINTEG,Ace Integrated Solutions Limited,Diversified Commercial Services,Services,Services,Commercial Services & Supplies,Diversified Commercial Services,35.14,9.286007835,2.07,3.15,60.18,2695503,10200290.28,26.43
36,ACI,Archean Chemical Industries Limited,Specialty Chemicals,Commodities,Chemicals,Chemicals & Petrochemicals,Specialty Chemicals,8349.66,3877.396572,0.07,2.27,43.37,57188740,123151327.4,46.44
37,ACL,Andhra Cements Limited,Cement & Cement Products,Commodities,Construction Materials,Cement & Cement Products,Cement & Cement Products,820.33,82.03238427,0.53,2.45,46.81,9217122,92171910.11,10.00
38,ACLGATI,Allcargo Gati Limited,Logistics Solution Provider,Services,Services,Transport Services,Logistics Solution Provider,1534.87,760.3477863,0.11,2.66,50.82,72830248,147018199.2,49.54
39,ADANIENSOL,Adani Energy Solutions Limited,Power Distribution,Utilities,Power,Power,Power Distribution,112319.93,34146.49334,0.04,3.33,63.62,365203137,1201282674,30.40
40,ADANIENT,Adani Enterprises Limited,Trading - Minerals,Commodities,Metals & Mining,Metals & Minerals Trading,Trading - Minerals,343254.34,70760.85192,0.03,3.01,57.51,235007811,1140001129,20.61
41,ADANIGREEN,Adani Green Energy Limited,Power Generation,Utilities,Power,Power,Power Generation,277364.09,63010.46381,0.04,3.15,60.18,359854162,1584032496,22.72
42,ADANIPORTS,Adani Ports and Special Economic Zone Limited,Port & Port services,Services,Services,Transport Infrastructure,Port & Port services,292266.8,99595.17265,0.04,2.59,49.48,736106228,2160138950,34.08
43,ADANIPOWER,Adani Power Limited,Integrated Power Utilities,Utilities,Power,Power,Integrated Power Utilities,241020.11,54486.45319,0.12,2.97,56.74,871922759,3856938870,22.61
44,ADFFOODS,ADF Foods Limited,Packaged Foods,Fast Moving Consumer Goods,Fast Moving Consumer Goods,Food Products,Packaged Foods,2944.89,929.3583772,0.12,2.94,56.17,34671083,109863458.3,31.56
46,ADORWELD,Ador Welding Limited,Other Industrial Products,Industrials,Capital Goods,Industrial Products,Other Industrial Products,1767.8,726.5095222,0.13,2.33,44.51,5588535,13598461.54,41.10
47,ADROITINFO,Adroit Infotech Limited,IT Enabled Services,Information Technology,Information Technology,IT - Services,IT Enabled Services,42.97,25.39789654,1.38,2.99,57.12,14638557,24766570.61,59.11
48,ADSL,Allied Digital Services Limited,IT Enabled Services,Information Technology,Information Technology,IT - Services,IT Enabled Services,1357.05,647.2914765,0.12,3.68,70.31,26626552,55822706.71,47.70
49,ADVANIHOTR,Advani Hotels & Resorts (India) Limited,Hotels & Resorts,Consumer Discretionary,Consumer Services,Leisure Services,Hotels & Resorts,654.46,149.6767039,0.22,2.76,52.73,21140777,92437853.11,22.87
50,ADVENZYMES,Advanced Enzyme Technologies Limited,Biotechnology,Healthcare,Healthcare,Pharmaceuticals & Biotechnology,Biotechnology,5201.5,2213.647827,0.1,2.28,43.56,47589978,111824142.7,42.56
51,AEGISLOG,Aegis Logistics Limited,Trading - Gas,Energy,Oil Gas & Consumable Fuels,Gas,Trading - Gas,23692.5,8462.67669,0.05,3.13,59.8,125372988,351000000,35.72
52,AEROFLEX,Aeroflex Industries Limited,Iron & Steel Products,Industrials,Capital Goods,Industrial Products,Iron & Steel Products,2431.22,802.4543113,0.1,2.27,43.37,42683740,129320212.8,33.01
53,AETHER,Aether Industries Limited,Specialty Chemicals,Commodities,Chemicals,Chemicals & Petrochemicals,Specialty Chemicals,12134.98,2209.076062,0.1,1.73,33.05,24131040,132557540,18.20
54,AFFLE,Affle (India) Limited,IT Enabled Services,Information Technology,Information Technology,IT - Services,IT Enabled Services,21132.95,9467.563408,0.05,2.03,38.78,62865627,140325033.2,44.80
55,AFIL,Akme Fintrade (India) Limited,Non Banking Financial Company (NBFC),Financial Services,Financial Services,Finance,Non Banking Financial Company (NBFC),421.84,77.71221688,0.56,1.95,37.25,7861630,42674759.74,18.42
56,AGARIND,Agarwal Industrial Corporation Limited,Petrochemicals,Commodities,Chemicals,Chemicals & Petrochemicals,Petrochemicals,1610.21,687.1554045,0.12,2.94,56.17,6383236,14957826.29,42.67
57,AGI,AGI Greenpac Limited,Packaging,Industrials,Capital Goods,Industrial Products,Packaging,5900.4,2312.969051,0.08,3,57.31,25361503,64697368.42,39.20
58,AGIIL,Agi Infra Limited,Residential Commercial Projects,Consumer Discretionary,Realty,Realty,Residential Commercial Projects,1123.94,271.5659575,0.99,1.94,37.06,2951804,12216739.13,24.16
59,AGRITECH,Agri-Tech (India) Limited,Other Agricultural Products,Fast Moving Consumer Goods,Fast Moving Consumer Goods,Agricultural Food & other Products,Other Agricultural Products,121.77,83.89770345,0.59,3.53,67.44,4092571,5940000,68.90
60,AGROPHOS,Agro Phos India Limited,Fertilizers,Commodities,Chemicals,Fertilizers & Agrochemicals,Fertilizers,90.83,40.86516794,0.49,3.47,66.29,9121689,20274553.57,44.99
61,AGSTRA,AGS Transact Technologies Limited,Financial Technology (Fintech),Financial Services,Financial Services,Financial Technology (Fintech),Financial Technology (Fintech),1082.92,367.9107738,0.45,3.15,60.18,41245602,121403587.4,33.97
62,AHL,Abans Holdings Limited,Holding Company,Financial Services,Financial Services,Finance,Holding Company,1756.85,490.3449146,0.19,3.11,59.42,14009855,50195714.29,27.91
63,AHLADA,Ahlada Engineers Limited,Furniture Home Furnishing,Consumer Discretionary,Consumer Durables,Consumer Durables,Furniture Home Furnishing,129.03,63.36335532,0.7,3.04,58.08,6345219,12921089.53,49.11
64,AHLEAST,Asian Hotels (East) Limited,Hotels & Resorts,Consumer Discretionary,Consumer Services,Leisure Services,Hotels & Resorts,269.72,89.00165332,0.51,2.73,52.16,5705966,17291960.51,33.00
65,AHLUCONT,Ahluwalia Contracts (India) Limited,Civil Construction,Industrials,Construction,Construction,Civil Construction,7254.75,3238.666722,0.09,2.72,51.97,29904587,66987534.63,44.64
66,AIAENG,AIA Engineering Limited,Castings & Forgings,Industrials,Capital Goods,Industrial Products,Castings & Forgings,38982.61,16185.96905,0.06,1.74,33.24,39162761,94320372.61,41.52
67,AIIL,Authum Investment & Infrastructure Limited,Non Banking Financial Company (NBFC),Financial Services,Financial Services,Finance,Non Banking Financial Company (NBFC),29073.23,7252.260322,0.21,2.49,47.57,42367521,169845070.8,24.94
69,AIROLAM,Airo Lam limited,Plywood Boards/ Laminates,Consumer Discretionary,Consumer Durables,Consumer Durables,Plywood Boards/ Laminates,214.08,100.2247219,0.61,2.93,55.98,7023456,15002102.31,46.82
70,AJANTPHARM,Ajanta Pharma Limited,Pharmaceuticals,Healthcare,Healthcare,Pharmaceuticals & Biotechnology,Pharmaceuticals,41320.92,13890.44126,0.06,1.95,37.25,41990451,124912091.9,33.62
71,AJMERA,Ajmera Realty & Infra India Limited,Residential Commercial Projects,Consumer Discretionary,Realty,Realty,Residential Commercial Projects,2171.67,555.6467709,0.18,2.87,54.83,9079196,35484803.92,25.59
73,AKASH,Akash Infra Projects Limited,Civil Construction,Industrials,Construction,Construction,Civil Construction,59.02,14.99775695,0.97,3.61,68.97,4285073,16862857.14,25.41
74,AKG,Akg Exim Limited,Trading & Distributors,Services,Services,Commercial Services & Supplies,Trading & Distributors,60.38,27.5803711,0.61,3.11,59.42,14515985,31778947.37,45.68
75,AKI,AKI India Limited,Leather And Leather Products,Consumer Discretionary,Consumer Durables,Consumer Durables,Leather And Leather Products,170.42,41.5387405,1.86,2.7,51.58,21578566,88529870.13,24.37
77,AKSHARCHEM,AksharChem India Limited,Dyes And Pigments,Commodities,Chemicals,Chemicals & Petrochemicals,Dyes And Pigments,245.77,87.98341863,0.64,3.06,58.46,2875745,8033011.93,35.80
78,AKSHOPTFBR,Aksh Optifibre Limited,Telecom - Equipment & Accessories,Telecommunication,Telecommunication,Telecom - Equipment & Accessories,Telecom - Equipment & Accessories,130.32,96.49884624,0.88,2.96,56.55,120472967,162696629.2,74.05
79,AKUMS,Akums Drugs and Pharmaceuticals Limited,Pharmaceuticals,Healthcare,Healthcare,Pharmaceuticals & Biotechnology,Pharmaceuticals,13007.04,1300.703917,0.08,1.5,28.66,15739399,157393998.1,10.00
80,AKZOINDIA,Akzo Nobel India Limited,Paints,Consumer Discretionary,Consumer Durables,Consumer Durables,Paints,17193.52,3411.658166,0.11,1.6,30.57,9036428,45540319.7,19.84
81,ALANKIT,Alankit Limited,Diversified Commercial Services,Services,Services,Commercial Services & Supplies,Diversified Commercial Services,598.99,237.0765516,1.29,3.07,58.65,107323020,271158895.4,39.58
83,ALEMBICLTD,Alembic Limited,Residential Commercial Projects,Consumer Discretionary,Realty,Realty,Residential Commercial Projects,3403.64,898.898747,0.08,2.72,51.97,67815824,256781591.9,26.41
84,ALICON,Alicon Castalloy Limited,Auto Components & Equipments,Consumer Discretionary,Automobile and Auto Components,Auto Components,Auto Components & Equipments,2053.87,532.8581884,0.17,2.66,50.82,4218988,16261836.9,25.94
85,ALKALI,Alkali Metals Limited,Specialty Chemicals,Commodities,Chemicals,Chemicals & Petrochemicals,Specialty Chemicals,115.16,34.77484941,0.49,3.3,63.05,3074699,10182139.7,30.20
86,ALKEM,Alkem Laboratories Limited,Pharmaceuticals,Healthcare,Healthcare,Pharmaceuticals & Biotechnology,Pharmaceuticals,73311.28,31980.1397,0.03,1.57,29.99,52157123,119565000.4,43.62
87,ALKYLAMINE,Alkyl Amines Chemicals Limited,Specialty Chemicals,Commodities,Chemicals,Chemicals & Petrochemicals,Specialty Chemicals,11326.63,3065.756943,0.07,1.94,37.06,13840889,51136027.09,27.07
88,ALLCARGO,Allcargo Logistics Limited,Logistics Solution Provider,Services,Services,Transport Services,Logistics Solution Provider,5926.18,2146.158726,0.07,2.57,49.1,355913553,982782752.9,36.21
90,ALOKINDS,Alok Industries Limited,Other Textile Products,Consumer Discretionary,Textiles,Textiles & Apparels,Other Textile Products,12130.08,3024.563241,0.23,3.11,59.42,1238052903,4965239460,24.93
94,AMBER,Amber Enterprises India Limited,Household Appliances,Consumer Discretionary,Consumer Durables,Consumer Durables,Household Appliances,16563.55,9250.542694,0.05,2.67,51.01,18855954,33762510.45,55.85
95,AMBICAAGAR,Ambica Agarbathies & Aroma industries Limited,Household Products,Fast Moving Consumer Goods,Fast Moving Consumer Goods,Household Products,Household Products,48.08,27.20590534,1.3,2.94,56.17,9719866,17177563.42,56.58
96,AMBIKCO,Ambika Cotton Mills Limited,Other Textile Products,Consumer Discretionary,Textiles,Textiles & Apparels,Other Textile Products,927.45,453.6603126,0.15,2.19,41.84,2800372,5725000,48.91
97,AMBUJACEM,Ambuja Cements Limited,Cement & Cement Products,Commodities,Construction Materials,Cement & Cement Products,Cement & Cement Products,145459.76,35562.14685,0.04,2.23,42.6,602186891,2463123529,24.45
98,AMDIND,AMD Industries Limited,Packaging,Industrials,Capital Goods,Industrial Products,Packaging,126.31,41.96612402,0.79,3.43,65.53,6368152,19166919.58,33.22
99,AMIORG,Ami Organics Limited,Pharmaceuticals,Healthcare,Healthcare,Pharmaceuticals & Biotechnology,Pharmaceuticals,6577.05,3807.001018,0.07,2.37,45.28,23690112,40927504.67,57.88
101,AMNPLST,Amines & Plasticizers Limited,Commodity Chemicals,Commodities,Chemicals,Chemicals & Petrochemicals,Commodity Chemicals,1568.35,389.3306927,0.44,3.14,59.99,13658330,55020171.9,24.82
102,AMRUTANJAN,Amrutanjan Health Care Limited,Pharmaceuticals,Healthcare,Healthcare,Pharmaceuticals & Biotechnology,Pharmaceuticals,2126.09,1018.498075,0.12,2.01,38.4,13849579,28910660.86,47.90
103,ANANDRATHI,Anand Rathi Wealth Limited,Financial Products Distributor,Financial Services,Financial Services,Capital Markets,Financial Products Distributor,16189.02,6855.112544,0.06,1.9,36.3,17577212,41510307.69,42.34
104,ANANTRAJ,Anant Raj Limited,Residential Commercial Projects,Consumer Discretionary,Realty,Realty,Residential Commercial Projects,22828.05,8889.971445,0.06,2.93,55.98,133143200,341890819.2,38.94
105,ANDHRAPAP,ANDHRA PAPER LIMITED,Paper & Paper Products,Commodities,Forest Materials,Paper Forest & Jute Products,Paper & Paper Products,1990.49,545.7387387,0.08,2.05,39.17,54519355,198850149.9,27.42
106,ANDHRSUGAR,The Andhra Sugars Limited,Commodity Chemicals,Commodities,Chemicals,Chemicals & Petrochemicals,Commodity Chemicals,1412.01,737.4309017,0.13,2.11,40.31,70784306,135535611.4,52.23
107,ANGELONE,Angel One Limited,Stockbroking & Allied,Financial Services,Financial Services,Capital Markets,Stockbroking & Allied,22736.08,14556.36641,0.03,3.11,59.42,57717551,90150991.28,64.02
112,ANUP,The Anup Engineering Limited,Industrial Products,Industrials,Capital Goods,Industrial Manufacturing,Industrial Products,5490.68,3224.312169,0.1,2.9,55.4,11746128,20002477.23,58.72
113,ANURAS,Anupam Rasayan India Limited,Specialty Chemicals,Commodities,Chemicals,Chemicals & Petrochemicals,Specialty Chemicals,8017.93,1675.627566,0.07,1.6,30.57,22953802,109834657.5,20.90
114,APARINDS,Apar Industries Limited,Other Electrical Equipment,Industrials,Capital Goods,Electrical Equipment,Other Electrical Equipment,37758.22,15844.32919,0.05,2.69,51.39,16855669,40168319.15,41.96
115,APCL,Anjani Portland Cement Limited,Cement & Cement Products,Commodities,Construction Materials,Cement & Cement Products,Cement & Cement Products,521.37,120.8296842,0.41,2.38,45.47,6807690,29374612.65,23.18
116,APCOTEXIND,Apcotex Industries Limited,Rubber,Industrials,Capital Goods,Industrial Products,Rubber,2196.67,904.4529058,0.17,2.13,40.69,21346540,51844937.46,41.17
117,APEX,Apex Frozen Foods Limited,Seafood,Fast Moving Consumer Goods,Fast Moving Consumer Goods,Food Products,Seafood,715.63,195.4672438,0.16,2.71,51.77,8535688,31250218.34,27.31
118,APLAPOLLO,APL Apollo Tubes Limited,Iron & Steel Products,Industrials,Capital Goods,Industrial Products,Iron & Steel Products,43515.85,28292.52719,0.05,2.07,39.55,180437036,277524553.6,65.02
119,APLLTD,Alembic Pharmaceuticals Limited,Pharmaceuticals,Healthcare,Healthcare,Pharmaceuticals & Biotechnology,Pharmaceuticals,23725.17,6740.249356,0.09,2.29,43.75,55842994,196563131.7,28.41
120,APOLLO,Apollo Micro Systems Limited,Aerospace & Defense,Industrials,Capital Goods,Aerospace & Defense,Aerospace & Defense,2976.01,1082.516029,0.57,3.11,59.42,111484658,306489186.4,36.37
121,APOLLOHOSP,Apollo Hospitals Enterprise Limited,Hospital,Healthcare,Healthcare,Healthcare Services,Hospital,97492.47,68554.65598,0.02,1.44,27.51,101106351,143784660.3,70.32
122,APOLLOPIPE,Apollo Pipes Limited,Plastic Products - Industrial,Industrials,Capital Goods,Industrial Products,Plastic Products - Industrial,2307.51,1125.058267,0.12,2.11,40.31,20162335,41353225.81,48.76
123,APOLLOTYRE,Apollo Tyres Limited,Tyres & Rubber Products,Consumer Discretionary,Automobile and Auto Components,Auto Components,Tyres & Rubber Products,31882.07,16662.52493,0.03,1.88,35.92,331922807,635100996,52.26
124,APOLSINHOT,Apollo Sindoori Hotels Limited,Hotels & Resorts,Consumer Discretionary,Consumer Services,Leisure Services,Hotels & Resorts,468.07,144.1507296,0.36,3.28,62.66,800837,2600388.889,30.80
125,APTECHT,Aptech Limited,Education,Consumer Discretionary,Consumer Services,Other Consumer Services,Education,1183.7,599.7037269,0.1,2.72,51.97,29397242,58024509.8,50.66
126,APTUS,Aptus Value Housing Finance India Limited,Housing Finance Company,Financial Services,Financial Services,Finance,Housing Finance Company,18440.55,7297.277316,0.08,2.14,40.88,197651065,499473185.3,39.57
128,ARCHIES,Archies Limited,Leisure Products,Consumer Discretionary,Consumer Durables,Consumer Durables,Leisure Products,97.96,36.22193931,0.96,3.33,63.62,12490324,33779310.34,36.98
129,ARE&M,Amara Raja Energy & Mobility Limited,Auto Components & Equipments,Consumer Discretionary,Automobile and Auto Components,Auto Components,Auto Components & Equipments,24314.92,16230.74377,0.04,2.63,50.25,122173457,183025367,66.75
131,ARIES,Aries Agro Limited,Fertilizers,Commodities,Chemicals,Fertilizers & Agrochemicals,Fertilizers,318.35,146.2259686,0.2,3.28,62.66,5973283,13004493.46,45.93
132,ARIHANTCAP,Arihant Capital Markets Limited,Stockbroking & Allied,Financial Services,Financial Services,Capital Markets,Stockbroking & Allied,1038.53,297.9175643,0.17,3.37,64.38,29866422,104113283.2,28.69
133,ARIHANTSUP,Arihant Superstructures Limited,Residential Commercial Projects,Consumer Discretionary,Realty,Realty,Residential Commercial Projects,1502.96,380.0151807,0.25,3.27,62.47,10407098,41160071.2,25.28
134,ARMANFIN,Arman Financial Services Limited,Non Banking Financial Company (NBFC),Financial Services,Financial Services,Finance,Non Banking Financial Company (NBFC),1664.85,1067.775482,0.11,2.65,50.63,6728264,10490548.2,64.14
135,AROGRANITE,Aro Granite Industries Limited,Granites & Marbles,Consumer Discretionary,Consumer Durables,Consumer Durables,Granites & Marbles,83.77,48.10608367,0.56,2.92,55.79,8786499,15300456.62,57.43
136,ARROWGREEN,Arrow Greentech Limited,Packaging,Industrials,Capital Goods,Industrial Products,Packaging,1124.05,326.0232347,0.21,3.93,75.08,4376151,15087919.46,29.00
139,ARTEMISMED,Artemis Medicare Services Limited,Hospital,Healthcare,Healthcare,Healthcare Services,Hospital,3508.17,814.467124,0.16,2.86,54.64,31946151,137602275,23.22
141,ARVEE,Arvee Laboratories (India) Limited,Specialty Chemicals,Commodities,Chemicals,Chemicals & Petrochemicals,Specialty Chemicals,196.13,51.89900716,2.85,3.72,71.07,2916002,11019777.5,26.46
142,ARVIND,Arvind Limited,Garments & Apparels,Consumer Discretionary,Textiles,Textiles & Apparels,Garments & Apparels,9003.53,5370.361539,0.07,2.55,48.72,156115161,261730523.3,59.65
143,ARVINDFASN,Arvind Fashions Limited,Speciality Retail,Consumer Discretionary,Consumer Services,Retailing,Speciality Retail,7566.78,4216.261367,0.08,2.29,43.75,74229954,133217957.7,55.72
144,ARVSMART,Arvind SmartSpaces Limited,Residential Commercial Projects,Consumer Discretionary,Realty,Realty,Residential Commercial Projects,3532.07,1700.001281,0.13,3.17,60.56,21925599,45554523.76,48.13
145,ASAHIINDIA,Asahi India Glass Limited,Auto Components & Equipments,Consumer Discretionary,Automobile and Auto Components,Auto Components,Auto Components & Equipments,17672.64,7980.168045,0.09,2.32,44.32,109768474,243089958.7,45.16
147,ASAL,Automotive Stampings and Assemblies Limited,Auto Components & Equipments,Consumer Discretionary,Automobile and Auto Components,Auto Components,Auto Components & Equipments,1123.12,278.7022244,0.14,3.46,66.1,3936750,15864397.2,24.81
148,ASALCBR,Associated Alcohols & Breweries Ltd.,Breweries & Distilleries,Fast Moving Consumer Goods,Fast Moving Consumer Goods,Beverages,Breweries & Distilleries,1601.46,626.3228543,0.13,2.8,53.49,7070703,18079250.4,39.11
149,ASHAPURMIN,Ashapura Minechem Limited,Industrial Minerals,Commodities,Metals & Mining,Minerals & Mining,Industrial Minerals,2683.81,1403.635761,0.32,3.25,62.09,49960340,95526250.22,52.30
150,ASHIANA,Ashiana Housing Limited,Residential Commercial Projects,Consumer Discretionary,Realty,Realty,Residential Commercial Projects,3019.77,1069.628545,0.14,2.75,52.54,35606809,100524966.7,35.42
152,ASHOKA,Ashoka Buildcon Limited,Civil Construction,Industrials,Construction,Construction,Civil Construction,6466.18,2942.091856,0.07,3.02,57.7,127728222,280723278.6,45.50
153,ASHOKAMET,Ashoka Metcast Limited,Trading - Metals,Commodities,Metals & Mining,Metals & Minerals Trading,Trading - Metals,48.87,22.65062207,0.98,2.97,56.74,11585996,24997442.46,46.35
154,ASHOKLEY,Ashok Leyland Limited,Commercial Vehicles,Industrials,Capital Goods,Agricultural Commercial & Construction Vehicles,Commercial Vehicles,65320.82,31787.92212,0.03,1.92,36.68,1428991779,2936427062,48.66
155,ASIANENE,Asian Energy Services Limited,Oil Equipment & Services,Energy,Oil Gas & Consumable Fuels,Oil,Oil Equipment & Services,1458.55,480.3316758,0.76,3.15,60.18,13477320,40924523.01,32.93
156,ASIANHOTNR,Asian Hotels (North) Limited,Hotels & Resorts,Consumer Discretionary,Consumer Services,Leisure Services,Hotels & Resorts,421.14,383.5033031,2.45,2.91,55.6,17714597,19453092.52,91.06
157,ASIANPAINT,Asian Paints Limited,Paints,Consumer Discretionary,Consumer Durables,Consumer Durables,Paints,294464.13,138680.2375,0.02,1.23,23.5,451741873,959197791.5,47.10
158,ASIANTILES,Asian Granito India Limited,Ceramics,Consumer Discretionary,Consumer Durables,Consumer Durables,Ceramics,969.73,688.3258338,0.13,3.01,57.51,89965473,126745523.5,70.98
159,ASKAUTOLTD,ASK Automotive Limited,Auto Components & Equipments,Consumer Discretionary,Automobile and Auto Components,Auto Components,Auto Components & Equipments,7668.85,1150.327071,0.1,1.95,37.25,29571390,197142673.5,15.00
160,ASMS,Bartronics India Limited,IT Enabled Services,Information Technology,Information Technology,IT - Services,IT Enabled Services,662.15,95.56411246,0.45,2.92,55.79,43957733,304576816.9,14.43
161,ASPINWALL,Aspinwall and Company Limited,Logistics Solution Provider,Services,Services,Transport Services,Logistics Solution Provider,210.59,67.71842847,0.44,3.09,59.03,2514143,7818451.828,32.16
162,ASTEC,Astec LifeSciences Limited,Pesticides & Agrochemicals,Commodities,Chemicals,Fertilizers & Agrochemicals,Pesticides & Agrochemicals,2135.68,709.0131611,0.13,2.4,45.85,6510681,19611386.59,33.20
163,ASTERDM,Aster DM Healthcare Limited,Hospital,Healthcare,Healthcare,Healthcare Services,Hospital,20185.32,8616.912431,0.04,2.29,43.75,213237130,499512991.8,42.69
164,ASTRAL,Astral Limited,Plastic Products - Industrial,Industrials,Capital Goods,Industrial Products,Plastic Products - Industrial,50851.09,23337.85479,0.04,1.75,33.43,123285023,268626994.2,45.89
165,ASTRAMICRO,Astra Microwave Products Limited,Aerospace & Defense,Industrials,Capital Goods,Aerospace & Defense,Aerospace & Defense,7775.52,6916.349639,0.06,2.81,53.68,84453869,94944990.54,88.95
166,ASTRAZEN,AstraZeneca Pharma India Limited,Pharmaceuticals,Healthcare,Healthcare,Pharmaceuticals & Biotechnology,Pharmaceuticals,19475,4787.5003,0.1,2.76,52.73,6145700,25000000,24.58
167,ASTRON,Astron Paper & Board Mill Limited,Paper & Paper Products,Commodities,Forest Materials,Paper Forest & Jute Products,Paper & Paper Products,101.56,74.07413395,0.98,2.7,51.58,33916728,46501831.5,72.94
169,ATAM,Atam Valves Limited,Industrial Products,Industrials,Capital Goods,Industrial Manufacturing,Industrial Products,164.09,63.64209719,0.55,2.78,53.11,4445833,11462801.26,38.78
170,ATFL,Agro Tech Foods Limited,Edible Oil,Fast Moving Consumer Goods,Fast Moving Consumer Goods,Agricultural Food & other Products,Edible Oil,2095.76,994.0551283,0.14,2.57,49.1,11558781,24369302.33,47.43
171,ATGL,Adani Total Gas Limited,LPG/CNG/PNG/LNG Supplier,Energy,Oil Gas & Consumable Fuels,Gas,LPG/CNG/PNG/LNG Supplier,81930.35,20599.66651,0.04,3.2,61.14,276524149,1099810054,25.14
172,ATL,Allcargo Terminals Limited,Port & Port services,Services,Services,Transport Infrastructure,Port & Port services,994.82,316.0954755,0.17,2.75,52.54,78067541,245695233.4,31.77
174,ATUL,Atul Limited,Specialty Chemicals,Commodities,Chemicals,Chemicals & Petrochemicals,Specialty Chemicals,22199.08,11975.76165,0.04,1.62,30.95,15882973,29441750.66,53.95
176,AUBANK,AU Small Finance Bank Limited,Other Bank,Financial Services,Financial Services,Banks,Other Bank,54388.85,40885.46042,0.04,1.89,36.11,558849924,743423318.8,75.17
177,AURIONPRO,Aurionpro Solutions Limited,Computers - Software & Consulting,Information Technology,Information Technology,IT - Software,Computers - Software & Consulting,8246.42,4040.612276,0.96,3.12,59.61,27053746,55213551.61,49.00
178,AUROPHARMA,Aurobindo Pharma Limited,Pharmaceuticals,Healthcare,Healthcare,Pharmaceuticals & Biotechnology,Pharmaceuticals,84770.9,40734.19806,0.02,1.8,34.39,279087377,580801616.9,48.05
181,AUTOAXLES,Automotive Axles Limited,Auto Components & Equipments,Consumer Discretionary,Automobile and Auto Components,Auto Components,Auto Components & Equipments,2801.76,804.085555,0.11,1.86,35.54,4337031,15111974.11,28.70
182,AUTOIND,Autoline Industries Limited,Auto Components & Equipments,Consumer Discretionary,Automobile and Auto Components,Auto Components,Auto Components & Equipments,446.13,227.4294786,0.21,3.45,65.91,19862837,38963318.78,50.98
183,AVADHSUGAR,Avadh Sugar & Energy Limited,Sugar,Fast Moving Consumer Goods,Fast Moving Consumer Goods,Agricultural Food & other Products,Sugar,1459.34,570.2061006,0.11,2.72,51.97,7821757,20018381.34,39.07
184,AVALON,Avalon Technologies Limited,Other Electrical Equipment,Industrials,Capital Goods,Electrical Equipment,Other Electrical Equipment,3620.91,1338.083516,0.11,2.34,44.71,24384210,65984692.48,36.95
185,AVANTEL,Avantel Limited,Aerospace & Defense,Industrials,Capital Goods,Aerospace & Defense,Aerospace & Defense,4500.49,2634.423207,0.1,1.07,20.44,142401254,243269729.7,58.54
186,AVANTIFEED,Avanti Feeds Limited,Animal Feed,Fast Moving Consumer Goods,Fast Moving Consumer Goods,Food Products,Animal Feed,7977.18,2340.417343,0.06,2.65,50.63,39972969,136245602,29.34
187,AVG,AVG Logistics Limited,Logistics Solution Provider,Services,Services,Transport Services,Logistics Solution Provider,611.87,196.0797559,0.18,2.84,54.26,4376780,13657812.5,32.05
190,AVTNPL,AVT Natural Products Limited,Other Agricultural Products,Fast Moving Consumer Goods,Fast Moving Consumer Goods,Agricultural Food & other Products,Other Agricultural Products,1287.71,299.6985778,0.16,2.37,45.28,35442121,152283585.6,23.27
191,AWFIS,Awfis Space Solutions Limited,Diversified Commercial Services,Services,Services,Commercial Services & Supplies,Diversified Commercial Services,4458.45,810.4799217,0.09,2.44,46.62,12763463,70211811.02,18.18
192,AWHCL,Antony Waste Handling Cell Limited,Waste Management,Utilities,Utilities,Other Utilities,Waste Management,1994.84,1073.961798,0.09,3.1,59.23,15280100,28382158.36,53.84
193,AWL,Adani Wilmar Limited,Edible Oil,Fast Moving Consumer Goods,Fast Moving Consumer Goods,Agricultural Food & other Products,Edible Oil,43097.34,5227.018093,0.06,2.45,46.81,157630220,1299678528,12.13
194,AXISBANK,Axis Bank Limited,Private Sector Bank,Financial Services,Financial Services,Banks,Private Sector Bank,356137.41,327710.1639,0.02,1.54,29.42,2846435889,3093350213,92.02
195,AXISCADES,AXISCADES Technologies Limited,IT Enabled Services,Information Technology,Information Technology,IT - Services,IT Enabled Services,2208.92,877.3206467,0.12,3.54,67.63,16774773,42235564.05,39.72
196,AXITA,Axita Cotton Limited,Other Textile Products,Consumer Discretionary,Textiles,Textiles & Apparels,Other Textile Products,554.8,206.5533595,0.11,3.01,57.51,129500539,347836990.6,37.23
198,AZAD,Azad Engineering Limited,Heavy Electrical Equipment,Industrials,Capital Goods,Electrical Equipment,Heavy Electrical Equipment,7903.41,2694.75361,0.43,2.24,42.8,20155225,59113014.21,34.10
200,BAGFILMS,B.A.G Films and Media Limited,TV Broadcasting & Software Production,Consumer Discretionary,Media Entertainment & Publication,Entertainment,TV Broadcasting & Software Production,232.35,123.373026,2.07,3.83,73.17,104998320,197744680.9,53.10
202,BAJAJ-AUTO,Bajaj Auto Limited,2/3 Wheelers,Consumer Discretionary,Automobile and Auto Components,Automobiles,2/3 Wheelers,324720.75,128812.4988,0.03,1.5,28.66,110777863,279257610.9,39.67
203,BAJAJCON,Bajaj Consumer Care Limited,Personal Care,Fast Moving Consumer Goods,Fast Moving Consumer Goods,Personal Products,Personal Care,3172.09,1922.084957,0.09,1.94,37.06,83045364,137052927.2,60.59
204,BAJAJELEC,Bajaj Electricals Limited,Household Appliances,Consumer Discretionary,Consumer Durables,Consumer Durables,Household Appliances,10524.82,3789.103614,0.1,1.68,32.1,41501683,115277327.5,36.00
205,BAJAJFINSV,Bajaj Finserv Limited,Holding Company,Financial Services,Financial Services,Finance,Holding Company,300012.81,102472.0747,0.03,1.51,28.85,545354309,1596662108,34.16
206,BAJAJHCARE,Bajaj Healthcare Limited,Pharmaceuticals,Healthcare,Healthcare,Pharmaceuticals & Biotechnology,Pharmaceuticals,988.02,318.8122072,0.13,2.6,49.67,8905369,27598324.02,32.27
207,BAJAJHIND,Bajaj Hindusthan Sugar Limited,Sugar,Fast Moving Consumer Goods,Fast Moving Consumer Goods,Agricultural Food & other Products,Sugar,4838.64,3382.092855,0.06,3.48,66.49,892843943,1277360084,69.90
208,BAJAJHLDNG,Bajaj Holdings & Investment Limited,Holding Company,Financial Services,Financial Services,Finance,Holding Company,114687.96,44495.94739,0.04,1.73,33.05,43178988,111293508,38.80
209,BAJEL,Bajel Projects Limited,Integrated Power Utilities,Utilities,Power,Power,Integrated Power Utilities,3183.57,1147.739126,0.48,2.91,55.6,41652663,115535111.6,36.05
210,BAJFINANCE,Bajaj Finance Limited,Non Banking Financial Company (NBFC),Financial Services,Financial Services,Finance,Non Banking Financial Company (NBFC),449391.33,202817.0473,0.02,1.65,31.52,279362324,618996322.3,45.13
212,BALAMINES,Balaji Amines Limited,Specialty Chemicals,Commodities,Chemicals,Chemicals & Petrochemicals,Specialty Chemicals,7024.54,2333.719714,0.07,2.27,43.37,10764390,32401014.76,33.22
213,BALAXI,BALAXI PHARMACEUTICALS LIMITED,Pharmaceuticals,Healthcare,Healthcare,Pharmaceuticals & Biotechnology,Pharmaceuticals,535.51,130.917873,0.46,3.07,58.65,13496688,55207216.49,24.45
214,BALKRISHNA,Balkrishna Paper Mills Limited,Paper & Paper Products,Commodities,Forest Materials,Paper Forest & Jute Products,Paper & Paper Products,77.49,31.03191908,0.99,3.81,72.79,12903085,32220374.22,40.05
215,BALKRISIND,Balkrishna Industries Limited,Tyres & Rubber Products,Consumer Discretionary,Automobile and Auto Components,Auto Components,Tyres & Rubber Products,54573.44,22627.45912,0.03,1.89,36.11,80153947,193317180.3,41.46
216,BALMLAWRIE,Balmer Lawrie & Company Limited,Diversified,Diversified,Diversified,Diversified,Diversified,4187.88,1582.831768,0.08,2.83,54.07,64631759,171003675,37.80
218,BALRAMCHIN,Balrampur Chini Mills Limited,Sugar,Fast Moving Consumer Goods,Fast Moving Consumer Goods,Agricultural Food & other Products,Sugar,12677.92,7187.51999,0.04,2.18,41.65,114378103,201749204.3,56.69
219,BALUFORGE,Balu Forge Industries Limited,Castings & Forgings,Industrials,Capital Goods,Industrial Products,Castings & Forgings,7792.26,3193.02014,0.09,2.68,51.2,44845788,109441853.9,40.98
220,BANARBEADS,Banaras Beads Limited,Gems Jewellery And Watches,Consumer Discretionary,Consumer Durables,Consumer Durables,Gems Jewellery And Watches,67.69,14.49285584,0.78,2.57,49.1,1420868,6636274.51,21.41
221,BANARISUG,Bannari Amman Sugars Limited,Sugar,Fast Moving Consumer Goods,Fast Moving Consumer Goods,Agricultural Food & other Products,Sugar,4688.59,996.1480223,0.3,2.14,40.88,2664210,12539689.76,21.25
222,BANCOINDIA,Banco Products (I) Limited,Auto Components & Equipments,Consumer Discretionary,Automobile and Auto Components,Auto Components,Auto Components & Equipments,5006.31,1561.596849,0.1,2.79,53.3,22308526,71518714.29,31.19
223,BANDHANBNK,Bandhan Bank Limited,Private Sector Bank,Financial Services,Financial Services,Banks,Private Sector Bank,29720.81,15275.3056,0.03,2.31,44.13,827974719,1610971326,51.40
224,BANG,Bang Overseas Limited,Garments & Apparels,Consumer Discretionary,Textiles,Textiles & Apparels,Garments & Apparels,66.78,18.04329737,1.29,3.24,61.9,3663614,13559390.86,27.02
225,BANKA,Banka BioLoo Limited,Civil Construction,Industrials,Construction,Construction,Civil Construction,115.13,49.9157064,4.01,2.93,55.98,4702818,10846994.54,43.36
226,BANKBARODA,Bank of Baroda,Public Sector Bank,Financial Services,Financial Services,Banks,Public Sector Bank,125865.78,45277.57264,0.04,2.22,42.41,1860288945,5171362012,35.97
227,BANKINDIA,Bank of India,Public Sector Bank,Financial Services,Financial Services,Banks,Public Sector Bank,48026.09,12783.24934,0.04,2.45,46.81,1211797264,4552667551,26.62
228,BANSALWIRE,Bansal Wire Industries Limited,Iron & Steel Products,Industrials,Capital Goods,Industrial Products,Iron & Steel Products,6467.33,841.5285082,0.09,1.25,23.88,20371060,156556039.7,13.01
229,BANSWRAS,Banswara Syntex Limited,Other Textile Products,Consumer Discretionary,Textiles,Textiles & Apparels,Other Textile Products,449.12,201.5138281,0.26,2.55,48.72,15359286,34231707.32,44.87
230,BARBEQUE,Barbeque Nation Hospitality Limited,Restaurants,Consumer Discretionary,Consumer Services,Leisure Services,Restaurants,2500.86,1382.414906,0.11,2.08,39.74,21598546,39072884.93,55.28
231,BASF,BASF India Limited,Specialty Chemicals,Commodities,Chemicals,Chemicals & Petrochemicals,Specialty Chemicals,35922.1,9439.789929,0.08,2.71,51.77,11374817,43285635.96,26.28
233,BATAINDIA,Bata India Limited,Footwear,Consumer Discretionary,Consumer Durables,Consumer Durables,Footwear,17451.47,8650.745727,0.03,1.29,24.65,63711487,128527544.6,49.57
234,BAYERCROP,Bayer Cropscience Limited,Pesticides & Agrochemicals,Commodities,Chemicals,Fertilizers & Agrochemicals,Pesticides & Agrochemicals,33065.77,9356.522202,0.08,1.68,32.1,14178697,50107243.52,28.30
235,BBL,Bharat Bijlee Limited,Other Electrical Equipment,Industrials,Capital Goods,Electrical Equipment,Other Electrical Equipment,4950.77,3261.995726,0.16,3.16,60.37,7447479,11303127.85,65.89
237,BBTC,Bombay Burmah Trading Corporation Limited,Packaged Foods,Fast Moving Consumer Goods,Fast Moving Consumer Goods,Food Products,Packaged Foods,17338.32,4293.522152,0.07,3.11,59.42,17277755,69771911.47,24.76
238,BBTCL,B&B Triplewall Containers Limited,Packaging,Industrials,Capital Goods,Industrial Products,Packaging,463.39,132.3946747,0.63,1.95,37.25,5860246,20511242.92,28.57
239,BCLIND,Bcl Industries Limited,Edible Oil,Fast Moving Consumer Goods,Fast Moving Consumer Goods,Agricultural Food & other Products,Edible Oil,1608.64,532.5483824,0.1,3.12,59.61,97715300,295163302.8,33.11
240,BCONCEPTS,Brand Concepts Limited,Speciality Retail,Consumer Discretionary,Consumer Services,Retailing,Speciality Retail,676.32,300.5476559,0.6,2.77,52.92,4985033,11217780.73,44.44
241,BDL,Bharat Dynamics Limited,Aerospace & Defense,Industrials,Capital Goods,Aerospace & Defense,Aerospace & Defense,41163.14,10321.08005,0.13,2.85,54.45,91910415,366562536.2,25.07
242,BEARDSELL,Beardsell Limited,Other Industrial Products,Industrials,Capital Goods,Industrial Products,Other Industrial Products,173.52,76.12497293,0.75,3.92,74.89,17301130,39436363.64,43.87
243,BECTORFOOD,Mrs. Bectors Food Specialities Limited,Packaged Foods,Fast Moving Consumer Goods,Fast Moving Consumer Goods,Food Products,Packaged Foods,11125.34,5431.07907,0.06,2.76,52.73,29972843,61398123.62,48.82
244,BEDMUTHA,Bedmutha Industries Limited,Iron & Steel Products,Industrials,Capital Goods,Industrial Products,Iron & Steel Products,680.77,166.3361184,1.11,3.02,57.7,7883228,32263981.04,24.43
245,BEL,Bharat Electronics Limited,Aerospace & Defense,Industrials,Capital Goods,Aerospace & Defense,Aerospace & Defense,195463.49,95509.12765,0.04,2.35,44.9,3571769919,7309778983,48.86
246,BEML,BEML Limited,Construction Vehicles,Industrials,Capital Goods,Agricultural Commercial & Construction Vehicles,Construction Vehicles,14721.33,6741.500925,0.04,3.43,65.53,19070724,41644497.88,45.79
247,BEPL,Bhansali Engineering Polymers Limited,Specialty Chemicals,Commodities,Chemicals,Chemicals & Petrochemicals,Specialty Chemicals,3467.84,1313.580646,0.08,2.77,52.92,94264847,248858270.5,37.88
248,BERGEPAINT,Berger Paints (I) Limited,Paints,Consumer Discretionary,Consumer Durables,Consumer Durables,Paints,66048.18,16088.80708,0.03,1.54,29.42,283978591,1165796134,24.36
249,BESTAGRO,Best Agrolife Limited,Pesticides & Agrochemicals,Commodities,Chemicals,Fertilizers & Agrochemicals,Pesticides & Agrochemicals,1246.2,523.001054,0.78,3.08,58.84,9923177,23644815.48,41.97
250,BFINVEST,BF Investment Limited,Holding Company,Financial Services,Financial Services,Finance,Holding Company,2274.75,493.7545381,0.13,2.94,56.17,8176098,37667660.21,21.71
251,BFUTILITIE,BF Utilities Limited,Road Assets - Toll Annuity Hybrid-Annuity,Services,Services,Transport Infrastructure,Road Assets - Toll Annuity Hybrid-Annuity,3510.43,1379.095292,0.08,3.5,66.87,14797954,37667578.73,39.29
253,BHAGCHEM,Bhagiradha Chemicals & Industries Limited,Pesticides & Agrochemicals,Commodities,Chemicals,Fertilizers & Agrochemicals,Pesticides & Agrochemicals,4118.8,2147.607093,0.2,3.09,59.03,64882390,124435045.3,52.14
254,BHAGERIA,Bhageria Industries Limited,Dyes And Pigments,Commodities,Chemicals,Chemicals & Petrochemicals,Dyes And Pigments,933.99,256.480811,0.22,2.97,56.74,11985085,43644392.52,27.46
255,BHAGYANGR,Bhagyanagar India Limited,Copper,Commodities,Metals & Mining,Non - Ferrous Metals,Copper,317.65,87.08052607,0.32,3.35,64,8771205,31995366.64,27.41
256,BHANDARI,Bhandari Hosiery Exports Limited,Other Textile Products,Consumer Discretionary,Textiles,Textiles & Apparels,Other Textile Products,147.63,101.839825,0.61,3.25,62.09,165593211,240048780.5,68.98
257,BHARATFORG,Bharat Forge Limited,Auto Components & Equipments,Consumer Discretionary,Automobile and Auto Components,Auto Components,Auto Components & Equipments,66905.09,36534.99435,0.03,2.11,40.31,254244915,465588656.9,54.61
258,BHARATGEAR,Bharat Gears Limited,Auto Components & Equipments,Consumer Discretionary,Automobile and Auto Components,Auto Components,Auto Components & Equipments,153.29,66.78242932,0.3,2.25,42.99,6689615,15355103.68,43.57
259,BHARATRAS,Bharat Rasayan Limited,Pesticides & Agrochemicals,Commodities,Chemicals,Fertilizers & Agrochemicals,Pesticides & Agrochemicals,4578.27,1061.408797,0.17,2.82,53.88,963341,4155264.113,23.18
260,BHARATWIRE,Bharat Wire Ropes Limited,Iron & Steel Products,Industrials,Capital Goods,Industrial Products,Iron & Steel Products,1706.43,604.7760613,0.23,3.22,61.52,24258968,68448856.8,35.44
261,BHARTIARTL,Bharti Airtel Limited,Telecom - Cellular & Fixed line services,Telecommunication,Telecommunication,Telecom - Services,Telecom - Cellular & Fixed line services,946543.86,445014.7584,0.02,1.41,26.94,2676619502,5693154457,47.01
262,BHARTIHEXA,Bharti Hexacom Limited,Telecom - Cellular & Fixed line services,Telecommunication,Telecommunication,Telecom - Services,Telecom - Cellular & Fixed line services,69600,8091,0.11,2.1,40.12,58125000,500000000,11.63
263,BHEL,Bharat Heavy Electricals Limited,Heavy Electrical Equipment,Industrials,Capital Goods,Electrical Equipment,Heavy Electrical Equipment,89471.62,32936.64987,0.04,2.94,56.17,1281831090,3482063436,36.81
264,BIGBLOC,Bigbloc Construction Limited,Cement & Cement Products,Commodities,Construction Materials,Cement & Cement Products,Cement & Cement Products,1546.01,424.5753166,0.15,3.22,61.52,38880523,141576007.3,27.46
265,BIKAJI,Bikaji Foods International Limited,Packaged Foods,Fast Moving Consumer Goods,Fast Moving Consumer Goods,Food Products,Packaged Foods,21507.83,5350.997366,0.07,2.09,39.93,62293334,250382188.6,24.88
266,BIL,Bhartiya International Limited,Leather And Leather Products,Consumer Discretionary,Consumer Durables,Consumer Durables,Leather And Leather Products,756.98,315.6492433,1.27,3.36,64.19,5091117,12209354.84,41.70
268,BIOCON,Biocon Limited,Pharmaceuticals,Healthcare,Healthcare,Pharmaceuticals & Biotechnology,Pharmaceuticals,40820.4,15256.74696,0.04,2.14,40.88,448727852,1200600000,37.38
269,BIOFILCHEM,Biofil Chemicals & Pharmaceuticals Limited,Pharmaceuticals,Healthcare,Healthcare,Pharmaceuticals & Biotechnology,Pharmaceuticals,115.54,61.45079478,0.54,3.63,69.35,8655042,16273239.44,53.19
270,BIRLACABLE,Birla Cable Limited,Telecom - Equipment & Accessories,Telecommunication,Telecommunication,Telecom - Equipment & Accessories,Telecom - Equipment & Accessories,708.3,223.8341328,0.14,3.21,61.33,9480480,30000000,31.60
271,BIRLACORPN,Birla Corporation Limited,Cement & Cement Products,Commodities,Construction Materials,Cement & Cement Products,Cement & Cement Products,9232.94,3394.952444,0.07,2.1,40.12,28314866,77005337.78,36.77
273,BLAL,BEML Land Assets Limited,Investment Company,Financial Services,Financial Services,Finance,Investment Company,951.58,435.9382782,0.32,2.85,54.45,19078262,41644638.95,45.81
275,BLISSGVS,Bliss GVS Pharma Limited,Pharmaceuticals,Healthcare,Healthcare,Pharmaceuticals & Biotechnology,Pharmaceuticals,1273.72,798.0888352,0.12,2.86,54.64,65881528,105144461,62.66
276,BLKASHYAP,B. L. Kashyap and Sons Limited,Civil Construction,Industrials,Construction,Construction,Civil Construction,1992.66,762.6802513,0.11,2.99,57.12,86285807,225439529.4,38.27
277,BLS,BLS International Services Limited,Tour Travel Related Services,Consumer Discretionary,Consumer Services,Leisure Services,Tour Travel Related Services,14112.42,3975.581507,0.06,2.91,55.6,115990708,411740919,28.17
278,BLSE,BLS E-Services Limited,IT Enabled Services,Information Technology,Information Technology,IT - Services,IT Enabled Services,1917.07,485.9201976,0.1,2.38,45.47,23029393,90856398.1,25.35
280,BLUEDART,Blue Dart Express Limited,Logistics Solution Provider,Services,Services,Transport Services,Logistics Solution Provider,20410.77,5075.260133,0.07,2.03,38.78,5900093,23727935.36,24.87
281,BLUEJET,Blue Jet Healthcare Limited,Pharmaceuticals,Healthcare,Healthcare,Pharmaceuticals & Biotechnology,Pharmaceuticals,8395.73,1175.40172,0.13,2.09,39.93,24285160,173465495.9,14.00
282,BLUESTARCO,Blue Star Limited,Household Appliances,Consumer Discretionary,Consumer Durables,Consumer Durables,Household Appliances,39519.16,24863.8366,0.05,2.23,42.6,129364394,205614776.3,62.92
283,BODALCHEM,Bodal Chemicals Limited,Dyes And Pigments,Commodities,Chemicals,Chemicals & Petrochemicals,Dyes And Pigments,982.36,412.2892066,0.11,2.53,48.34,52857591,125943589.7,41.97
284,BOMDYEING,Bombay Dyeing & Mfg Company Limited,Other Textile Products,Consumer Discretionary,Textiles,Textiles & Apparels,Other Textile Products,4346.53,1982.881257,0.06,3.15,60.18,94221015,206535044,45.62
285,BOROLTD,Borosil Limited,Glass - Consumer,Consumer Discretionary,Consumer Durables,Consumer Durables,Glass - Consumer,4732.44,1432.496107,0.11,2.26,43.18,36146760,119415594.2,30.27
286,BORORENEW,BOROSIL RENEWABLES LIMITED,Glass - Industrial,Industrials,Capital Goods,Industrial Products,Glass - Industrial,5900.67,2139.140368,0.06,2.58,49.29,47326114,130545796.5,36.25
287,BOROSCI,Borosil Scientific Limited,Glass - Industrial,Industrials,Capital Goods,Industrial Products,Glass - Industrial,1603.96,425.085324,0.38,1.88,35.92,23550433,88862049.86,26.50
288,BOSCHLTD,Bosch Limited,Auto Components & Equipments,Consumer Discretionary,Automobile and Auto Components,Auto Components,Auto Components & Equipments,108594.7,31852.23656,0.03,1.53,29.23,8650868,29493640.63,29.33
289,BPCL,Bharat Petroleum Corporation Limited,Refineries & Marketing,Energy,Oil Gas & Consumable Fuels,Petroleum Products,Refineries & Marketing,145426.7,64792.68655,0.03,2.09,39.93,1932956043,4338505370,44.55
291,BRIGADE,Brigade Enterprises Limited,Residential Commercial Projects,Consumer Discretionary,Realty,Realty,Residential Commercial Projects,34166.99,19270.11682,0.06,2.45,46.81,137742079,244224374.6,56.40
292,BRITANNIA,Britannia Industries Limited,Packaged Foods,Fast Moving Consumer Goods,Fast Moving Consumer Goods,Food Products,Packaged Foods,147327.09,71989.76352,0.02,1.19,22.73,117697643,240868290.7,48.86
293,BRNL,Bharat Road Network Limited,Civil Construction,Industrials,Construction,Construction,Civil Construction,377.69,180.8683123,0.73,3.36,64.19,40201892,83949766.61,47.89
295,BSE,BSE Limited,Exchange and Data Platform,Financial Services,Financial Services,Capital Markets,Exchange and Data Platform,52268.81,52265.3102,0.04,3.41,65.15,135367289,135376353.3,99.99
296,BSHSL,Bombay Super Hybrid Seeds Limited,Other Agricultural Products,Fast Moving Consumer Goods,Fast Moving Consumer Goods,Agricultural Food & other Products,Other Agricultural Products,1704.08,437.5642407,0.32,2.73,52.16,26945270,104937496.2,25.68
297,BSL,BSL Limited,Other Textile Products,Consumer Discretionary,Textiles,Textiles & Apparels,Other Textile Products,213.05,87.2102965,0.49,2.86,54.64,4213058,10292270.53,40.93
298,BSOFT,BIRLASOFT LIMITED,Computers - Software & Consulting,Information Technology,Information Technology,IT - Software,Computers - Software & Consulting,15688.36,9254.972595,0.04,2.24,42.8,162997052,276300810.1,58.99
301,BUTTERFLY,Butterfly Gandhimathi Appliances Limited,Household Appliances,Consumer Discretionary,Consumer Durables,Consumer Durables,Household Appliances,1600.22,373.420895,0.19,2.53,48.34,4172301,17879553.07,23.34
302,BVCL,Barak Valley Cements Limited,Cement & Cement Products,Commodities,Construction Materials,Cement & Cement Products,Cement & Cement Products,128.24,57.25091693,1.97,3.09,59.03,9893022,22160013.82,44.64
303,BYKE,The Byke Hospitality Ltd,Hotels & Resorts,Consumer Discretionary,Consumer Services,Leisure Services,Hotels & Resorts,307.18,144.83872,0.98,2.93,55.98,22112782,46897709.92,47.15
305,CAMLINFINE,Camlin Fine Sciences Limited,Specialty Chemicals,Commodities,Chemicals,Chemicals & Petrochemicals,Specialty Chemicals,1658.2,808.8148247,0.1,2.69,51.39,81698467,167494949.5,48.78
306,CAMPUS,Campus Activewear Limited,Footwear,Consumer Discretionary,Consumer Durables,Consumer Durables,Footwear,9507.2,2484.848475,0.06,2.21,42.22,79796033,305305073.9,26.14
307,CAMS,Computer Age Management Services Limited,Depositories Clearing Houses and Other Intermediaries,Financial Services,Financial Services,Capital Markets,Depositories Clearing Houses and Other Intermediaries,20309.5,19649.22262,0.03,2.34,44.71,47680715,49282941.03,96.75
308,CANBK,Canara Bank,Public Sector Bank,Financial Services,Financial Services,Banks,Public Sector Bank,94144.29,34895.0516,0.04,2.22,42.41,3362082243,9070651315,37.07
309,CANFINHOME,Can Fin Homes Limited,Housing Finance Company,Financial Services,Financial Services,Finance,Housing Finance Company,10969.24,6947.739092,0.04,2.07,39.55,84337692,133154163.6,63.34
310,CANTABIL,Cantabil Retail India Limited,Garments & Apparels,Consumer Discretionary,Textiles,Textiles & Apparels,Garments & Apparels,1890.64,444.6572357,0.17,2.69,51.39,19670747,83638133.16,23.52
311,CAPACITE,Capacit'e Infraprojects Limited,Civil Construction,Industrials,Construction,Construction,Civil Construction,3059.28,1983.724235,0.08,2.96,56.55,54859630,84603982.3,64.84
312,CAPITALSFB,Capital Small Finance Bank Limited,Other Bank,Financial Services,Financial Services,Banks,Other Bank,1311.06,339.1142208,0.14,1.39,26.56,11657416,45069095.91,25.87
313,CAPLIPOINT,Caplin Point Laboratories Limited,Pharmaceuticals,Healthcare,Healthcare,Pharmaceuticals & Biotechnology,Pharmaceuticals,14578.66,3862.00452,0.07,2.68,51.2,20136106,76011679.14,26.49
315,CARBORUNIV,Carborundum Universal Limited,Abrasives & Bearings,Industrials,Capital Goods,Industrial Products,Abrasives & Bearings,26835.35,15642.08678,0.07,2.04,38.97,110928918,190308134.2,58.29
317,CARERATING,CARE Ratings Limited,Ratings,Financial Services,Financial Services,Capital Markets,Ratings,3348.88,3049.674304,0.13,2,38.21,27229235,29900714.29,91.07
318,CARTRADE,Cartrade Tech Limited,E-Retail/ E-Commerce,Consumer Discretionary,Consumer Services,Retailing,E-Retail/ E-Commerce,4020.51,3041.843397,0.07,2.85,54.45,35786393,47300117.65,75.66
319,CARYSIL,CARYSIL LIMITED,Household Appliances,Consumer Discretionary,Consumer Durables,Consumer Durables,Household Appliances,2142.54,1218.374916,0.1,2.45,46.81,16158819,28415649.87,56.87
320,CASTROLIND,Castrol India Limited,Lubricants,Energy,Oil Gas & Consumable Fuels,Petroleum Products,Lubricants,21849.71,10660.6937,0.05,2.53,48.34,482602702,989122227.3,48.79
322,CCL,CCL Products (India) Limited,Tea & Coffee,Fast Moving Consumer Goods,Fast Moving Consumer Goods,Agricultural Food & other Products,Tea & Coffee,8820.19,4721.44597,0.08,2.07,39.55,71477496,133527969.1,53.53
323,CDSL,Central Depository Services (India) Limited,Depositories Clearing Houses and Other Intermediaries,Financial Services,Financial Services,Capital Markets,Depositories Clearing Houses and Other Intermediaries,28685.25,24381.71668,0.04,2.5,47.76,177644566,209000000,85.00
324,CEATLTD,CEAT Limited,Tyres & Rubber Products,Consumer Discretionary,Automobile and Auto Components,Auto Components,Tyres & Rubber Products,11884.84,6176.172998,0.05,2.3,43.94,21020618,40450079.13,51.97
325,CEIGALL,Ceigall India Limited,Civil Construction,Industrials,Construction,Construction,Civil Construction,6676.4,867.9321687,0.07,0.8,15.28,22646632,174204827.1,13.00
326,CELEBRITY,Celebrity Fashions Limited,Garments & Apparels,Consumer Discretionary,Textiles,Textiles & Apparels,Garments & Apparels,88.79,53.50210019,0.64,3.28,62.66,34077771,56554140.13,60.26
327,CELLO,Cello World Limited,Houseware,Consumer Discretionary,Consumer Durables,Consumer Durables,Houseware,19437.88,3796.257424,0.08,1.59,30.38,43139289,220885000,19.53
328,CENTENKA,Century Enka Limited,Other Textile Products,Consumer Discretionary,Textiles,Textiles & Apparels,Other Textile Products,1358.89,1002.508847,0.15,2.58,49.29,16120097,21850619.07,73.77
330,CENTRALBK,Central Bank of India,Public Sector Bank,Financial Services,Financial Services,Banks,Public Sector Bank,47996.91,3320.234531,0.05,2.94,56.17,600512666,8680938687,6.92
331,CENTRUM,Centrum Capital Limited,Other Financial Services,Financial Services,Financial Services,Finance,Other Financial Services,1337.55,479.0418345,0.16,3.3,63.05,149002126,416034214.6,35.81
332,CENTUM,Centum Electronics Limited,Industrial Products,Industrials,Capital Goods,Industrial Manufacturing,Industrial Products,2280.16,913.4120431,0.15,3.22,61.52,5166358,12896832.58,40.06
333,CENTURYPLY,Century Plyboards (India) Limited,Plywood Boards/ Laminates,Consumer Discretionary,Consumer Durables,Consumer Durables,Plywood Boards/ Laminates,18989.13,5186.765683,0.08,1.91,36.49,60685219,222173043.2,27.31
334,CENTURYTEX,Century Textiles & Industries Limited,Paper & Paper Products,Commodities,Forest Materials,Paper Forest & Jute Products,Paper & Paper Products,29688.71,13860.1157,0.05,2.8,53.49,52144905,111695673.4,46.68
335,CERA,Cera Sanitaryware Limited,Sanitary Ware,Consumer Discretionary,Consumer Durables,Consumer Durables,Sanitary Ware,10002.04,4454.869964,0.06,1.95,37.25,5744513,12897537.07,44.54
337,CESC,CESC Limited,Integrated Power Utilities,Utilities,Power,Power,Integrated Power Utilities,24350.73,11554.56692,0.04,2.55,48.72,628991122,1325570495,47.45
338,CGCL,Capri Global Capital Limited,Non Banking Financial Company (NBFC),Financial Services,Financial Services,Finance,Non Banking Financial Company (NBFC),12256.55,3688.705461,0.11,2.75,52.54,186204213,618705199.4,30.10
339,CGPOWER,CG Power and Industrial Solutions Limited,Heavy Electrical Equipment,Industrials,Capital Goods,Electrical Equipment,Heavy Electrical Equipment,115607.2,48231.43819,0.04,2.34,44.71,637686761,1528488134,41.72
340,CHALET,Chalet Hotels Limited,Hotels & Resorts,Consumer Discretionary,Consumer Services,Leisure Services,Hotels & Resorts,18135.15,5884.836678,0.08,2.09,39.93,70820587,218245983.5,32.45
341,CHAMBLFERT,Chambal Fertilizers & Chemicals Limited,Fertilizers,Commodities,Chemicals,Fertilizers & Agrochemicals,Fertilizers,19227.3,7251.077693,0.05,2.8,53.49,151095597,400652219.2,37.71
342,CHEMBOND,Chembond Chemicals Ltd,Specialty Chemicals,Commodities,Chemicals,Chemicals & Petrochemicals,Specialty Chemicals,758.48,228.4430774,0.28,3.06,58.46,4050409,13448226.95,30.12
343,CHEMCON,Chemcon Speciality Chemicals Limited,Specialty Chemicals,Commodities,Chemicals,Chemicals & Petrochemicals,Specialty Chemicals,914.3,233.4497198,0.16,2.08,39.74,9352954,36630608.97,25.53
344,CHEMFAB,Chemfab Alkalis Limited,Commodity Chemicals,Commodities,Chemicals,Chemicals & Petrochemicals,Commodity Chemicals,1400.39,366.2781004,0.49,3.43,65.53,3734102,14276582.73,26.16
345,CHEMPLASTS,Chemplast Sanmar Limited,Commodity Chemicals,Commodities,Chemicals,Chemicals & Petrochemicals,Commodity Chemicals,7794.8,3508.237715,0.1,2.27,43.37,71161008,158109533.5,45.01
346,CHENNPETRO,Chennai Petroleum Corporation Limited,Refineries & Marketing,Energy,Oil Gas & Consumable Fuels,Petroleum Products,Refineries & Marketing,13550.94,4373.348231,0.04,3.27,62.47,48058772,148911428.6,32.27
347,CHEVIOT,Cheviot Company Limited,Jute & Jute Products,Commodities,Forest Materials,Paper Forest & Jute Products,Jute & Jute Products,770.22,180.4876639,0.21,1.99,38.02,1368938,5841859.76,23.43
348,CHOICEIN,Choice International Limited,Holding Company,Financial Services,Financial Services,Finance,Holding Company,9011.93,3585.045203,0.06,1.66,31.71,79315159,199378982.3,39.78
349,CHOLAFIN,Cholamandalam Investment and Finance Company Limited,Non Banking Financial Company (NBFC),Financial Services,Financial Services,Finance,Non Banking Financial Company (NBFC),124109.65,61466.29796,0.03,1.99,38.02,416226836,840424242.4,49.53
350,CHOLAHLDNG,Cholamandalam Financial Holdings Limited,Investment Company,Financial Services,Financial Services,Finance,Investment Company,36334.94,18965.56638,0.08,2.16,41.27,98013263,187777467.7,52.20
351,CIEINDIA,CIE Automotive India Limited,Auto Components & Equipments,Consumer Discretionary,Automobile and Auto Components,Auto Components,Auto Components & Equipments,20030.33,6697.602705,0.08,2,38.21,126848536,379362310.6,33.44
352,CIGNITITEC,Cigniti Technologies Limited,IT Enabled Services,Information Technology,Information Technology,IT - Services,IT Enabled Services,3781.06,1865.93123,0.05,1.89,36.11,13472428,27300072.2,49.35
353,CINELINE,Cineline India Limited,Film Production Distribution & Exhibition,Consumer Discretionary,Media Entertainment & Publication,Entertainment,Film Production Distribution & Exhibition,365.62,110.9413072,0.37,2.75,52.54,10397498,34266166.82,30.34
355,CIPLA,Cipla Limited,Pharmaceuticals,Healthcare,Healthcare,Pharmaceuticals & Biotechnology,Pharmaceuticals,131148.88,89117.62942,0.02,1.45,27.7,548753876,807566995.1,67.95
356,CLEAN,Clean Science and Technology Limited,Specialty Chemicals,Commodities,Chemicals,Chemicals & Petrochemicals,Specialty Chemicals,15992.77,3374.73037,0.06,1.71,32.67,22423458,106264252.5,21.10
358,CLSEL,Chaman Lal Setia Exports Limited,Other Agricultural Products,Fast Moving Consumer Goods,Fast Moving Consumer Goods,Agricultural Food & other Products,Other Agricultural Products,1655.47,424.2581523,0.14,2.75,52.54,13258067,51733437.5,25.63
359,CMSINFO,CMS Info Systems Limited,Diversified Commercial Services,Services,Services,Commercial Services & Supplies,Diversified Commercial Services,9464.62,8876.812081,0.06,1.83,34.96,153048484,163183103.4,93.79
360,COALINDIA,Coal India Limited,Coal,Energy,Oil Gas & Consumable Fuels,Consumable Fuels,Coal,296673.74,109042.4337,0.05,2.06,39.36,2265110797,6162728292,36.76
361,COASTCORP,Coastal Corporation Limited,Seafood,Fast Moving Consumer Goods,Fast Moving Consumer Goods,Food Products,Seafood,340.24,169.4243231,0.26,2.84,54.26,6670249,13395275.59,49.80
364,COFORGE,Coforge Limited,Computers - Software & Consulting,Information Technology,Information Technology,IT - Software,Computers - Software & Consulting,47986.17,47667.16119,0.03,2.01,38.4,66250398,66693773.45,99.34
365,COLPAL,Colgate Palmolive (India) Limited,Personal Care,Fast Moving Consumer Goods,Fast Moving Consumer Goods,Personal Products,Personal Care,100525.89,48850.85798,0.03,1.37,26.17,132172235,271985633.1,48.60
366,COMPUSOFT,Compucom Software Limited,Education,Consumer Discretionary,Consumer Services,Other Consumer Services,Education,226.54,64.73022898,0.53,4.02,76.8,22609231,79126790.08,28.57
367,COMSYN,Commercial Syn Bags Limited,Packaging,Industrials,Capital Goods,Industrial Products,Packaging,231.72,91.64727847,1.14,2.33,44.51,15801255,39951724.14,39.55
368,CONCOR,Container Corporation of India Limited,Logistics Solution Provider,Services,Services,Transport Services,Logistics Solution Provider,52959.86,23875.7899,0.05,2.25,42.99,274686952,609294293.6,45.08
369,CONCORDBIO,Concord Biotech Limited,Pharmaceuticals,Healthcare,Healthcare,Pharmaceuticals & Biotechnology,Pharmaceuticals,19144.77,6027.67193,0.08,2.43,46.43,32938098,104616229.5,31.48
370,CONFIPET,Confidence Petroleum India Limited,LPG/CNG/PNG/LNG Supplier,Energy,Oil Gas & Consumable Fuels,Gas,LPG/CNG/PNG/LNG Supplier,2572.03,846.4284466,0.09,2.88,55.02,106535991,323729389.6,32.91
371,CONSOFINVT,Consolidated Finvest & Holdings Limited,Investment Company,Financial Services,Financial Services,Finance,Investment Company,614.2,141.1894443,0.33,2.8,53.49,7431023,32326315.79,22.99
372,CONTROLPR,Control Print Limited,Computers Hardware & Equipments,Information Technology,Information Technology,IT - Hardware,Computers Hardware & Equipments,1297.13,598.0680026,0.15,2.1,40.12,7374451,15994204.69,46.11
374,CORDSCABLE,Cords Cable Industries Limited,Cables - Electricals,Industrials,Capital Goods,Industrial Products,Cables - Electricals,248.8,119.4408178,0.94,3.45,65.91,6206330,12928033.26,48.01
375,COROMANDEL,Coromandel International Limited,Fertilizers,Commodities,Chemicals,Fertilizers & Agrochemicals,Fertilizers,46263.54,18353.25456,0.04,1.69,32.29,116843893,294531529.5,39.67
376,COSMOFIRST,COSMO FIRST LIMITED,Packaging,Industrials,Capital Goods,Industrial Products,Packaging,1909.27,976.2442365,0.12,2.74,52.35,13421932,26249673.47,51.13
379,CREATIVE,Creative Newtech Limited,Trading & Distributors,Services,Services,Commercial Services & Supplies,Trading & Distributors,1157.32,499.9500927,0.28,3.19,60.94,6096952,14113658.54,43.20
380,CREATIVEYE,Creative Eye Limited,Media & Entertainment,Consumer Discretionary,Media Entertainment & Publication,Entertainment,Media & Entertainment,11.51,5.035942147,4.92,3.93,75.08,8773418,20052264.81,43.75
381,CREDITACC,CREDITACCESS GRAMEEN LIMITED,Microfinance Institutions,Financial Services,Financial Services,Finance,Microfinance Institutions,18241.42,6065.984858,0.06,2.09,39.93,53024343,159452972,33.25
382,CREST,Crest Ventures Limited,Non Banking Financial Company (NBFC),Financial Services,Financial Services,Finance,Non Banking Financial Company (NBFC),1331.46,397.07599,0.21,3.44,65.72,8484530,28450000,29.82
383,CRISIL,CRISIL Limited,Other Financial Services,Financial Services,Financial Services,Finance,Other Financial Services,31482.31,10465.35093,0.06,1.75,33.43,24309758,73129639.95,33.24
384,CROMPTON,Crompton Greaves Consumer Electricals Limited,Household Appliances,Consumer Discretionary,Consumer Durables,Consumer Durables,Household Appliances,27371.21,27302.56216,0.04,1.91,36.49,642035559,643649853,99.75
386,CSBBANK,CSB Bank Limited,Private Sector Bank,Financial Services,Financial Services,Banks,Private Sector Bank,5378.06,3067.151006,0.08,1.95,37.25,98940355,173485806.5,57.03
387,CSLFINANCE,CSL Finance Limited,Non Banking Financial Company (NBFC),Financial Services,Financial Services,Finance,Non Banking Financial Company (NBFC),924.97,466.8096117,0.22,2.95,56.36,11497774,22782512.32,50.47
389,CUB,City Union Bank Limited,Private Sector Bank,Financial Services,Financial Services,Banks,Private Sector Bank,11428.57,11092.11045,0.04,1.97,37.64,718866523,740672067.4,97.06
390,CUBEXTUB,Cubex Tubings Limited,Aluminium Copper & Zinc Products,Industrials,Capital Goods,Industrial Products,Aluminium Copper & Zinc Products,137.92,76.65793306,3.92,2.94,56.17,7958672,14318936.88,55.58
391,CUMMINSIND,Cummins India Limited,Compressors Pumps & Diesel Engines,Industrials,Capital Goods,Industrial Products,Compressors Pumps & Diesel Engines,99764.28,48662.22238,0.03,2.06,39.36,135210398,277200000,48.78
393,CYBERMEDIA,Cyber Media (India) Limited,Electronic Media,Consumer Discretionary,Media Entertainment & Publication,Media,Electronic Media,39.2,14.9028037,2.25,3.76,71.83,5956356,15667466.03,38.02
395,CYIENT,Cyient Limited,IT Enabled Services,Information Technology,Information Technology,IT - Services,IT Enabled Services,20381.65,15475.49901,0.04,2.19,41.84,84243326,110950734.9,75.93
396,CYIENTDLM,Cyient DLM Limited,Industrial Products,Industrials,Capital Goods,Industrial Manufacturing,Industrial Products,5353.56,1784.54495,0.07,2.13,40.69,26435745,79306125.47,33.33
397,DABUR,Dabur India Limited,Personal Care,Fast Moving Consumer Goods,Fast Moving Consumer Goods,Personal Products,Personal Care,101021.75,33575.99249,0.02,1.4,26.75,589052500,1772311404,33.24
398,DALBHARAT,Dalmia Bharat Limited,Cement & Cement Products,Commodities,Construction Materials,Cement & Cement Products,Cement & Cement Products,35070.47,14905.1597,0.04,1.82,34.77,79708868,187547635,42.50
399,DALMIASUG,Dalmia Bharat Sugar and Industries Limited,Sugar,Fast Moving Consumer Goods,Fast Moving Consumer Goods,Agricultural Food & other Products,Sugar,4189.42,975.9124302,0.11,2.54,48.53,18854568,80939335.39,23.29
400,DAMODARIND,Damodar Industries Limited,Other Textile Products,Consumer Discretionary,Textiles,Textiles & Apparels,Other Textile Products,99.26,28.38768874,0.71,2.88,55.02,6663777,23300469.48,28.60
401,DANGEE,Dangee Dums Limited,Packaged Foods,Fast Moving Consumer Goods,Fast Moving Consumer Goods,Food Products,Packaged Foods,82.67,29.39286072,0.71,3.26,62.28,38321852,107783572.4,35.55
402,DATAMATICS,Datamatics Global Services Limited,IT Enabled Services,Information Technology,Information Technology,IT - Services,IT Enabled Services,3361.55,1122.674105,0.12,3.24,61.9,19715060,59031521.64,33.40
403,DATAPATTNS,Data Patterns (India) Limited,Aerospace & Defense,Industrials,Capital Goods,Aerospace & Defense,Aerospace & Defense,12513.54,6594.496219,0.05,2.99,57.12,29502936,55983983.54,52.70
404,DAVANGERE,Davangere Sugar Company Limited,Diversified FMCG,Fast Moving Consumer Goods,Fast Moving Consumer Goods,Diversified FMCG,Diversified FMCG,633.19,247.6349292,0.29,2.85,54.45,367956804,940846953.9,39.11
405,DBCORP,D.B.Corp Limited,Print Media,Consumer Discretionary,Media Entertainment & Publication,Media,Print Media,6484.93,1792.415946,0.38,2.92,55.79,49242196,178157417.6,27.64
406,DBL,Dilip Buildcon Limited,Civil Construction,Industrials,Construction,Construction,Civil Construction,7105.32,2120.858821,0.08,3.02,57.7,43643560,146215042.7,29.85
407,DBOL,Dhampur Bio Organics Limited,Sugar,Fast Moving Consumer Goods,Fast Moving Consumer Goods,Agricultural Food & other Products,Sugar,932.75,456.0128139,0.17,2.5,47.76,32456428,66387900.36,48.89
408,DBREALTY,Valor Estate Limited,Residential Commercial Projects,Consumer Discretionary,Realty,Realty,Residential Commercial Projects,9234.68,3364.702987,0.13,3.72,71.07,196192594,538465306.1,36.44
409,DBSTOCKBRO,DB (International) Stock Brokers Limited,Stockbroking & Allied,Financial Services,Financial Services,Capital Markets,Stockbroking & Allied,158.38,76.06592875,1.71,3.7,70.69,16810150,35001104.97,48.03
410,DCAL,Dishman Carbogen Amcis Limited,Pharmaceuticals,Healthcare,Healthcare,Pharmaceuticals & Biotechnology,Pharmaceuticals,2600.25,1056.098376,0.12,3.54,67.63,63677924,156783237.9,40.62
411,DCBBANK,DCB Bank Limited,Private Sector Bank,Financial Services,Financial Services,Banks,Private Sector Bank,3584.13,3041.562577,0.06,2.06,39.36,266103463,313572178.5,84.86
416,DCMSHRIRAM,DCM Shriram Limited,Diversified,Diversified,Diversified,Diversified,Diversified,15265.19,4808.855846,0.09,2.11,40.31,49125098,155942282.2,31.50
417,DCMSRIND,DCM Shriram Industries Limited,Sugar,Fast Moving Consumer Goods,Fast Moving Consumer Goods,Agricultural Food & other Products,Sugar,1674.6,702.0859137,0.14,2.79,53.3,36471996,86992207.79,41.93
418,DCW,DCW Limited,Petrochemicals,Commodities,Chemicals,Chemicals & Petrochemicals,Petrochemicals,2747.3,1488.106835,0.06,3.33,63.62,159873962,295154705.6,54.17
420,DECCANCE,Deccan Cements Limited,Cement & Cement Products,Commodities,Construction Materials,Cement & Cement Products,Cement & Cement Products,812.44,345.8755152,0.27,1.86,35.54,5963371,14007586.21,42.57
421,DEEDEV,DEE Development Engineers Limited,Industrial Products,Industrials,Capital Goods,Industrial Manufacturing,Industrial Products,1733.26,362.2698536,0.09,1.18,22.54,14433062,69054183.27,20.90
422,DEEPAKFERT,Deepak Fertilizers And Petrochemicals Corporation Limited,Commodity Chemicals,Commodities,Chemicals,Chemicals & Petrochemicals,Commodity Chemicals,13141.36,6997.063279,0.05,2.82,53.88,67214825,126237848.2,53.24
423,DEEPAKNTR,Deepak Nitrite Limited,Specialty Chemicals,Commodities,Chemicals,Chemicals & Petrochemicals,Specialty Chemicals,37753.59,18989.79338,0.05,1.87,35.73,68604745,136393027.5,50.30
425,DEEPINDS,Deep Industries Limited,Offshore Support Solution Drilling,Energy,Oil Gas & Consumable Fuels,Oil,Offshore Support Solution Drilling,2604.16,938.1304109,0.12,3.01,57.51,23055552,64000000,36.02
426,DELHIVERY,Delhivery Limited,Logistics Solution Provider,Services,Services,Transport Services,Logistics Solution Provider,29816.14,18622.98411,0.04,2.09,39.93,462223483,740038222.9,62.46
428,DELTACORP,Delta Corp Limited,Amusement Parks/ Other Recreation,Consumer Discretionary,Consumer Services,Leisure Services,Amusement Parks/ Other Recreation,3213.25,2121.437938,0.07,2.7,51.58,176786495,267770833.3,66.02
429,DELTAMAGNT,Delta Manufacturing Limited,Other Industrial Products,Industrials,Capital Goods,Industrial Products,Other Industrial Products,97.66,26.55602193,0.79,3.34,63.81,2950669,10851111.11,27.19
430,DEN,Den Networks Limited,TV Broadcasting & Software Production,Consumer Discretionary,Media Entertainment & Publication,Entertainment,TV Broadcasting & Software Production,2386.12,593.5328405,0.09,2.69,51.39,118706568,477224000,24.87
431,DENORA,De Nora India Limited,Electrodes & Refractories,Industrials,Capital Goods,Industrial Products,Electrodes & Refractories,770.57,348.5371323,0.15,3.3,63.05,2401138,5308601.15,45.23
432,DEVIT,Dev Information Technology Limited,IT Enabled Services,Information Technology,Information Technology,IT - Services,IT Enabled Services,336.28,92.84445496,0.62,3.3,63.05,6207840,22484621.56,27.61
433,DEVYANI,Devyani International Limited,Restaurants,Consumer Discretionary,Consumer Services,Leisure Services,Restaurants,20880.47,6934.112094,0.05,2.07,39.55,400584176,1206266320,33.21
435,DHAMPURSUG,Dhampur Sugar Mills Limited,Sugar,Fast Moving Consumer Goods,Fast Moving Consumer Goods,Agricultural Food & other Products,Sugar,1379.35,696.7806436,0.07,2.23,42.6,33030606,65387532.59,50.52
436,DHANBANK,Dhanlaxmi Bank Limited,Private Sector Bank,Financial Services,Financial Services,Banks,Private Sector Bank,878.71,676.3596487,0.38,2.97,56.74,194747955,253011805.4,76.97
437,DHANI,Dhani Services Limited,Other Financial Services,Financial Services,Financial Services,Finance,Other Financial Services,2871.39,1835.654228,0.09,3.5,66.87,385641645,603233193.3,63.93
438,DHANUKA,Dhanuka Agritech Limited,Pesticides & Agrochemicals,Commodities,Chemicals,Fertilizers & Agrochemicals,Pesticides & Agrochemicals,6663.55,1963.921723,0.12,2.45,46.81,13433117,45578317.37,29.47
439,DHARMAJ,Dharmaj Crop Guard Limited,Pesticides & Agrochemicals,Commodities,Chemicals,Fertilizers & Agrochemicals,Pesticides & Agrochemicals,1095.03,324.0857863,0.17,2.58,49.29,10002648,33797222.22,29.60
441,DHUNINV,Dhunseri Investments Limited,Investment Company,Financial Services,Financial Services,Finance,Investment Company,1269.43,269.8965741,0.34,3.73,71.26,1296333,6097166.186,21.26
443,DIAMINESQ,Diamines & Chemicals Limited,Specialty Chemicals,Commodities,Chemicals,Chemicals & Petrochemicals,Specialty Chemicals,503.14,211.5318338,0.33,2.35,44.9,4113405,9783957.219,42.04
444,DIAMONDYD,Prataap Snacks Limited,Packaged Foods,Fast Moving Consumer Goods,Fast Moving Consumer Goods,Food Products,Packaged Foods,2504.92,887.2523713,0.16,2.64,50.44,8456063,23873433.4,35.42
449,DIL,Debock Industries Limited,Other Agricultural Products,Fast Moving Consumer Goods,Fast Moving Consumer Goods,Agricultural Food & other Products,Other Agricultural Products,90.16,51.99384602,0.4,2.85,54.45,93851708,162743682.3,57.67
450,DISHTV,Dish TV India Limited,TV Broadcasting & Software Production,Consumer Discretionary,Media Entertainment & Publication,Entertainment,TV Broadcasting & Software Production,2540.93,1823.701556,0.11,3.25,62.09,1321522866,1841253623,71.77
451,DIVGIITTS,Divgi Torqtransfer Systems Limited,Auto Components & Equipments,Consumer Discretionary,Automobile and Auto Components,Auto Components,Auto Components & Equipments,1812.8,495.4426849,0.18,2.01,38.4,8358375,30582876.42,27.33
452,DIVISLAB,Divi's Laboratories Limited,Pharmaceuticals,Healthcare,Healthcare,Pharmaceuticals & Biotechnology,Pharmaceuticals,143432.67,68493.83501,0.03,1.58,30.19,126770007,265468573,47.75
453,DIXON,Dixon Technologies (India) Limited,Consumer Electronics,Consumer Discretionary,Consumer Durables,Consumer Durables,Consumer Electronics,80719.57,50867.61436,0.04,2.38,45.47,37707646,59836597.48,63.02
455,DLF,DLF Limited,Residential Commercial Projects,Consumer Discretionary,Realty,Realty,Residential Commercial Projects,203347.13,52569.91014,0.04,2.09,39.93,639925869,2475315033,25.85
456,DLINKINDIA,D-Link (India) Limited,Computers Hardware & Equipments,Information Technology,Information Technology,IT - Hardware,Computers Hardware & Equipments,1995.37,842.071169,0.11,3.3,63.05,14983473,35504804.27,42.20
457,DMART,Avenue Supermarts Limited,Diversified Retail,Consumer Discretionary,Consumer Services,Retailing,Diversified Retail,295042.37,66950.4252,0.04,1.64,31.33,147663046,650733061.3,22.69
458,DMCC,DMCC SPECIALITY CHEMICALS LIMITED,Specialty Chemicals,Commodities,Chemicals,Chemicals & Petrochemicals,Specialty Chemicals,639.83,294.6633832,0.28,2.4,45.85,11485612,24939777.82,46.05
460,DODLA,Dodla Dairy Limited,Dairy Products,Fast Moving Consumer Goods,Fast Moving Consumer Goods,Food Products,Dairy Products,6853.24,2635.604988,0.1,2.47,47.19,23200748,60327816.9,38.46
461,DOLATALGO,Dolat Algotech Limited,Stockbroking & Allied,Financial Services,Financial Services,Capital Markets,Stockbroking & Allied,2340.45,589.0837403,0.12,3.75,71.64,44298672,176000150.4,25.17
462,DOLLAR,Dollar Industries Limited,Garments & Apparels,Consumer Discretionary,Textiles,Textiles & Apparels,Garments & Apparels,2800.64,778.3096159,0.12,2.41,46.04,15761637,56716079.38,27.79
464,DOMS,DOMS Industries Limited,Stationary,Fast Moving Consumer Goods,Fast Moving Consumer Goods,Household Products,Stationary,14977.31,3750.28757,0.08,1.89,36.11,15195963,60687250.55,25.04
466,DPABHUSHAN,D. P. Abhushan Limited,Gems Jewellery And Watches,Consumer Discretionary,Consumer Durables,Consumer Durables,Gems Jewellery And Watches,3544.94,811.0964604,0.14,1.97,37.64,5173469,22610919.76,22.88
467,DPSCLTD,DPSC Limited,Integrated Power Utilities,Utilities,Power,Power,Integrated Power Utilities,1767.43,125.6888888,0.41,3.33,63.62,69250076,973790633.6,7.11
468,DPWIRES,D P Wires Limited,Iron & Steel Products,Industrials,Capital Goods,Industrial Products,Iron & Steel Products,604.67,152.4796391,0.18,2.08,39.74,3910236,15506346.97,25.22
470,DREAMFOLKS,Dreamfolks Services Limited,Airport & Airport services,Services,Services,Transport Infrastructure,Airport & Airport services,2386.5,810.9390713,0.08,2.02,38.59,18034895,53074613.59,33.98
472,DRREDDY,Dr. Reddy's Laboratories Limited,Pharmaceuticals,Healthcare,Healthcare,Pharmaceuticals & Biotechnology,Pharmaceuticals,110622.73,80734.01525,0.02,1.24,23.69,121789131,166876949.8,72.98
473,DSSL,Dynacons Systems & Solutions Limited,IT Enabled Services,Information Technology,Information Technology,IT - Services,IT Enabled Services,1661.73,647.9912083,0.24,3.83,73.17,4957472,12713105.35,38.99
474,DTIL,Dhunseri Tea & Industries Limited,Tea & Coffee,Fast Moving Consumer Goods,Fast Moving Consumer Goods,Agricultural Food & other Products,Tea & Coffee,288.43,87.92667608,0.53,2.97,56.74,3203158,10507468.12,30.48
476,DVL,Dhunseri Ventures Limited,Diversified,Diversified,Diversified,Diversified,Diversified,1537.59,375.092738,0.33,3.29,62.86,8544254,35024829.16,24.39
477,DWARKESH,Dwarikesh Sugar Industries Limited,Sugar,Fast Moving Consumer Goods,Fast Moving Consumer Goods,Agricultural Food & other Products,Sugar,1321.2,762.0784303,0.07,2.11,40.31,106883370,185301542.8,57.68
478,DYCL,Dynamic Cables Limited,Cables - Electricals,Industrials,Capital Goods,Industrial Products,Cables - Electricals,1235.7,285.081077,0.15,3.11,59.42,5589825,24229411.76,23.07
479,DYNAMATECH,Dynamatic Technologies Limited,Industrial Products,Industrials,Capital Goods,Industrial Manufacturing,Industrial Products,5181.87,2975.528789,0.09,2.8,53.49,3899776,6791441.678,57.42
482,EASEMYTRIP,Easy Trip Planners Limited,Tour Travel Related Services,Consumer Discretionary,Consumer Services,Leisure Services,Tour Travel Related Services,5713.06,1930.991074,0.05,2.83,54.07,598942641,1772040943,33.80
483,ECLERX,eClerx Services Limited,Business Process Outsourcing (BPO)/ Knowledge Process Outsourcing (KPO),Services,Services,Commercial Services & Supplies,Business Process Outsourcing (BPO)/ Knowledge Process Outsourcing (KPO),14402.32,6438.471328,0.08,2.19,41.84,21301808,47650355.67,44.70
484,EDELWEISS,Edelweiss Financial Services Limited,Holding Company,Financial Services,Financial Services,Finance,Holding Company,10858.46,6621.164802,0.11,3.51,67.06,575753461,944213913,60.98
485,EICHERMOT,Eicher Motors Limited,2/3 Wheelers,Consumer Discretionary,Automobile and Auto Components,Automobiles,2/3 Wheelers,127972.65,64135.66835,0.02,1.55,29.61,137350184,274060713.1,50.12
486,EIDPARRY,EID Parry India Limited,Fertilizers,Commodities,Chemicals,Fertilizers & Agrochemicals,Fertilizers,14247.99,8110.211802,0.06,2.2,42.03,101074424,177567173.5,56.92
488,EIHAHOTELS,EIH Associated Hotels Limited,Hotels & Resorts,Consumer Discretionary,Consumer Services,Leisure Services,Hotels & Resorts,2314.36,572.1816475,0.15,2.74,52.35,15065341,60936282.25,24.72
489,EIHOTEL,EIH Limited,Hotels & Resorts,Consumer Discretionary,Consumer Services,Leisure Services,Hotels & Resorts,24470.5,8341.504191,0.06,2.41,46.04,213174142,625364170.7,34.09
491,EKC,Everest Kanto Cylinder Limited,Industrial Products,Industrials,Capital Goods,Industrial Manufacturing,Industrial Products,2008.41,651.4322843,0.1,3.3,63.05,36394898,112207944.6,32.44
492,ELDEHSG,Eldeco Housing And Industries Limited,Residential Commercial Projects,Consumer Discretionary,Realty,Realty,Residential Commercial Projects,875.14,378.7697952,0.53,2.65,50.63,4255840,9833033.708,43.28
493,ELECON,Elecon Engineering Company Limited,Industrial Products,Industrials,Capital Goods,Industrial Manufacturing,Industrial Products,14159.64,5551.738239,0.08,2.91,55.6,87983173,224400000,39.21
494,ELECTCAST,Electrosteel Castings Limited,Iron & Steel Products,Industrials,Capital Goods,Industrial Products,Iron & Steel Products,11778.89,6289.420339,0.05,3.16,60.37,330083990,618184633.1,53.40
496,ELGIEQUIP,Elgi Equipments Limited,Compressors Pumps & Diesel Engines,Industrials,Capital Goods,Industrial Products,Compressors Pumps & Diesel Engines,20313.87,13792.9335,0.06,2.58,49.29,215178370,316909048.4,67.90
498,ELIN,Elin Electronics Limited,Household Appliances,Consumer Discretionary,Consumer Durables,Consumer Durables,Household Appliances,1085.7,722.9336583,0.13,2.79,53.3,33066535,49659241.64,66.59
499,EMAMILTD,Emami Limited,Personal Care,Fast Moving Consumer Goods,Fast Moving Consumer Goods,Personal Products,Personal Care,32052.2,14439.89847,0.06,2.09,39.93,196648488,436500068.1,45.05
500,EMAMIPAP,Emami Paper Mills Limited,Paper & Paper Products,Commodities,Forest Materials,Paper Forest & Jute Products,Paper & Paper Products,665.49,165.0620386,0.25,2.42,46.23,15005640,60499090.91,24.80
502,EMBDL,Equinox India Developments Limited,Residential Commercial Projects,Consumer Discretionary,Realty,Realty,Residential Commercial Projects,7529.45,5633.670907,0.06,3.46,66.1,476219012,636470836.9,74.82
503,EMCURE,Emcure Pharmaceuticals Limited,Pharmaceuticals,Healthcare,Healthcare,Pharmaceuticals & Biotechnology,Pharmaceuticals,25194.52,1811.35989,0.08,1.06,20.25,13595226,189098360,7.19
504,EMIL,Electronics Mart India Limited,Diversified Retail,Consumer Discretionary,Consumer Services,Retailing,Diversified Retail,8143.98,2201.292563,0.11,2.6,49.67,103996436,384748901.6,27.03
506,EMMBI,Emmbi Industries Limited,Packaging,Industrials,Capital Goods,Industrial Products,Packaging,222.72,87.58607365,0.34,2.94,56.17,6956797,17690230.34,39.33
507,EMSLIMITED,EMS Limited,Waste Management,Utilities,Utilities,Other Utilities,Waste Management,4145.37,1255.982221,0.25,2.98,56.93,16824946,55530743.47,30.30
508,EMUDHRA,eMudhra Limited,IT Enabled Services,Information Technology,Information Technology,IT - Services,IT Enabled Services,7287.43,2351.362233,0.08,2.73,52.16,26720025,82811704.55,32.27
509,ENDURANCE,Endurance Technologies Limited,Auto Components & Equipments,Consumer Discretionary,Automobile and Auto Components,Auto Components,Auto Components & Equipments,30664.5,7666.125216,0.07,1.92,36.68,35165712,140662844,25.00
511,ENGINERSIN,Engineers India Limited,Civil Construction,Industrials,Construction,Construction,Civil Construction,10667.56,5186.88976,0.05,3.3,63.05,273281863,562042149.6,48.62
512,ENIL,Entertainment Network (India) Limited,Media & Entertainment,Consumer Discretionary,Media Entertainment & Publication,Entertainment,Media & Entertainment,975.1,281.1666807,0.21,3.16,60.37,13745621,47670496.21,28.83
513,ENTERO,Entero Healthcare Solutions Limited,Pharmacy Retail,Consumer Discretionary,Consumer Services,Retailing,Pharmacy Retail,5628.96,1646.179067,0.12,2.08,39.74,12719665,43493741.31,29.24
514,EPACK,EPACK Durable Limited,Household Appliances,Consumer Discretionary,Consumer Durables,Consumer Durables,Household Appliances,3550.81,1029.669818,0.1,2.47,47.19,27828914,95967837.84,29.00
515,EPIGRAL,Epigral Limited,Specialty Chemicals,Commodities,Chemicals,Chemicals & Petrochemicals,Specialty Chemicals,8467.92,2403.458826,0.08,3.1,59.23,11793223,41550147.2,28.38
516,EPL,EPL Limited,Packaging,Industrials,Capital Goods,Industrial Products,Packaging,8135.66,3304.518979,0.06,2.14,40.88,129411356,318608184.8,40.62
518,EQUITASBNK,Equitas Small Finance Bank Limited,Other Bank,Financial Services,Financial Services,Banks,Other Bank,8357.71,8325.965817,0.05,2,38.21,1134173248,1138497480,99.62
519,ERIS,Eris Lifesciences Limited,Pharmaceuticals,Healthcare,Healthcare,Pharmaceuticals & Biotechnology,Pharmaceuticals,18004.07,6314.388891,0.08,1.69,32.29,47735023,136105760.5,35.07
520,EROSMEDIA,Eros International Media Limited,Film Production Distribution & Exhibition,Consumer Discretionary,Media Entertainment & Publication,Entertainment,Film Production Distribution & Exhibition,198.54,166.7754701,0.3,3.18,60.75,80567860,95913043.48,84.00
521,ESABINDIA,Esab India Limited,Other Industrial Products,Industrials,Capital Goods,Industrial Products,Other Industrial Products,9160.85,2365.541651,0.11,1.99,38.02,3974832,15393023.37,25.82
522,ESAFSFB,ESAF Small Finance Bank Limited,Other Bank,Financial Services,Financial Services,Banks,Other Bank,2316.93,763.5474329,0.08,1.71,32.67,169677207,514873333.3,32.96
523,ESCORTS,Escorts Kubota Limited,Tractors,Industrials,Capital Goods,Agricultural Commercial & Construction Vehicles,Tractors,43352.63,12986.71375,0.03,1.8,34.39,33514100,111877754.8,29.96
525,ESSENTIA,Integra Essentia Limited,Other Food Products,Fast Moving Consumer Goods,Fast Moving Consumer Goods,Food Products,Other Food Products,372.62,295.0693941,0.79,3.43,65.53,845471043,1067679083,79.19
526,ESTER,Ester Industries Limited,Packaging,Industrials,Capital Goods,Industrial Products,Packaging,1289.52,286.3028267,0.18,3.45,65.91,20859951,93954098.36,22.20
527,ETHOSLTD,Ethos Limited,Gems Jewellery And Watches,Consumer Discretionary,Consumer Durables,Consumer Durables,Gems Jewellery And Watches,7770.09,3519.144873,0.09,2.45,46.81,11087413,24480434.78,45.29
528,EUROTEXIND,Eurotex Industries and Exports Limited,Other Textile Products,Consumer Discretionary,Textiles,Textiles & Apparels,Other Textile Products,17.15,4.564968018,5.24,4.36,83.3,2329065,8750000,26.62
529,EVEREADY,Eveready Industries India Limited,Household Products,Fast Moving Consumer Goods,Fast Moving Consumer Goods,Household Products,Household Products,3035.78,1660.491561,0.1,2.28,43.56,39757969,72687178.26,54.70
530,EVERESTIND,Everest Industries Limited,Other Construction Materials,Commodities,Construction Materials,Other Construction Materials,Other Construction Materials,1551.14,765.1971489,0.21,2.48,47.38,7804152,15819887.81,49.33
531,EXCEL,Excel Realty N Infra Limited,Trading & Distributors,Services,Services,Commercial Services & Supplies,Trading & Distributors,104.39,84.40016127,3.87,4.97,94.95,1140542720,1410675676,80.85
532,EXCELINDUS,Excel Industries Limited,Specialty Chemicals,Commodities,Chemicals,Chemicals & Petrochemicals,Specialty Chemicals,1885.92,755.3403606,0.14,2.66,50.82,5034763,12570704.88,40.05
534,EXIDEIND,Exide Industries Limited,Auto Components & Equipments,Consumer Discretionary,Automobile and Auto Components,Auto Components,Auto Components & Equipments,41140,21974.931,0.03,2.2,42.03,454027500,850000000,53.42
535,EXPLEOSOL,Expleo Solutions Limited,IT Enabled Services,Information Technology,Information Technology,IT - Services,IT Enabled Services,1969.45,568.6190432,0.15,2.03,38.78,4480844,15519700.55,28.87
536,EXXARO,Exxaro Tiles Limited,Ceramics,Consumer Discretionary,Consumer Durables,Consumer Durables,Ceramics,404.86,134.7720628,0.23,2.67,51.01,14893586,44740855.34,33.29
537,FACT,Fertilizers and Chemicals Travancore Limited,Fertilizers,Commodities,Chemicals,Fertilizers & Agrochemicals,Fertilizers,55120.83,5291.87491,0.11,3.76,71.83,62122145,647072019.7,9.60
538,FAIRCHEMOR,Fairchem Organics Limited,Specialty Chemicals,Commodities,Chemicals,Chemicals & Petrochemicals,Specialty Chemicals,1450.79,597.0910324,0.17,2.39,45.66,5358921,13020911.87,41.16
539,FAZE3Q,Faze Three Limited,Other Textile Products,Consumer Discretionary,Textiles,Textiles & Apparels,Other Textile Products,1095.57,480.3191203,0.27,2.97,56.74,10661912,24318978.91,43.84
540,FCL,Fineotex Chemical Limited,Specialty Chemicals,Commodities,Chemicals,Chemicals & Petrochemicals,Specialty Chemicals,4264.45,1441.960503,0.08,2.74,52.35,37453520,110764935.1,33.81
541,FCSSOFT,FCS Software Solutions Limited,IT Enabled Services,Information Technology,Information Technology,IT - Services,IT Enabled Services,574.41,461.5262451,0.55,3.69,70.5,1373590015,1709553571,80.35
542,FDC,FDC Limited,Pharmaceuticals,Healthcare,Healthcare,Pharmaceuticals & Biotechnology,Pharmaceuticals,8205.63,2471.822421,0.09,2.01,38.4,49044096,162810119,30.12
543,FEDERALBNK,The Federal Bank  Limited,Private Sector Bank,Financial Services,Financial Services,Banks,Private Sector Bank,45141.23,44948.11253,0.03,1.67,31.91,2442832203,2453327717,99.57
544,FEDFINA,Fedbank Financial Services Limited,Non Banking Financial Company (NBFC),Financial Services,Financial Services,Finance,Non Banking Financial Company (NBFC),4166.98,1193.915564,0.09,1.13,21.59,106561546,371918957.5,28.65
548,FIEMIND,Fiem Industries Limited,Auto Components & Equipments,Consumer Discretionary,Automobile and Auto Components,Auto Components,Auto Components & Equipments,4224.17,1733.279903,0.08,2.41,46.04,10799588,26319636.13,41.03
549,FILATEX,Filatex India Limited,Other Textile Products,Consumer Discretionary,Textiles,Textiles & Apparels,Other Textile Products,2529.98,879.9004748,0.1,2.81,53.68,154368504,443856140.4,34.78
551,FINCABLES,Finolex Cables Limited,Cables - Electricals,Industrials,Capital Goods,Industrial Products,Cables - Electricals,19824,9786.929347,0.06,2.6,49.67,75504778,152939361.2,49.37
552,FINEORG,Fine Organic Industries Limited,Specialty Chemicals,Commodities,Chemicals,Chemicals & Petrochemicals,Specialty Chemicals,15560.09,3887.751007,0.06,1.88,35.92,7660518,30659973.79,24.99
553,FINOPB,Fino Payments Bank Limited,Other Bank,Financial Services,Financial Services,Banks,Other Bank,3262,815.0663135,0.13,3.07,58.65,20792508,83214285.71,24.99
554,FINPIPE,Finolex Industries Limited,Plastic Products - Industrial,Industrials,Capital Goods,Industrial Products,Plastic Products - Industrial,17993.83,8212.402118,0.06,2.37,45.28,283186280,620476896.6,45.64
555,FIRSTCRY,Brainbees Solutions Limited,E-Retail/ E-Commerce,Consumer Discretionary,Consumer Services,Retailing,E-Retail/ E-Commerce,32550.25,3906.030177,0.07,1,19.1,62302100,519184145.5,12.00
556,FIVESTAR,Five-Star Business Finance Limited,Non Banking Financial Company (NBFC),Financial Services,Financial Services,Finance,Non Banking Financial Company (NBFC),23134.88,9790.866829,0.07,2.09,39.93,123778342,292476359,42.32
557,FLAIR,Flair Writing Industries Limited,Stationary,Fast Moving Consumer Goods,Fast Moving Consumer Goods,Household Products,Stationary,2996.92,641.658034,0.14,1.8,34.39,22565783,105395463.3,21.41
560,FLUOROCHEM,Gujarat Fluorochemicals Limited,Specialty Chemicals,Commodities,Chemicals,Chemicals & Petrochemicals,Specialty Chemicals,43557.17,16151.261,0.07,2.38,45.47,40733039,109849993.1,37.08
561,FMGOETZE,Federal-Mogul Goetze (India) Limited.,Auto Components & Equipments,Consumer Discretionary,Automobile and Auto Components,Auto Components,Auto Components & Equipments,2175.22,544.1412293,0.11,1.95,37.25,13916655,55632225.06,25.02
564,FOODSIN,Foods & Inns Limited,Packaged Foods,Fast Moving Consumer Goods,Fast Moving Consumer Goods,Food Products,Packaged Foods,909.96,435.358607,0.15,2.87,54.83,34982612,73118521.49,47.84
565,FORCEMOT,FORCE MOTORS LTD,Passenger Cars & Utility Vehicles,Consumer Discretionary,Automobile and Auto Components,Automobiles,Passenger Cars & Utility Vehicles,9031.81,3329.928777,0.06,3.36,64.19,4805092,13032914.86,36.87
566,FORTIS,Fortis Healthcare Limited,Hospital,Healthcare,Healthcare,Healthcare Services,Hospital,43859.29,30189.88687,0.05,1.83,34.96,519664117,754958085.9,68.83
567,FOSECOIND,Foseco India Limited,Specialty Chemicals,Commodities,Chemicals,Chemicals & Petrochemicals,Specialty Chemicals,2793.44,364.0239709,0.17,2.39,45.66,832245,6386465.478,13.03
568,FSL,Firstsource Solutions Limited,Business Process Outsourcing (BPO)/ Knowledge Process Outsourcing (KPO),Services,Services,Commercial Services & Supplies,Business Process Outsourcing (BPO)/ Knowledge Process Outsourcing (KPO),20798.21,9356.19787,0.06,2.54,48.53,313545505,696990951.7,44.99
569,FUSION,Fusion Finance Limited,Microfinance Institutions,Financial Services,Financial Services,Finance,Microfinance Institutions,2317.49,971.5117943,0.14,2.73,52.16,42350122,101023975.6,41.92
570,GABRIEL,Gabriel India Limited,Auto Components & Equipments,Consumer Discretionary,Automobile and Auto Components,Auto Components,Auto Components & Equipments,6665.08,2937.973407,0.07,2.59,49.48,63318392,143643965.5,44.08
571,GAEL,Gujarat Ambuja Exports Limited,Other Agricultural Products,Fast Moving Consumer Goods,Fast Moving Consumer Goods,Agricultural Food & other Products,Other Agricultural Products,5582.02,1692.753733,0.09,2.48,47.38,139092336,458670501.2,30.33
572,GAIL,GAIL (India) Limited,Gas Transmission/Marketing,Energy,Oil Gas & Consumable Fuels,Gas,Gas Transmission/Marketing,147545.24,60520.54753,0.04,2.37,45.28,2696994097,6575099822,41.02
573,GALAXYSURF,Galaxy Surfactants Limited,Specialty Chemicals,Commodities,Chemicals,Chemicals & Petrochemicals,Specialty Chemicals,10001.79,2875.803394,0.1,1.87,35.73,10194269,35454767.81,28.75
575,GANDHAR,Gandhar Oil Refinery (India) Limited,Lubricants,Energy,Oil Gas & Consumable Fuels,Petroleum Products,Lubricants,2079.73,735.6704471,0.08,1.77,33.82,34619786,97869647.06,35.37
576,GANDHITUBE,Gandhi Special Tubes Limited,Iron & Steel Products,Industrials,Capital Goods,Industrial Products,Iron & Steel Products,1007.65,247.1296877,0.29,2.26,43.18,3168329,12918589.74,24.53
577,GANECOS,Ganesha Ecosphere Limited,Other Textile Products,Consumer Discretionary,Textiles,Textiles & Apparels,Other Textile Products,4663.46,2836.46389,0.1,2.24,42.8,15416821,25346957.63,60.82
578,GANESHBE,Ganesh Benzoplast Limited,Oil Storage & Transportation,Energy,Oil Gas & Consumable Fuels,Oil,Oil Storage & Transportation,1043.56,463.8106841,0.15,2.55,48.72,31995770,71989514.35,44.45
579,GANESHHOUC,Ganesh Housing Corporation Limited,Residential Commercial Projects,Consumer Discretionary,Realty,Realty,Residential Commercial Projects,6513.37,1739.101182,0.31,3.19,60.94,22264770,83387146.33,26.70
580,GANGAFORGE,Ganga Forging Limited,Castings & Forgings,Industrials,Capital Goods,Industrial Products,Castings & Forgings,98.27,41.1221149,2.34,3.06,58.46,56408937,134801097.4,41.85
581,GANGESSECU,Ganges Securities Limited,Tea & Coffee,Fast Moving Consumer Goods,Fast Moving Consumer Goods,Agricultural Food & other Products,Tea & Coffee,158.01,50.89397884,0.63,3.27,62.47,3222158,10003798.67,32.21
582,GARFIBRES,Garware Technical Fibres Limited,Other Textile Products,Consumer Discretionary,Textiles,Textiles & Apparels,Other Textile Products,7573.98,3416.995296,0.11,1.97,37.64,8956737,19853158.58,45.11
585,GATEWAY,Gateway Distriparks Limited,Logistics Solution Provider,Services,Services,Transport Services,Logistics Solution Provider,4456.32,3015.192958,0.1,1.94,37.06,338064016,499643457.8,67.66
586,GEECEE,GeeCee Ventures Limited,Residential Commercial Projects,Consumer Discretionary,Realty,Realty,Residential Commercial Projects,805.1,259.571991,0.34,3.02,57.7,6742130,20911688.31,32.24
589,GENESYS,Genesys International Corporation Limited,IT Enabled Services,Information Technology,Information Technology,IT - Services,IT Enabled Services,2853.66,1652.645712,0.11,3.51,67.06,22953413,39634166.67,57.91
590,GENSOL,Gensol Engineering Limited,Other Electrical Equipment,Industrials,Capital Goods,Electrical Equipment,Other Electrical Equipment,3006.92,1113.789733,0.75,2.57,49.1,14028462,37872913.91,37.04
591,GENUSPAPER,Genus Paper & Boards Limited,Paper & Paper Products,Commodities,Forest Materials,Paper Forest & Jute Products,Paper & Paper Products,597.82,185.2499897,0.2,3.34,63.81,79677415,257126881.7,30.99
592,GENUSPOWER,Genus Power Infrastructures Limited,Other Electrical Equipment,Industrials,Capital Goods,Electrical Equipment,Other Electrical Equipment,11009.58,3593.109354,0.75,2.98,56.93,99133932,303754448.9,32.64
593,GEOJITFSL,Geojit Financial Services Limited,Stockbroking & Allied,Financial Services,Financial Services,Capital Markets,Stockbroking & Allied,3734.44,1511.518477,0.1,3.46,66.1,112926296,279001867.8,40.48
595,GESHIP,The Great Eastern Shipping Company Limited,Shipping,Services,Services,Transport Services,Shipping,17161.33,11888.26874,0.05,2.33,44.51,98899952,142767189.4,69.27
597,GFLLIMITED,GFL Limited,Holding Company,Financial Services,Financial Services,Finance,Holding Company,890.66,274.0011394,0.26,2.78,53.11,33793924,109849531.3,30.76
598,GHCL,GHCL Limited,Commodity Chemicals,Commodities,Chemicals,Chemicals & Petrochemicals,Commodity Chemicals,6117.77,4833.609842,0.06,2.24,42.8,75655186,95754734.7,79.01
599,GHCLTEXTIL,GHCL Textiles Limited,Other Textile Products,Consumer Discretionary,Textiles,Textiles & Apparels,Other Textile Products,903,711.6805391,0.16,2.47,47.19,75334026,95585900.29,78.81
600,GICHSGFIN,GIC Housing Finance Limited,Housing Finance Company,Financial Services,Financial Services,Finance,Housing Finance Company,1172.34,670.940593,0.09,2.76,52.73,30819504,53851171.34,57.23
601,GICRE,General Insurance Corporation of India,General Insurance,Financial Services,Financial Services,Insurance,General Insurance,63597,11178.2539,0.04,3.07,58.65,308365625,1754400000,17.58
602,GILLANDERS,Gillanders Arbuthnot & Company Limited,Tea & Coffee,Fast Moving Consumer Goods,Fast Moving Consumer Goods,Agricultural Food & other Products,Tea & Coffee,194.9,56.69143388,1.99,3.03,57.89,6207998,21342531.76,29.09
603,GILLETTE,Gillette India Limited,Personal Care,Fast Moving Consumer Goods,Fast Moving Consumer Goods,Personal Products,Personal Care,28313.3,7051.341193,0.05,1.58,30.19,8115251,32585222.7,24.90
604,GINNIFILA,Ginni Filaments Limited,Other Textile Products,Consumer Discretionary,Textiles,Textiles & Apparels,Other Textile Products,245.9,73.13425423,0.77,3.05,58.27,25473443,85649599.44,29.74
605,GIPCL,Gujarat Industries Power Company Limited,Power Generation,Utilities,Power,Power,Power Generation,3266.57,1193.670706,0.09,3.08,58.84,55270209,151251099.7,36.54
606,GKWLIMITED,GKW Limited,Investment Company,Financial Services,Financial Services,Finance,Investment Company,1706.42,426.3760899,1.64,3.49,66.68,1490825,5966503.497,24.99
607,GLAND,Gland Pharma Limited,Pharmaceuticals,Healthcare,Healthcare,Pharmaceuticals & Biotechnology,Pharmaceuticals,28217.03,13591.60607,0.05,2.24,42.8,79357775,164751737,48.17
608,GLAXO,GlaxoSmithKline Pharmaceuticals Limited,Pharmaceuticals,Healthcare,Healthcare,Pharmaceuticals & Biotechnology,Pharmaceuticals,43960.87,10734.40818,0.05,1.97,37.64,41365735,169406050.1,24.42
609,GLENMARK,Glenmark Pharmaceuticals Limited,Pharmaceuticals,Healthcare,Healthcare,Pharmaceuticals & Biotechnology,Pharmaceuticals,47322.95,25202.64352,0.04,1.94,37.06,150284100,282188133.6,53.26
611,GLOBAL,Global Education Limited,Education,Consumer Discretionary,Consumer Services,Other Consumer Services,Education,358.35,104.1469774,1.68,3.32,63.43,5917442,20360795.45,29.06
614,GLOBUSSPR,Globus Spirits Limited,Breweries & Distilleries,Fast Moving Consumer Goods,Fast Moving Consumer Goods,Beverages,Breweries & Distilleries,3195.85,1568.16432,0.09,2.99,57.12,14165893,28869467.03,49.07
615,GLOSTERLTD,Gloster Limited,Jute & Jute Products,Commodities,Forest Materials,Paper Forest & Jute Products,Jute & Jute Products,792.29,214.1359345,0.47,1.01,19.3,2957679,10943232.04,27.03
616,GLS,Glenmark Life Sciences Limited,Pharmaceuticals,Healthcare,Healthcare,Pharmaceuticals & Biotechnology,Pharmaceuticals,13875.76,3467.871432,0.1,2.21,42.22,30622733,122528676.8,24.99
617,GMBREW,GM Breweries Limited,Breweries & Distilleries,Fast Moving Consumer Goods,Fast Moving Consumer Goods,Beverages,Breweries & Distilleries,1863.85,457.3837039,0.1,2.75,52.54,5606567,22846898.75,24.54
618,GMDCLTD,Gujarat Mineral Development Corporation Limited,Industrial Minerals,Commodities,Metals & Mining,Minerals & Mining,Industrial Minerals,9921.6,2573.990453,0.06,3.19,60.94,82499694,318000000,25.94
619,GMMPFAUDLR,GMM Pfaudler Limited,Industrial Products,Industrials,Capital Goods,Industrial Manufacturing,Industrial Products,6181.62,4600.626148,0.06,1.82,34.77,33459099,44957236.36,74.42
620,GMRINFRA,GMR Airports Infrastructure Limited,Airport & Airport services,Services,Services,Transport Infrastructure,Airport & Airport services,90279.24,30581.55236,0.04,2.56,48.91,3576789750,10558975439,33.87
621,GMRP&UI,GMR Power and Urban Infra Limited,Power Generation,Utilities,Power,Power,Power Generation,9929.07,4903.34448,1.57,3.53,67.44,353012562,714835853.1,49.38
622,GNA,GNA Axles Limited,Auto Components & Equipments,Consumer Discretionary,Automobile and Auto Components,Auto Components,Auto Components & Equipments,1806.53,575.1389202,0.12,2.18,41.65,13667750,42930846.01,31.84
623,GNFC,Gujarat Narmada Valley Fertilizers and Chemicals Limited,Commodity Chemicals,Commodities,Chemicals,Chemicals & Petrochemicals,Commodity Chemicals,9304.28,5275.622098,0.04,2.19,41.84,83316837,146940619.1,56.70
624,GOACARBON,Goa Carbon Limited,Industrial Minerals,Commodities,Metals & Mining,Minerals & Mining,Industrial Minerals,679.92,262.0070312,0.12,3.02,57.7,3526340,9151009.421,38.53
625,GOCLCORP,GOCL Corporation Limited,Explosives,Commodities,Chemicals,Chemicals & Petrochemicals,Explosives,1995.29,527.890605,0.15,2.96,56.55,13115295,49572422.36,26.46
626,GOCOLORS,Go Fashion (India) Limited,Speciality Retail,Consumer Discretionary,Consumer Services,Retailing,Speciality Retail,7048.17,3327.780508,0.12,1.79,34.2,25500234,54008965.52,47.21
627,GODFRYPHLP,Godfrey Phillips India Limited,Cigarettes & Tobacco Products,Fast Moving Consumer Goods,Fast Moving Consumer Goods,Cigarettes & Tobacco Products,Cigarettes & Tobacco Products,33198.12,8669.024532,0.05,3.51,67.06,13577172,51993923.26,26.11
629,GODIGIT,Go Digit General Insurance Limited,General Insurance,Financial Services,Financial Services,Insurance,General Insurance,35089.39,6855.204557,0.08,1.57,29.99,179926629,920981364.8,19.54
630,GODREJAGRO,Godrej Agrovet Limited,Animal Feed,Fast Moving Consumer Goods,Fast Moving Consumer Goods,Food Products,Animal Feed,13938.9,2330.570121,0.07,2.01,38.4,32145795,192260689.7,16.72
631,GODREJCP,Godrej Consumer Products Limited,Personal Care,Fast Moving Consumer Goods,Fast Moving Consumer Goods,Personal Products,Personal Care,135639.74,49833.49613,0.03,1.61,30.76,375818221,1022924133,36.74
632,GODREJIND,Godrej Industries Limited,Diversified,Diversified,Diversified,Diversified,Diversified,36460.15,7083.696446,0.07,2.22,42.41,65426216,336752101.2,19.43
633,GODREJPROP,Godrej Properties Limited,Residential Commercial Projects,Consumer Discretionary,Realty,Realty,Residential Commercial Projects,79247.7,32883.43767,0.05,2.45,46.81,115380483,278062105.3,41.49
634,GOKEX,Gokaldas Exports Limited,Garments & Apparels,Consumer Discretionary,Textiles,Textiles & Apparels,Garments & Apparels,6497.43,5518.6014,0.09,2.86,54.64,60650636,71408176.72,84.94
635,GOKUL,Gokul Refoils and Solvent Limited,Edible Oil,Fast Moving Consumer Goods,Fast Moving Consumer Goods,Agricultural Food & other Products,Edible Oil,480.13,121.8357501,1.7,3.14,59.99,25120773,98995876.29,25.38
636,GOKULAGRO,Gokul Agro Resources Limited,Edible Oil,Fast Moving Consumer Goods,Fast Moving Consumer Goods,Agricultural Food & other Products,Edible Oil,3697.44,973.2059722,0.12,3.1,59.23,38835035,147543495.6,26.32
638,GOLDIAM,Goldiam International Limited,Gems Jewellery And Watches,Consumer Discretionary,Consumer Durables,Consumer Durables,Gems Jewellery And Watches,3300.5,1141.868507,0.14,3.5,66.87,36947695,106795017,34.60
640,GOODLUCK,Goodluck India Limited,Iron & Steel Products,Industrials,Capital Goods,Industrial Products,Iron & Steel Products,3463.73,1491.352347,0.09,2.78,53.11,14095958,32738468.81,43.06
641,GOPAL,Gopal Snacks Limited,Packaged Foods,Fast Moving Consumer Goods,Fast Moving Consumer Goods,Food Products,Packaged Foods,4781.07,763.924094,0.11,1.65,31.52,19909411,124604378.4,15.98
642,GOYALALUM,Goyal Aluminiums Limited,Trading & Distributors,Services,Services,Commercial Services & Supplies,Trading & Distributors,135.45,40.67164671,2.65,2.42,46.23,42857373,142729188.6,30.03
643,GPIL,Godawari Power And Ispat limited,Iron & Steel Products,Industrials,Capital Goods,Industrial Products,Iron & Steel Products,12907.87,4735.575345,0.06,2.58,49.29,245430181,668974864,36.69
644,GPPL,Gujarat Pipavav Port Limited,Port & Port services,Services,Services,Transport Infrastructure,Port & Port services,9932.27,5558.646218,0.06,2.51,47.95,270559563,483439766.4,55.97
645,GPTHEALTH,GPT Healthcare Limited,Hospital,Healthcare,Healthcare,Healthcare Services,Hospital,1400.27,481.8019717,0.12,2.12,40.5,28233341,82055083.5,34.41
647,GRANULES,Granules India Limited,Pharmaceuticals,Healthcare,Healthcare,Pharmaceuticals & Biotechnology,Pharmaceuticals,13392.08,7978.896155,0.05,2.45,46.81,144401342,242368654.4,59.58
648,GRAPHITE,Graphite India Limited,Electrodes & Refractories,Industrials,Capital Goods,Industrial Products,Electrodes & Refractories,10488.74,3572.506378,0.04,2.46,47,66545709,195375617,34.06
649,GRASIM,Grasim Industries Limited,Cement & Cement Products,Commodities,Construction Materials,Cement & Cement Products,Cement & Cement Products,178648.71,100802.3539,0.02,1.45,27.7,371546245,658479239.2,56.42
650,GRAVITA,Gravita India Limited,Industrial Minerals,Commodities,Metals & Mining,Minerals & Mining,Industrial Minerals,15671.61,5507.801768,0.09,3.61,68.97,24263444,69037929.52,35.15
651,GREAVESCOT,Greaves Cotton Limited,Compressors Pumps & Diesel Engines,Industrials,Capital Goods,Industrial Products,Compressors Pumps & Diesel Engines,3757.6,1620.389794,0.06,2.5,47.76,100253034,232481593.8,43.12
652,GREENLAM,Greenlam Industries Limited,Plywood Boards/ Laminates,Consumer Discretionary,Consumer Durables,Consumer Durables,Plywood Boards/ Laminates,6391.45,3130.58331,0.18,2.55,48.72,62486693,127573852.3,48.98
653,GREENPANEL,Greenpanel Industries Limited,Plywood Boards/ Laminates,Consumer Discretionary,Consumer Durables,Consumer Durables,Plywood Boards/ Laminates,4784.31,2239.142175,0.09,2.05,39.17,57391828,122627451,46.80
654,GREENPLY,Greenply Industries Limited,Plywood Boards/ Laminates,Consumer Discretionary,Consumer Durables,Consumer Durables,Plywood Boards/ Laminates,4330.52,2064.290831,0.1,2.62,50.06,58988165,123746821,47.67
655,GREENPOWER,Orient Green Power Company Limited,Power Generation,Utilities,Power,Power,Power Generation,2221.71,1566.853132,0.74,3.22,61.52,827271981,1173025343,70.52
656,GRINDWELL,Grindwell Norton Limited,Abrasives & Bearings,Industrials,Capital Goods,Industrial Products,Abrasives & Bearings,26628.16,11125.83107,0.09,1.76,33.62,46261252,110720000,41.78
657,GRINFRA,G R Infraprojects Limited,Civil Construction,Industrials,Construction,Construction,Civil Construction,15475.43,3909.124791,0.09,2.1,40.12,24432030,96721437.5,25.26
658,GRMOVER,GRM Overseas Limited,Other Agricultural Products,Fast Moving Consumer Goods,Fast Moving Consumer Goods,Agricultural Food & other Products,Other Agricultural Products,1276.5,297.340251,0.19,3.34,63.81,13976040,60000000,23.29
659,GROBTEA,The Grob Tea Company Limited,Tea & Coffee,Fast Moving Consumer Goods,Fast Moving Consumer Goods,Agricultural Food & other Products,Tea & Coffee,152.34,28.85821891,1.01,3.11,59.42,220182,1162324.038,18.94
661,GRSE,Garden Reach Shipbuilders & Engineers Limited,Aerospace & Defense,Industrials,Capital Goods,Aerospace & Defense,Aerospace & Defense,17675.37,4507.220268,0.25,3.78,72.22,29210760,114551976.7,25.50
662,GRWRHITECH,Garware Hi-Tech Films Limited,Plastic Products - Industrial,Industrials,Capital Goods,Industrial Products,Plastic Products - Industrial,8154.57,3083.324574,0.11,3.55,67.82,8784400,23232393.16,37.81
663,GSFC,Gujarat State Fertilizers & Chemicals Limited,Fertilizers,Commodities,Chemicals,Fertilizers & Agrochemicals,Fertilizers,8248.48,4607.116988,0.04,2.82,53.88,222566038,398477294.7,55.85
664,GSLSU,Global Surfaces Limited,Granites & Marbles,Consumer Discretionary,Consumer Durables,Consumer Durables,Granites & Marbles,796.78,212.235413,0.34,3.13,59.8,11289118,42381914.89,26.64
665,GSPL,Gujarat State Petronet Limited,Gas Transmission/Marketing,Energy,Oil Gas & Consumable Fuels,Gas,Gas Transmission/Marketing,23183.45,11798.77407,0.08,2.34,44.71,287144660,564211487,50.89
666,GSS,GSS Infotech Limited,IT Enabled Services,Information Technology,Information Technology,IT - Services,IT Enabled Services,192.93,165.6349946,1.01,2.72,51.97,22455937,26156453.36,85.85
668,GTL,GTL Limited,Other Telecom Services,Telecommunication,Telecommunication,Telecom - Services,Other Telecom Services,181.21,154.9449903,0.65,3.54,67.63,134500860,157300347.2,85.51
669,GTLINFRA,GTL Infrastructure Limited,Telecom - Infrastructure,Telecommunication,Telecommunication,Telecom - Services,Telecom - Infrastructure,2804.74,2710.986429,2.58,4.02,76.8,12378933465,12807031963,96.66
670,GTPL,GTPL Hathway Limited,TV Broadcasting & Software Production,Consumer Discretionary,Media Entertainment & Publication,Entertainment,TV Broadcasting & Software Production,1857.33,449.6124511,0.23,2.46,47,27224490,112463215.3,24.21
671,GUFICBIO,Gufic Biosciences Limited,Pharmaceuticals,Healthcare,Healthcare,Pharmaceuticals & Biotechnology,Pharmaceuticals,3742.36,1001.042947,0.15,2.54,48.53,26823230,100277599.1,26.75
672,GUJALKALI,Gujarat Alkalies and Chemicals Limited,Commodity Chemicals,Commodities,Chemicals,Chemicals & Petrochemicals,Commodity Chemicals,5772.8,1355.406323,0.1,2.25,42.99,17244355,73445292.62,23.48
674,GUJGASLTD,Gujarat Gas Limited,LPG/CNG/PNG/LNG Supplier,Energy,Oil Gas & Consumable Fuels,Gas,LPG/CNG/PNG/LNG Supplier,41028.05,10250.94071,0.04,1.91,36.49,171995650,688390100.7,24.99
675,GUJRAFFIA,Gujarat Raffia Industries Limited,Packaging,Industrials,Capital Goods,Industrial Products,Packaging,24.11,14.57623861,2.49,2.83,54.07,3266750,5403406.544,60.46
676,GULFOILLUB,Gulf Oil Lubricants India Limited,Lubricants,Energy,Oil Gas & Consumable Fuels,Petroleum Products,Lubricants,6199.42,1703.388969,0.08,2.71,51.77,13529698,49240826.05,27.48
677,GULFPETRO,GP Petroleums Limited,Lubricants,Energy,Oil Gas & Consumable Fuels,Petroleum Products,Lubricants,391.31,181.0091488,0.22,3.44,65.72,23584254,50985016.29,46.26
678,GULPOLY,Gulshan Polyols Limited,Other Agricultural Products,Fast Moving Consumer Goods,Fast Moving Consumer Goods,Agricultural Food & other Products,Other Agricultural Products,1285.46,403.3239533,0.14,2.79,53.3,19569333,62370693.84,31.38
680,GVPTECH,GVP Infotech Limited,Computers - Software & Consulting,Information Technology,Information Technology,IT - Software,Computers - Software & Consulting,196.74,21.68806818,1.56,2.24,42.8,17953699,162864238.4,11.02
681,HAL,Hindustan Aeronautics Limited,Aerospace & Defense,Industrials,Capital Goods,Aerospace & Defense,Aerospace & Defense,278411.03,78960.15293,0.04,2.45,46.81,189671278,668774994,28.36
682,HAPPSTMNDS,Happiest Minds Technologies Limited,Computers - Software & Consulting,Information Technology,Information Technology,IT - Software,Computers - Software & Consulting,12121.07,6423.127314,0.04,1.67,31.91,80692554,152274748.7,52.99
683,HAPPYFORGE,Happy Forgings Limited,Castings & Forgings,Industrials,Capital Goods,Industrial Products,Castings & Forgings,10692.25,1381.503384,0.12,1.38,26.36,12171836,94204845.81,12.92
684,HARDWYN,Hardwyn India Limited,Furniture Home Furnishing,Consumer Discretionary,Consumer Durables,Consumer Durables,Furniture Home Furnishing,1216.9,684.2949148,0.24,3.48,66.49,196185469,348881880.7,56.23
685,HARIOMPIPE,Hariom Pipe Industries Limited,Iron & Steel Products,Industrials,Capital Goods,Industrial Products,Iron & Steel Products,2145.46,744.7540452,0.11,2.81,53.68,10746812,30959018.76,34.71
687,HARSHA,Harsha Engineers International Limited,Other Industrial Products,Industrials,Capital Goods,Industrial Products,Other Industrial Products,4368.3,1109.127868,0.12,2.32,44.32,23116462,91044185.08,25.39
688,HATHWAY,Hathway Cable & Datacom Limited,TV Broadcasting & Software Production,Consumer Discretionary,Media Entertainment & Publication,Entertainment,TV Broadcasting & Software Production,3380.9,845.2248988,0.1,2.5,47.76,442526125,1770104712,25.00
689,HATSUN,Hatsun Agro Product Limited,Dairy Products,Fast Moving Consumer Goods,Fast Moving Consumer Goods,Food Products,Dairy Products,24946.69,5702.739014,0.12,2.04,38.97,50919586,222748247.7,22.86
690,HAVELLS,Havells India Limited,Consumer Electronics,Consumer Discretionary,Consumer Durables,Consumer Durables,Consumer Electronics,120274.42,48445.33507,0.03,1.51,28.85,252516732,626919051.3,40.28
691,HAVISHA,Sri Havisha Hospitality and Infrastructure Limited,Hotels & Resorts,Consumer Discretionary,Consumer Services,Leisure Services,Hotels & Resorts,32.55,17.23175273,3.5,3.32,63.43,81281853,153537735.8,52.94
692,HBLPOWER,HBL Power Systems Limited,Auto Components & Equipments,Consumer Discretionary,Automobile and Auto Components,Auto Components,Auto Components & Equipments,16340.64,6624.234844,0.06,3.28,62.66,112370396,277194910.9,40.54
694,HCC,Hindustan Construction Company Limited,Civil Construction,Industrials,Construction,Construction,Civil Construction,6348.27,5155.569309,0.11,3.85,73.55,1364268142,1679880921,81.21
695,HCG,Healthcare Global Enterprises Limited,Hospital,Healthcare,Healthcare,Healthcare Services,Hospital,6091.2,1743.380692,0.11,1.78,34.01,39894295,139386727.7,28.62
696,HCL-INSYS,HCL Infosystems Limited,Computers Hardware & Equipments,Information Technology,Information Technology,IT - Hardware,Computers Hardware & Equipments,612.99,225.8189757,0.8,2.98,56.93,121277645,329210526.3,36.84
697,HCLTECH,HCL Technologies Limited,Computers - Software & Consulting,Information Technology,Information Technology,IT - Software,Computers - Software & Consulting,481309.21,187066.6001,0.02,1.42,27.13,1054698504,2713665097,38.87
698,HDFCAMC,HDFC Asset Management Company Limited,Asset Management Company,Financial Services,Financial Services,Capital Markets,Asset Management Company,87797.37,41480.92173,0.03,1.98,37.83,100925589,213616306.4,47.25
699,HDFCBANK,HDFC Bank Limited,Private Sector Bank,Financial Services,Financial Services,Banks,Private Sector Bank,1238513.47,1229793.1,0.01,1.34,25.6,7577049999,7630778288,99.30
700,HDFCLIFE,HDFC Life Insurance Company Limited,Life Insurance,Financial Services,Financial Services,Insurance,Life Insurance,151301.15,74919.33696,0.02,1.54,29.42,1065708918,2152221195,49.52
702,HEADSUP,Heads UP Ventures Limited,Trading - Textile Products,Consumer Discretionary,Textiles,Textiles & Apparels,Trading - Textile Products,29.41,25.37666472,1.42,3.3,63.05,19051550,22079579.58,86.29
703,HECPROJECT,HEC Infra Projects Limited,Civil Construction,Industrials,Construction,Construction,Civil Construction,99.86,26.75911978,2.59,3.48,66.49,2716662,10138071.07,26.80
704,HEG,HEG Limited,Electrodes & Refractories,Industrials,Capital Goods,Industrial Products,Electrodes & Refractories,8568.97,3734.187595,0.05,2.83,54.07,16819150,38595486.89,43.58
705,HEIDELBERG,HeidelbergCement India Limited,Cement & Cement Products,Commodities,Construction Materials,Cement & Cement Products,Cement & Cement Products,5148.42,1575.978733,0.09,1.63,31.14,69368314,226612967.1,30.61
706,HEMIPROP,Hemisphere Properties India Limited,Diversified Commercial Services,Services,Services,Commercial Services & Supplies,Diversified Commercial Services,5141.4,1584.327551,0.07,2.92,55.79,87823035,285000000,30.82
707,HERANBA,Heranba Industries Limited,Pesticides & Agrochemicals,Commodities,Chemicals,Fertilizers & Agrochemicals,Pesticides & Agrochemicals,1822.61,456.6995356,0.14,2.7,51.58,10026334,40013391.88,25.06
708,HERCULES,Hercules Hoists Limited,Industrial Products,Industrials,Capital Goods,Industrial Manufacturing,Industrial Products,1886.72,474.6930918,0.17,3.12,59.61,8051104,32000000,25.16
709,HERITGFOOD,Heritage Foods Limited,Dairy Products,Fast Moving Consumer Goods,Fast Moving Consumer Goods,Food Products,Dairy Products,5372.89,2472.651598,0.31,2.85,54.45,42705554,92796027.63,46.02
710,HEROMOTOCO,Hero MotoCorp Limited,2/3 Wheelers,Consumer Discretionary,Automobile and Auto Components,Automobiles,2/3 Wheelers,109889.07,71126.69269,0.02,1.57,29.99,129438931,199980109.2,64.73
711,HESTERBIO,Hester Biosciences Limited,Pharmaceuticals,Healthcare,Healthcare,Pharmaceuticals & Biotechnology,Pharmaceuticals,1906.39,863.6873793,0.23,2.72,51.97,3854027,8506871.932,45.30
712,HEUBACHIND,Heubach Colorants India Limited,Dyes And Pigments,Commodities,Chemicals,Chemicals & Petrochemicals,Dyes And Pigments,1407.64,634.2109416,0.17,3.05,58.27,10399458,23081741.41,45.05
714,HFCL,HFCL Limited,Telecom - Infrastructure,Telecommunication,Telecommunication,Telecom - Services,Telecom - Infrastructure,18793.7,11653.74705,0.06,3.37,64.38,894584099,1442672910,62.01
715,HGINFRA,H.G. Infra Engineering Limited,Civil Construction,Industrials,Construction,Construction,Civil Construction,9521.5,2424.783102,0.07,2.8,53.49,16596736,65171115.67,25.47
716,HGS,Hinduja Global Solutions Limited,Business Process Outsourcing (BPO)/ Knowledge Process Outsourcing (KPO),Services,Services,Commercial Services & Supplies,Business Process Outsourcing (BPO)/ Knowledge Process Outsourcing (KPO),3563.45,1135.68699,0.12,2.05,39.17,14826201,46520234.99,31.87
717,HIKAL,Hikal Limited,Pharmaceuticals,Healthcare,Healthcare,Pharmaceuticals & Biotechnology,Pharmaceuticals,4266.21,1269.546099,0.09,2.38,45.47,36692084,123300867.1,29.76
718,HIL,HIL Limited,Furniture Home Furnishing,Consumer Discretionary,Consumer Durables,Consumer Durables,Furniture Home Furnishing,2156.7,1183.59969,0.12,1.9,36.3,4138460,7540909.091,54.88
719,HILTON,Hilton Metal Forging Limited,Castings & Forgings,Industrials,Capital Goods,Industrial Products,Castings & Forgings,175.88,126.4303819,0.56,3.3,63.05,15096165,21000597.01,71.88
720,HIMATSEIDE,Himatsingka Seide Limited,Other Textile Products,Consumer Discretionary,Textiles,Textiles & Apparels,Other Textile Products,1294.71,618.7517624,0.12,2.96,56.55,47053366,98457034.22,47.79
721,HINDALCO,Hindalco Industries Limited,Aluminium,Commodities,Metals & Mining,Non - Ferrous Metals,Aluminium,164496.25,106364.0974,0.02,1.99,38.02,1453061440,2247216530,64.66
722,HINDCOMPOS,Hindustan Composites Limited,Auto Components & Equipments,Consumer Discretionary,Automobile and Auto Components,Auto Components,Auto Components & Equipments,776.85,174.7382892,0.32,2.71,51.77,3322021,14769011.41,22.49
723,HINDCON,Hindcon Chemicals Limited,Specialty Chemicals,Commodities,Chemicals,Chemicals & Petrochemicals,Specialty Chemicals,238.29,74.73944535,2,3.03,57.89,16055735,51190118.15,31.36
724,HINDCOPPER,Hindustan Copper Limited,Copper,Commodities,Metals & Mining,Non - Ferrous Metals,Copper,30171.15,10211.27467,0.06,3.15,60.18,327284444,967024038.5,33.84
726,HINDOILEXP,Hindustan Oil Exploration Company Limited,Oil Exploration & Production,Energy,Oil Gas & Consumable Fuels,Oil,Oil Exploration & Production,2923.57,2184.530807,0.06,3.05,58.27,98852021,132294221.5,74.72
727,HINDPETRO,Hindustan Petroleum Corporation Limited,Refineries & Marketing,Energy,Oil Gas & Consumable Fuels,Petroleum Products,Refineries & Marketing,83740.46,37703.38629,0.05,2.54,48.53,958032938,2127822640,45.02
728,HINDUNILVR,Hindustan Unilever Limited,Diversified FMCG,Fast Moving Consumer Goods,Fast Moving Consumer Goods,Diversified FMCG,Diversified FMCG,667283.92,252522.9224,0.02,1.19,22.73,889165220,2349591268,37.84
729,HINDWAREAP,Hindware Home Innovation Limited,Sanitary Ware,Consumer Discretionary,Consumer Durables,Consumer Durables,Sanitary Ware,2079.61,1005.41454,0.12,2.78,53.11,34952704,72296540.94,48.35
730,HINDZINC,Hindustan Zinc Limited,Zinc,Commodities,Metals & Mining,Non - Ferrous Metals,Zinc,209153.29,14719.99943,0.05,2.67,51.01,297373726,4225318990,7.04
731,HIRECT,Hind Rectifiers Limited,Industrial Products,Industrials,Capital Goods,Industrial Manufacturing,Industrial Products,1427.67,539.88176,0.91,3.43,65.53,6480785,17137866.87,37.82
732,HISARMETAL,Hisar Metal Industries Limited,Iron & Steel Products,Industrials,Capital Goods,Industrial Products,Iron & Steel Products,100.53,37.0207568,0.58,3.14,59.99,1988653,5400193.382,36.83
733,HITECH,Hi-Tech Pipes Limited,Iron & Steel Products,Industrials,Capital Goods,Industrial Products,Iron & Steel Products,3522.22,1353.867401,0.09,2.99,57.12,67693370,176111000,38.44
734,HITECHCORP,Hitech Corporation Limited,Packaging,Industrials,Capital Goods,Industrial Products,Packaging,468.04,115.8365535,0.5,3.1,59.23,4250883,17175779.82,24.75
736,HLEGLAS,HLE Glascoat Limited,Industrial Products,Industrials,Capital Goods,Industrial Manufacturing,Industrial Products,2532.07,814.8950267,0.12,2.01,38.4,21040409,65377485.15,32.18
737,HLVLTD,HLV LIMITED,Hotels & Resorts,Consumer Discretionary,Consumer Services,Leisure Services,Hotels & Resorts,1028.45,224.4407342,0.47,3.3,63.05,143872266,659262820.5,21.82
738,HMAAGRO,HMA Agro Industries Limited,Meat Products including Poultry,Fast Moving Consumer Goods,Fast Moving Consumer Goods,Food Products,Meat Products including Poultry,2273.49,372.5121157,0.3,2.17,41.46,82051127,500768722.5,16.39
740,HMVL,Hindustan Media Ventures Limited,Print Media,Consumer Discretionary,Media Entertainment & Publication,Media,Print Media,646.47,163.5686448,0.34,2.97,56.74,18640301,73671794.87,25.30
741,HNDFDS,Hindustan Foods Limited,Diversified FMCG,Fast Moving Consumer Goods,Fast Moving Consumer Goods,Diversified FMCG,Diversified FMCG,7052.56,2156.758318,0.11,1.89,36.11,35037906,114573308.4,30.58
742,HOMEFIRST,Home First Finance Company India Limited,Housing Finance Company,Financial Services,Financial Services,Finance,Housing Finance Company,11146.41,5863.869539,0.07,2.46,47,46910956,89171280,52.61
743,HONASA,Honasa Consumer Limited,Personal Care,Fast Moving Consumer Goods,Fast Moving Consumer Goods,Personal Products,Personal Care,14009.66,4959.461449,0.08,2.55,48.72,114988673,324824020.4,35.40
744,HONAUT,Honeywell Automation India Limited,Industrial Products,Industrials,Capital Goods,Industrial Manufacturing,Industrial Products,41838.97,10393.21878,0.08,1.68,32.1,2196323,8841522.791,24.84
745,HONDAPOWER,Honda India Power Products Limited,Industrial Products,Industrials,Capital Goods,Industrial Manufacturing,Industrial Products,4120.12,1349.786899,0.13,2.53,48.34,3322961,10143082.23,32.76
747,HPAL,HP Adhesives Limited,Specialty Chemicals,Commodities,Chemicals,Chemicals & Petrochemicals,Specialty Chemicals,799.31,229.0191562,0.15,2.15,41.08,26324041,91874712.64,28.65
748,HPIL,Hindprakash Industries Limited,Dyes And Pigments,Commodities,Chemicals,Chemicals & Petrochemicals,Dyes And Pigments,162.29,37.53366715,2.43,2.96,56.55,2642100,11424046.18,23.13
749,HPL,HPL Electric & Power Limited,Consumer Electronics,Consumer Discretionary,Consumer Durables,Consumer Durables,Consumer Electronics,3313.73,906.071976,0.28,3.66,69.92,17581682,64300572.43,27.34
750,HSCL,Himadri Speciality Chemical Limited,Specialty Chemicals,Commodities,Chemicals,Chemicals & Petrochemicals,Specialty Chemicals,29466.78,14205.25626,0.37,2.77,52.92,237963921,493622246.4,48.21
751,HTMEDIA,HT Media Limited,Print Media,Consumer Discretionary,Media Entertainment & Publication,Media,Print Media,558.6,166.7615602,0.22,2.84,54.26,69483983,232750000,29.85
753,HUDCO,Housing & Urban Development Corporation Limited,Financial Institution,Financial Services,Financial Services,Finance,Financial Institution,41999.86,10499.9655,0.06,3.63,69.35,500475000,2001899905,25.00
754,HUHTAMAKI,Huhtamaki India Limited,Packaging,Industrials,Capital Goods,Industrial Products,Packaging,2809.42,895.0574447,0.11,2.28,43.56,24060684,75522043.01,31.86
757,ICEMAKE,Ice Make Refrigeration Limited,Industrial Products,Industrials,Capital Goods,Industrial Manufacturing,Industrial Products,1156.26,294.7364762,0.22,3.67,70.12,4022333,15779733.88,25.49
758,ICICIBANK,ICICI Bank Limited,Private Sector Bank,Financial Services,Financial Services,Banks,Private Sector Bank,870938.6,869665.2853,0.02,1.29,24.65,7036126904,7046428803,99.85
759,ICICIGI,ICICI Lombard General Insurance Company Limited,General Insurance,Financial Services,Financial Services,Insurance,General Insurance,103284.32,49606.83716,0.04,1.51,28.85,237597707,494692243.2,48.03
760,ICICIPRULI,ICICI Prudential Life Insurance Company Limited,Life Insurance,Financial Services,Financial Services,Insurance,Life Insurance,107211.32,28753.32646,0.05,1.73,33.05,387380619,1444409835,26.82
761,ICIL,Indo Count Industries Limited,Other Textile Products,Consumer Discretionary,Textiles,Textiles & Apparels,Other Textile Products,6912.1,2763.248804,0.09,2.92,55.79,79176184,198054441.3,39.98
762,ICRA,ICRA Limited,Ratings,Financial Services,Financial Services,Capital Markets,Ratings,6757.12,3229.334022,0.13,1.59,30.38,4612478,9651236.199,47.79
763,IDBI,IDBI Bank Limited,Private Sector Bank,Financial Services,Financial Services,Banks,Private Sector Bank,86610.6,4510.160359,0.04,2.79,53.3,559920591,10752402235,5.21
764,IDEA,Vodafone Idea Limited,Telecom - Cellular & Fixed line services,Telecommunication,Telecommunication,Telecom - Services,Telecom - Cellular & Fixed line services,63775.33,21534.82511,0.13,3.88,74.13,23535327985,69699814208,33.77
765,IDEAFORGE,Ideaforge Technology Limited,Aerospace & Defense,Industrials,Capital Goods,Aerospace & Defense,Aerospace & Defense,2885.94,1382.28927,0.07,2.2,42.03,20609651,43028775.91,47.90
766,IDFC,IDFC Limited,Holding Company,Financial Services,Financial Services,Finance,Holding Company,17679.83,14733.06036,0.04,1.77,33.82,1333308630,1599984615,83.33
767,IDFCFIRSTB,IDFC First Bank Limited,Private Sector Bank,Financial Services,Financial Services,Banks,Private Sector Bank,54174.98,32592.42619,0.04,1.7,32.48,4501716324,7482732044,60.16
769,IEX,Indian Energy Exchange Limited,Exchange and Data Platform,Financial Services,Financial Services,Capital Markets,Exchange and Data Platform,17834.75,15114.35902,0.03,2.45,46.81,755680167,891692915.4,84.75
771,IFBIND,IFB Industries Limited,Household Appliances,Consumer Discretionary,Consumer Durables,Consumer Durables,Household Appliances,7034.06,1753.620039,0.13,2.9,55.4,10101498,40518778.8,24.93
772,IFCI,IFCI Limited,Financial Institution,Financial Services,Financial Services,Finance,Financial Institution,15940.29,3879.38882,0.29,4,76.42,636069654,2613590753,24.34
773,IFGLEXPOR,IFGL Refractories Limited,Electrodes & Refractories,Industrials,Capital Goods,Industrial Products,Electrodes & Refractories,2037.12,529.0222781,0.24,2.95,56.36,9359085,36039274.66,25.97
774,IGARASHI,Igarashi Motors India Limited,Auto Components & Equipments,Consumer Discretionary,Automobile and Auto Components,Auto Components,Auto Components & Equipments,1891.65,466.9596169,0.12,2.8,53.49,7769711,31475041.6,24.69
775,IGL,Indraprastha Gas Limited,LPG/CNG/PNG/LNG Supplier,Energy,Oil Gas & Consumable Fuels,Gas,LPG/CNG/PNG/LNG Supplier,38003.04,18988.75269,0.04,1.86,35.54,349765200,700000736.8,49.97
776,IGPL,IG Petrochemicals Limited,Commodity Chemicals,Commodities,Chemicals,Chemicals & Petrochemicals,Commodity Chemicals,1685.56,469.4004091,0.14,2.36,45.09,8575873,30794920.98,27.85
777,IIFL,IIFL Finance Limited,Non Banking Financial Company (NBFC),Financial Services,Financial Services,Finance,Non Banking Financial Company (NBFC),18624.23,10129.36665,0.06,3.3,63.05,230737281,424242141.2,54.39
778,IIFLSEC,IIFL Securities Limited,Stockbroking & Allied,Financial Services,Financial Services,Capital Markets,Stockbroking & Allied,11000.43,3863.198339,0.09,3.81,72.79,108516807,309000842.7,35.12
780,IKIO,IKIO Lighting Limited,Consumer Electronics,Consumer Discretionary,Consumer Durables,Consumer Durables,Consumer Electronics,2139.9,588.5716535,0.09,1.9,36.3,21255748,77280606.72,27.50
783,IMAGICAA,Imagicaaworld Entertainment Limited,Amusement Parks/ Other Recreation,Consumer Discretionary,Consumer Services,Leisure Services,Amusement Parks/ Other Recreation,4151.45,1074.355023,0.1,3.32,63.43,140346835,542318745.9,25.88
784,IMFA,Indian Metals & Ferro Alloys Limited,Ferro & Silica Manganese,Commodities,Metals & Mining,Ferrous Metals,Ferro & Silica Manganese,3614.93,999.6243937,0.1,2.91,55.6,14919767,53954179.1,27.65
785,IMPAL,India Motor Parts and Accessories Limited,Trading - Auto Components,Consumer Discretionary,Automobile and Auto Components,Auto Components,Trading - Auto Components,1538.78,721.5650545,0.28,2.25,42.99,5852109,12479967.56,46.89
788,INDBANK,Indbank Merchant Banking Services Limited,Stockbroking & Allied,Financial Services,Financial Services,Capital Markets,Stockbroking & Allied,191.05,62.59845506,0.3,3.52,67.25,14540872,44378629.5,32.77
789,INDGN,Indegene Limited,Healthcare Research Analytics & Technology,Healthcare,Healthcare,Healthcare Services,Healthcare Research Analytics & Technology,15429.26,2622.819159,0.07,1.69,32.29,40673322,239268977.3,17.00
790,INDHOTEL,The Indian Hotels Company Limited,Hotels & Resorts,Consumer Discretionary,Consumer Services,Leisure Services,Hotels & Resorts,92935.89,57132.52431,0.03,1.92,36.68,875057808,1423432225,61.48
791,INDIACEM,The India Cements Limited,Cement & Cement Products,Commodities,Construction Materials,Cement & Cement Products,Cement & Cement Products,11233.77,4557.968807,0.04,2.68,51.2,125737071,309897103.4,40.57
792,INDIAGLYCO,India Glycols Limited,Commodity Chemicals,Commodities,Chemicals,Chemicals & Petrochemicals,Commodity Chemicals,3959.98,1496.823352,0.07,2.6,49.67,11703075,30961532.45,37.80
793,INDIAMART,Indiamart Intermesh Limited,Internet & Catalogue Retail,Consumer Discretionary,Consumer Services,Retailing,Internet & Catalogue Retail,16661.91,8442.938389,0.06,1.93,36.87,30392694,59979157.29,50.67
794,INDIANB,Indian Bank,Public Sector Bank,Financial Services,Financial Services,Banks,Public Sector Bank,69806.41,18263.24119,0.05,2.44,46.62,352402145,1346964014,26.16
795,INDIANCARD,Indian Card Clothing Company Limited,Other Textile Products,Consumer Discretionary,Textiles,Textiles & Apparels,Other Textile Products,153.99,49.14466707,0.58,2.52,48.14,1896013,5940972.222,31.91
796,INDIANHUME,Indian Hume Pipe Company Limited,Industrial Products,Industrials,Capital Goods,Industrial Manufacturing,Industrial Products,2302.19,615.5719686,0.12,3.25,62.09,14086315,52681693.36,26.74
797,INDIASHLTR,India Shelter Finance Corporation Limited,Housing Finance Company,Financial Services,Financial Services,Finance,Housing Finance Company,7786.17,2085.719388,0.1,1.88,35.92,28770527,107402855.4,26.79
798,INDIGO,InterGlobe Aviation Limited,Airline,Services,Services,Transport Services,Airline,173397.59,77506.81742,0.03,1.84,35.15,172659428,386272198.7,44.70
799,INDIGOPNTS,Indigo Paints Limited,Paints,Consumer Discretionary,Consumer Durables,Consumer Durables,Paints,6830.58,1420.480339,0.07,1.66,31.71,9906066,47634715.3,20.80
800,INDNIPPON,India Nippon Electricals Limited,Auto Components & Equipments,Consumer Discretionary,Automobile and Auto Components,Auto Components,Auto Components & Equipments,1569.93,457.0182583,0.19,2.64,50.44,6585277,22621469.74,29.11
801,INDOAMIN,Indo Amines Limited,Specialty Chemicals,Commodities,Chemicals,Chemicals & Petrochemicals,Specialty Chemicals,1373.65,420.5371786,0.18,3.86,73.75,21643705,70697375.19,30.61
802,INDOBORAX,Indo Borax & Chemicals Limited,Commodity Chemicals,Commodities,Chemicals,Chemicals & Petrochemicals,Commodity Chemicals,600.08,242.9123982,0.23,2.89,55.21,12989968,32089839.57,40.48
803,INDOCO,Indoco Remedies Limited,Pharmaceuticals,Healthcare,Healthcare,Pharmaceuticals & Biotechnology,Pharmaceuticals,3041.09,1212.479918,0.12,1.94,37.06,36752953,92182176.42,39.87
804,INDORAMA,Indo Rama Synthetics (India) Limited,Other Textile Products,Consumer Discretionary,Textiles,Textiles & Apparels,Other Textile Products,1134.8,283.3317641,0.27,2.99,57.12,65193687,261113667.7,24.97
805,INDOSTAR,IndoStar Capital Finance Limited,Non Banking Financial Company (NBFC),Financial Services,Financial Services,Finance,Non Banking Financial Company (NBFC),3808.18,1005.496369,0.34,3.09,59.03,35929833,136079328.2,26.40
806,INDOTECH,Indo Tech Transformers Limited,Heavy Electrical Equipment,Industrials,Capital Goods,Electrical Equipment,Heavy Electrical Equipment,1792.66,448.164,0.86,3.85,73.55,2655000,10620023.7,25.00
809,INDRAMEDCO,Indraprastha Medical Corporation Limited,Hospital,Healthcare,Healthcare,Healthcare Services,Hospital,3652.71,1756.679886,0.18,3.08,58.84,44087838,91672982.81,48.09
811,INDSWFTLTD,Ind-Swift Limited,Pharmaceuticals,Healthcare,Healthcare,Pharmaceuticals & Biotechnology,Pharmaceuticals,115.91,50.44969444,2.33,3.7,70.69,23574624,54163551.4,43.52
812,INDTERRAIN,Indian Terrain Fashions Limited,Garments & Apparels,Consumer Discretionary,Textiles,Textiles & Apparels,Garments & Apparels,232.53,146.0064323,0.35,3.12,59.61,27810749,44291428.57,62.79
813,INDUSINDBK,IndusInd Bank Limited,Private Sector Bank,Financial Services,Financial Services,Banks,Private Sector Bank,105783.37,89570.26717,0.03,1.7,32.48,659599154,778993114.6,84.67
814,INDUSTOWER,Indus Towers Limited,Telecom - Infrastructure,Telecommunication,Telecommunication,Telecom - Services,Telecom - Infrastructure,95250.87,44750.76202,0.05,2.61,49.86,1239461626,2638162858,46.98
815,INFIBEAM,Infibeam Avenues Limited,Financial Technology (Fintech),Financial Services,Financial Services,Financial Technology (Fintech),Financial Technology (Fintech),7900.89,4399.576793,0.07,3.1,59.23,1549146758,2782003521,55.68
816,INFOBEAN,InfoBeans Technologies Limited,Computers - Software & Consulting,Information Technology,Information Technology,IT - Software,Computers - Software & Consulting,992.06,258.1366973,0.22,2.34,44.71,6340867,24368951.12,26.02
818,INFY,Infosys Limited,Computers - Software & Consulting,Information Technology,Information Technology,IT - Software,Computers - Software & Consulting,801426.62,693701.2562,0.02,1.42,27.13,3594027698,4152146828,86.56
819,INGERRAND,Ingersoll Rand (India) Limited,Compressors Pumps & Diesel Engines,Industrials,Capital Goods,Industrial Products,Compressors Pumps & Diesel Engines,12943.04,3214.144587,0.1,2.07,39.55,7839281,31568005.27,24.83
820,INNOVACAP,Innova Captab Limited,Pharmaceuticals,Healthcare,Healthcare,Pharmaceuticals & Biotechnology,Pharmaceuticals,4298.74,1179.844162,0.12,1.96,37.45,15706126,57224973.38,27.45
821,INOXGREEN,Inox Green Energy Services Limited,Other Utilities,Utilities,Utilities,Other Utilities,Other Utilities,5918.26,2085.045734,0.52,3.24,61.9,113651245,322591300.6,35.23
822,INOXINDIA,INOX India Limited,Other Industrial Products,Industrials,Capital Goods,Industrial Products,Other Industrial Products,10125.12,2495.468003,0.07,2.07,39.55,22369845,90763479.9,24.65
823,INOXWIND,Inox Wind Limited,Heavy Electrical Equipment,Industrials,Capital Goods,Electrical Equipment,Heavy Electrical Equipment,27154.12,13487.42291,0.19,3.54,67.63,647593168,1303794113,49.67
824,INSECTICID,Insecticides (India) Limited,Pesticides & Agrochemicals,Commodities,Chemicals,Fertilizers & Agrochemicals,Pesticides & Agrochemicals,2486.22,692.0164901,0.19,2.58,49.29,8238292,29597857.14,27.83
826,INTELLECT,Intellect Design Arena Limited,Computers - Software & Consulting,Information Technology,Information Technology,IT - Software,Computers - Software & Consulting,12063.11,7820.371596,0.07,2.48,47.38,89580431,138179954.2,64.83
828,INTLCONV,International Conveyors Limited,Industrial Products,Industrials,Capital Goods,Industrial Manufacturing,Industrial Products,555.71,173.1266483,0.21,3.16,60.37,19745284,63379333.94,31.15
829,INVENTURE,Inventure Growth & Securities Limited,Stockbroking & Allied,Financial Services,Financial Services,Capital Markets,Stockbroking & Allied,229.95,169.2448097,0.95,3.89,74.32,772807350,1050000000,73.60
830,IOB,Indian Overseas Bank,Public Sector Bank,Financial Services,Financial Services,Banks,Public Sector Bank,99785.83,3611.249343,0.05,3.19,60.94,684078300,18902411442,3.62
831,IOC,Indian Oil Corporation Limited,Refineries & Marketing,Energy,Oil Gas & Consumable Fuels,Petroleum Products,Refineries & Marketing,229893.76,60905.98396,0.03,2.06,39.36,3741153806,14121238329,26.49
832,IOLCP,IOL Chemicals and Pharmaceuticals Limited,Pharmaceuticals,Healthcare,Healthcare,Pharmaceuticals & Biotechnology,Pharmaceuticals,2530.21,997.723929,0.08,2.63,50.25,23149047,58705568.45,39.43
833,IONEXCHANG,ION Exchange (India) Limited,Water Supply & Management,Utilities,Utilities,Other Utilities,Water Supply & Management,9137.33,5166.053682,0.08,2.84,54.26,82922210,146666613.2,56.54
834,IPCALAB,IPCA Laboratories Limited,Pharmaceuticals,Healthcare,Healthcare,Pharmaceuticals & Biotechnology,Pharmaceuticals,37472.11,20004.18775,0.04,1.66,31.71,135437967,253704197.7,53.38
835,IPL,India Pesticides Limited,Pesticides & Agrochemicals,Commodities,Chemicals,Fertilizers & Agrochemicals,Pesticides & Agrochemicals,2286,569.3317846,0.19,2.83,54.07,28681702,115163728,24.91
836,IRB,IRB Infrastructure Developers Limited,Civil Construction,Industrials,Construction,Construction,Civil Construction,33878.79,11101.23251,0.05,3.14,59.99,1978829325,6039000000,32.77
837,IRCON,Ircon International Limited,Civil Construction,Industrials,Construction,Construction,Civil Construction,19468.68,6730.340699,0.05,3.51,67.06,325137232,940515942,34.57
838,IRCTC,Indian Railway Catering And Tourism Corporation Limited,Tour Travel Related Services,Consumer Discretionary,Consumer Services,Leisure Services,Tour Travel Related Services,68560,25780.6168,0.03,2.07,39.55,300824000,800000000,37.60
839,IREDA,Indian Renewable Energy Development Agency Limited,Financial Institution,Financial Services,Financial Services,Finance,Financial Institution,56819.35,14204.041,0.25,3.31,63.24,671903548,2687764901,25.00
840,IRFC,Indian Railway Finance Corporation Limited,Financial Institution,Financial Services,Financial Services,Finance,Financial Institution,188761.5,25739.89575,0.03,3.18,60.75,1782047615,13068505954,13.64
842,IRISDOREME,Iris Clothings Limited,Garments & Apparels,Consumer Discretionary,Textiles,Textiles & Apparels,Garments & Apparels,560.47,162.8787094,0.26,2.43,46.43,23705241,81570368.21,29.06
843,IRMENERGY,IRM Energy Limited,LPG/CNG/PNG/LNG Supplier,Energy,Oil Gas & Consumable Fuels,Gas,LPG/CNG/PNG/LNG Supplier,1688.17,444.3445506,0.14,2.35,44.9,10807359,41059710.57,26.32
844,ISEC,ICICI Securities Limited,Stockbroking & Allied,Financial Services,Financial Services,Capital Markets,Stockbroking & Allied,28058.99,7112.28088,0.05,1.75,33.43,82127955,324006812.9,25.35
846,ISGEC,Isgec Heavy Engineering Limited,Civil Construction,Industrials,Construction,Construction,Civil Construction,9022.07,3323.063278,0.09,3.01,57.51,27082830,73529502.85,36.83
847,ITC,ITC Limited,Diversified FMCG,Fast Moving Consumer Goods,Fast Moving Consumer Goods,Diversified FMCG,Diversified FMCG,637887.53,473746.3136,0.02,1.19,22.73,9289143404,12507598627,74.27
848,ITDC,India Tourism Development Corporation Limited,Hotels & Resorts,Consumer Discretionary,Consumer Services,Leisure Services,Hotels & Resorts,5361.02,273.4654439,0.19,3.33,63.62,4375097,85769458.44,5.10
849,ITDCEM,ITD Cementation India Limited,Civil Construction,Industrials,Construction,Construction,Civil Construction,10613.04,5639.725378,0.07,3.63,69.35,91287235,171787633.5,53.14
850,ITI,ITI Limited,Telecom - Equipment & Accessories,Telecommunication,Telecommunication,Telecom - Equipment & Accessories,Telecom - Equipment & Accessories,22556.82,2255.682087,0.06,3.32,63.43,96088694,960886901,10.00
854,IXIGO,Le Travenues Technology Limited,Tour Travel Related Services,Consumer Discretionary,Consumer Services,Leisure Services,Tour Travel Related Services,5617.64,972.9408433,0.14,1.46,27.89,67099369,387423448.3,17.32
856,J&KBANK,The Jammu & Kashmir Bank Limited,Private Sector Bank,Financial Services,Financial Services,Banks,Private Sector Bank,10703.49,4321.856622,0.06,2.86,54.64,444635455,1101182099,40.38
857,JAGRAN,Jagran Prakashan Limited,Print Media,Consumer Discretionary,Media Entertainment & Publication,Media,Print Media,1984.79,614.804366,0.12,2.39,45.66,67420152,217654348.1,30.98
858,JAGSNPHARM,Jagsonpal Pharmaceuticals Limited,Pharmaceuticals,Healthcare,Healthcare,Pharmaceuticals & Biotechnology,Pharmaceuticals,1071.12,296.971234,0.23,2.9,55.4,7335340,26457206.37,27.73
859,JAIBALAJI,Jai Balaji Industries Limited,Iron & Steel,Commodities,Metals & Mining,Ferrous Metals,Iron & Steel,18744.14,5913.064883,0.75,3.07,58.65,57556479,182451355.4,31.55
860,JAICORPLTD,Jai Corp Limited,Plastic Products - Industrial,Industrials,Capital Goods,Industrial Products,Plastic Products - Industrial,5862.06,1511.955044,0.18,3.42,65.34,46026029,178449315.1,25.79
861,JAIPURKURT,Nandani Creation Limited,Garments & Apparels,Consumer Discretionary,Textiles,Textiles & Apparels,Garments & Apparels,65.94,33.90323656,2.93,3.61,68.97,8875193,17261780.1,51.42
862,JAMNAAUTO,Jamna Auto Industries Limited,Auto Components & Equipments,Consumer Discretionary,Automobile and Auto Components,Auto Components,Auto Components & Equipments,4444.27,2163.548072,0.07,2.31,44.13,194214369,398947037.7,48.68
863,JASH,Jash Engineering Limited,Industrial Products,Industrials,Capital Goods,Industrial Manufacturing,Industrial Products,2615.12,1233.668068,0.14,2.69,51.39,5902718,12512535.89,47.17
864,JAYAGROGN,Jayant Agro Organics Limited,Specialty Chemicals,Commodities,Chemicals,Chemicals & Petrochemicals,Specialty Chemicals,855,244.39662,0.23,2.69,51.39,8575320,30000000,28.58
865,JAYBARMARU,Jay Bharat Maruti Limited,Auto Components & Equipments,Consumer Discretionary,Automobile and Auto Components,Auto Components,Auto Components & Equipments,1059.77,422.7560925,0.18,2.65,50.63,43182440,108250255.4,39.89
866,JAYNECOIND,Jayaswal Neco Industries Limited,Iron & Steel Products,Industrials,Capital Goods,Industrial Products,Iron & Steel Products,4694.78,963.762501,0.57,3.04,58.08,199330404,970998965.9,20.53
867,JAYSREETEA,Jayshree Tea & Industries Limited,Tea & Coffee,Fast Moving Consumer Goods,Fast Moving Consumer Goods,Agricultural Food & other Products,Tea & Coffee,402.55,194.3622576,0.23,2.86,54.64,13942773,28877331.42,48.28
868,JBCHEPHARM,JB Chemicals & Pharmaceuticals Limited,Pharmaceuticals,Healthcare,Healthcare,Pharmaceuticals & Biotechnology,Pharmaceuticals,26403.45,12102.81312,0.06,1.8,34.39,71193018,155314411.8,45.84
869,JBMA,JBM Auto Limited,Auto Components & Equipments,Consumer Discretionary,Automobile and Auto Components,Auto Components,Auto Components & Equipments,20272.29,3444.545625,0.06,2.9,55.4,20091843,118247141.9,16.99
870,JCHAC,Johnson Controls - Hitachi Air Conditioning India Limited,Household Appliances,Consumer Discretionary,Consumer Durables,Consumer Durables,Household Appliances,5977.1,1500.999268,0.14,3.07,58.65,6828311,27190883.45,25.11
873,JGCHEM,J.G.Chemicals Limited,Commodity Chemicals,Commodities,Chemicals,Chemicals & Petrochemicals,Commodity Chemicals,1429.7,414.6912215,0.13,2.89,55.21,11366074,39185966.84,29.01
875,JINDALPHOT,Jindal Photo Limited,Household Products,Fast Moving Consumer Goods,Fast Moving Consumer Goods,Household Products,Household Products,748.86,178.791297,0.25,3.42,65.34,2449196,10258356.16,23.88
876,JINDALPOLY,Jindal Poly Films Limited,Packaging,Industrials,Capital Goods,Industrial Products,Packaging,3074.24,768.7300976,0.12,2.86,54.64,10949012,43786355.22,25.01
877,JINDALSAW,Jindal Saw Limited,Iron & Steel Products,Industrials,Capital Goods,Industrial Products,Iron & Steel Products,22542.67,8141.508981,0.05,3.03,57.89,115482397,319754184.4,36.12
878,JINDALSTEL,Jindal Steel & Power Limited,Iron & Steel,Commodities,Metals & Mining,Ferrous Metals,Iron & Steel,102059.81,37905.21908,0.03,2.08,39.74,378862759,1020088056,37.14
879,JINDRILL,Jindal Drilling And Industries Limited,Offshore Support Solution Drilling,Energy,Oil Gas & Consumable Fuels,Oil,Offshore Support Solution Drilling,1693.95,601.3963993,0.15,2.78,53.11,10289074,28981180.5,35.50
880,JINDWORLD,Jindal Worldwide Limited,Other Textile Products,Consumer Discretionary,Textiles,Textiles & Apparels,Other Textile Products,6359.5,915.0309435,0.19,2.77,52.92,28851677,200520258.6,14.39
881,JIOFIN,Jio Financial Services Limited,Non Banking Financial Company (NBFC),Financial Services,Financial Services,Finance,Non Banking Financial Company (NBFC),212580.89,109607.5567,0.04,1.95,37.25,3275778740,6353284220,51.56
882,JISLDVREQS,Jain Irrigation Systems Limited,Plastic Products - Industrial,Industrials,Capital Goods,Industrial Products,Plastic Products - Industrial,59.83,41.6608883,0.56,3.24,61.9,13434662,19293776.2,69.63
883,JISLJALEQS,Jain Irrigation Systems Limited,Plastic Products - Industrial,Industrials,Capital Goods,Industrial Products,Plastic Products - Industrial,4024.83,2178.193394,0.07,3.38,64.57,361226102,667467661.7,54.12
884,JITFINFRA,JITF Infralogistics Limited,Water Supply & Management,Utilities,Utilities,Other Utilities,Water Supply & Management,2048.46,757.4107748,0.84,3.17,60.56,9503868,25703745.53,36.97
885,JKCEMENT,JK Cement Limited,Cement & Cement Products,Commodities,Construction Materials,Cement & Cement Products,Cement & Cement Products,33874.01,18290.03723,0.04,1.7,32.48,41720451,77268239.83,53.99
886,JKIL,J.Kumar Infraprojects Limited,Civil Construction,Industrials,Construction,Construction,Civil Construction,5455.1,2909.752823,0.09,2.9,55.4,40359981,75665441.43,53.34
887,JKLAKSHMI,JK Lakshmi Cement Limited,Cement & Cement Products,Commodities,Construction Materials,Cement & Cement Products,Cement & Cement Products,9413.61,4955.020584,0.07,1.96,37.45,61937757,117670125,52.64
888,JKPAPER,JK Paper Limited,Paper & Paper Products,Commodities,Forest Materials,Paper Forest & Jute Products,Paper & Paper Products,8298.17,3765.43744,0.06,2.64,50.44,76869193,169402266,45.38
889,JKTYRE,JK Tyre & Industries Limited,Tyres & Rubber Products,Consumer Discretionary,Automobile and Auto Components,Auto Components,Tyres & Rubber Products,10178.65,4729.886554,0.05,2.55,48.72,121154881,260723616.8,46.47
890,JLHL,Jupiter Life Line Hospitals Limited,Hospital,Healthcare,Healthcare,Healthcare Services,Hospital,9310.38,5219.405605,0.13,1.74,33.24,36756377,65566056.34,56.06
891,JMA,Jullundur Motor Agency (Delhi) Limited,Trading - Auto Components,Consumer Discretionary,Automobile and Auto Components,Auto Components,Trading - Auto Components,237.66,103.3498103,0.6,2.69,51.39,9932706,22840941.85,43.49
892,JMFINANCIL,JM Financial Limited,Holding Company,Financial Services,Financial Services,Finance,Holding Company,13231.45,5557.832867,0.06,2.97,56.74,401461490,955753395,42.00
894,JOCIL,Jocil Limited,Commodity Chemicals,Commodities,Chemicals,Chemicals & Petrochemicals,Commodity Chemicals,173.05,65.51054638,0.43,2.6,49.67,3362101,8881190.659,37.86
895,JPOLYINVST,Jindal Poly Investment and Finance Company Limited,Investment Company,Financial Services,Financial Services,Finance,Investment Company,788.97,200.1900213,0.32,3,57.31,2667244,10511891.28,25.37
896,JPPOWER,Jaiprakash Power Ventures Limited,Power Generation,Utilities,Power,Power,Power Generation,12644.63,8774.792633,0.63,3.14,59.99,4755985167,6853457995,69.40
897,JSFB,Jana Small Finance Bank Limited,Other Bank,Financial Services,Financial Services,Banks,Other Bank,5758.74,1147.912787,0.11,2.44,46.62,20848398,104590265.2,19.93
898,JSL,Jindal Stainless Limited,Iron & Steel,Commodities,Metals & Mining,Ferrous Metals,Iron & Steel,62202.25,24568.70642,0.05,2.57,49.1,325241017,823434604.2,39.50
899,JSWENERGY,JSW Energy Limited,Power Generation,Utilities,Power,Power,Power Generation,117624.82,35825.69619,0.05,2.87,54.83,532328324,1747768499,30.46
900,JSWHL,JSW Holdings Limited,Investment Company,Financial Services,Financial Services,Finance,Investment Company,9371.41,3155.064374,0.13,2.48,47.38,3736900,11099620.99,33.67
901,JSWINFRA,JSW Infrastructure Limited,Port & Port services,Services,Services,Transport Infrastructure,Port & Port services,66139.55,8340.329452,0.07,2.24,42.8,264814398,2100001588,12.61
902,JSWSTEEL,JSW Steel Limited,Iron & Steel,Commodities,Metals & Mining,Ferrous Metals,Iron & Steel,249570.8,97743.90644,0.03,1.7,32.48,957757155,2445453922,39.16
903,JTEKTINDIA,Jtekt India Limited,Auto Components & Equipments,Consumer Discretionary,Automobile and Auto Components,Auto Components,Auto Components & Equipments,4232.24,985.2791835,0.12,2.61,49.86,59197259,254280221.1,23.28
904,JTLIND,JTL INDUSTRIES LIMITED,Iron & Steel Products,Industrials,Capital Goods,Industrial Products,Iron & Steel Products,4005.23,1912.232281,0.07,2.85,54.45,91494368,191637799,47.74
905,JUBLFOOD,Jubilant Foodworks Limited,Restaurants,Consumer Discretionary,Consumer Services,Leisure Services,Restaurants,40834.52,23559.47643,0.04,1.83,34.96,380697688,659845196.7,57.70
906,JUBLINDS,Jubilant Industries Limited,Specialty Chemicals,Commodities,Chemicals,Chemicals & Petrochemicals,Specialty Chemicals,2377.97,587.2908252,0.74,3.14,59.99,3721152,15067131.32,24.70
907,JUBLINGREA,Jubilant Ingrevia Limited,Specialty Chemicals,Commodities,Chemicals,Chemicals & Petrochemicals,Specialty Chemicals,11643.45,5409.384447,0.07,2.72,51.97,73999787,159281121.8,46.46
908,JUBLPHARMA,Jubilant Pharmova Limited,Pharmaceuticals,Healthcare,Healthcare,Pharmaceuticals & Biotechnology,Pharmaceuticals,17122.72,8132.676742,0.07,2.74,52.35,75652807,159281116.3,47.50
909,JUNIPER,Juniper Hotels Limited,Hotels & Resorts,Consumer Discretionary,Consumer Services,Leisure Services,Hotels & Resorts,7824.3,1758.252399,0.16,2,38.21,50000068,222502488.3,22.47
910,JUSTDIAL,Just Dial Limited,Internet & Catalogue Retail,Consumer Discretionary,Consumer Services,Retailing,Internet & Catalogue Retail,9737.11,2506.829296,0.07,2.56,48.91,21893706,85040262.01,25.75
911,JWL,Jupiter Wagons Limited,Railway Wagons,Industrials,Capital Goods,Industrial Manufacturing,Railway Wagons,19862.26,6334.552592,0.07,3.48,66.49,135382616,424497969.7,31.89
912,JYOTHYLAB,Jyothy Labs Limited,Household Products,Fast Moving Consumer Goods,Fast Moving Consumer Goods,Household Products,Household Products,19719.1,7292.223322,0.07,2.35,44.9,135795593,367208566.1,36.98
913,JYOTICNC,Jyoti CNC Automation Limited,Industrial Products,Industrials,Capital Goods,Industrial Manufacturing,Industrial Products,24652.66,3275.673371,0.36,2.84,54.26,30218389,227423062.7,13.29
914,JYOTISTRUC,Jyoti Structures Limited,Heavy Electrical Equipment,Industrials,Capital Goods,Electrical Equipment,Heavy Electrical Equipment,2334.53,1768.630122,0.87,3.5,66.87,662408286,874355805.2,75.76
915,KABRAEXTRU,Kabra Extrusion Technik Limited,Industrial Products,Industrials,Capital Goods,Industrial Manufacturing,Industrial Products,1363.94,476.8104482,0.13,3.08,58.84,12225909,34972820.51,34.96
916,KAJARIACER,Kajaria Ceramics Limited,Ceramics,Consumer Discretionary,Consumer Durables,Consumer Durables,Ceramics,22646.53,11807.49324,0.05,1.83,34.96,83034411,159258298.2,52.14
917,KAKATCEM,Kakatiya Cement Sugar & Industries Limited,Cement & Cement Products,Commodities,Construction Materials,Cement & Cement Products,Cement & Cement Products,162.47,69.73352047,0.45,2.31,44.13,3336532,7773684.211,42.92
918,KALAMANDIR,Sai Silks (Kalamandir) Limited,Speciality Retail,Consumer Discretionary,Consumer Services,Retailing,Speciality Retail,2546.64,898.3134933,0.12,2.19,41.84,54098976,153365853.7,35.27
921,KALYANKJIL,Kalyan Jewellers India Limited,Gems Jewellery And Watches,Consumer Discretionary,Consumer Durables,Consumer Durables,Gems Jewellery And Watches,72645.16,21956.92654,0.04,2.67,51.01,311688928,1031232309,30.22
922,KAMATHOTEL,Kamat Hotels (I) Limited,Hotels & Resorts,Consumer Discretionary,Consumer Services,Leisure Services,Hotels & Resorts,560.86,180.7096885,0.5,2.8,53.49,9498538,29480157.69,32.22
923,KAMDHENU,Kamdhenu Limited,Iron & Steel Products,Industrials,Capital Goods,Industrial Products,Iron & Steel Products,1422.97,564.1397785,0.29,3.11,59.42,10996877,27738206.63,39.65
924,KAMOPAINTS,Kamdhenu Ventures Limited,Paints,Consumer Discretionary,Consumer Durables,Consumer Durables,Paints,812.29,402.1111868,0.19,4.01,76.61,155615784,314353715.2,49.50
925,KANANIIND,Kanani Industries Limited,Gems Jewellery And Watches,Consumer Discretionary,Consumer Durables,Consumer Durables,Gems Jewellery And Watches,54.02,33.33475567,1.67,3.13,59.8,122105332,197875457.9,61.71
926,KANORICHEM,Kanoria Chemicals & Industries Limited,Commodity Chemicals,Commodities,Chemicals,Chemicals & Petrochemicals,Commodity Chemicals,572.38,143.4396676,0.31,3.13,59.8,10949593,43693129.77,25.06
927,KANPRPLA,Kanpur Plastipack Limited,Packaging,Industrials,Capital Goods,Industrial Products,Packaging,255.48,58.32310648,0.59,2.59,49.48,4901101,21468907.56,22.83
928,KANSAINER,Kansai Nerolac Paints Limited,Paints,Consumer Discretionary,Consumer Durables,Consumer Durables,Paints,22715.52,5650.735124,0.06,1.54,29.42,201093777,808381494.7,24.88
929,KAPSTON,Kapston Services Limited,Diversified Commercial Services,Services,Services,Commercial Services & Supplies,Diversified Commercial Services,479.83,76.6583395,2.92,2.79,53.3,3241230,20287937.09,15.98
931,KARURVYSYA,Karur Vysya Bank Limited,Private Sector Bank,Financial Services,Financial Services,Banks,Private Sector Bank,16071.65,15651.49354,0.05,2.19,41.84,783554119,804588235.3,97.39
935,KAYNES,Kaynes Technology India Limited,Industrial Products,Industrials,Capital Goods,Industrial Manufacturing,Industrial Products,31364,13226.35439,0.07,3.02,57.7,26993662,64010775.95,42.17
937,KCP,KCP Limited,Cement & Cement Products,Commodities,Construction Materials,Cement & Cement Products,Cement & Cement Products,2939.4,1601.104271,0.09,3.07,58.65,70223872,128921052.6,54.47
939,KDDL,KDDL Limited,Gems Jewellery And Watches,Consumer Discretionary,Consumer Durables,Consumer Durables,Gems Jewellery And Watches,3510.39,1721.644046,0.14,2.84,54.26,6148729,12537107.14,49.04
940,KEC,KEC International Limited,Civil Construction,Industrials,Construction,Construction,Civil Construction,26407.04,12362.21811,0.06,2.37,45.28,124619134,266200000,46.81
941,KECL,Kirloskar Electric Company Limited,Other Electrical Equipment,Industrials,Capital Goods,Electrical Equipment,Other Electrical Equipment,1205.88,608.8019276,0.23,3.71,70.88,33529874,66414055.19,50.49
943,KEI,KEI Industries Limited,Cables - Electricals,Industrials,Capital Goods,Industrial Products,Cables - Electricals,37179.47,23147.90237,0.04,2.37,45.28,56184229,90241432.04,62.26
944,KELLTONTEC,Kellton Tech Solutions Limited,Computers - Software & Consulting,Information Technology,Information Technology,IT - Software,Computers - Software & Consulting,1292.64,612.6306011,0.1,3.34,63.81,46166586,97410700.83,47.39
945,KERNEX,Kernex Microsystems (India) Limited,Transport Related Services,Services,Services,Transport Services,Transport Related Services,1174.67,652.2672355,0.94,3.15,60.18,9306138,16759452.13,55.53
946,KESORAMIND,Kesoram Industries Limited,Cement & Cement Products,Commodities,Construction Materials,Cement & Cement Products,Cement & Cement Products,6676.28,3775.274697,0.06,2.07,39.55,175659534,310640238.2,56.55
947,KEYFINSERV,Keynote Financial Services Limited,Other Financial Services,Financial Services,Financial Services,Finance,Other Financial Services,177.07,37.69257879,1.54,4.28,81.77,1493959,7018232.263,21.29
948,KFINTECH,Kfin Technologies Limited,Depositories Clearing Houses and Other Intermediaries,Financial Services,Financial Services,Capital Markets,Depositories Clearing Houses and Other Intermediaries,16952.17,11348.15681,0.06,2.94,56.17,114743749,171407179,66.94
949,KHADIM,Khadim India Limited,Footwear,Consumer Discretionary,Consumer Durables,Consumer Durables,Footwear,675.41,243.5140899,0.25,2.8,53.49,6626234,18378503.4,36.05
950,KHAICHEM,Khaitan Chemicals & Fertilizers Limited,Fertilizers,Commodities,Chemicals,Fertilizers & Agrochemicals,Fertilizers,718.79,155.8998604,0.17,3.3,63.05,21036279,96989610.04,21.69
952,KHANDSE,Khandwala Securities Limited,Stockbroking & Allied,Financial Services,Financial Services,Capital Markets,Stockbroking & Allied,42.86,21.62722363,1.72,3.32,63.43,7696521,15252669.04,50.46
954,KILITCH,Kilitch Drugs (India) Limited,Pharmaceuticals,Healthcare,Healthcare,Pharmaceuticals & Biotechnology,Pharmaceuticals,527.66,154.6769293,0.55,2.65,50.63,4714323,16082291.98,29.31
955,KIMS,Krishna Institute of Medical Sciences Limited,Hospital,Healthcare,Healthcare,Healthcare Services,Hospital,21327.41,13047.80794,0.06,1.6,30.57,244799398,400139024.4,61.18
956,KINGFA,Kingfa Science & Technology (India) Limited,Plastic Products - Industrial,Industrials,Capital Goods,Industrial Products,Plastic Products - Industrial,3740.19,917.5857244,0.23,3.13,59.8,2971072,12110445.54,24.53
957,KIOCL,KIOCL Limited,Sponge Iron,Commodities,Metals & Mining,Ferrous Metals,Sponge Iron,21131.51,203.36961,0.12,3.49,66.68,5848997,607751222.3,0.96
958,KIRIINDUS,Kiri Industries Limited,Dyes And Pigments,Commodities,Chemicals,Chemicals & Petrochemicals,Dyes And Pigments,1757.18,1275.076402,0.15,2.86,54.64,37612873,51834218.29,72.56
959,KIRLOSBROS,Kirloskar Brothers Limited,Compressors Pumps & Diesel Engines,Industrials,Capital Goods,Industrial Products,Compressors Pumps & Diesel Engines,13380.4,4255.664263,0.09,3.52,67.25,25256168,79408902.08,31.81
960,KIRLOSENG,Kirloskar Oil Engines Limited,Compressors Pumps & Diesel Engines,Industrials,Capital Goods,Industrial Products,Compressors Pumps & Diesel Engines,16222.97,9269.576391,0.08,2.58,49.29,82912132,145107066.2,57.14
961,KIRLOSIND,Kirloskar Industries Limited,Other Industrial Products,Industrials,Capital Goods,Industrial Products,Other Industrial Products,5093.38,1333.782582,0.16,2.38,45.47,2607055,9955688.471,26.19
962,KIRLPNU,Kirloskar Pneumatic Company Limited,Compressors Pumps & Diesel Engines,Industrials,Capital Goods,Industrial Products,Compressors Pumps & Diesel Engines,7897.67,4608.289933,0.21,2.61,49.86,37834893,64841297.21,58.35
963,KITEX,Kitex Garments Limited,Garments & Apparels,Consumer Discretionary,Textiles,Textiles & Apparels,Garments & Apparels,3339.96,1418.301716,0.24,3.55,67.82,28238959,66499950.22,42.46
964,KKCL,Kewal Kiran Clothing Limited,Garments & Apparels,Consumer Discretionary,Textiles,Textiles & Apparels,Garments & Apparels,3914.12,1007.221432,0.16,1.93,36.87,15858009,61625127.92,25.73
965,KMSUGAR,K.M.Sugar Mills Limited,Sugar,Fast Moving Consumer Goods,Fast Moving Consumer Goods,Agricultural Food & other Products,Sugar,339.48,147.6319773,0.5,3.21,61.33,40008666,92000000,43.49
966,KNRCON,KNR Constructions Limited,Civil Construction,Industrials,Construction,Construction,Civil Construction,8744.99,4476.193034,0.07,2.5,47.76,143952180,281234603.6,51.19
967,KOHINOOR,Kohinoor Foods Limited,Other Agricultural Products,Fast Moving Consumer Goods,Fast Moving Consumer Goods,Agricultural Food & other Products,Other Agricultural Products,161.41,100.6024697,0.42,3.61,68.97,23105758,37071658.25,62.33
968,KOKUYOCMLN,Kokuyo Camlin Limited,Stationary,Fast Moving Consumer Goods,Fast Moving Consumer Goods,Household Products,Stationary,1788.42,434.5012416,0.16,2.67,51.01,24369111,100303982.1,24.30
969,KOLTEPATIL,Kolte - Patil Developers Limited,Residential Commercial Projects,Consumer Discretionary,Realty,Realty,Residential Commercial Projects,2871.83,876.12537,0.1,2.75,52.54,23187121,76004499.14,30.51
970,KOPRAN,Kopran Limited,Pharmaceuticals,Healthcare,Healthcare,Pharmaceuticals & Biotechnology,Pharmaceuticals,1425.89,791.4574903,0.09,3.17,60.56,26761031,48212679.63,55.51
971,KOTAKBANK,Kotak Mahindra Bank Limited,Private Sector Bank,Financial Services,Financial Services,Banks,Private Sector Bank,356927.19,263247.7197,0.01,1.42,27.13,1466316046,1988120036,73.75
972,KOTARISUG,Kothari Sugars And Chemicals Limited,Sugar,Fast Moving Consumer Goods,Fast Moving Consumer Goods,Agricultural Food & other Products,Sugar,438.56,114.9654684,0.22,2.73,52.16,21728495,82887922.89,26.21
973,KOTHARIPET,Kothari Petrochemicals Limited,Petrochemicals,Commodities,Chemicals,Chemicals & Petrochemicals,Petrochemicals,1176.34,323.2145799,0.16,3.29,62.86,16168813,58846423.21,27.48
976,KPIL,Kalpataru Projects International Limited,Civil Construction,Industrials,Construction,Construction,Civil Construction,21085.51,13630.51743,0.05,2.38,45.47,105011690,162446147.9,64.64
977,KPITTECH,KPIT Technologies Limited,Computers - Software & Consulting,Information Technology,Information Technology,IT - Software,Computers - Software & Consulting,46741.52,27703.60498,0.04,2.3,43.94,162484487,274143812.3,59.27
978,KPRMILL,K.P.R. Mill Limited,Other Textile Products,Consumer Discretionary,Textiles,Textiles & Apparels,Other Textile Products,31634.89,8297.166187,0.08,2.18,41.65,89650634,341814046.5,26.23
979,KRBL,KRBL Limited,Other Agricultural Products,Fast Moving Consumer Goods,Fast Moving Consumer Goods,Agricultural Food & other Products,Other Agricultural Products,6407.77,2523.496161,0.06,2.24,42.8,90140959,228889801.8,39.38
981,KRIDHANINF,Kridhan Infra Limited,Civil Construction,Industrials,Construction,Construction,Civil Construction,39.62,20.9368096,4.09,3.42,65.34,50088061,94784689,52.84
982,KRISHANA,Krishana Phoschem Limited,Fertilizers,Commodities,Chemicals,Fertilizers & Agrochemicals,Fertilizers,1329.13,384.9531391,0.23,2.1,40.12,17537728,60552619.59,28.96
983,KRITI,Kriti Industries (India) Limited,Plastic Products - Industrial,Industrials,Capital Goods,Industrial Products,Plastic Products - Industrial,1064,325.2644896,0.45,3.71,70.88,15163846,49603729.6,30.57
984,KRITIKA,Kritika Wires Limited,Iron & Steel Products,Industrials,Capital Goods,Industrial Products,Iron & Steel Products,404.48,111.0275509,2.23,2.88,55.02,73092529,266280447.7,27.45
986,KRONOX,Kronox Lab Sciences Limited,Specialty Chemicals,Commodities,Chemicals,Chemicals & Petrochemicals,Specialty Chemicals,563.98,145.4641839,0.26,1.68,32.1,9570012,37103947.37,25.79
987,KRSNAA,Krsnaa Diagnostics Limited,Healthcare Service Provider,Healthcare,Healthcare,Healthcare Services,Healthcare Service Provider,2518.6,1402.198651,0.1,2.4,45.85,17976906,32289743.59,55.67
988,KRYSTAL,Krystal Integrated Services Limited,Diversified Commercial Services,Services,Services,Commercial Services & Supplies,Diversified Commercial Services,1014.36,304.7422479,0.14,2.23,42.6,4197552,13971900.83,30.04
989,KSB,Ksb Limited,Compressors Pumps & Diesel Engines,Industrials,Capital Goods,Industrial Products,Compressors Pumps & Diesel Engines,15079.63,4531.4132,0.08,2.24,42.8,52298612,174039240.6,30.05
990,KSCL,Kaveri Seed Company Limited,Other Agricultural Products,Fast Moving Consumer Goods,Fast Moving Consumer Goods,Agricultural Food & other Products,Other Agricultural Products,4492.69,1746.788723,0.09,2.5,47.76,19999871,51439088.62,38.88
992,KSL,Kalyani Steels Limited,Iron & Steel Products,Industrials,Capital Goods,Industrial Products,Iron & Steel Products,3526.51,1229.349294,0.12,2.73,52.16,15217544,43653029.65,34.86
993,KSOLVES,Ksolves India Limited,Computers - Software & Consulting,Information Technology,Information Technology,IT - Software,Computers - Software & Consulting,1191.59,426.2522186,0.12,2.41,46.04,4241105,11856027.06,35.77
994,KTKBANK,The Karnataka Bank Limited,Private Sector Bank,Financial Services,Financial Services,Banks,Private Sector Bank,8421.65,8312.64785,0.05,2.25,42.99,372764478,377652466.4,98.71
995,KUANTUM,Kuantum Papers Limited,Paper & Paper Products,Commodities,Forest Materials,Paper Forest & Jute Products,Paper & Paper Products,1152.84,286.5014454,0.2,2.5,47.76,21686583,87263643.93,24.85
996,LAGNAM,Lagnam Spintex Limited,Other Textile Products,Consumer Discretionary,Textiles,Textiles & Apparels,Other Textile Products,195.58,61.61005439,1.88,3.36,64.19,5566000,17669166.14,31.50
998,LALPATHLAB,Dr. Lal Path Labs Ltd.,Healthcare Service Provider,Healthcare,Healthcare,Healthcare Services,Healthcare Service Provider,28941.76,12716.51886,0.04,1.76,33.62,36721106,83574241.99,43.94
999,LAMBODHARA,Lambodhara Textiles Limited,Other Textile Products,Consumer Discretionary,Textiles,Textiles & Apparels,Other Textile Products,160.85,41.43841578,0.43,3.65,69.73,2673446,10377419.35,25.76
1000,LANCORHOL,Lancor Holdings Limited,Residential Commercial Projects,Consumer Discretionary,Realty,Realty,Residential Commercial Projects,282.13,82.06054975,0.92,1.93,36.87,21231708,72996119.02,29.09
1001,LANDMARK,Landmark Cars Limited,Auto Dealer,Consumer Discretionary,Automobile and Auto Components,Automobiles,Auto Dealer,2591.24,1245.48018,0.11,2.22,42.41,19865702,41330887.63,48.07
1002,LAOPALA,La Opala RG Limited,Glass - Consumer,Consumer Discretionary,Consumer Durables,Consumer Durables,Glass - Consumer,3685.76,1248.881224,0.1,1.98,37.83,37611240,111000150.6,33.88
1004,LATENTVIEW,Latent View Analytics Limited,Computers - Software & Consulting,Information Technology,Information Technology,IT - Software,Computers - Software & Consulting,9393.5,3228.113927,0.14,2.16,41.27,70791972,205997807,34.37
1006,LAURUSLABS,Laurus Labs Limited,Pharmaceuticals,Healthcare,Healthcare,Pharmaceuticals & Biotechnology,Pharmaceuticals,23237.77,16922.81045,0.05,1.93,36.87,392640614,539159396.8,72.82
1007,LAXMICOT,Laxmi Cotspin Limited,Other Textile Products,Consumer Discretionary,Textiles,Textiles & Apparels,Other Textile Products,57.43,24.40084979,0.61,4.11,78.52,7286011,17148402.51,42.49
1008,LAXMIMACH,Lakshmi Machine Works Limited,Industrial Products,Industrials,Capital Goods,Industrial Manufacturing,Industrial Products,18535.01,11666.43259,0.09,1.92,36.68,6724169,10683002.88,62.94
1010,LEMONTREE,Lemon Tree Hotels Limited,Hotels & Resorts,Consumer Discretionary,Consumer Services,Leisure Services,Hotels & Resorts,9030.03,5601.34269,0.05,2.33,44.51,491432066,792246885.4,62.03
1011,LEXUS,Lexus Granito (India) Limited,Ceramics,Consumer Discretionary,Consumer Durables,Consumer Durables,Ceramics,94.9,42.57726394,0.88,3.63,69.35,9058992,20191489.36,44.87
1013,LGBBROSLTD,LG Balakrishnan & Bros Limited,Auto Components & Equipments,Consumer Discretionary,Automobile and Auto Components,Auto Components,Auto Components & Equipments,4093.57,2702.14578,0.12,2.15,41.08,20721977,31392407.98,66.01
1015,LIBAS,Libas Consumer Products Limited,Garments & Apparels,Consumer Discretionary,Textiles,Textiles & Apparels,Garments & Apparels,48.45,33.57308131,0.59,3.13,59.8,18256162,26345840.13,69.29
1017,LICHSGFIN,LIC Housing Finance Limited,Housing Finance Company,Financial Services,Financial Services,Finance,Housing Finance Company,33419.08,18221.6852,0.04,2.26,43.18,299920751,550063040.1,54.52
1018,LICI,Life Insurance Corporation Of India,Life Insurance,Financial Services,Financial Services,Insurance,Life Insurance,588762.41,20606.68438,0.03,2.21,42.22,221374920,6324997690,3.50
1019,LIKHITHA,Likhitha Infrastructure Limited,Civil Construction,Industrials,Construction,Construction,Civil Construction,1468.72,439.8870944,0.11,3.01,57.51,11815393,39449905.99,29.95
1020,LINC,Linc Limited,Stationary,Fast Moving Consumer Goods,Fast Moving Consumer Goods,Household Products,Stationary,928.03,248.7902515,0.21,2.78,53.11,3987023,14872275.64,26.81
1021,LINCOLN,Lincoln Pharmaceuticals Limited,Pharmaceuticals,Healthcare,Healthcare,Pharmaceuticals & Biotechnology,Pharmaceuticals,1300.53,618.7246602,0.13,2.23,42.6,9529103,20029724.32,47.57
1022,LINDEINDIA,Linde India Limited,Industrial Gases,Commodities,Chemicals,Chemicals & Petrochemicals,Industrial Gases,67843.6,16690.40742,0.04,2.49,47.57,20981028,85284223.76,24.60
1023,LLOYDSENGG,LLOYDS ENGINEERING WORKS LIMITED,Industrial Products,Industrials,Capital Goods,Industrial Manufacturing,Industrial Products,8272.64,3533.336648,0.08,3.74,71.45,488704931,1144210235,42.71
1024,LLOYDSME,Lloyds Metals And Energy Limited,Sponge Iron,Commodities,Metals & Mining,Ferrous Metals,Sponge Iron,47175.89,11742.26841,0.08,2.15,41.08,130115446,522753504.3,24.89
1025,LODHA,Macrotech Developers Limited,Residential Commercial Projects,Consumer Discretionary,Realty,Realty,Residential Commercial Projects,117537.9,32758.16465,0.04,2.78,53.11,277376500,995240474.2,27.87
1026,LOKESHMACH,Lokesh Machines Limited,Industrial Products,Industrials,Capital Goods,Industrial Manufacturing,Industrial Products,697.51,316.1764544,0.4,2.99,57.12,8384419,18496685.23,45.33
1027,LORDSCHLO,Lords Chloro Alkali Limited,Commodity Chemicals,Commodities,Chemicals,Chemicals & Petrochemicals,Commodity Chemicals,309.39,78.39170345,1.78,2.67,51.01,6373309,25153658.54,25.34
1030,LOYALTEX,Loyal Textile Mills Limited,Other Textile Products,Consumer Discretionary,Textiles,Textiles & Apparels,Other Textile Products,248.05,58.63111011,1.1,3.21,61.33,1138468,4816504.854,23.64
1032,LT,Larsen & Toubro Limited,Civil Construction,Industrials,Construction,Construction,Civil Construction,477810.73,408508.582,0.02,1.66,31.71,1175564265,1374994906,85.50
1033,LTF,L&T Finance Limited,Investment Company,Financial Services,Financial Services,Finance,Investment Company,41889.71,13449.98839,0.05,2.13,40.69,800356346,2492693246,32.11
1034,LTFOODS,LT Foods Limited,Other Agricultural Products,Fast Moving Consumer Goods,Fast Moving Consumer Goods,Agricultural Food & other Products,Other Agricultural Products,13239.02,5229.835952,0.07,2.75,52.54,137176025,347252983.6,39.50
1035,LTIM,LTIMindtree Limited,Computers - Software & Consulting,Information Technology,Information Technology,IT - Software,Computers - Software & Consulting,185108.19,57684.34088,0.03,1.68,32.1,92294945,296173104,31.16
1036,LTTS,L&T Technology Services Limited,IT Enabled Services,Information Technology,Information Technology,IT - Services,IT Enabled Services,54479.87,14081.95683,0.04,1.75,33.43,27356886,105837532.8,25.85
1037,LUMAXIND,Lumax Industries Limited,Auto Components & Equipments,Consumer Discretionary,Automobile and Auto Components,Auto Components,Auto Components & Equipments,2274.44,545.6617189,0.16,2.13,40.69,2242614,9347717.979,23.99
1038,LUMAXTECH,Lumax Auto Technologies Limited,Auto Components & Equipments,Consumer Discretionary,Automobile and Auto Components,Auto Components,Auto Components & Equipments,3715.62,1634.722982,0.1,2.49,47.57,29986664,68157754.75,44.00
1039,LUPIN,Lupin Limited,Pharmaceuticals,Healthcare,Healthcare,Pharmaceuticals & Biotechnology,Pharmaceuticals,99211.17,52327.34443,0.03,1.63,31.14,240585492,456143310.3,52.74
1040,LUXIND,Lux Industries Limited,Garments & Apparels,Consumer Discretionary,Textiles,Textiles & Apparels,Garments & Apparels,6098.54,1570.55621,0.08,2.55,48.72,7744360,30071696.25,25.75
1041,LXCHEM,Laxmi Organic Industries Limited,Specialty Chemicals,Commodities,Chemicals,Chemicals & Petrochemicals,Specialty Chemicals,7268.1,2193.375089,0.06,2.19,41.84,83461761,276563926.9,30.18
1042,LYKALABS,Lyka Labs Limited,Pharmaceuticals,Healthcare,Healthcare,Pharmaceuticals & Biotechnology,Pharmaceuticals,446.13,186.9062994,0.24,3.02,57.7,14952504,35690400,41.90
1044,M&M,Mahindra & Mahindra Limited,Passenger Cars & Utility Vehicles,Consumer Discretionary,Automobile and Auto Components,Automobiles,Passenger Cars & Utility Vehicles,380768.53,272449.401,0.02,1.86,35.54,889775967,1243528837,71.55
1045,M&MFIN,Mahindra & Mahindra Financial Services Limited,Non Banking Financial Company (NBFC),Financial Services,Financial Services,Finance,Non Banking Financial Company (NBFC),36071.3,17223.03385,0.04,2.04,38.97,589930942,1235530057,47.75
1046,MAANALU,Maan Aluminium Limited,Aluminium,Commodities,Metals & Mining,Non - Ferrous Metals,Aluminium,895.1,354.4193118,0.2,3.36,64.19,21415064,54084592.15,39.60
1048,MADHAV,Madhav Marbles and Granites Limited,Granites & Marbles,Consumer Discretionary,Consumer Durables,Consumer Durables,Granites & Marbles,45.41,24.36773359,2.87,3.01,57.51,4801524,8947783.251,53.66
1050,MADRASFERT,Madras Fertilizers Limited,Fertilizers,Commodities,Chemicals,Fertilizers & Agrochemicals,Fertilizers,1530.3,225.4409194,0.12,3.32,63.43,23733121,161101168.5,14.73
1051,MAGADSUGAR,Magadh Sugar & Energy Limited,Sugar,Fast Moving Consumer Goods,Fast Moving Consumer Goods,Agricultural Food & other Products,Sugar,1164.11,377.069054,0.2,2.99,57.12,4564448,14091635.4,32.39
1052,MAGNUM,Magnum Ventures Limited,Paper & Paper Products,Commodities,Forest Materials,Paper Forest & Jute Products,Paper & Paper Products,288.89,113.7177783,0.81,3.1,59.23,26142018,66411494.25,39.36
1053,MAHABANK,Bank of Maharashtra,Public Sector Bank,Financial Services,Financial Services,Banks,Public Sector Bank,39832.73,5392.036718,0.05,2.63,50.25,958584305,7081374222,13.54
1056,MAHEPC,Mahindra EPC Irrigation Limited,Industrial Products,Industrials,Capital Goods,Industrial Manufacturing,Industrial Products,355.32,161.8090785,0.47,2.47,47.19,12720840,27933962.26,45.54
1057,MAHESHWARI,Maheshwari Logistics Limited,Diversified,Diversified,Diversified,Diversified,Diversified,185.87,65.26374982,0.49,2.72,51.97,10392317,29597133.76,35.11
1058,MAHLIFE,Mahindra Lifespace Developers Limited,Residential Commercial Projects,Consumer Discretionary,Realty,Realty,Residential Commercial Projects,7597.93,3682.714844,0.07,2.01,38.4,75157446,155059795.9,48.47
1059,MAHLOG,Mahindra Logistics Limited,Logistics Solution Provider,Services,Services,Transport Services,Logistics Solution Provider,3436.8,1439.466405,0.09,2.09,39.93,30177493,72050314.47,41.88
1060,MAHSCOOTER,Maharashtra Scooters Limited,Investment Company,Financial Services,Financial Services,Finance,Investment Company,12422.85,5901.315018,0.1,1.75,33.43,5428993,11428564.86,47.50
1061,MAHSEAMLES,Maharashtra Seamless Limited,Iron & Steel Products,Industrials,Capital Goods,Industrial Products,Iron & Steel Products,8294.55,2586.706338,0.06,2.43,46.43,41788471,133999192.2,31.19
1062,MAITHANALL,Maithan Alloys Limited,Ferro & Silica Manganese,Commodities,Metals & Mining,Ferrous Metals,Ferro & Silica Manganese,3131.24,782.5653429,0.1,2.31,44.13,7275617,29111565.64,24.99
1064,MALUPAPER,Malu Paper Mills Limited,Paper & Paper Products,Commodities,Forest Materials,Paper Forest & Jute Products,Paper & Paper Products,80.18,24.09499477,2.72,3.76,71.83,5126595,17059574.47,30.05
1067,MANAKSIA,Manaksia Limited,Iron & Steel Products,Industrials,Capital Goods,Industrial Products,Iron & Steel Products,623.23,155.927487,0.23,2.71,51.77,16396161,65534174.55,25.02
1068,MANAKSTEEL,Manaksia Steels Limited,Iron & Steel,Commodities,Metals & Mining,Ferrous Metals,Iron & Steel,432.52,109.1597263,0.75,3.42,65.34,16539352,65533333.33,25.24
1069,MANALIPETC,Manali Petrochemicals Limited,Petrochemicals,Commodities,Chemicals,Chemicals & Petrochemicals,Petrochemicals,1295.15,649.3410972,0.12,2.66,50.82,86233877,171998672,50.14
1070,MANAPPURAM,Manappuram Finance Limited,Non Banking Financial Company (NBFC),Financial Services,Financial Services,Finance,Non Banking Financial Company (NBFC),15493.99,9936.883093,0.04,2.44,46.62,542850756,846434853.9,64.13
1071,MANGALAM,Mangalam Drugs And Organics Limited,Pharmaceuticals,Healthcare,Healthcare,Pharmaceuticals & Biotechnology,Pharmaceuticals,181.23,90.04510953,0.37,2.76,52.73,7864202,15827947.6,49.69
1072,MANGCHEFER,Mangalore Chemicals & Fertilizers Limited,Fertilizers,Commodities,Chemicals,Fertilizers & Agrochemicals,Fertilizers,1522.92,548.3896696,0.12,2.72,51.97,42676239,118515175.1,36.01
1073,MANGLMCEM,Mangalam Cement Limited,Cement & Cement Products,Commodities,Construction Materials,Cement & Cement Products,Cement & Cement Products,2161.29,1344.616998,0.09,2.73,52.16,17107086,27497328.24,62.21
1074,MANINDS,Man Industries (India) Limited,Iron & Steel Products,Industrials,Capital Goods,Industrial Products,Iron & Steel Products,2113.28,967.8886771,0.35,3.12,59.61,29648910,64735181.5,45.80
1075,MANINFRA,Man Infraconstruction Limited,Civil Construction,Industrials,Construction,Construction,Civil Construction,6856.99,2234.139248,0.09,2.52,48.14,120960436,371250135.4,32.58
1076,MANKIND,Mankind Pharma Limited,Pharmaceuticals,Healthcare,Healthcare,Pharmaceuticals & Biotechnology,Pharmaceuticals,101483.16,23855.44349,0.04,1.82,34.77,94178616,400644137.4,23.51
1078,MANORAMA,Manorama Industries Limited,Other Food Products,Fast Moving Consumer Goods,Fast Moving Consumer Goods,Food Products,Other Food Products,4779.84,1679.441141,0.47,2.74,52.35,20940663,59599002.49,35.14
1080,MANUGRAPH,Manugraph India Limited,Industrial Products,Industrials,Capital Goods,Industrial Manufacturing,Industrial Products,68.59,28.0051574,1.52,3.94,75.27,12419139,30416851.44,40.83
1081,MANYAVAR,Vedant Fashions Limited,Speciality Retail,Consumer Discretionary,Consumer Services,Retailing,Speciality Retail,30727.91,7691.072536,0.06,1.81,34.58,60798992,242908379.4,25.03
1082,MAPMYINDIA,C.E. Info Systems Limited,Software Products,Information Technology,Information Technology,IT - Software,Software Products,11179.91,2845.533472,0.09,2.49,47.57,13846878,54403454.99,25.45
1083,MARALOVER,Maral Overseas Limited,Other Textile Products,Consumer Discretionary,Textiles,Textiles & Apparels,Other Textile Products,316.62,79.32198309,0.53,3.19,60.94,10398792,41507603.57,25.05
1084,MARATHON,Marathon Nextgen Realty Limited,Residential Commercial Projects,Consumer Discretionary,Realty,Realty,Residential Commercial Projects,3277.06,790.1724475,0.17,3.11,59.42,12347409,51208063.13,24.11
1085,MARICO,Marico Limited,Edible Oil,Fast Moving Consumer Goods,Fast Moving Consumer Goods,Agricultural Food & other Products,Edible Oil,87777.08,35575.08615,0.03,1.53,29.23,524744983,1294742680,40.53
1087,MARKSANS,Marksans Pharma Limited,Pharmaceuticals,Healthcare,Healthcare,Pharmaceuticals & Biotechnology,Pharmaceuticals,12446.14,5611.542387,0.07,3.21,61.33,204316126,453163662.8,45.09
1088,MARSHALL,Marshall Machines Limited,Industrial Products,Industrials,Capital Goods,Industrial Manufacturing,Industrial Products,82.58,58.72559814,3.76,3.45,65.91,16997279,23901591.9,71.11
1089,MARUTI,Maruti Suzuki India Limited,Passenger Cars & Utility Vehicles,Consumer Discretionary,Automobile and Auto Components,Automobiles,Passenger Cars & Utility Vehicles,394292.27,164816.1395,0.02,1.39,26.56,131421848,314402575.6,41.80
1090,MASFIN,MAS Financial Services Limited,Non Banking Financial Company (NBFC),Financial Services,Financial Services,Finance,Non Banking Financial Company (NBFC),4991.78,1662.942422,0.1,1.86,35.54,60448652,181453289.7,33.31
1092,MASTEK,Mastek Limited,Computers - Software & Consulting,Information Technology,Information Technology,IT - Software,Computers - Software & Consulting,8147.55,4001.637264,0.06,2.26,43.18,15157717,30861931.82,49.11
1093,MATRIMONY,Matrimony.Com Limited,Internet & Catalogue Retail,Consumer Discretionary,Consumer Services,Retailing,Internet & Catalogue Retail,1676.54,810.5596307,0.19,2.25,42.99,10763689,22263329.13,48.35
1094,MAWANASUG,Mawana Sugars Limited,Sugar,Fast Moving Consumer Goods,Fast Moving Consumer Goods,Agricultural Food & other Products,Sugar,436.74,159.4113323,0.2,2.66,50.82,14277773,39116883.12,36.50
1095,MAXESTATES,Max Estates Limited,Residential Commercial Projects,Consumer Discretionary,Realty,Realty,Residential Commercial Projects,9229.81,3094.458965,0.13,2.69,51.39,53910435,160798083.6,33.53
1096,MAXHEALTH,Max Healthcare Institute Limited,Hospital,Healthcare,Healthcare,Healthcare Services,Hospital,89630.58,68341.43141,0.04,2.33,44.51,741230276,972132104.1,76.25
1097,MAXIND,Max India Limited,Holding Company,Financial Services,Financial Services,Finance,Holding Company,1105.17,538.9679052,0.7,2.73,52.16,21053434,43170703.13,48.77
1098,MAYURUNIQ,Mayur Uniquoters Ltd,Leather And Leather Products,Consumer Discretionary,Consumer Durables,Consumer Durables,Leather And Leather Products,2531.67,1021.404696,0.12,2.08,39.74,17732720,43952604.17,40.35
1099,MAZDA,Mazda Limited,Industrial Products,Industrials,Capital Goods,Industrial Manufacturing,Industrial Products,508.23,221.0997957,0.22,2.66,50.82,1742315,4004964.539,43.50
1100,MAZDOCK,Mazagon Dock Shipbuilders Limited,Ship Building & Allied Services,Industrials,Capital Goods,Industrial Manufacturing,Ship Building & Allied Services,79244,12022.34512,0.03,3.82,72.98,30598995,201689997.5,15.17
1101,MBAPL,Madhya Bharat Agro Products Limited,Fertilizers,Commodities,Chemicals,Fertilizers & Agrochemicals,Fertilizers,1752.54,448.1381915,0.35,2.12,40.5,22406910,87627000,25.57
1104,MCL,Madhav Copper Limited,Investment Company,Financial Services,Financial Services,Finance,Investment Company,93.83,31.58867102,0.92,2.86,54.64,9137596,27142030.66,33.67
1105,MCLEODRUSS,Mcleod Russel India Limited,Tea & Coffee,Fast Moving Consumer Goods,Fast Moving Consumer Goods,Agricultural Food & other Products,Tea & Coffee,352.12,326.2890909,0.9,3.66,69.92,96792967,104455651.1,92.66
1106,MCX,Multi Commodity Exchange of India Limited,Exchange and Data Platform,Financial Services,Financial Services,Capital Markets,Exchange and Data Platform,29533.16,29467.44422,0.06,2.51,47.95,50884898,50998376.79,99.78
1107,MEDANTA,Global Health Limited,Hospital,Healthcare,Healthcare,Healthcare Services,Hospital,26290.79,8111.050094,0.06,2.08,39.74,82850358,268547395.3,30.85
1108,MEDIASSIST,Medi Assist Healthcare Services Limited,Insurance Distributors,Financial Services,Financial Services,Insurance,Insurance Distributors,4404.99,1827.752953,0.1,2.12,40.5,29197332,70367252.4,41.49
1109,MEDICAMEQ,Medicamen Biotech Limited,Pharmaceuticals,Healthcare,Healthcare,Pharmaceuticals & Biotechnology,Pharmaceuticals,692.95,285.319699,0.33,3.12,59.61,5235224,12714678.9,41.17
1111,MEDPLUS,Medplus Health Services Limited,Pharmacy Retail,Consumer Discretionary,Consumer Services,Retailing,Pharmacy Retail,7668.95,3064.773187,0.08,1.72,32.86,47775108,119547155.1,39.96
1112,MEGASOFT,Megasoft Limited,Other Telecom Services,Telecommunication,Telecommunication,Telecom - Services,Other Telecom Services,478.4,273.7971531,0.74,3.88,74.13,42220070,73770239.01,57.23
1113,MEGASTAR,Megastar Foods Limited,Other Food Products,Fast Moving Consumer Goods,Fast Moving Consumer Goods,Food Products,Other Food Products,282.68,73.92851254,0.55,2.96,56.55,2953596,11293647.62,26.15
1114,MENONBE,Menon Bearings Limited,Auto Components & Equipments,Consumer Discretionary,Automobile and Auto Components,Auto Components,Auto Components & Equipments,699.1,193.4078356,0.27,2.58,49.29,15503634,56040080.16,27.67
1115,METROBRAND,Metro Brands Limited,Footwear,Consumer Discretionary,Consumer Durables,Consumer Durables,Footwear,33177.28,3785.295574,0.08,2.11,40.31,31027013,271944918,11.41
1116,METROPOLIS,Metropolis Healthcare Limited,Healthcare Service Provider,Healthcare,Healthcare,Healthcare Services,Healthcare Service Provider,11242.41,5662.275237,0.05,1.94,37.06,25808000,51241613.49,50.37
1117,MFSL,Max Financial Services Limited,Life Insurance,Financial Services,Financial Services,Insurance,Life Insurance,39688.2,28322.4114,0.03,1.84,35.15,246281838,345114782.6,71.36
1119,MGL,Mahanagar Gas Limited,LPG/CNG/PNG/LNG Supplier,Energy,Oil Gas & Consumable Fuels,Gas,LPG/CNG/PNG/LNG Supplier,18046.7,10376.67206,0.05,2.25,42.99,56796235,98777777.78,57.50
1120,MHLXMIRU,Mahalaxmi Rubtech Limited,Other Textile Products,Consumer Discretionary,Textiles,Textiles & Apparels,Other Textile Products,163.55,54.84724201,0.7,3.48,66.49,3561509,10620129.87,33.54
1121,MHRIL,Mahindra Holidays & Resorts India Limited,Hotels & Resorts,Consumer Discretionary,Consumer Services,Leisure Services,Hotels & Resorts,7695.22,2541.792637,0.1,1.99,38.02,66713718,201974278.2,33.03
1123,MIDHANI,Mishra Dhatu Nigam Limited,Aerospace & Defense,Industrials,Capital Goods,Aerospace & Defense,Aerospace & Defense,6862.26,1784.188692,0.06,2.86,54.64,48708400,187339885.3,26.00
1124,MINDACORP,Minda Corporation Limited,Auto Components & Equipments,Consumer Discretionary,Automobile and Auto Components,Auto Components,Auto Components & Equipments,13482.88,4512.262971,0.08,2.55,48.72,80011756,239079351,33.47
1127,MIRZAINT,Mirza International Limited,Leather And Leather Products,Consumer Discretionary,Consumer Durables,Consumer Durables,Leather And Leather Products,600.63,167.3594787,0.29,2.75,52.54,38508854,138202945.2,27.86
1128,MITCON,MITCON Consultancy & Engineering Services Limited,Consulting Services,Services,Services,Commercial Services & Supplies,Consulting Services,159.22,128.5551645,0.8,3.48,66.49,10848537,13436286.92,80.74
1129,MITTAL,Mittal Life Style Limited,Garments & Apparels,Consumer Discretionary,Textiles,Textiles & Apparels,Garments & Apparels,93.22,58.27167151,2.15,3.21,61.33,277484150,443904761.9,62.51
1131,MMFL,MM Forgings Limited,Auto Components & Equipments,Consumer Discretionary,Automobile and Auto Components,Auto Components,Auto Components & Equipments,2737.08,1194.58111,0.11,2.43,46.43,21072166,48281531.13,43.64
1133,MMTC,MMTC Limited,Trading & Distributors,Services,Services,Commercial Services & Supplies,Trading & Distributors,12165,1224.55323,0.22,3.71,70.88,150993000,1500000000,10.07
1138,MOIL,MOIL Limited,Industrial Minerals,Commodities,Metals & Mining,Minerals & Mining,Industrial Minerals,7362.09,2597.531145,0.06,3.12,59.61,71794670,203485074.6,35.28
1140,MOL,Meghmani Organics Limited,Pesticides & Agrochemicals,Commodities,Chemicals,Fertilizers & Agrochemicals,Pesticides & Agrochemicals,2349.86,1188.957989,0.09,2.41,46.04,128675107,254313852.8,50.60
1141,MOLDTECH,Mold-Tek Technologies Limited,IT Enabled Services,Information Technology,Information Technology,IT - Services,IT Enabled Services,622.71,302.7206741,0.17,3.23,61.71,13886269,28564678.9,48.61
1142,MOLDTKPAC,Mold-Tek Packaging Limited,Packaging,Industrials,Capital Goods,Industrial Products,Packaging,2423.16,1601.373876,0.1,1.62,30.95,21878187,33105540,66.09
1143,MONARCH,Monarch Networth Capital Limited,Stockbroking & Allied,Financial Services,Financial Services,Capital Markets,Stockbroking & Allied,2592.86,866.8956552,0.15,3.08,58.84,24440250,73100084.58,33.43
1144,MONTECARLO,Monte Carlo Fashions Limited,Garments & Apparels,Consumer Discretionary,Textiles,Textiles & Apparels,Garments & Apparels,1596.37,428.1142191,0.14,2.42,46.23,5559925,20732077.92,26.82
1146,MOREPENLAB,Morepen Laboratories Limited,Pharmaceuticals,Healthcare,Healthcare,Pharmaceuticals & Biotechnology,Pharmaceuticals,4312.4,2730.906456,0.05,3.27,62.47,347002091,547954256.7,63.33
1147,MOTHERSON,Samvardhana Motherson International Limited,Auto Components & Equipments,Consumer Discretionary,Automobile and Auto Components,Auto Components,Auto Components & Equipments,139501.59,55253.36968,0.03,2.07,39.55,2786914641,7036295269,39.61
1148,MOTILALOFS,Motilal Oswal Financial Services Limited,Stockbroking & Allied,Financial Services,Financial Services,Capital Markets,Stockbroking & Allied,42065.14,10241.93682,0.06,2.94,56.17,145554421,597813401.5,24.35
1149,MOTISONS,Motisons Jewellers Limited,Gems Jewellery And Watches,Consumer Discretionary,Consumer Durables,Consumer Durables,Gems Jewellery And Watches,2834.26,963.6286758,0.42,3.21,61.33,33470951,98445988.19,34.00
1150,MOTOGENFIN,The Motor & General Finance Limited,Diversified Commercial Services,Services,Services,Commercial Services & Supplies,Diversified Commercial Services,147.12,42.26198123,1.97,3.35,64,11124502,38725980.52,28.73
1151,MPHASIS,MphasiS Limited,Computers - Software & Consulting,Information Technology,Information Technology,IT - Software,Computers - Software & Consulting,54256.19,32293.9921,0.03,1.97,37.64,112597162,189171193.5,59.52
1152,MPSLTD,MPS Limited,E-Learning,Consumer Discretionary,Consumer Services,Other Consumer Services,E-Learning,3390.37,1042.77016,0.14,2.75,52.54,5261202,17105802.22,30.76
1153,MRF,MRF Limited,Tyres & Rubber Products,Consumer Discretionary,Automobile and Auto Components,Auto Components,Tyres & Rubber Products,55794.36,26597.83939,0.03,1.38,26.36,2021804,4241143.248,47.67
1155,MRPL,Mangalore Refinery and Petrochemicals Limited,Refineries & Marketing,Energy,Oil Gas & Consumable Fuels,Petroleum Products,Refineries & Marketing,30365.53,3166.213439,0.04,3.19,60.94,182743474,1752598984,10.43
1157,MSTCLTD,Mstc Limited,Trading & Distributors,Services,Services,Commercial Services & Supplies,Trading & Distributors,4271.52,1486.839225,0.07,3.34,63.81,24504973,70400000,34.81
1158,MSUMI,Motherson Sumi Wiring India Limited,Auto Components & Equipments,Consumer Discretionary,Automobile and Auto Components,Auto Components,Auto Components & Equipments,29214.68,11174.70321,0.05,1.65,31.52,1691087047,4421107748,38.25
1159,MTARTECH,Mtar Technologies Limited,Aerospace & Defense,Industrials,Capital Goods,Aerospace & Defense,Aerospace & Defense,5062.11,3218.598292,0.05,2.15,41.08,19557625,30759615.97,63.58
1161,MTNL,Mahanagar Telephone Nigam Limited,Telecom - Cellular & Fixed line services,Telecommunication,Telecommunication,Telecom - Services,Telecom - Cellular & Fixed line services,3281.67,1435.694527,0.8,4.1,78.33,275618070,630000000,43.75
1162,MUFIN,Mufin Green Finance Limited,Non Banking Financial Company (NBFC),Financial Services,Financial Services,Finance,Non Banking Financial Company (NBFC),1677.14,401.5033267,0.75,2.51,47.95,37895548,158295422.4,23.94
1163,MUFTI,Credo Brands Marketing Limited,Speciality Retail,Consumer Discretionary,Consumer Services,Retailing,Speciality Retail,1182.3,384.2977179,0.13,2.25,42.99,21116419,64965107.97,32.50
1164,MUKANDLTD,Mukand Limited,Iron & Steel,Commodities,Metals & Mining,Ferrous Metals,Iron & Steel,2239.54,559.7923617,0.15,2.79,53.3,36117966,144495773.9,25.00
1165,MUKKA,Mukka Proteins Limited,Animal Feed,Fast Moving Consumer Goods,Fast Moving Consumer Goods,Food Products,Animal Feed,1168.5,311.6003895,0.18,2.47,47.19,80000100,300000000,26.67
1167,MUNJALAU,Munjal Auto Industries Limited,Auto Components & Equipments,Consumer Discretionary,Automobile and Auto Components,Auto Components,Auto Components & Equipments,1163.1,281.3131815,0.21,3.04,58.08,24186500,100000000,24.19
1168,MUNJALSHOW,Munjal Showa Limited,Auto Components & Equipments,Consumer Discretionary,Automobile and Auto Components,Auto Components,Auto Components & Equipments,629.92,218.3470832,0.17,2.62,50.06,13863307,39994920.63,34.66
1169,MURUDCERA,Murudeshwar Ceramics Limited,Ceramics,Consumer Discretionary,Consumer Durables,Consumer Durables,Ceramics,324.89,84.67240395,0.41,3.45,65.91,15779427,60546030.56,26.06
1170,MUTHOOTCAP,Muthoot Capital Services Limited,Non Banking Financial Company (NBFC),Financial Services,Financial Services,Finance,Non Banking Financial Company (NBFC),582.24,209.330213,0.22,2.75,52.54,5913283,16447457.63,35.95
1171,MUTHOOTFIN,Muthoot Finance Limited,Non Banking Financial Company (NBFC),Financial Services,Financial Services,Finance,Non Banking Financial Company (NBFC),75475.21,20102.44521,0.04,1.73,33.05,106927900,401463883,26.63
1172,MUTHOOTMF,Muthoot Microfin Limited,Microfinance Institutions,Financial Services,Financial Services,Finance,Microfinance Institutions,3725.42,732.4743455,0.09,1.41,26.94,33521319,170491968.3,19.66
1173,MVGJL,Manoj Vaibhav Gems N Jewellers Limited,Gems Jewellery And Watches,Consumer Discretionary,Consumer Durables,Consumer Durables,Gems Jewellery And Watches,1214.35,312.4260804,0.25,2.83,54.07,12567421,48847546.26,25.73
1174,NACLIND,NACL Industries Limited,Pesticides & Agrochemicals,Commodities,Chemicals,Fertilizers & Agrochemicals,Pesticides & Agrochemicals,1041.65,277.2072575,0.26,2.31,44.13,53003300,199168260,26.61
1175,NAGAFERT,Nagarjuna Fertilizers and Chemicals Limited,Fertilizers,Commodities,Chemicals,Fertilizers & Agrochemicals,Fertilizers,620.79,247.2761427,0.49,3.05,58.27,238223644,598063583.8,39.83
1178,NAHARCAP,Nahar Capital and Financial Services Limited,Investment Company,Financial Services,Financial Services,Finance,Investment Company,486.81,133.4397837,0.4,2.57,49.1,4590292,16746130.03,27.41
1179,NAHARINDUS,Nahar Industrial Enterprises Limited,Other Textile Products,Consumer Discretionary,Textiles,Textiles & Apparels,Other Textile Products,589.76,140.0311178,0.25,2.96,56.55,10258690,43205860.81,23.74
1181,NAHARSPING,Nahar Spinning Mills Limited,Other Textile Products,Consumer Discretionary,Textiles,Textiles & Apparels,Other Textile Products,953.93,296.1343182,0.23,2.81,53.68,11196004,36065406.43,31.04
1182,NAM-INDIA,Nippon Life India Asset Management Limited,Asset Management Company,Financial Services,Financial Services,Capital Markets,Asset Management Company,40453.77,11021.79107,0.04,2.43,46.43,172525492,633227987.8,27.25
1184,NATCOPHARM,Natco Pharma Limited,Pharmaceuticals,Healthcare,Healthcare,Pharmaceuticals & Biotechnology,Pharmaceuticals,25075.38,12473.29732,0.04,2.02,38.59,89094981,179109857.1,49.74
1186,NATIONALUM,National Aluminium Company Limited,Aluminium,Commodities,Metals & Mining,Non - Ferrous Metals,Aluminium,39360.86,19165.58792,0.05,2.92,55.79,894292750,1836631982,48.69
1187,NAUKRI,Info Edge (India) Limited,Internet & Catalogue Retail,Consumer Discretionary,Consumer Services,Retailing,Internet & Catalogue Retail,103667.3,62278.95741,0.03,1.93,36.87,77848697,129584125,60.08
1188,NAVA,NAVA LIMITED,Power Generation,Utilities,Power,Power,Power Generation,14626.65,7386.106917,0.06,3.13,59.8,73274870,145105654.8,50.50
1189,NAVINFLUOR,Navin Fluorine International Limited,Specialty Chemicals,Commodities,Chemicals,Chemicals & Petrochemicals,Specialty Chemicals,16448.29,11503.46042,0.05,1.95,37.25,34669863,49572905.36,69.94
1190,NAVKARCORP,Navkar Corporation Limited,Logistics Solution Provider,Services,Services,Transport Services,Logistics Solution Provider,1850.93,546.9640625,0.1,3.7,70.69,44479472,150518825.7,29.55
1191,NAVNETEDUL,Navneet Education Limited,Printing & Publication,Consumer Discretionary,Media Entertainment & Publication,Printing & Publication,Printing & Publication,3200.92,1165.607346,0.12,2.24,42.8,82375077,226213427.6,36.41
1192,NAZARA,Nazara Technologies Limited,Digital Entertainment,Consumer Discretionary,Media Entertainment & Publication,Entertainment,Digital Entertainment,6904.06,3692.302918,0.06,2.74,52.35,40934622,76541685.14,53.48
1193,NBCC,NBCC (India) Limited,Civil Construction,Industrials,Construction,Construction,Civil Construction,31293,11967.3194,0.22,3.43,65.53,1032555600,2700000000,38.24
1195,NCC,NCC Limited,Civil Construction,Industrials,Construction,Construction,Civil Construction,18552.87,14455.00225,0.04,2.98,56.93,489170973,627846700.5,77.91
1196,NCLIND,NCL Industries Limited,Cement & Cement Products,Commodities,Construction Materials,Cement & Cement Products,Cement & Cement Products,919.36,506.1259553,0.11,2.05,39.17,24901646,45232964.33,55.05
1199,NDLVENTURE,NDL Ventures Limited,Other Financial Services,Financial Services,Financial Services,Finance,Other Financial Services,351.87,85.28516862,0.88,3.42,65.34,8161260,33671770.33,24.24
1200,NDRAUTO,Ndr Auto Components Limited,Auto Components & Equipments,Consumer Discretionary,Automobile and Auto Components,Auto Components,Auto Components & Equipments,1757.73,451.018716,0.23,3.75,71.64,6103095,23785250.34,25.66
1201,NDTV,New Delhi Television Limited,TV Broadcasting & Software Production,Consumer Discretionary,Media Entertainment & Publication,Entertainment,TV Broadcasting & Software Production,1112.71,392.6229195,0.11,2.98,56.93,22748880,64471290.34,35.29
1204,NELCAST,Nelcast Limited,Castings & Forgings,Industrials,Capital Goods,Industrial Products,Castings & Forgings,1095.35,274.5833024,0.21,2.61,49.86,21809635,87001588.56,25.07
1205,NELCO,NELCO Limited,Computers Hardware & Equipments,Information Technology,Information Technology,IT - Hardware,Computers Hardware & Equipments,2156.34,970.6931615,0.11,2.95,56.36,10271885,22818412.7,45.02
1206,NEOGEN,Neogen Chemicals Limited,Specialty Chemicals,Commodities,Chemicals,Chemicals & Petrochemicals,Specialty Chemicals,5302.19,2215.174965,0.11,2.58,49.29,11021868,26381679.77,41.78
1207,NESCO,Nesco Limited,Diversified Commercial Services,Services,Services,Commercial Services & Supplies,Diversified Commercial Services,6376.63,1898.149504,0.09,1.93,36.87,20974028,70460000,29.77
1208,NESTLEIND,Nestle India Limited,Packaged Foods,Fast Moving Consumer Goods,Fast Moving Consumer Goods,Food Products,Packaged Foods,247788.39,91938.16533,0.03,1.19,22.73,357736052,964157159.5,37.10
1209,NETWEB,Netweb Technologies India Limited,Computers Hardware & Equipments,Information Technology,Information Technology,IT - Hardware,Computers Hardware & Equipments,13871.31,3462.805286,0.41,2.59,49.48,14071296,56366817.02,24.96
1210,NETWORK18,Network18 Media & Investments Limited,Media & Entertainment,Consumer Discretionary,Media Entertainment & Publication,Entertainment,Media & Entertainment,7794.53,1861.864204,0.32,3.16,60.37,250082499,1046948287,23.89
1211,NEULANDLAB,Neuland Laboratories Limited,Pharmaceuticals,Healthcare,Healthcare,Pharmaceuticals & Biotechnology,Pharmaceuticals,14533.25,9724.444114,0.06,3.26,62.28,8584697,12829889.69,66.91
1212,NEWGEN,Newgen Software Technologies Limited,Computers - Software & Consulting,Information Technology,Information Technology,IT - Software,Computers - Software & Consulting,17676.77,7844.984571,0.07,2.91,55.6,62261782,140291825.4,44.38
1214,NFL,National Fertilizers Limited,Fertilizers,Commodities,Chemicals,Fertilizers & Agrochemicals,Fertilizers,5689.73,1438.181239,0.07,3.37,64.38,124002521,490578548,25.28
1215,NGIL,Nakoda Group of Industries Limited,Packaged Foods,Fast Moving Consumer Goods,Fast Moving Consumer Goods,Food Products,Packaged Foods,50.91,22.03333857,0.75,3.64,69.54,5506958,12724318.92,43.28
1216,NGLFINE,NGL Fine-Chem Limited,Pharmaceuticals,Healthcare,Healthcare,Pharmaceuticals & Biotechnology,Pharmaceuticals,1189.27,324.2424692,0.25,2.78,53.11,1684376,6178025.974,27.26
1217,NH,Narayana Hrudayalaya Ltd.,Hospital,Healthcare,Healthcare,Healthcare Services,Hospital,24972.89,8276.040801,0.06,1.81,34.58,67725375,204360802,33.14
1218,NHPC,NHPC Limited,Power Generation,Utilities,Power,Power,Power Generation,90917.61,28429.20931,0.04,2.57,49.1,3141002023,10045034803,31.27
1219,NIACL,The New India Assurance Company Limited,General Insurance,Financial Services,Financial Services,Insurance,General Insurance,33868.05,4932.237698,0.06,3.46,66.1,239999888,1648000097,14.56
1220,NIBL,NRB Industrial Bearings Limited,Abrasives & Bearings,Industrials,Capital Goods,Industrial Products,Abrasives & Bearings,77.32,19.59250245,1.46,3.26,62.28,6139926,24230648.7,25.34
1221,NIITLTD,NIIT Limited,Education,Consumer Discretionary,Consumer Services,Other Consumer Services,Education,2135.99,1283.369911,0.17,3.41,65.15,81328892,135360583,60.08
1222,NIITMTS,NIIT Learning Systems Limited,Education,Consumer Discretionary,Consumer Services,Other Consumer Services,Education,6439.29,3953.710163,0.12,2.19,41.84,83411607,135850000,61.40
1223,NILAINFRA,Nila Infrastructures Limited,Residential Commercial Projects,Consumer Discretionary,Realty,Realty,Residential Commercial Projects,460.85,170.1058604,0.88,3.44,65.72,145389624,393888888.9,36.91
1225,NILKAMAL,Nilkamal Limited,Plastic Products - Consumer,Consumer Discretionary,Consumer Durables,Consumer Durables,Plastic Products - Consumer,2738.28,956.5946394,0.13,1.73,33.05,5213050,14922506.81,34.93
1226,NINSYS,NINtec Systems Limited,Computers - Software & Consulting,Information Technology,Information Technology,IT - Software,Computers - Software & Consulting,986.39,268.953816,0.55,2.88,55.02,5065044,18576082.86,27.27
1227,NIPPOBATRY,Indo-National Limited,Household Products,Fast Moving Consumer Goods,Fast Moving Consumer Goods,Household Products,Household Products,412.31,141.2974322,0.32,2.94,56.17,2570213,7499954.525,34.27
1229,NIRAJISPAT,Niraj Ispat Industries Limited,Plastic Products - Consumer,Consumer Discretionary,Consumer Durables,Consumer Durables,Plastic Products - Consumer,12.25,3.114451636,5,0.75,14.33,152512,599872.6801,25.42
1230,NITCO,Nitco Limited,Ceramics,Consumer Discretionary,Consumer Durables,Consumer Durables,Ceramics,560.5,212.7192212,0.66,3.15,60.18,27271695,71858974.36,37.95
1231,NITINSPIN,Nitin Spinners Limited,Other Textile Products,Consumer Discretionary,Textiles,Textiles & Apparels,Other Textile Products,2054,891.9895812,0.12,2.52,48.14,24414659,56220062.95,43.43
1232,NITIRAJ,Nitiraj Engineers Limited,Other Electrical Equipment,Industrials,Capital Goods,Electrical Equipment,Other Electrical Equipment,245.05,55.86579919,3.28,2.77,52.92,2336992,10250993.52,22.80
1233,NKIND,NK Industries Limited,Edible Oil,Fast Moving Consumer Goods,Fast Moving Consumer Goods,Agricultural Food & other Products,Edible Oil,29.15,7.789807009,5.57,3.45,65.91,1606146,6010309.278,26.72
1234,NLCINDIA,NLC India Limited,Power Generation,Utilities,Power,Power,Power Generation,36468.54,8556.796544,0.05,3.24,61.9,325353481,1386636502,23.46
1235,NMDC,NMDC Limited,Industrial Minerals,Commodities,Metals & Mining,Minerals & Mining,Industrial Minerals,67110.87,26310.21414,0.05,2.38,45.47,1148917648,2930605677,39.20
1236,NOCIL,NOCIL Limited,Specialty Chemicals,Commodities,Chemicals,Chemicals & Petrochemicals,Specialty Chemicals,4548.95,2954.964352,0.07,2.54,48.53,108419165,166903320.5,64.96
1240,NRAIL,N R Agarwal Industries Limited,Paper & Paper Products,Commodities,Forest Materials,Paper Forest & Jute Products,Paper & Paper Products,599.07,150.0071099,0.38,2.63,50.25,4261566,17019034.09,25.04
1241,NRBBEARING,NRB Bearing Limited,Auto Components & Equipments,Consumer Discretionary,Automobile and Auto Components,Auto Components,Auto Components & Equipments,2724.49,1340.216882,0.1,2.57,49.1,47677584,96922447.53,49.19
1242,NRL,Nupur Recyclers Limited,Trading - Metals,Commodities,Metals & Mining,Metals & Minerals Trading,Trading - Metals,696.01,190.9077438,0.29,3.58,68.4,18827194,68640039.45,27.43
1243,NSIL,Nalwa Sons Investments Limited,Investment Company,Financial Services,Financial Services,Finance,Investment Company,2374.96,519.3257656,0.15,2.66,50.82,1123109,5136159.17,21.87
1244,NSLNISP,NMDC Steel Limited,Iron & Steel,Commodities,Metals & Mining,Ferrous Metals,Iron & Steel,14995.91,5879.086585,0.06,2.56,48.91,1148932301,2930605824,39.20
1245,NTPC,NTPC Limited,Power Generation,Utilities,Power,Power,Power Generation,404447.94,197241.9824,0.04,1.92,36.68,4728889534,9696666027,48.77
1246,NUCLEUS,Nucleus Software Exports Limited,Software Products,Information Technology,Information Technology,IT - Software,Software Products,3241.31,838.9164935,0.21,3.29,62.86,6929472,26773303.6,25.88
1247,NURECA,Nureca Limited,Medical Equipment & Supplies,Healthcare,Healthcare,Healthcare Equipment & Supplies,Medical Equipment & Supplies,300.31,110.4063262,0.23,2.88,55.02,3676534,10000333,36.76
1248,NUVAMA,Nuvama Wealth Management Limited,Stockbroking & Allied,Financial Services,Financial Services,Capital Markets,Stockbroking & Allied,21679.99,5458.674184,0.07,2.74,52.35,8992873,35716622.73,25.18
1249,NUVOCO,Nuvoco Vistas Corporation Limited,Cement & Cement Products,Commodities,Construction Materials,Cement & Cement Products,Cement & Cement Products,12500.47,3497.842714,0.08,1.73,33.05,99938363,357156285.7,27.98
1250,NYKAA,FSN E-Commerce Ventures Limited,E-Retail/ E-Commerce,Consumer Discretionary,Consumer Services,Retailing,E-Retail/ E-Commerce,55585.59,26407.49221,0.04,2.3,43.94,1357362745,2857136469,47.51
1251,OAL,Oriental Aromatics Limited,Specialty Chemicals,Commodities,Chemicals,Chemicals & Petrochemicals,Specialty Chemicals,1581.72,367.7399614,0.25,3.19,60.94,7824254,33653617.02,23.25
1252,OBCL,Orissa Bengal Carrier Limited,Logistics Solution Provider,Services,Services,Transport Services,Logistics Solution Provider,119.94,38.16634483,0.63,3.16,60.37,6708797,21082791.35,31.82
1253,OBEROIRLTY,Oberoi Realty Limited,Residential Commercial Projects,Consumer Discretionary,Realty,Realty,Residential Commercial Projects,63919.46,20634.35071,0.04,2.05,39.17,117377347,363602264,32.28
1255,OFSS,Oracle Financial Services Software Limited,Software Products,Information Technology,Information Technology,IT - Software,Software Products,94882.2,25702.35424,0.03,2.42,46.23,23497899,86744284.91,27.09
1256,OIL,Oil India Limited,Oil Exploration & Production,Energy,Oil Gas & Consumable Fuels,Oil,Oil Exploration & Production,88983.58,29752.54954,0.05,2.89,55.21,543872581,1626607806,33.44
1258,OLAELEC,Ola Electric Mobility Limited,2/3 Wheelers,Consumer Discretionary,Automobile and Auto Components,Automobiles,2/3 Wheelers,40028.28,4403.110933,0.58,2.28,43.56,485191287,4410829752,11.00
1259,OLECTRA,Olectra Greentech Limited,Passenger Cars & Utility Vehicles,Consumer Discretionary,Automobile and Auto Components,Automobiles,Passenger Cars & Utility Vehicles,12853.02,6388.093619,0.04,2.83,54.07,40795029,82080720.35,49.70
1260,OMAXAUTO,Omax Autos Limited,Auto Components & Equipments,Consumer Discretionary,Automobile and Auto Components,Auto Components,Auto Components & Equipments,246.69,110.287258,0.9,2.84,54.26,9554471,21371393.92,44.71
1262,OMINFRAL,OM INFRA LIMITED,Civil Construction,Industrials,Construction,Construction,Civil Construction,1557.71,507.9752446,0.82,3.3,63.05,31404961,96303554.87,32.61
1264,ONEPOINT,One Point One Solutions Limited,Business Process Outsourcing (BPO)/ Knowledge Process Outsourcing (KPO),Services,Services,Commercial Services & Supplies,Business Process Outsourcing (BPO)/ Knowledge Process Outsourcing (KPO),1423.07,359.1959489,0.38,3.92,74.89,55142148,218463309.8,25.24
1265,ONGC,Oil & Natural Gas Corporation Limited,Oil Exploration & Production,Energy,Oil Gas & Consumable Fuels,Oil,Oil Exploration & Production,363570.07,111959.5849,0.04,2.25,42.99,3874034080,12580279239,30.79
1266,ONMOBILE,OnMobile Global Limited,Other Telecom Services,Telecommunication,Telecommunication,Telecom - Services,Other Telecom Services,797.41,409.265966,0.12,3.24,61.9,54568795,106321333.3,51.32
1267,ONWARDTEC,Onward Technologies Limited,IT Enabled Services,Information Technology,Information Technology,IT - Services,IT Enabled Services,902.65,402.1455764,0.16,2.87,54.83,10076311,22617138.56,44.55
1268,OPTIEMUS,Optiemus Infracom Limited,Telecom - Equipment & Accessories,Telecommunication,Telecommunication,Telecom - Equipment & Accessories,Telecom - Equipment & Accessories,5492.71,1378.98974,0.12,3.83,73.17,21555135,85857131.69,25.11
1269,ORBTEXP,Orbit Exports Limited,Other Textile Products,Consumer Discretionary,Textiles,Textiles & Apparels,Other Textile Products,423.48,73.23000785,0.43,2.99,57.12,4576875,26467500,17.29
1270,ORCHPHARMA,Orchid Pharma Limited,Pharmaceuticals,Healthcare,Healthcare,Pharmaceuticals & Biotechnology,Pharmaceuticals,6390.1,1927.465045,0.09,3.02,57.7,15298556,50719104.69,30.16
1271,ORICONENT,Oricon Enterprises Limited,Packaging,Industrials,Capital Goods,Industrial Products,Packaging,561.13,175.8743193,0.25,3.51,67.06,49223151,157047299.2,31.34
1273,ORIENTBELL,Orient Bell Limited,Ceramics,Consumer Discretionary,Consumer Durables,Consumer Durables,Ceramics,496,166.3860494,0.27,2.31,44.13,4895867,14594674.12,33.55
1274,ORIENTCEM,Orient Cement Limited,Cement & Cement Products,Commodities,Construction Materials,Cement & Cement Products,Cement & Cement Products,5941.19,3200.634112,0.09,3.08,58.84,110366694,204868620.7,53.87
1275,ORIENTCER,ORIENT CERATECH LIMITED,Electrodes & Refractories,Industrials,Capital Goods,Industrial Products,Electrodes & Refractories,594.97,198.2586492,0.47,3.06,58.46,39867012,119640056.3,33.32
1276,ORIENTELEC,Orient Electric Limited,Household Appliances,Consumer Discretionary,Consumer Durables,Consumer Durables,Household Appliances,4960.76,2673.838183,0.09,1.92,36.68,115003793,213366021.5,53.90
1277,ORIENTHOT,Oriental Hotels Limited,Hotels & Resorts,Consumer Discretionary,Consumer Services,Leisure Services,Hotels & Resorts,3080.84,973.1682682,0.12,2.85,54.45,56415552,178599420.3,31.59
1278,ORIENTLTD,Orient Press Limited,Packaging,Industrials,Capital Goods,Industrial Products,Packaging,99.74,26.49812528,1.01,3.48,66.49,2656720,10000000,26.57
1279,ORIENTPPR,Orient Paper & Industries Limited,Paper & Paper Products,Commodities,Forest Materials,Paper Forest & Jute Products,Paper & Paper Products,938.92,499.8897239,0.09,2.81,53.68,112969429,212185310.7,53.24
1280,ORISSAMINE,The Orissa Minerals Development Company Limited,Industrial Minerals,Commodities,Metals & Mining,Minerals & Mining,Industrial Minerals,5279.4,2638.90809,0.12,3.5,66.87,2999100,6000000,49.99
1284,OSWALGREEN,Oswal Greentech Limited,Investment Company,Financial Services,Financial Services,Finance,Investment Company,1361.09,483.7962003,0.19,3.95,75.46,91282302,256809434,35.54
1286,PAGEIND,Page Industries Limited,Garments & Apparels,Consumer Discretionary,Textiles,Textiles & Apparels,Garments & Apparels,46038.9,25303.39249,0.04,1.48,28.28,6130270,11153874.57,54.96
1287,PAISALO,Paisalo Digital Limited,Non Banking Financial Company (NBFC),Financial Services,Financial Services,Finance,Non Banking Financial Company (NBFC),4808.13,3067.133361,0.26,3.57,68.2,572867643,898044452.7,63.79
1288,PAKKA,PAKKA LIMITED,Paper & Paper Products,Commodities,Forest Materials,Paper Forest & Jute Products,Paper & Paper Products,1143.57,600.4934836,0.15,3.4,64.96,20699534,39419855.22,52.51
1289,PALASHSECU,Palash Securities Limited,Packaged Foods,Fast Moving Consumer Goods,Fast Moving Consumer Goods,Food Products,Packaged Foods,135.94,37.81842814,0.95,3.78,72.22,2782813,10002943.34,27.82
1290,PALREDTEC,Palred Technologies Limited,IT Enabled Services,Information Technology,Information Technology,IT - Services,IT Enabled Services,149.97,104.8901986,2.89,3.8,72.6,8555481,12232463.3,69.94
1291,PANACEABIO,Panacea Biotec Limited,Pharmaceuticals,Healthcare,Healthcare,Pharmaceuticals & Biotechnology,Pharmaceuticals,1787.6,471.2997492,0.2,3.51,67.06,16148698,61250642.45,26.36
1293,PANAMAPET,Panama Petrochem Limited,Lubricants,Energy,Oil Gas & Consumable Fuels,Petroleum Products,Lubricants,2311.16,865.9677579,0.12,2.41,46.04,22666346,60493652.66,37.47
1295,PAR,Par Drugs and Chemicals Limited,Pharmaceuticals,Healthcare,Healthcare,Pharmaceuticals & Biotechnology,Pharmaceuticals,273.16,70.45718491,0.38,2.41,46.04,3173747,12304504.5,25.79
1296,PARACABLES,Paramount Communications Limited,Cables - Electricals,Industrials,Capital Goods,Industrial Products,Cables - Electricals,2316.9,724.6321247,0.75,3.37,64.38,95371430,304935509.3,31.28
1297,PARADEEP,Paradeep Phosphates Limited,Fertilizers,Commodities,Chemicals,Fertilizers & Agrochemicals,Fertilizers,6706.44,2945.342359,0.06,2.72,51.97,357835301,814778277.2,43.92
1298,PARAGMILK,Parag Milk Foods Limited,Dairy Products,Fast Moving Consumer Goods,Fast Moving Consumer Goods,Food Products,Dairy Products,2316.49,992.5665451,0.08,2.87,54.83,51150041,119375934,42.85
1301,PARKHOTELS,Apeejay Surrendra Park Hotels Limited,Hotels & Resorts,Consumer Discretionary,Consumer Services,Leisure Services,Hotels & Resorts,3317.97,923.0126704,0.11,1.78,34.01,59357728,213374276.5,27.82
1304,PATANJALI,Patanjali Foods Limited,Edible Oil,Fast Moving Consumer Goods,Fast Moving Consumer Goods,Agricultural Food & other Products,Edible Oil,59191.59,16094.48884,0.05,2.38,45.47,98428211,361994862.9,27.19
1305,PATELENG,Patel Engineering Limited,Civil Construction,Industrials,Construction,Construction,Civil Construction,4466.75,2651.962874,0.06,3.31,63.24,501316233,844376181.5,59.37
1306,PATINTLOG,Patel Integrated Logistics Limited,Logistics Solution Provider,Services,Services,Transport Services,Logistics Solution Provider,159.39,100.330814,0.28,3.84,73.36,43812583,69602620.09,62.95
1307,PAVNAIND,Pavna Industries Limited,Auto Components & Equipments,Consumer Discretionary,Automobile and Auto Components,Auto Components,Auto Components & Equipments,630.97,186.5007648,0.82,2.81,53.68,3600401,12180888.03,29.56
1308,PAYTM,One 97 Communications Limited,Financial Technology (Fintech),Financial Services,Financial Services,Financial Technology (Fintech),Financial Technology (Fintech),41540.72,21973.95972,0.44,3.67,70.12,336765666,636639387,52.90
1309,PCBL,PCBL LIMITED,Carbon Black,Commodities,Chemicals,Chemicals & Petrochemicals,Carbon Black,18873.13,8765.851799,0.05,2.94,56.17,175317036,377462600,46.45
1310,PCJEWELLER,PC Jeweller Limited,Gems Jewellery And Watches,Consumer Discretionary,Consumer Durables,Consumer Durables,Gems Jewellery And Watches,7016.43,3185.206236,0.85,3.64,69.54,211276614,465403953.3,45.40
1311,PDMJEPAPER,Pudumjee Paper Products Limited,Paper & Paper Products,Commodities,Forest Materials,Paper Forest & Jute Products,Paper & Paper Products,995.08,272.5960948,0.15,3.34,63.81,26011078,94950381.68,27.39
1312,PDSL,PDS Limited,Trading - Textile Products,Consumer Discretionary,Textiles,Textiles & Apparels,Trading - Textile Products,7034.66,2665.587607,0.14,2.59,49.48,53311752,140693200,37.89
1313,PEARLPOLY,Pearl Polymers Limited,Plastic Products - Consumer,Consumer Discretionary,Consumer Durables,Consumer Durables,Plastic Products - Consumer,56.94,25.29210831,0.9,4.05,77.38,7478447,16836191.6,44.42
1314,PEL,Piramal Enterprises Limited,Non Banking Financial Company (NBFC),Financial Services,Financial Services,Finance,Non Banking Financial Company (NBFC),22538.75,11948.33278,0.03,2.43,46.43,119531140,225477691.1,53.01
1315,PENIND,Pennar Industries Limited,Industrial Products,Industrials,Capital Goods,Industrial Manufacturing,Industrial Products,2300.83,1369.840183,0.11,3.48,66.49,80342533,134946041.1,59.54
1316,PENINLAND,Peninsula Land Limited,Residential Commercial Projects,Consumer Discretionary,Realty,Realty,Residential Commercial Projects,1504.92,482.0118345,0.17,3.7,70.69,98874222,308701538.5,32.03
1317,PERSISTENT,Persistent Systems Limited,Computers - Software & Consulting,Information Technology,Information Technology,IT - Software,Computers - Software & Consulting,81665.4,55554.35833,0.04,1.99,38.02,106019768,155850000,68.03
1318,PETRONET,Petronet LNG Limited,LPG/CNG/PNG/LNG Supplier,Energy,Oil Gas & Consumable Fuels,Gas,LPG/CNG/PNG/LNG Supplier,52170,25999.86009,0.04,1.98,37.83,747552044,1500000000,49.84
1319,PFC,Power Finance Corporation Limited,Financial Institution,Financial Services,Financial Services,Finance,Financial Institution,144610.46,63628.89124,0.05,3,57.31,1452051375,3300101780,44.00
1320,PFIZER,Pfizer Limited,Pharmaceuticals,Healthcare,Healthcare,Pharmaceuticals & Biotechnology,Pharmaceuticals,25801.72,8538.615084,0.06,1.54,29.42,15139388,45747730.5,33.09
1322,PFS,PTC India Financial Services Limited,Non Banking Financial Company (NBFC),Financial Services,Financial Services,Finance,Non Banking Financial Company (NBFC),2951.29,1032.775096,0.31,3.58,68.4,224760630,642282916.2,34.99
1323,PGEL,PG Electroplast Limited,Consumer Electronics,Consumer Discretionary,Consumer Durables,Consumer Durables,Consumer Electronics,14125.64,6504.279642,0.09,3.33,63.62,120471933,261634376.7,46.05
1324,PGHH,Procter & Gamble Hygiene and Health Care Limited,Personal Care,Fast Moving Consumer Goods,Fast Moving Consumer Goods,Personal Products,Personal Care,54095.82,15735.87798,0.07,1.19,22.73,9442471,32460738.07,29.09
1325,PGHL,Procter & Gamble Health Limited,Pharmaceuticals,Healthcare,Healthcare,Pharmaceuticals & Biotechnology,Pharmaceuticals,8777.59,4198.100522,0.09,1.33,25.41,7939069,16599387.28,47.83
1326,PGIL,Pearl Global Industries Limited,Garments & Apparels,Consumer Discretionary,Textiles,Textiles & Apparels,Garments & Apparels,4053.57,1208.738164,0.16,3.22,61.52,13673509,45854864.25,29.82
1327,PHOENIXLTD,The Phoenix Mills Limited,Residential Commercial Projects,Consumer Discretionary,Realty,Realty,Residential Commercial Projects,59378.89,30885.5725,0.05,2.47,47.19,185945650,357488801.9,52.01
1328,PIDILITIND,Pidilite Industries Limited,Specialty Chemicals,Commodities,Chemicals,Chemicals & Petrochemicals,Specialty Chemicals,160971.09,48342.35429,0.02,1.33,25.41,152745282,508613510.7,30.03
1330,PIIND,PI Industries Limited,Pesticides & Agrochemicals,Commodities,Chemicals,Fertilizers & Agrochemicals,Pesticides & Agrochemicals,68197.29,36402.07882,0.04,1.57,29.99,80983490,151718109,53.38
1331,PILANIINVS,Pilani Investment and Industries Corporation Limited,Holding Company,Financial Services,Financial Services,Finance,Holding Company,5540.66,1369.175798,0.15,2.5,47.76,2736108,11072240.76,24.71
1332,PILITA,PIL ITALICA LIFESTYLE LIMITED,Plastic Products - Consumer,Consumer Discretionary,Consumer Durables,Consumer Durables,Plastic Products - Consumer,322.89,161.1479412,1.48,2.95,56.36,117283800,235000000,49.91
1333,PIONEEREMB,Pioneer Embroideries Limited,Other Textile Products,Consumer Discretionary,Textiles,Textiles & Apparels,Other Textile Products,135.55,80.47928607,0.81,2.89,55.21,17495497,29467391.3,59.37
1334,PITTIENG,Pitti Engineering Limited,Industrial Products,Industrials,Capital Goods,Industrial Manufacturing,Industrial Products,4681.36,2120.864799,0.1,2.64,50.44,16067158,35464848.48,45.30
1335,PIXTRANS,Pix Transmissions Limited,Rubber,Industrials,Capital Goods,Industrial Products,Rubber,2013.8,662.6846804,0.15,2.65,50.63,4483658,13625169.15,32.91
1336,PKTEA,The Peria Karamalai Tea & Produce Company Limited,Tea & Coffee,Fast Moving Consumer Goods,Fast Moving Consumer Goods,Agricultural Food & other Products,Tea & Coffee,154.27,50.47915208,2.6,3.32,63.43,1013027,3095926.149,32.72
1338,PLATIND,Platinum Industries Limited,Specialty Chemicals,Commodities,Chemicals,Chemicals & Petrochemicals,Specialty Chemicals,1949.83,488.5228567,0.13,2.78,53.11,13761207,54924788.73,25.05
1339,PLAZACABLE,Plaza Wires Limited,Cables - Electricals,Industrials,Capital Goods,Industrial Products,Cables - Electricals,347.44,104.8226051,0.39,2.1,40.12,13200177,43752675.99,30.17
1340,PNB,Punjab National Bank,Public Sector Bank,Financial Services,Financial Services,Banks,Public Sector Bank,117457.88,31538.3805,0.04,2.37,45.28,3085947211,11492943249,26.85
1341,PNBGILTS,PNB Gilts Limited,Investment Company,Financial Services,Financial Services,Finance,Investment Company,2104.32,542.3207435,0.09,2.8,53.49,46391851,180010265.2,25.77
1342,PNBHOUSING,PNB Housing Finance Limited,Housing Finance Company,Financial Services,Financial Services,Finance,Housing Finance Company,24087.43,9439.479315,0.06,2.82,53.88,101828256,259842826.3,39.19
1343,PNC,Pritish Nandy Communications Limited,Film Production Distribution & Exhibition,Consumer Discretionary,Media Entertainment & Publication,Entertainment,Film Production Distribution & Exhibition,86.8,38.57315956,0.59,3.59,68.59,6428860,14466666.67,44.44
1344,PNCINFRA,PNC Infratech Limited,Civil Construction,Industrials,Construction,Construction,Civil Construction,10697.68,4695.405706,0.06,2.48,47.38,112599657,256539088.7,43.89
1345,POCL,Pondy Oxides & Chemicals Limited,Diversified Metals,Commodities,Metals & Mining,Diversified Metals,Diversified Metals,2363.68,1069.926496,0.23,3.96,75.66,5895886,13025183.23,45.27
1347,PODDARMENT,Poddar Pigments Limited,Dyes And Pigments,Commodities,Chemicals,Chemicals & Petrochemicals,Dyes And Pigments,414.85,138.2868472,0.36,2.6,49.67,3536748,10609974.42,33.33
1348,POKARNA,Pokarna Limited,Granites & Marbles,Consumer Discretionary,Consumer Durables,Consumer Durables,Granites & Marbles,3040.25,1309.424479,0.13,3.19,60.94,13353299,31003977.16,43.07
1349,POLICYBZR,PB Fintech Limited,Financial Technology (Fintech),Financial Services,Financial Services,Financial Technology (Fintech),Financial Technology (Fintech),76991.36,53379.95901,0.03,2.73,52.16,316231985,456109952.6,69.33
1350,POLYCAB,Polycab India Limited,Cables - Electricals,Industrials,Capital Goods,Industrial Products,Cables - Electricals,106159.24,33226.7812,0.03,2.2,42.03,47070097,150388497,31.30
1351,POLYMED,Poly Medicure Limited,Medical Equipment & Supplies,Healthcare,Healthcare,Healthcare Equipment & Supplies,Medical Equipment & Supplies,23463.96,8784.695217,0.09,2.27,43.37,37922276,101290567.7,37.44
1352,POLYPLEX,Polyplex Corporation Limited,Packaging,Industrials,Capital Goods,Industrial Products,Packaging,3424.92,1647.107949,0.06,2.4,45.85,15097231,31392483.96,48.09
1353,PONNIERODE,Ponni Sugars (Erode) Limited,Sugar,Fast Moving Consumer Goods,Fast Moving Consumer Goods,Agricultural Food & other Products,Sugar,395.96,201.2931317,0.19,2.65,50.63,4371186,8598479.913,50.84
1354,POONAWALLA,Poonawalla Fincorp Limited,Non Banking Financial Company (NBFC),Financial Services,Financial Services,Finance,Non Banking Financial Company (NBFC),29558.06,10987.52883,0.05,2.21,42.22,289107455,777741349.8,37.17
1355,POWERGRID,Power Grid Corporation of India Limited,Power - Transmission,Utilities,Power,Power,Power - Transmission,305896.86,148791.5974,0.03,1.86,35.54,4523916004,9300603831,48.64
1356,POWERINDIA,Hitachi Energy India Limited,Heavy Electrical Equipment,Industrials,Capital Goods,Electrical Equipment,Heavy Electrical Equipment,57221.62,14163.09446,0.06,2.93,55.98,10490016,42381676.11,24.75
1357,POWERMECH,Power Mech Projects Limited,Civil Construction,Industrials,Construction,Construction,Civil Construction,9935.42,4144.202678,0.07,2.6,49.67,6593799,15808146.38,41.71
1358,PPAP,PPAP Automotive Limited,Auto Components & Equipments,Consumer Discretionary,Automobile and Auto Components,Auto Components,Auto Components & Equipments,277.57,93.58182497,0.43,2.78,53.11,4749141,14086272.52,33.71
1359,PPL,Prakash Pipes Limited,Plastic Products - Industrial,Industrials,Capital Goods,Industrial Products,Plastic Products - Industrial,1270.3,673.742449,0.14,3.01,57.51,12685793,23918282.81,53.04
1360,PPLPHARMA,Piramal Pharma Limited,Pharmaceuticals,Healthcare,Healthcare,Pharmaceuticals & Biotechnology,Pharmaceuticals,29020.63,13443.54407,0.05,2.28,43.56,614140889,1325748287,46.32
1362,PRAJIND,Praj Industries Limited,Industrial Products,Industrials,Capital Goods,Industrial Manufacturing,Industrial Products,13513.94,9038.081346,0.05,2.48,47.38,122933642,183813112.1,66.88
1363,PRAKASH,Prakash Industries Limited,Iron & Steel,Commodities,Metals & Mining,Ferrous Metals,Iron & Steel,2951.45,1628.942403,0.09,3.28,62.66,98837595,179081973.2,55.19
1364,PRAKASHSTL,Prakash Steelage Limited,Iron & Steel Products,Industrials,Capital Goods,Industrial Products,Iron & Steel Products,146.13,96.923175,0.91,3.32,63.43,116075659,175005988,66.33
1366,PRECAM,Precision Camshafts Limited,Auto Components & Equipments,Consumer Discretionary,Automobile and Auto Components,Auto Components,Auto Components & Equipments,2031.75,703.1856086,0.15,3.41,65.15,32874503,94985974.75,34.61
1368,PRECWIRE,Precision Wires India Limited,Aluminium Copper & Zinc Products,Industrials,Capital Goods,Industrial Products,Aluminium Copper & Zinc Products,3178.33,1303.202397,0.11,3.36,64.19,73254772,178658235,41.00
1369,PREMEXPLN,Premier Explosives Limited,Explosives,Commodities,Chemicals,Chemicals & Petrochemicals,Explosives,2584.57,1480.648146,2.58,3.6,68.78,30798713,53761206.45,57.29
1370,PREMIERPOL,Premier Polyfilm Limited,Plastic Products - Industrial,Industrials,Capital Goods,Industrial Products,Plastic Products - Industrial,467.15,139.8216956,0.35,3.67,70.12,6270031,20948430.49,29.93
1371,PRESTIGE,Prestige Estates Projects Limited,Residential Commercial Projects,Consumer Discretionary,Realty,Realty,Residential Commercial Projects,74516.33,29103.545,0.05,2.91,55.6,168228584,430730231.2,39.06
1372,PRICOLLTD,Pricol Limited,Auto Components & Equipments,Consumer Discretionary,Automobile and Auto Components,Auto Components,Auto Components & Equipments,5667.49,3426.666261,0.08,2.3,43.94,73691748,121881505.4,60.46
1373,PRIMESECU,Prime Securities Limited,Other Financial Services,Financial Services,Financial Services,Finance,Other Financial Services,903.28,622.252728,0.25,2.51,47.95,23110593,33548003.71,68.89
1374,PRINCEPIPE,Prince Pipes And Fittings Limited,Plastic Products - Industrial,Industrials,Capital Goods,Industrial Products,Plastic Products - Industrial,6014.52,2278.800403,0.08,1.87,35.73,41889713,110561029.4,37.89
1375,PRITI,Priti International Limited,Furniture Home Furnishing,Consumer Discretionary,Consumer Durables,Consumer Durables,Furniture Home Furnishing,180.27,51.99309209,0.54,3.21,61.33,3851340,13353333.33,28.84
1376,PRITIKAUTO,Pritika Auto Industries Limited,Auto Components & Equipments,Consumer Discretionary,Automobile and Auto Components,Auto Components,Auto Components & Equipments,428.47,120.6522345,0.75,3.25,62.09,45529145,161686792.5,28.16
1377,PRIVISCL,Privi Speciality Chemicals Limited,Specialty Chemicals,Commodities,Chemicals,Chemicals & Petrochemicals,Specialty Chemicals,5860.38,1151.201811,0.14,2.25,42.99,7673400,39062689.55,19.64
1378,PROZONER,Prozone Realty Limited,Residential Commercial Projects,Consumer Discretionary,Realty,Realty,Residential Commercial Projects,362.43,164.9307734,0.26,3.25,62.09,69444536,152602105.3,45.51
1379,PRSMJOHNSN,Prism Johnson Limited,Cement & Cement Products,Commodities,Construction Materials,Cement & Cement Products,Cement & Cement Products,9410.25,2298.209204,0.1,2.86,54.64,122931757,503356512.4,24.42
1380,PRUDENT,Prudent Corporate Advisory Services Limited,Financial Products Distributor,Financial Services,Financial Services,Capital Markets,Financial Products Distributor,10036.98,3903.381223,0.11,2.79,53.3,16103058,41406683.17,38.89
1382,PSB,Punjab & Sind Bank,Public Sector Bank,Financial Services,Financial Services,Banks,Public Sector Bank,34600.6,606.1333075,0.08,3.2,61.14,118733263,6777786484,1.75
1383,PSPPROJECT,PSP Projects Limited,Civil Construction,Industrials,Construction,Construction,Civil Construction,2520.82,1004.912883,0.1,2,38.21,15803002,39641767.57,39.86
1384,PTC,PTC India Limited,Power Trading,Utilities,Power,Power,Power Trading,5558.74,4466.742412,0.05,2.93,55.98,237858374,296008307.2,80.36
1386,PTL,PTL Enterprises Limited,Diversified Commercial Services,Services,Services,Commercial Services & Supplies,Diversified Commercial Services,567.24,123.1717735,0.24,2.23,42.6,28744871,132378063,21.71
1387,PUNJABCHEM,Punjab Chemicals & Crop Protection Limited,Pesticides & Agrochemicals,Commodities,Chemicals,Fertilizers & Agrochemicals,Pesticides & Agrochemicals,1399.24,424.9191755,0.23,2.67,51.01,3723768,12262203.14,30.37
1390,PVRINOX,PVR INOX Limited,Film Production Distribution & Exhibition,Consumer Discretionary,Media Entertainment & Publication,Entertainment,Film Production Distribution & Exhibition,15219.96,10976.19441,0.04,1.73,33.05,70814157,98193290.32,72.12
1391,PVSL,Popular Vehicles and Services Limited,Auto Dealer,Consumer Discretionary,Automobile and Auto Components,Automobiles,Auto Dealer,1496.94,428.779608,0.2,1.46,27.89,20393798,71198097.5,28.64
1392,PYRAMID,Pyramid Technoplast Limited,Packaging,Industrials,Capital Goods,Industrial Products,Packaging,625.71,156.8253132,0.2,2.1,40.12,9219595,36784832.45,25.06
1393,QUESS,Quess Corp Limited,Diversified Commercial Services,Services,Services,Commercial Services & Supplies,Diversified Commercial Services,10889.8,4687.79902,0.07,2.15,41.08,63979787,148625631.2,43.05
1394,QUICKHEAL,Quick Heal Technologies Limited,Software Products,Information Technology,Information Technology,IT - Software,Software Products,3438.3,947.558174,0.11,3.49,66.68,14828766,53807511.74,27.56
1395,RACE,Race Eco Chain Limited,Waste Management,Utilities,Utilities,Other Utilities,Waste Management,586.63,280.2734087,0.3,2.03,38.78,7850796,16432212.89,47.78
1396,RADHIKAJWE,Radhika Jeweltech Limited,Gems Jewellery And Watches,Consumer Discretionary,Consumer Durables,Consumer Durables,Gems Jewellery And Watches,1602.2,419.5867857,0.25,3.96,75.66,30901958,117999705.4,26.19
1397,RADIANTCMS,Radiant Cash Management Services Limited,Diversified Commercial Services,Services,Services,Commercial Services & Supplies,Diversified Commercial Services,857.82,279.7727143,0.17,1.72,32.86,34801930,106707301.9,32.61
1398,RADICO,Radico Khaitan Limited,Breweries & Distilleries,Fast Moving Consumer Goods,Fast Moving Consumer Goods,Beverages,Breweries & Distilleries,27020.11,15744.21105,0.06,2.01,38.4,77941639,133762920.8,58.27
1399,RADIOCITY,Music Broadcast Limited,Media & Entertainment,Consumer Discretionary,Media Entertainment & Publication,Entertainment,Media & Entertainment,546.53,141.8095122,0.28,2.71,51.77,89696086,345686274.5,25.95
1400,RAILTEL,Railtel Corporation Of India Limited,Other Telecom Services,Telecommunication,Telecommunication,Telecom - Services,Other Telecom Services,12709.16,3450.9693,0.04,3.65,69.73,87145689,320938383.8,27.15
1401,RAIN,Rain Industries Limited,Petrochemicals,Commodities,Chemicals,Chemicals & Petrochemicals,Petrochemicals,5428.62,3130.576154,0.07,2.46,47,193963826,336345724.9,57.67
1402,RAINBOW,Rainbow Childrens Medicare Limited,Hospital,Healthcare,Healthcare,Healthcare Services,Hospital,13971.48,6840.338402,0.07,2.23,42.6,49718988,101551679,48.96
1403,RAJESHEXPO,Rajesh Exports Limited,Gems Jewellery And Watches,Consumer Discretionary,Consumer Durables,Consumer Durables,Gems Jewellery And Watches,8001.54,3636.670146,0.07,2.3,43.94,134194470,295259778.6,45.45
1404,RAJMET,Rajnandini Metal Limited,Aluminium Copper & Zinc Products,Industrials,Capital Goods,Industrial Products,Aluminium Copper & Zinc Products,273.16,131.9876238,1.51,3.11,59.42,133590712,276477732.8,48.32
1405,RAJRATAN,Rajratan Global Wire Limited,Auto Components & Equipments,Consumer Discretionary,Automobile and Auto Components,Auto Components,Auto Components & Equipments,2716.25,932.2843914,0.13,2.23,42.6,17425876,50771028.04,34.32
1407,RAJSREESUG,Rajshree Sugars & Chemicals Limited,Sugar,Fast Moving Consumer Goods,Fast Moving Consumer Goods,Agricultural Food & other Products,Sugar,225.36,113.4965692,0.31,3.66,69.92,16688218,33136303.48,50.36
1409,RALLIS,Rallis India Limited,Pesticides & Agrochemicals,Commodities,Chemicals,Fertilizers & Agrochemicals,Pesticides & Agrochemicals,6104.38,2713.127632,0.06,2.3,43.94,86432865,194468939.2,44.45
1410,RAMANEWS,Shree Rama Newsprint Limited,Paper & Paper Products,Commodities,Forest Materials,Paper Forest & Jute Products,Paper & Paper Products,278.37,70.25577052,0.56,3.38,64.57,37231463,147519872.8,25.24
1411,RAMAPHO,Rama Phosphates Limited,Fertilizers,Commodities,Chemicals,Fertilizers & Agrochemicals,Fertilizers,353.86,82.84882374,0.43,2.63,50.25,4142441,17693000,23.41
1412,RAMASTEEL,Rama Steel Tubes Limited,Iron & Steel Products,Industrials,Capital Goods,Industrial Products,Iron & Steel Products,2129.3,838.5766107,0.21,3.91,74.7,612099716,1554233577,39.38
1413,RAMCOCEM,The Ramco Cements Limited,Cement & Cement Products,Commodities,Construction Materials,Cement & Cement Products,Cement & Cement Products,20203,10825.4939,0.03,1.63,31.14,126613964,236292397.7,53.58
1414,RAMCOIND,Ramco Industries Limited,Other Construction Materials,Commodities,Construction Materials,Other Construction Materials,Other Construction Materials,1937.58,868.72482,0.16,2.28,43.56,38921363,86809139.78,44.84
1415,RAMCOSYS,Ramco Systems Limited,Software Products,Information Technology,Information Technology,IT - Software,Software Products,1404.39,642.1216462,0.52,3.08,58.84,16976118,37128618.64,45.72
1416,RAMKY,Ramky Infrastructure Limited,Civil Construction,Industrials,Construction,Construction,Civil Construction,4263.28,1287.100048,0.13,3.48,66.49,20891090,69197857.49,30.19
1417,RAMRAT,Ram Ratna Wires Limited,Other Electrical Equipment,Industrials,Capital Goods,Electrical Equipment,Other Electrical Equipment,2943.6,743.1088764,0.16,2.79,53.3,11107756,44000000,25.24
1418,RANASUG,Rana Sugars Limited,Sugar,Fast Moving Consumer Goods,Fast Moving Consumer Goods,Agricultural Food & other Products,Sugar,321.57,248.7438626,0.16,2.57,49.1,118788855,153567335.2,77.35
1420,RANEHOLDIN,Rane Holdings Limited,Holding Company,Financial Services,Financial Services,Finance,Holding Company,2709.93,1333.818505,0.19,2.8,53.49,7027495,14277818.76,49.22
1421,RATEGAIN,Rategain Travel Technologies Limited,Computers - Software & Consulting,Information Technology,Information Technology,IT - Software,Computers - Software & Consulting,8667.68,4472.825078,0.07,2.41,46.04,60858903,117935641.9,51.60
1422,RATNAMANI,Ratnamani Metals & Tubes Limited,Iron & Steel Products,Industrials,Capital Goods,Industrial Products,Iron & Steel Products,24865.49,9178.79631,0.08,1.91,36.49,25873621,70092007.16,36.91
1424,RAYMOND,Raymond Limited,Residential Commercial Projects,Consumer Discretionary,Realty,Realty,Residential Commercial Projects,10611.85,5309.343377,0.31,2.75,52.54,33308302,66573713.93,50.03
1425,RBA,Restaurant Brands Asia Limited,Restaurants,Consumer Discretionary,Consumer Services,Leisure Services,Restaurants,5286.4,3848.575719,0.07,2.16,41.27,362696798,498199981.2,72.80
1427,RBLBANK,RBL Bank Limited,Private Sector Bank,Financial Services,Financial Services,Banks,Private Sector Bank,11576.35,11308.66688,0.05,2.59,49.48,593630807,607682414.7,97.69
1429,RCF,Rashtriya Chemicals and Fertilizers Limited,Fertilizers,Commodities,Chemicals,Fertilizers & Agrochemicals,Fertilizers,9085.75,2268.330503,0.05,3.25,62.09,137733348,551688019.9,24.97
1431,RECLTD,REC Limited,Financial Institution,Financial Services,Financial Services,Finance,Financial Institution,132056.18,62468.64943,0.06,3.08,58.84,1245636080,2633223928,47.30
1432,REDINGTON,Redington Limited,Trading & Distributors,Services,Services,Commercial Services & Supplies,Trading & Distributors,14532.4,11021.95717,0.07,2.05,39.17,592928999,781774167.5,75.84
1433,REDTAPE,Redtape Limited,Footwear,Consumer Discretionary,Consumer Durables,Consumer Durables,Footwear,10793.57,2893.323943,0.11,2.05,39.17,37046401,138201920.6,26.81
1436,RELAXO,Relaxo Footwears Limited,Footwear,Consumer Discretionary,Consumer Durables,Consumer Durables,Footwear,19628.81,5623.398176,0.08,1.3,24.84,71317669,248938617.6,28.65
1437,RELCHEMQ,Reliance Chemotex Industries Limited,Other Textile Products,Consumer Discretionary,Textiles,Textiles & Apparels,Other Textile Products,160.94,46.45186068,0.58,2.42,46.23,2177261,7543473.166,28.86
1439,RELIANCE,Reliance Industries Limited,Refineries & Marketing,Energy,Oil Gas & Consumable Fuels,Petroleum Products,Refineries & Marketing,1854347.39,928089.7415,0.01,1.39,26.56,3386323719,6765962674,50.05
1440,RELIGARE,Religare Enterprises Limited,Investment Company,Financial Services,Financial Services,Finance,Investment Company,8719.79,8635.14056,0.07,2.36,45.09,327088658,330295075.8,99.03
1441,RELINFRA,Reliance Infrastructure Limited,Integrated Power Utilities,Utilities,Power,Power,Integrated Power Utilities,11460.08,8072.374001,0.12,4.15,79.29,279031248,396131351.5,70.44
1442,RELTD,Ravindra Energy Limited,Trading & Distributors,Services,Services,Commercial Services & Supplies,Trading & Distributors,2121.13,318.1690879,0.9,1.94,37.06,23134523,154230349.7,15.00
1443,REMSONSIND,Remsons Industries Limited,Auto Components & Equipments,Consumer Discretionary,Automobile and Auto Components,Auto Components,Auto Components & Equipments,727.05,146.9880765,0.92,2.51,47.95,7051479,34878867.83,20.22
1444,RENUKA,Shree Renuka Sugars Limited,Sugar,Fast Moving Consumer Goods,Fast Moving Consumer Goods,Agricultural Food & other Products,Sugar,10044.34,3749.844617,0.07,2.74,52.35,794626958,2128489087,37.33
1445,REPCOHOME,Repco Home Finance Limited,Housing Finance Company,Financial Services,Financial Services,Finance,Housing Finance Company,3117.75,1960.004988,0.1,2.82,53.88,39329888,62561452.79,62.87
1446,REPL,Rudrabhishek Enterprises Limited,Real Estate related services,Consumer Discretionary,Realty,Realty,Real Estate related services,326.21,102.3047835,0.39,2.71,51.77,5438851,17342371.08,31.36
1447,REPRO,Repro India Limited,Printing & Publication,Consumer Discretionary,Media Entertainment & Publication,Printing & Publication,Printing & Publication,793.5,420.9340193,0.27,2.69,51.39,7584397,14297297.3,53.05
1448,RESPONIND,Responsive Industries Limited,Furniture Home Furnishing,Consumer Discretionary,Consumer Durables,Consumer Durables,Furniture Home Furnishing,6842.51,785.9099737,0.13,2.71,51.77,30621858,266608610.9,11.49
1450,RGL,Renaissance Global Limited,Gems Jewellery And Watches,Consumer Discretionary,Consumer Durables,Consumer Durables,Gems Jewellery And Watches,1246.25,368.6164455,0.22,3.15,60.18,28433851,96131595.19,29.58
1452,RHIM,RHI MAGNESITA INDIA LIMITED,Electrodes & Refractories,Industrials,Capital Goods,Industrial Products,Electrodes & Refractories,12182.55,3569.158698,0.09,2.07,39.55,60499342,206501398.4,29.30
1454,RICOAUTO,Rico Auto Industries Limited,Auto Components & Equipments,Consumer Discretionary,Automobile and Auto Components,Auto Components,Auto Components & Equipments,1410.89,686.2414568,0.08,3.26,62.28,65801271,135285262.2,48.64
1455,RIIL,Reliance Industrial Infrastructure Limited,Logistics Solution Provider,Services,Services,Transport Services,Logistics Solution Provider,1703.2,901.7122296,0.05,2.95,56.36,7994257,15099960.1,52.94
1456,RISHABH,Rishabh Instruments Limited,Other Electrical Equipment,Industrials,Capital Goods,Electrical Equipment,Other Electrical Equipment,1385.44,413.4833727,0.14,2.18,41.65,11406438,38219034.48,29.84
1457,RITCO,Ritco Logistics Limited,Logistics Solution Provider,Services,Services,Transport Services,Logistics Solution Provider,882.82,325.6062103,0.2,3,57.31,10446141,28322746.23,36.88
1458,RITES,RITES Limited,Civil Construction,Industrials,Construction,Construction,Civil Construction,14247.5,3960.405759,0.05,3.15,60.18,133594392,480603811.8,27.80
1461,RKFORGE,Ramkrishna Forgings Limited,Auto Components & Equipments,Consumer Discretionary,Automobile and Auto Components,Auto Components,Auto Components & Equipments,16306.01,9234.404039,0.06,2.6,49.67,102376985,180776164.1,56.63
1462,RKSWAMY,R K Swamy Limited,Advertising & Media Agencies,Consumer Discretionary,Media Entertainment & Publication,Media,Advertising & Media Agencies,1135.74,331.1368844,0.14,1.88,35.92,14717195,50477333.33,29.16
1463,RML,Rane (Madras) Limited,Auto Components & Equipments,Consumer Discretionary,Automobile and Auto Components,Auto Components,Auto Components & Equipments,1712.49,466.1942064,0.23,3.18,60.75,4427926,16265279.95,27.22
1464,ROHLTD,Royal Orchid Hotels Limited,Hotels & Resorts,Consumer Discretionary,Consumer Services,Leisure Services,Hotels & Resorts,929.3,336.5007649,0.15,2.77,52.92,9930670,27425114.36,36.21
1465,ROLEXRINGS,Rolex Rings Limited,Auto Components & Equipments,Consumer Discretionary,Automobile and Auto Components,Auto Components,Auto Components & Equipments,6260.94,2801.701077,0.12,2.31,44.13,12186608,27233318.83,44.75
1468,ROML,Raj Oil Mills Limited,Edible Oil,Fast Moving Consumer Goods,Fast Moving Consumer Goods,Agricultural Food & other Products,Edible Oil,73.77,18.44335434,1.73,3.06,58.46,3747126,14987809.83,25.00
1469,ROSSARI,Rossari Biotech Limited,Specialty Chemicals,Commodities,Chemicals,Chemicals & Petrochemicals,Specialty Chemicals,4644.3,1471.192964,0.09,1.75,33.43,17514202,55289285.71,31.68
1470,ROSSELLIND,Rossell India Limited,Aerospace & Defense,Industrials,Capital Goods,Aerospace & Defense,Aerospace & Defense,373.2,90.82598488,0.21,3.85,73.55,9174342,37696969.7,24.34
1471,ROTO,Roto Pumps Limited,Compressors Pumps & Diesel Engines,Industrials,Capital Goods,Industrial Products,Compressors Pumps & Diesel Engines,1620.63,508.1639613,0.13,2.87,54.83,9848139,31407558.14,31.36
1472,ROUTE,ROUTE MOBILE LIMITED,Other Telecom Services,Telecommunication,Telecommunication,Telecom - Services,Other Telecom Services,9563.4,1615.325887,0.05,2.15,41.08,10634840,62962670.35,16.89
1473,RPEL,Raghav Productivity Enhancers Limited,Electrodes & Refractories,Industrials,Capital Goods,Industrial Products,Electrodes & Refractories,2387.19,885.2183893,0.31,1.36,25.98,8511306,22952646.51,37.08
1474,RPGLIFE,RPG Life Sciences Limited,Pharmaceuticals,Healthcare,Healthcare,Pharmaceuticals & Biotechnology,Pharmaceuticals,4382.84,1146.094861,0.15,2.57,49.1,4324886,16539018.87,26.15
1475,RPOWER,Reliance Power Limited,Power Generation,Utilities,Power,Power,Power Generation,19442.14,13835.99856,1.12,3.51,67.06,2858677388,4016971074,71.16
1477,RPPL,Rajshree Polypack Limited,Packaging,Industrials,Capital Goods,Industrial Products,Packaging,273.87,105.0899689,0.6,3.15,60.18,28144073,73344938.4,38.37
1478,RPSGVENT,RPSG VENTURES LIMITED,Business Process Outsourcing (BPO)/ Knowledge Process Outsourcing (KPO),Services,Services,Commercial Services & Supplies,Business Process Outsourcing (BPO)/ Knowledge Process Outsourcing (KPO),3328.49,1211.125341,0.14,3.13,59.8,12039019,33086381.71,36.39
1479,RPTECH,Rashi Peripherals Limited,Computers Hardware & Equipments,Information Technology,Information Technology,IT - Hardware,Computers Hardware & Equipments,2477.17,725.1910513,0.11,2.13,40.69,19292127,65899707.37,29.27
1480,RRKABEL,R R Kabel Limited,Cables - Electricals,Industrials,Capital Goods,Industrial Products,Cables - Electricals,19830.13,5461.811911,0.07,1.75,33.43,31139179,113056613.5,27.54
1482,RSWM,RSWM Limited,Other Textile Products,Consumer Discretionary,Textiles,Textiles & Apparels,Other Textile Products,928.47,408.4091068,0.19,2.5,47.76,20718806,47101765.42,43.99
1483,RSYSTEMS,R Systems International Limited,IT Enabled Services,Information Technology,Information Technology,IT - Services,IT Enabled Services,5903.93,1112.454559,0.12,2.47,47.19,22291445,118303376.4,18.84
1484,RTNINDIA,RattanIndia Enterprises Limited,E-Retail/ E-Commerce,Consumer Discretionary,Consumer Services,Retailing,E-Retail/ E-Commerce,9599.86,2404.007121,0.07,3.2,61.14,346149333,1382269258,25.04
1485,RTNPOWER,RattanIndia Power Limited,Integrated Power Utilities,Utilities,Power,Power,Integrated Power Utilities,8264.59,4118.833437,1.38,3.34,63.81,2676305028,5370103964,49.84
1486,RUBFILA,Rubfila International Limited,Rubber,Industrials,Capital Goods,Industrial Products,Rubber,413.9,160.5205778,0.32,2.52,48.14,21046359,54267733.05,38.78
1487,RUBYMILLS,The Ruby Mills Limited,Other Textile Products,Consumer Discretionary,Textiles,Textiles & Apparels,Other Textile Products,859.41,215.0041152,0.28,2.91,55.6,8365919,33440077.82,25.02
1489,RUCHIRA,Ruchira Papers Limited,Paper & Paper Products,Commodities,Forest Materials,Paper Forest & Jute Products,Paper & Paper Products,372.32,116.1503603,0.2,2.29,43.75,9310650,29845290.58,31.20
1490,RUPA,Rupa & Company Limited,Garments & Apparels,Consumer Discretionary,Textiles,Textiles & Apparels,Garments & Apparels,2176.98,580.4908279,0.11,2.35,44.9,21205144,79524383.56,26.66
1491,RUSHIL,Rushil Decor Limited,Plywood Boards/ Laminates,Consumer Discretionary,Consumer Durables,Consumer Durables,Plywood Boards/ Laminates,894.95,382.9639453,0.17,3.11,59.42,117042771,273517726.2,42.79
1492,RUSTOMJEE,Keystone Realtors Limited,Residential Commercial Projects,Consumer Discretionary,Realty,Realty,Residential Commercial Projects,8581.35,1857.416734,0.18,2.07,39.55,27274842,126011013.2,21.64
1494,RVNL,Rail Vikas Nigam Limited,Civil Construction,Industrials,Construction,Construction,Civil Construction,93825.9,25481.8021,0.04,3.79,72.41,566262269,2085020000,27.16
1498,SADBHAV,Sadbhav Engineering Limited,Civil Construction,Industrials,Construction,Construction,Civil Construction,571.85,364.7161827,1.27,3.73,71.26,109425797,171572157.2,63.78
1500,SADHNANIQ,Sadhana Nitrochem Limited,Commodity Chemicals,Commodities,Chemicals,Chemicals & Petrochemicals,Commodity Chemicals,1775.53,612.830162,0.2,3.01,57.51,113697618,329411873.8,34.52
1501,SAFARI,Safari Industries (India) Limited,Plastic Products - Consumer,Consumer Discretionary,Consumer Durables,Consumer Durables,Plastic Products - Consumer,11794.93,4867.379503,0.09,2.22,42.41,20171904,48881783.71,41.27
1503,SAGCEM,Sagar Cements Limited,Cement & Cement Products,Commodities,Construction Materials,Cement & Cement Products,Cement & Cement Products,2953.99,624.7837786,0.15,2.4,45.85,27645300,130707522.1,21.15
1504,SAH,Sah Polymers Limited,Packaging,Industrials,Capital Goods,Industrial Products,Packaging,217.72,86.08796928,0.56,2.98,56.93,10199996,25796208.53,39.54
1505,SAHYADRI,Sahyadri Industries Limited,Other Construction Materials,Commodities,Construction Materials,Other Construction Materials,Other Construction Materials,372.17,103.9430436,0.42,2.28,43.56,3057148,10946176.47,27.93
1506,SAIL,Steel Authority of India Limited,Iron & Steel,Commodities,Metals & Mining,Ferrous Metals,Iron & Steel,54510.54,19025.10592,0.04,2.87,54.83,1441623545,4130525119,34.90
1507,SAKAR,Sakar Healthcare Limited,Pharmaceuticals,Healthcare,Healthcare,Pharmaceuticals & Biotechnology,Pharmaceuticals,687.51,309.4262832,0.31,2.76,52.73,9788873,21749762.73,45.01
1508,SAKHTISUG,Sakthi Sugars Limited,Sugar,Fast Moving Consumer Goods,Fast Moving Consumer Goods,Agricultural Food & other Products,Sugar,461.37,185.2938988,0.19,3.4,64.96,47731556,118848531.7,40.16
1509,SAKSOFT,Saksoft Limited,Computers - Software & Consulting,Information Technology,Information Technology,IT - Software,Computers - Software & Consulting,3140.14,865.9593032,0.31,3.09,59.03,36553791,132551287.5,27.58
1511,SALASAR,Salasar Techno Engineering Limited,Industrial Products,Industrials,Capital Goods,Industrial Manufacturing,Industrial Products,3106.46,1119.953296,0.25,3.32,63.43,622542132,1726770428,36.05
1512,SALONA,Salona Cotspin Limited,Other Textile Products,Consumer Discretionary,Textiles,Textiles & Apparels,Other Textile Products,147.35,45.00248713,0.92,2.58,49.29,1607232,5262500,30.54
1513,SALSTEEL,S.A.L. Steel Limited,Sponge Iron,Commodities,Metals & Mining,Ferrous Metals,Sponge Iron,222.61,110.0588551,0.84,3.29,62.86,42007197,84965648.85,49.44
1514,SALZERELEC,Salzer Electronics Limited,Other Electrical Equipment,Industrials,Capital Goods,Electrical Equipment,Other Electrical Equipment,1648.03,1011.200563,0.23,3.13,59.8,10849791,17682725.32,61.36
1515,SAMBHAAV,Sambhaav Media Limited,Electronic Media,Consumer Discretionary,Media Entertainment & Publication,Media,Electronic Media,107.4,39.8103675,2.47,3.45,65.91,70836953,191103202.8,37.07
1516,SAMHI,Samhi Hotels Limited,Hotels & Resorts,Consumer Discretionary,Consumer Services,Leisure Services,Hotels & Resorts,4178.8,2944.603645,0.08,1.95,37.25,155060750,220052659.3,70.47
1517,SAMMAANCAP,Sammaan Capital Limited,Housing Finance Company,Financial Services,Financial Services,Finance,Housing Finance Company,10775.19,9947.50299,0.05,2.89,55.21,673493770,729532159.8,92.32
1520,SANDESH,The Sandesh Limited,Print Media,Consumer Discretionary,Media Entertainment & Publication,Media,Print Media,1286.8,315.0154583,0.27,2.73,52.16,1853032,7569411.765,24.48
1521,SANDHAR,Sandhar Technologies Limited,Auto Components & Equipments,Consumer Discretionary,Automobile and Auto Components,Auto Components,Auto Components & Equipments,3399.27,1006.863843,0.1,2.42,46.23,17828488,60190703.85,29.62
1522,SANDUMA,Sandur Manganese & Iron Ores Limited,Coal,Energy,Oil Gas & Consumable Fuels,Consumable Fuels,Coal,7332.08,1884.183497,0.39,2.76,52.73,41639414,162034917.1,25.70
1523,SANGAMIND,Sangam (India) Limited,Other Textile Products,Consumer Discretionary,Textiles,Textiles & Apparels,Other Textile Products,2075.18,330.510228,0.25,3.25,62.09,8002669,50246489.1,15.93
1524,SANGHIIND,Sanghi Industries Limited,Cement & Cement Products,Commodities,Construction Materials,Cement & Cement Products,Cement & Cement Products,2092.44,523.1122424,0.17,2.7,51.58,64581758,258325925.9,25.00
1525,SANGHVIMOV,Sanghvi Movers Limited,Construction Vehicles,Industrials,Capital Goods,Agricultural Commercial & Construction Vehicles,Construction Vehicles,3134.05,1647.9374,0.09,3.37,64.38,45523133,86575966.85,52.58
1526,SANGINITA,Sanginita Chemicals Limited,Specialty Chemicals,Commodities,Chemicals,Chemicals & Petrochemicals,Specialty Chemicals,39.6,22.38039611,2.17,3.16,60.37,14637277,25899280.58,56.52
1527,SANOFI,Sanofi India Limited,Pharmaceuticals,Healthcare,Healthcare,Pharmaceuticals & Biotechnology,Pharmaceuticals,15454.7,6091.93321,0.19,0.95,18.15,9078211,23030623.65,39.42
1528,SANSERA,Sansera Engineering Limited,Auto Components & Equipments,Consumer Discretionary,Automobile and Auto Components,Auto Components,Auto Components & Equipments,8342.2,5390.671939,0.07,1.75,33.43,34893339,53998317.04,64.62
1529,SANSTAR,Sanstar Limited,Other Agricultural Products,Fast Moving Consumer Goods,Fast Moving Consumer Goods,Agricultural Food & other Products,Other Agricultural Products,2230.31,460.027197,0.09,1.52,29.04,37590063,182244647.8,20.63
1531,SAPPHIRE,Sapphire Foods India Limited,Restaurants,Consumer Discretionary,Consumer Services,Leisure Services,Restaurants,11140.62,7588.846431,0.07,1.81,34.58,217788676,319719328.5,68.12
1532,SARDAEN,Sarda Energy & Minerals Limited,Iron & Steel,Commodities,Metals & Mining,Ferrous Metals,Iron & Steel,16061.54,4261.318846,0.1,3.03,57.89,93490980,352381307.6,26.53
1533,SAREGAMA,Saregama India Limited,Media & Entertainment,Consumer Discretionary,Media Entertainment & Publication,Entertainment,Media & Entertainment,11236.94,4423.12812,0.08,2.79,53.3,75894443,192809540.2,39.36
1535,SARVESHWAR,Sarveshwar Foods Limited,Other Agricultural Products,Fast Moving Consumer Goods,Fast Moving Consumer Goods,Agricultural Food & other Products,Other Agricultural Products,935.75,421.9175875,0.86,3.22,61.52,441336389,978817991.6,45.09
1536,SASKEN,Sasken Technologies Limited,IT Enabled Services,Information Technology,Information Technology,IT - Services,IT Enabled Services,2220.63,1233.872035,0.16,2.55,48.72,8393687,15106326.53,55.56
1537,SASTASUNDR,Sastasundar Ventures Limited,Healthcare Service Provider,Healthcare,Healthcare,Healthcare Services,Healthcare Service Provider,927.59,229.0165099,0.27,2.84,54.26,7853790,31810356.65,24.69
1538,SATIA,Satia Industries Limited,Paper & Paper Products,Commodities,Forest Materials,Paper Forest & Jute Products,Paper & Paper Products,1117.2,358.766436,0.12,2.19,41.84,32113000,100000000,32.11
1539,SATIN,Satin Creditcare Network Limited,Microfinance Institutions,Financial Services,Financial Services,Finance,Microfinance Institutions,1955.45,1019.794708,0.09,2.49,47.57,57612265,110471159.8,52.15
1540,SATINDLTD,Sat Industries Limited,Iron & Steel Products,Industrials,Capital Goods,Industrial Products,Iron & Steel Products,1328.64,643.2576286,0.12,2.97,56.74,54749990,113085369,48.41
1541,SAURASHCEM,Saurashtra Cement Limited,Cement & Cement Products,Commodities,Construction Materials,Cement & Cement Products,Cement & Cement Products,1215.77,389.1202618,0.21,2.9,55.4,35536097,111029223.7,32.01
1542,SBC,SBC Exports Limited,Garments & Apparels,Consumer Discretionary,Textiles,Textiles & Apparels,Garments & Apparels,988.89,357.4078204,0.15,3.08,58.84,114737663,317460674.2,36.14
1543,SBCL,Shivalik Bimetal Controls Limited,Iron & Steel Products,Industrials,Capital Goods,Industrial Products,Iron & Steel Products,3669.39,1752.235293,0.11,2.6,49.67,27507618,57604238.62,47.75
1544,SBFC,SBFC Finance Limited,Non Banking Financial Company (NBFC),Financial Services,Financial Services,Finance,Non Banking Financial Company (NBFC),9350.16,2829.359456,0.09,2.19,41.84,325775412,1076587219,30.26
1545,SBGLP,Suratwwala Business Group Limited,Residential Commercial Projects,Consumer Discretionary,Realty,Realty,Residential Commercial Projects,2157.99,574.1645633,0.16,2.78,53.11,46139872,173416104.1,26.61
1546,SBICARD,SBI Cards and Payment Services Limited,Non Banking Financial Company (NBFC),Financial Services,Financial Services,Finance,Non Banking Financial Company (NBFC),69466.33,21795.82491,0.04,1.4,26.75,298470728,951267785,31.38
1547,SBILIFE,SBI Life Insurance Company Limited,Life Insurance,Financial Services,Financial Services,Insurance,Life Insurance,179048.82,79820.50119,0.04,1.49,28.47,446660704,1001923953,44.58
1548,SBIN,State Bank of India,Public Sector Bank,Financial Services,Financial Services,Banks,Public Sector Bank,690765.59,297370.4422,0.03,1.76,33.62,3841995377,8924620026,43.05
1549,SCHAEFFLER,Schaeffler India Limited,Auto Components & Equipments,Consumer Discretionary,Automobile and Auto Components,Auto Components,Auto Components & Equipments,58692.03,15083.67514,0.04,2.04,38.97,40169574,156303675.1,25.70
1550,SCHAND,S Chand And Company Limited,Printing & Publication,Consumer Discretionary,Media Entertainment & Publication,Printing & Publication,Printing & Publication,725.51,355.7793517,0.23,2.65,50.63,17270004,35217222.46,49.04
1551,SCHNEIDER,Schneider Electric Infrastructure Limited,Heavy Electrical Equipment,Industrials,Capital Goods,Electrical Equipment,Heavy Electrical Equipment,17942.37,4376.466222,0.91,3.05,58.27,58321778,239104077.8,24.39
1552,SCI,Shipping Corporation Of India Limited,Shipping,Services,Services,Transport Services,Shipping,10892.71,3943.629352,0.1,3.4,64.96,168639271,465799016.5,36.20
1553,SCILAL,Shipping Corporation of India Land and Assets Limited,Investment Company,Financial Services,Financial Services,Finance,Investment Company,3018.38,1092.785494,0.55,2.76,52.73,168639737,465799382.7,36.20
1554,SCPL,Sheetal Cool Products Limited,Dairy Products,Fast Moving Consumer Goods,Fast Moving Consumer Goods,Food Products,Dairy Products,361.41,124.3456404,0.3,3.24,61.9,3612599,10500000,34.41
1555,SDBL,Som Distilleries & Breweries Limited,Breweries & Distilleries,Fast Moving Consumer Goods,Fast Moving Consumer Goods,Beverages,Breweries & Distilleries,2085.03,1347.0002,0.07,2.88,55.02,125185892,193776022.3,64.60
1556,SEAMECLTD,Seamec Limited,Shipping,Services,Services,Transport Services,Shipping,3343.39,886.2216945,0.31,2.73,52.16,6739328,25425019.01,26.51
1557,SECMARK,SecMark Consultancy Limited,Computers - Software & Consulting,Information Technology,Information Technology,IT - Software,Computers - Software & Consulting,89.31,22.3405131,3.52,2.93,55.98,2597130,10382469.19,25.01
1559,SECURKLOUD,SECUREKLOUD TECHNOLOGIES LIMITED,IT Enabled Services,Information Technology,Information Technology,IT - Services,IT Enabled Services,97.56,55.10286528,3.08,3.03,57.89,18870844,33410958.9,56.48
1560,SEJALLTD,Sejal Glass Limited,Glass - Industrial,Industrials,Capital Goods,Industrial Products,Glass - Industrial,465.71,116.42775,1.63,2.55,48.72,2525000,10099978.31,25.00
1561,SELAN,Selan Exploration Technology Limited,Oil Exploration & Production,Energy,Oil Gas & Consumable Fuels,Oil,Oil Exploration & Production,1269.2,866.9765588,0.2,3.64,69.54,10382953,15200000,68.31
1564,SENCO,Senco Gold Limited,Gems Jewellery And Watches,Consumer Discretionary,Consumer Durables,Consumer Durables,Gems Jewellery And Watches,10694.61,3372.887127,0.08,2.42,46.23,24512261,77722456.4,31.54
1565,SEPC,SEPC Limited,Civil Construction,Industrials,Construction,Construction,Civil Construction,4049.88,2675.349965,0.33,4.04,77.18,1032953655,1563660232,66.06
1566,SEQUENT,Sequent Scientific Limited,Pharmaceuticals,Healthcare,Healthcare,Pharmaceuticals & Biotechnology,Pharmaceuticals,4941.72,2324.784404,0.09,3.27,62.47,117413354,249581818.2,47.04
1567,SERVOTECH,Servotech Power Systems Limited,Other Electrical Equipment,Industrials,Capital Goods,Electrical Equipment,Other Electrical Equipment,3798.96,1428.738648,0.7,3.38,64.57,83831406,222904418.2,37.61
1568,SESHAPAPER,Seshasayee Paper and Boards Limited,Paper & Paper Products,Commodities,Forest Materials,Paper Forest & Jute Products,Paper & Paper Products,2049.71,755.3936014,0.17,2.21,42.22,23242880,63068000,36.85
1571,SFL,Sheela Foam Limited,Furniture Home Furnishing,Consumer Discretionary,Consumer Durables,Consumer Durables,Furniture Home Furnishing,9489.28,3275.774635,0.09,1.61,30.76,37523192,108697365.4,34.52
1572,SGIL,Synergy Green Industries Limited,Castings & Forgings,Industrials,Capital Goods,Industrial Products,Castings & Forgings,621.72,161.5247212,0.29,2.93,55.98,4038118,15543000,25.98
1576,SHAILY,Shaily Engineering Plastics Limited,Plastic Products - Industrial,Industrials,Capital Goods,Industrial Products,Plastic Products - Industrial,4247.56,2384.024182,0.12,2.86,54.64,25744011,45867501.75,56.13
1578,SHALBY,Shalby Limited,Hospital,Healthcare,Healthcare,Healthcare Services,Hospital,2791.51,699.3492535,0.12,2.56,48.91,27059364,108009673.1,25.05
1579,SHALPAINTS,Shalimar Paints Limited,Paints,Consumer Discretionary,Consumer Durables,Consumer Durables,Paints,1079.87,229.7129988,0.19,2.53,48.34,17807209,83710852.71,21.27
1580,SHANKARA,Shankara Building Products Limited,Speciality Retail,Consumer Discretionary,Consumer Services,Retailing,Speciality Retail,1197.31,532.4798859,0.11,2.12,40.5,10784403,24249316.46,44.47
1581,SHANTI,Shanti Overseas (India) Limited,Edible Oil,Fast Moving Consumer Goods,Fast Moving Consumer Goods,Agricultural Food & other Products,Edible Oil,20.09,9.626103055,3.06,3.44,65.72,5321229,11105583.2,47.91
1582,SHANTIGEAR,Shanthi Gears Limited,Industrial Products,Industrials,Capital Goods,Industrial Manufacturing,Industrial Products,4449.52,1290.752205,0.14,2.42,46.23,22254348,76715862.07,29.01
1583,SHARDACROP,Sharda Cropchem Limited,Pesticides & Agrochemicals,Commodities,Chemicals,Fertilizers & Agrochemicals,Pesticides & Agrochemicals,4936.87,1243.018803,0.09,2.46,47,22715987,90220577.49,25.18
1584,SHARDAMOTR,Sharda Motor Industries Limited,Auto Components & Equipments,Consumer Discretionary,Automobile and Auto Components,Auto Components,Auto Components & Equipments,6461.52,2298.441749,0.1,2.94,56.17,10210305,28703833.68,35.57
1585,SHAREINDIA,Share India Securities Limited,Stockbroking & Allied,Financial Services,Financial Services,Capital Markets,Stockbroking & Allied,6328.89,2135.676154,0.06,2.17,41.46,71908288,213093939.4,33.74
1587,SHEMAROO,Shemaroo Entertainment Limited,Media & Entertainment,Consumer Discretionary,Media Entertainment & Publication,Entertainment,Media & Entertainment,472.03,162.0317981,0.26,3.78,72.22,9368708,27292859.21,34.33
1588,SHILPAMED,Shilpa Medicare Limited,Pharmaceuticals,Healthcare,Healthcare,Pharmaceuticals & Biotechnology,Pharmaceuticals,7483.94,4137.510196,0.09,2.96,56.55,54063899,97790931.66,55.29
1589,SHIVALIK,Shivalik Rasayan Limited,Pesticides & Agrochemicals,Commodities,Chemicals,Fertilizers & Agrochemicals,Pesticides & Agrochemicals,896.9,416.6815412,0.27,2.98,56.93,7229034,15560374.74,46.46
1591,SHIVAMILLS,Shiva Mills Limited,Other Textile Products,Consumer Discretionary,Textiles,Textiles & Apparels,Other Textile Products,74.32,18.6266342,0.73,3.46,66.1,2165888,8641860.465,25.06
1592,SHIVATEX,Shiva Texyarn Limited,Other Textile Products,Consumer Discretionary,Textiles,Textiles & Apparels,Other Textile Products,263.14,64.84582142,0.89,3.29,62.86,3194375,12962561.58,24.64
1593,SHK,S H Kelkar and Company Limited,Specialty Chemicals,Commodities,Chemicals,Chemicals & Petrochemicals,Specialty Chemicals,4065.42,1262.336969,0.1,3.04,58.08,42980489,138420837.6,31.05
1594,SHOPERSTOP,Shoppers Stop Limited,Diversified Retail,Consumer Discretionary,Consumer Services,Retailing,Diversified Retail,8250.01,2791.672787,0.13,2.39,45.66,37214861,109978137.7,33.84
1596,SHREDIGCEM,Shree Digvijay Cement Co.Ltd,Cement & Cement Products,Commodities,Construction Materials,Cement & Cement Products,Cement & Cement Products,1334.03,589.357704,0.09,1.99,38.02,65122398,147406629.8,44.18
1597,SHREECEM,SHREE CEMENT LIMITED,Cement & Cement Products,Commodities,Construction Materials,Cement & Cement Products,Cement & Cement Products,91266.25,33963.18418,0.03,1.48,28.28,13426837,36080747.18,37.21
1601,SHREYANIND,Shreyans Industries Limited,Paper & Paper Products,Commodities,Forest Materials,Paper Forest & Jute Products,Paper & Paper Products,349.98,162.3101666,0.33,2.82,53.88,6411620,13825004.94,46.38
1602,SHREYAS,Shreyas Shipping & Logistics Limited,Shipping,Services,Services,Transport Services,Shipping,688.37,195.613722,0.2,3.43,65.53,6239672,21957575.76,28.42
1603,SHRIPISTON,Shriram Pistons & Rings Limited,Auto Components & Equipments,Consumer Discretionary,Automobile and Auto Components,Auto Components,Auto Components & Equipments,8655.79,2758.202239,0.07,2.69,51.39,14036653,44049821.88,31.87
1604,SHRIRAMFIN,Shriram Finance Limited,Non Banking Financial Company (NBFC),Financial Services,Financial Services,Finance,Non Banking Financial Company (NBFC),124414.85,92351.52387,0.04,2.17,41.46,279091943,375989271.7,74.23
1605,SHRIRAMPPS,Shriram Properties Limited,Residential Commercial Projects,Consumer Discretionary,Realty,Realty,Residential Commercial Projects,1967.24,1151.41696,0.08,3.08,58.84,99707045,170353307.9,58.53
1606,SHYAMCENT,Shyam Century Ferrous Limited,Ferro & Silica Manganese,Commodities,Metals & Mining,Ferrous Metals,Ferro & Silica Manganese,355.39,123.254499,0.82,2.78,53.11,73584776,212173134.3,34.68
1607,SHYAMMETL,Shyam Metalics and Energy Limited,Iron & Steel Products,Industrials,Capital Goods,Industrial Products,Iron & Steel Products,25093.95,6278.532281,0.06,2.4,45.85,69839069,279131813.1,25.02
1609,SIEMENS,Siemens Limited,Heavy Electrical Equipment,Industrials,Capital Goods,Electrical Equipment,Heavy Electrical Equipment,249248.74,61717.72711,0.03,1.92,36.68,88180779,356120502.9,24.76
1610,SIGACHI,Sigachi Industries Limited,Pharmaceuticals,Healthcare,Healthcare,Pharmaceuticals & Biotechnology,Pharmaceuticals,1686.92,827.5686046,0.1,3.09,59.03,161005565,328194552.5,49.06
1611,SIGIND,Signet Industries Limited,Trading & Distributors,Services,Services,Commercial Services & Supplies,Trading & Distributors,202.76,55.61864577,0.52,3.4,64.96,8074716,29436701.51,27.43
1612,SIGMA,Sigma Solve Limited,IT Enabled Services,Information Technology,Information Technology,IT - Services,IT Enabled Services,369.84,99.04867505,0.48,2.35,44.9,2752499,10277615.67,26.78
1613,SIGNATURE,Signatureglobal (India) Limited,Residential Commercial Projects,Consumer Discretionary,Realty,Realty,Residential Commercial Projects,21427.88,5960.614912,0.07,2.11,40.31,39085999,140510688.5,27.82
1614,SIGNPOST,Signpost India Limited,Advertising & Media Agencies,Consumer Discretionary,Media Entertainment & Publication,Media,Advertising & Media Agencies,1258.75,287.2172283,0.31,2.92,55.79,12196061,53450106.16,22.82
1615,SIKKO,Sikko Industries Limited,Pesticides & Agrochemicals,Commodities,Chemicals,Fertilizers & Agrochemicals,Pesticides & Agrochemicals,154.9,44.2071635,1.07,3.45,65.91,4794703,16800433.84,28.54
1617,SILGO,Silgo Retail Limited,Gems Jewellery And Watches,Consumer Discretionary,Consumer Durables,Consumer Durables,Gems Jewellery And Watches,76.76,23.08033266,1.13,3.87,73.94,5561526,18496385.54,30.07
1618,SILINV,SIL Investments Limited,Investment Company,Financial Services,Financial Services,Finance,Investment Company,593.37,155.997676,0.33,2.65,50.63,2785673,10595892.86,26.29
1620,SILVERTUC,Silver Touch Technologies Limited,IT Enabled Services,Information Technology,Information Technology,IT - Services,IT Enabled Services,924.89,237.0415837,0.27,1.94,37.06,3250039,12681017.34,25.63
1623,SINCLAIR,Sinclairs Hotels Limited,Hotels & Resorts,Consumer Discretionary,Consumer Services,Leisure Services,Hotels & Resorts,492.61,181.0814435,0.3,1.35,25.79,18843022,51260145.68,36.76
1624,SINDHUTRAD,Sindhu Trade Links Limited,Diversified,Diversified,Diversified,Diversified,Diversified,3114.7,779.6458191,0.8,3.59,68.59,385963277,1541930693,25.03
1625,SINTERCOM,Sintercom India Limited,Auto Components & Equipments,Consumer Discretionary,Automobile and Auto Components,Auto Components,Auto Components & Equipments,451.46,135.3628454,0.56,1.73,33.05,8253832,27528048.78,29.98
1626,SIRCA,Sirca Paints India Limited,Paints,Consumer Discretionary,Consumer Durables,Consumer Durables,Paints,1759.36,503.545376,0.12,1.95,37.25,15686772,54808722.74,28.62
1627,SIS,SIS LIMITED,Diversified Commercial Services,Services,Services,Commercial Services & Supplies,Diversified Commercial Services,5749.58,1608.900008,0.13,1.81,34.58,40338473,144153942.6,27.98
1629,SIYSIL,Siyaram Silk Mills Limited,Other Textile Products,Consumer Discretionary,Textiles,Textiles & Apparels,Other Textile Products,2207.25,699.2825945,0.15,2.01,38.4,14373743,45369989.72,31.68
1630,SJS,S.J.S. Enterprises Limited,Auto Components & Equipments,Consumer Discretionary,Automobile and Auto Components,Auto Components,Auto Components & Equipments,2809.09,2196.567217,0.1,2.47,47.19,24270120,31037953.7,78.19
1631,SJVN,SJVN Limited,Power Generation,Utilities,Power,Power,Power Generation,46568.07,8452.757171,0.05,3.33,63.62,713312841,3929794937,18.15
1632,SKFINDIA,SKF India Limited,Abrasives & Bearings,Industrials,Capital Goods,Industrial Products,Abrasives & Bearings,25697.36,12070.87174,0.06,1.8,34.39,23222593,49437965.33,46.97
1633,SKIPPER,Skipper Limited,Heavy Electrical Equipment,Industrials,Capital Goods,Electrical Equipment,Heavy Electrical Equipment,4616.57,1297.458198,0.09,3.78,72.22,28854847,102670299.1,28.10
1634,SKMEGGPROD,SKM Egg Products Export (India) Limited,Meat Products including Poultry,Fast Moving Consumer Goods,Fast Moving Consumer Goods,Food Products,Meat Products including Poultry,620.73,269.096899,0.37,3.29,62.86,11414503,26330010.6,43.35
1636,SMARTLINK,Smartlink Holdings Limited,Computers Hardware & Equipments,Information Technology,Information Technology,IT - Hardware,Computers Hardware & Equipments,246.93,66.41681776,1.98,3.34,63.81,2682966,9974954.555,26.90
1637,SMCGLOBAL,SMC Global Securities Limited,Stockbroking & Allied,Financial Services,Financial Services,Capital Markets,Stockbroking & Allied,1522.13,493.283826,0.12,2.39,45.66,33930652,104700096.3,32.41
1638,SMLISUZU,SML Isuzu Limited,Commercial Vehicles,Industrials,Capital Goods,Agricultural Commercial & Construction Vehicles,Commercial Vehicles,2621.83,1032.085256,0.14,3.07,58.65,5696778,14471656.46,39.37
1639,SMLT,Sarthak Metals Limited,Iron & Steel Products,Industrials,Capital Goods,Industrial Products,Iron & Steel Products,233.2,60.24848365,0.61,3.25,62.09,3536747,13689462.87,25.84
1641,SMSPHARMA,SMS Pharmaceuticals Limited,Pharmaceuticals,Healthcare,Healthcare,Pharmaceuticals & Biotechnology,Pharmaceuticals,2864.62,989.8195002,0.11,3.21,61.33,29249985,84651891.25,34.55
1642,SNOWMAN,Snowman Logistics Limited,Logistics Solution Provider,Services,Services,Transport Services,Logistics Solution Provider,1253.16,667.3440217,0.09,2.91,55.6,88979203,167088000,53.25
1643,SOBHA,Sobha Limited,Residential Commercial Projects,Consumer Discretionary,Realty,Realty,Residential Commercial Projects,18664.51,7038.854681,0.06,2.98,56.93,40334965,106953813.5,37.71
1644,SOFTTECH,Softtech Engineers Limited,Computers - Software & Consulting,Information Technology,Information Technology,IT - Software,Computers - Software & Consulting,439.7,258.6277237,1.02,2.85,54.45,7540167,12819241.98,58.82
1646,SOLARINDS,Solar Industries India Limited,Explosives,Commodities,Chemicals,Chemicals & Petrochemicals,Explosives,97412.54,26151.85868,0.04,2.46,47,24293413,90490051.09,26.85
1647,SOMANYCERA,Somany Ceramics Limited,Ceramics,Consumer Discretionary,Consumer Durables,Consumer Durables,Ceramics,2890.76,1286.255984,0.15,2.29,43.75,18244766,41003687.94,44.50
1648,SOMATEX,Soma Textiles & Industries Limited,Other Textile Products,Consumer Discretionary,Textiles,Textiles & Apparels,Other Textile Products,125.53,31.40683166,1.58,3.2,61.14,8264956,33034210.53,25.02
1650,SONACOMS,Sona BLW Precision Forgings Limited,Auto Components & Equipments,Consumer Discretionary,Automobile and Auto Components,Auto Components,Auto Components & Equipments,42055.86,30241.10964,0.04,2.1,40.12,446725898,621255041,71.91
1652,SONATSOFTW,Sonata Software Limited,Computers - Software & Consulting,Information Technology,Information Technology,IT - Software,Computers - Software & Consulting,16685.28,11551.21696,0.06,2.69,51.39,194138100,280424873.9,69.23
1653,SOTL,Savita Oil Technologies Limited,Lubricants,Energy,Oil Gas & Consumable Fuels,Petroleum Products,Lubricants,3574.56,1095.59686,0.09,2.6,49.67,21179139,69100328.63,30.65
1654,SOUTHBANK,The South Indian Bank Limited,Private Sector Bank,Financial Services,Financial Services,Banks,Private Sector Bank,6072.38,6043.737495,0.07,2.52,48.14,2603936878,2616277467,99.53
1656,SPAL,S. P. Apparels Limited,Garments & Apparels,Consumer Discretionary,Textiles,Textiles & Apparels,Garments & Apparels,2198.11,835.0296859,0.19,3.24,61.9,9532302,25092579.91,37.99
1657,SPANDANA,Spandana Sphoorty Financial Limited,Microfinance Institutions,Financial Services,Financial Services,Finance,Microfinance Institutions,3853.33,1363.450721,0.08,2.34,44.71,25230398,71305144.34,35.38
1658,SPARC,Sun Pharma Advanced Research Company Limited,Pharmaceuticals,Healthcare,Healthcare,Pharmaceuticals & Biotechnology,Pharmaceuticals,6506.54,1990.793226,0.82,2.77,52.92,99286481,324499526.2,30.60
1659,SPCENET,Spacenet Enterprises India Limited,Trading & Distributors,Services,Services,Commercial Services & Supplies,Trading & Distributors,1228.92,726.2173197,0.21,3.56,68.01,330098782,558600000,59.09
1660,SPECIALITY,Speciality Restaurants Limited,Restaurants,Consumer Discretionary,Consumer Services,Leisure Services,Restaurants,783.99,389.3366043,0.24,2.52,48.14,23885681,48097546.01,49.66
1661,SPENCERS,Spencer's Retail Limited,Diversified Retail,Consumer Discretionary,Consumer Services,Retailing,Diversified Retail,846.61,346.634289,0.17,3.3,63.05,36903470,90132013.2,40.94
1662,SPIC,Southern Petrochemicals Industries Corporation  Limited,Fertilizers,Commodities,Chemicals,Fertilizers & Agrochemicals,Fertilizers,1649.49,786.8612488,0.09,2.83,54.07,97143364,203640740.7,47.70
1663,SPLIL,SPL Industries Limited,Trading - Textile Products,Consumer Discretionary,Textiles,Textiles & Apparels,Trading - Textile Products,161.53,50.18463191,0.5,2.61,49.86,9009808,29000000,31.07
1664,SPLPETRO,Supreme Petrochem Limited,Petrochemicals,Commodities,Chemicals,Chemicals & Petrochemicals,Petrochemicals,14640.9,4919.356667,0.11,2.15,41.08,63182079,188041356.3,33.60
1666,SPORTKING,Sportking India Limited,Other Textile Products,Consumer Discretionary,Textiles,Textiles & Apparels,Other Textile Products,1386.86,355.1258941,0.2,2.75,52.54,32538565,127071651.1,25.61
1667,SREEL,Sreeleathers Limited,Footwear,Consumer Discretionary,Consumer Durables,Consumer Durables,Footwear,618.24,152.5850503,0.35,2.56,48.91,5714796,23155056.18,24.68
1668,SRF,SRF Limited,Specialty Chemicals,Commodities,Chemicals,Chemicals & Petrochemicals,Specialty Chemicals,68269.6,33346.76471,0.03,1.59,30.38,144790781,296424818.7,48.85
1669,SRGHFL,SRG Housing Finance Limited,Housing Finance Company,Financial Services,Financial Services,Finance,Housing Finance Company,433.42,122.9874166,0.65,2.46,47,3830787,13500077.87,28.38
1670,SRHHYPOLTD,Sree Rayalaseema Hi-Strength Hypo Limited,Commodity Chemicals,Commodities,Chemicals,Chemicals & Petrochemicals,Commodity Chemicals,1315.68,417.0611534,0.2,2.99,57.12,5441111,17164774.95,31.70
1672,SRPL,Shree Ram Proteins Limited,Edible Oil,Fast Moving Consumer Goods,Fast Moving Consumer Goods,Agricultural Food & other Products,Edible Oil,47.98,46.061568,2.69,3.28,62.66,411264000,428392857.1,96.00
1673,SSWL,Steel Strips Wheels Limited,Auto Components & Equipments,Consumer Discretionary,Automobile and Auto Components,Auto Components,Auto Components & Equipments,3232.74,810.1838596,0.11,2.22,42.41,39329314,156929126.2,25.06
1674,STANLEY,Stanley Lifestyles Limited,Furniture Home Furnishing,Consumer Discretionary,Consumer Durables,Consumer Durables,Furniture Home Furnishing,2594.28,463.5284338,0.08,1.4,26.75,10187438,57017142.86,17.87
1675,STAR,Strides Pharma Science Limited,Pharmaceuticals,Healthcare,Healthcare,Pharmaceuticals & Biotechnology,Pharmaceuticals,12916.45,9553.484875,0.06,2.41,46.04,68015698,91958208.74,73.96
1676,STARCEMENT,Star Cement Limited,Cement & Cement Products,Commodities,Construction Materials,Cement & Cement Products,Cement & Cement Products,8691.94,1731.825807,0.1,2.22,42.41,82174416,412428944.2,19.92
1677,STARHEALTH,Star Health and Allied Insurance Company Limited,General Insurance,Financial Services,Financial Services,Insurance,General Insurance,33614.75,12272.97944,0.05,1.56,29.8,214525073,587567732.9,36.51
1678,STARPAPER,Star Paper Mills Limited,Paper & Paper Products,Commodities,Forest Materials,Paper Forest & Jute Products,Paper & Paper Products,337.45,169.4912684,0.25,2.08,39.74,7839559,15608233.12,50.23
1680,STCINDIA,The State Trading Corporation of India Limited,Trading & Distributors,Services,Services,Commercial Services & Supplies,Trading & Distributors,900,89.3214,0.23,3.78,72.22,5954760,60000000,9.92
1681,STEELCAS,Steelcast Limited,Castings & Forgings,Industrials,Capital Goods,Industrial Products,Castings & Forgings,1538.24,825.3272896,0.24,2.28,43.56,10859570,20240000,53.65
1682,STEELCITY,Steel City Securities Limited,Stockbroking & Allied,Financial Services,Financial Services,Capital Markets,Stockbroking & Allied,132.17,37.90441092,0.37,2.99,57.12,4332428,15106869.36,28.68
1683,STEELXIND,STEEL EXCHANGE INDIA LIMITED,Iron & Steel Products,Industrials,Capital Goods,Industrial Products,Iron & Steel Products,1322.5,640.5125193,0.17,3.21,61.33,546512388,1128412969,48.43
1685,STERTOOLS,Sterling Tools Limited,Auto Components & Equipments,Consumer Discretionary,Automobile and Auto Components,Auto Components,Auto Components & Equipments,1941.7,557.3586457,0.14,3.06,58.46,10340606,36024118.74,28.70
1686,STLTECH,Sterlite Technologies Limited,Telecom - Equipment & Accessories,Telecommunication,Telecommunication,Telecom - Equipment & Accessories,Telecom - Equipment & Accessories,5813.97,3188.078226,0.06,2.55,48.72,267456227,487749161.1,54.83
1687,STOVEKRAFT,Stove Kraft Limited,Household Appliances,Consumer Discretionary,Consumer Durables,Consumer Durables,Household Appliances,2726.77,1202.854648,0.09,2.63,50.25,14580056,33051757.58,44.11
1688,STYLAMIND,Stylam Industries Limited,Plywood Boards/ Laminates,Consumer Discretionary,Consumer Durables,Consumer Durables,Plywood Boards/ Laminates,3545.53,1460.568612,0.11,2.19,41.84,6981686,16948040.15,41.19
1689,STYRENIX,Styrenix Performance Materials Limited,Specialty Chemicals,Commodities,Chemicals,Chemicals & Petrochemicals,Specialty Chemicals,4167.79,2226.059986,0.09,2.51,47.95,9392658,17585611.81,53.41
1690,SUBEXLTD,Subex Limited,Software Products,Information Technology,Information Technology,IT - Software,Software Products,1446.6,1426.139247,0.08,3.11,59.42,554055651,562004662,98.59
1691,SUBROS,Subros Limited,Auto Components & Equipments,Consumer Discretionary,Automobile and Auto Components,Auto Components,Auto Components & Equipments,4345.35,1272.514989,0.09,2.88,55.02,19103963,65235700.35,29.28
1692,SUDARSCHEM,Sudarshan Chemical Industries Limited,Dyes And Pigments,Commodities,Chemicals,Chemicals & Petrochemicals,Dyes And Pigments,6856.96,4740.421543,0.06,2.39,45.66,47858875,69227258.96,69.13
1693,SUKHJITS,Sukhjit Starch & Chemicals Limited,Other Agricultural Products,Fast Moving Consumer Goods,Fast Moving Consumer Goods,Agricultural Food & other Products,Other Agricultural Products,800.24,257.946778,0.31,2.1,40.12,5035564,15622059.54,32.23
1694,SULA,Sula Vineyards Limited,Breweries & Distilleries,Fast Moving Consumer Goods,Fast Moving Consumer Goods,Beverages,Breweries & Distilleries,3780.68,2748.370111,0.06,2.06,39.36,61354395,84399598.17,72.70
1696,SUMICHEM,Sumitomo Chemical India Limited,Pesticides & Agrochemicals,Commodities,Chemicals,Fertilizers & Agrochemicals,Pesticides & Agrochemicals,26145.25,6423.13061,0.07,2.24,42.8,122625632,499145666.3,24.57
1698,SUMMITSEC,Summit Securities Limited,Investment Company,Financial Services,Financial Services,Finance,Investment Company,2725.45,690.9766833,0.19,3.09,59.03,2763907,10901800,25.35
1699,SUNCLAY,Sundaram Clayton Limited,Auto Components & Equipments,Consumer Discretionary,Automobile and Auto Components,Auto Components,Auto Components & Equipments,4586.62,1482.931564,0.19,2.15,41.08,6541383,20232112.92,32.33
1701,SUNDARMFIN,Sundaram Finance Limited,Non Banking Financial Company (NBFC),Financial Services,Financial Services,Finance,Non Banking Financial Company (NBFC),59423.34,36344.20854,0.05,2.06,39.36,67952787,111103852.5,61.16
1702,SUNDARMHLD,Sundaram Finance Holdings Limited,Investment Company,Financial Services,Financial Services,Finance,Investment Company,7129.53,3014.987205,0.13,3.24,61.9,93924835,222103738.3,42.29
1704,SUNDRMFAST,Sundram Fasteners Limited,Auto Components & Equipments,Consumer Discretionary,Automobile and Auto Components,Auto Components,Auto Components & Equipments,29733.16,15140.39489,0.08,1.49,28.47,106999257,210128339.2,50.92
1705,SUNFLAG,Sunflag Iron And Steel Company Limited,Iron & Steel,Commodities,Metals & Mining,Ferrous Metals,Iron & Steel,3818.67,1418.085973,0.11,3.04,58.08,66925573,180219453.5,37.14
1706,SUNPHARMA,Sun Pharmaceutical Industries Limited,Pharmaceuticals,Healthcare,Healthcare,Pharmaceuticals & Biotechnology,Pharmaceuticals,456113.58,204929.5499,0.02,1.18,22.54,1078009205,2399334982,44.93
1707,SUNTECK,Sunteck Realty Limited,Residential Commercial Projects,Consumer Discretionary,Realty,Realty,Residential Commercial Projects,8056.75,2959.881877,0.08,2.37,45.28,53816034,146486363.6,36.74
1708,SUNTV,Sun TV Network Limited,TV Broadcasting & Software Production,Consumer Discretionary,Media Entertainment & Publication,Entertainment,TV Broadcasting & Software Production,31333.67,6737.490657,0.05,1.97,37.64,84737651,394084643.4,21.50
1709,SUPERHOUSE,Superhouse Limited,Leather And Leather Products,Consumer Discretionary,Consumer Durables,Consumer Durables,Leather And Leather Products,242.55,85.23570825,0.47,2.41,46.04,3874350,11025000,35.14
1711,SUPRAJIT,Suprajit Engineering Limited,Auto Components & Equipments,Consumer Discretionary,Automobile and Auto Components,Auto Components,Auto Components & Equipments,6914.61,3822.273223,0.08,2.21,42.22,76598662,138569338.7,55.28
1713,SUPREMEIND,Supreme Industries Limited,Plastic Products - Industrial,Industrials,Capital Goods,Industrial Products,Plastic Products - Industrial,69737.75,35381.0996,0.04,2.3,43.94,64446447,127026867,50.73
1715,SUPRIYA,Supriya Lifescience Limited,Pharmaceuticals,Healthcare,Healthcare,Pharmaceuticals & Biotechnology,Pharmaceuticals,4321.12,1369.899233,0.09,2.85,54.45,25514979,80482771.47,31.70
1719,SURYALAXMI,Suryalakshmi Cotton Mills Limited,Other Textile Products,Consumer Discretionary,Textiles,Textiles & Apparels,Other Textile Products,154.02,59.40463498,0.63,3.37,64.38,7253313,18805860.81,38.57
1720,SURYAROSNI,Surya Roshni Limited,Iron & Steel Products,Industrials,Capital Goods,Industrial Products,Iron & Steel Products,7421.38,2690.184927,0.07,2.98,56.93,39445527,108817888.6,36.25
1721,SURYODAY,Suryoday Small Finance Bank Limited,Other Bank,Financial Services,Financial Services,Banks,Other Bank,1762.64,886.157325,0.08,2.55,48.72,53415149,106247136.8,50.27
1722,SUTLEJTEX,Sutlej Textiles and Industries Limited,Other Textile Products,Consumer Discretionary,Textiles,Textiles & Apparels,Other Textile Products,1020.65,271.3169396,0.23,2.88,55.02,43550071,163828250.4,26.58
1724,SUVEN,Suven Life Sciences Limited,Healthcare Research Analytics & Technology,Healthcare,Healthcare,Healthcare Services,Healthcare Research Analytics & Technology,2965.8,873.8055083,0.6,3.14,59.99,64250405,218073529.4,29.46
1725,SUVENPHAR,Suven Pharmaceuticals Limited,Pharmaceuticals,Healthcare,Healthcare,Pharmaceuticals & Biotechnology,Pharmaceuticals,29529.53,14694.48715,0.09,2.16,41.27,126676613,254564913.8,49.76
1726,SUVIDHAA,Suvidhaa Infoserve Limited,Financial Technology (Fintech),Financial Services,Financial Services,Financial Technology (Fintech),Financial Technology (Fintech),107,59.42847717,1.22,2.91,55.6,116526426,209803921.6,55.54
1727,SUZLON,Suzlon Energy Limited,Heavy Electrical Equipment,Industrials,Capital Goods,Electrical Equipment,Heavy Electrical Equipment,96782.52,83913.25224,0.53,3.13,59.8,11830431727,13644793458,86.70
1729,SVPGLOB,SVP GLOBAL TEXTILES LIMITED,Other Textile Products,Consumer Discretionary,Textiles,Textiles & Apparels,Other Textile Products,85.89,40.58347624,1.62,2.82,53.88,59769479,126494845.4,47.25
1730,SWANENERGY,Swan Energy Limited,Diversified,Diversified,Diversified,Diversified,Diversified,16265.28,7142.294937,0.45,3.16,60.37,137642994,313456928.1,43.91
1731,SWARAJENG,Swaraj Engines Limited,Compressors Pumps & Diesel Engines,Industrials,Capital Goods,Industrial Products,Compressors Pumps & Diesel Engines,3640.47,1724.003568,0.09,1.78,34.01,5752527,12147249.7,47.36
1732,SWELECTES,Swelect Energy Systems Limited,Heavy Electrical Equipment,Industrials,Capital Goods,Electrical Equipment,Heavy Electrical Equipment,1681.11,730.7568153,0.94,4.3,82.15,6589331,15158791.7,43.47
1733,SWSOLAR,Sterling and Wilson Renewable Energy Limited,Civil Construction,Industrials,Construction,Construction,Civil Construction,12120.23,5706.919709,0.53,2.87,54.83,109896393,233395532.4,47.09
1734,SYMPHONY,Symphony Limited,Household Appliances,Consumer Discretionary,Consumer Durables,Consumer Durables,Household Appliances,10999.33,2485.826823,0.08,2.24,42.8,15584144,68956993.29,22.60
1735,SYNCOMF,Syncom Formulations (India) Limited,Pharmaceuticals,Healthcare,Healthcare,Pharmaceuticals & Biotechnology,Pharmaceuticals,1840.52,905.815599,0.48,3.49,66.68,462622880,940000000,49.22
1736,SYNGENE,Syngene International Limited,Healthcare Research Analytics & Technology,Healthcare,Healthcare,Healthcare Services,Healthcare Research Analytics & Technology,34875.8,15591.05381,0.04,1.57,29.99,179952145,402536934.4,44.70
1737,SYRMA,Syrma SGS Technology Limited,Industrial Products,Industrials,Capital Goods,Industrial Manufacturing,Industrial Products,7272.11,2433.669476,0.07,2.65,50.63,59430268,177585103.8,33.47
1739,TAJGVK,Taj GVK Hotels & Resorts Limited,Hotels & Resorts,Consumer Discretionary,Consumer Services,Leisure Services,Hotels & Resorts,1821.16,431.6051596,0.11,2.65,50.63,14859878,62701325.53,23.70
1740,TAKE,Take Solutions Limited,Healthcare Research Analytics & Technology,Healthcare,Healthcare,Healthcare Services,Healthcare Research Analytics & Technology,273.83,127.0056245,0.52,3.16,60.37,68614600,147936250.7,46.38
1741,TALBROAUTO,Talbros Automotive Components Limited,Auto Components & Equipments,Consumer Discretionary,Automobile and Auto Components,Auto Components,Auto Components & Equipments,1869.13,754.8400206,0.36,2.92,55.79,24928666,61728203.43,40.38
1742,TANLA,Tanla Platforms Limited,Software Products,Information Technology,Information Technology,IT - Software,Software Products,11465.14,6110.552196,0.06,2.64,50.44,71720096,134567370.9,53.30
1743,TARACHAND,Tara Chand InfraLogistic Solutions Limited,Diversified Commercial Services,Services,Services,Commercial Services & Supplies,Diversified Commercial Services,546.19,132.6737794,3.24,2.37,45.28,3758996,15474996.46,24.29
1747,TARSONS,Tarsons Products Limited,Medical Equipment & Supplies,Healthcare,Healthcare,Healthcare Equipment & Supplies,Medical Equipment & Supplies,2303.83,674.4283778,0.14,2.26,43.18,15575713,53206235.57,29.27
1748,TASTYBITE,Tasty Bite Eatables Limited,Packaged Foods,Fast Moving Consumer Goods,Fast Moving Consumer Goods,Food Products,Packaged Foods,3031.22,734.3665894,0.15,2.52,48.14,621660,2566003.555,24.23
1749,TATACHEM,Tata Chemicals Limited,Commodity Chemicals,Commodities,Chemicals,Chemicals & Petrochemicals,Commodity Chemicals,27397.76,16797.67865,0.03,2.03,38.78,156192093,254756241.6,61.31
1750,TATACOMM,Tata Communications Limited,Telecom - Cellular & Fixed line services,Telecommunication,Telecommunication,Telecom - Services,Telecom - Cellular & Fixed line services,56485.58,23215.17593,0.03,1.84,35.15,117133005,285000025.2,41.10
1751,TATACONSUM,TATA CONSUMER PRODUCTS LIMITED,Tea & Coffee,Fast Moving Consumer Goods,Fast Moving Consumer Goods,Agricultural Food & other Products,Tea & Coffee,110412.49,72489.88418,0.03,1.42,27.13,649580037,989403557.5,65.65
1752,TATAELXSI,Tata Elxsi Limited,Computers - Software & Consulting,Information Technology,Information Technology,IT - Software,Computers - Software & Consulting,46311.12,25706.28482,0.03,2.02,38.59,34570044,62279612.69,55.51
1753,TATAINVEST,Tata Investment Corporation Limited,Investment Company,Financial Services,Financial Services,Finance,Investment Company,32523.16,8497.261547,0.62,2.94,56.17,13218932,50595292.54,26.13
1754,TATAMOTORS,Tata Motors Limited,Passenger Cars & Utility Vehicles,Consumer Discretionary,Automobile and Auto Components,Automobiles,Passenger Cars & Utility Vehicles,341696.47,196757.3715,0.02,1.9,36.3,2119545098,3680884089,57.58
1756,TATAPOWER,Tata Power Company Limited,Integrated Power Utilities,Utilities,Power,Power,Integrated Power Utilities,140770.68,74268.36041,0.03,2.14,40.88,1685810020,3195339462,52.76
1757,TATASTEEL,Tata Steel Limited,Iron & Steel,Commodities,Metals & Mining,Ferrous Metals,Iron & Steel,204829.71,135785.0994,0.03,1.86,35.54,8275542382,12483526938,66.29
1758,TATATECH,Tata Technologies Limited,IT Enabled Services,Information Technology,Information Technology,IT - Services,IT Enabled Services,41658.1,12621.57155,0.04,1.35,25.79,122909451,405668516.9,30.30
1759,TATVA,Tatva Chintan Pharma Chem Limited,Specialty Chemicals,Commodities,Chemicals,Chemicals & Petrochemicals,Specialty Chemicals,2290.08,640.7649952,0.12,1.9,36.3,6545097,23392032.69,27.98
1760,TBOTEK,TBO Tek Limited,Tour Travel Related Services,Consumer Discretionary,Consumer Services,Leisure Services,Tour Travel Related Services,18350.79,2258.083437,0.08,1.68,32.1,13361836,108587768.9,12.31
1761,TBZ,Tribhovandas Bhimji Zaveri Limited,Gems Jewellery And Watches,Consumer Discretionary,Consumer Durables,Consumer Durables,Gems Jewellery And Watches,1626.23,363.6792485,0.15,3.58,68.4,14923235,66730816.58,22.36
1762,TCI,Transport Corporation of India Limited,Logistics Solution Provider,Services,Services,Transport Services,Logistics Solution Provider,7865.5,2310.749218,0.12,2.01,38.4,22878705,77876237.62,29.38
1763,TCIEXP,TCI Express Limited,Logistics Solution Provider,Services,Services,Transport Services,Logistics Solution Provider,4060.61,1179.622319,0.11,1.93,36.87,11149549,38380056.71,29.05
1767,TCPLPACK,TCPL Packaging Limited,Packaging,Industrials,Capital Goods,Industrial Products,Packaging,3002.91,1268.068413,0.17,2.65,50.63,3842748,9100003.03,42.23
1768,TCS,Tata Consultancy Services Limited,Computers - Software & Consulting,Information Technology,Information Technology,IT - Software,Computers - Software & Consulting,1546370.61,436231.1477,0.02,1.27,24.26,1020662489,3618087529,28.21
1769,TDPOWERSYS,TD Power Systems Limited,Heavy Electrical Equipment,Industrials,Capital Goods,Electrical Equipment,Heavy Electrical Equipment,6012.29,3929.138523,0.09,2.93,55.98,102068802,156183660.2,65.35
1770,TEAMLEASE,Teamlease Services Limited,Diversified Commercial Services,Services,Services,Commercial Services & Supplies,Diversified Commercial Services,4913.29,3328.998081,0.1,2.17,41.46,11361768,16768907.85,67.75
1772,TECHM,Tech Mahindra Limited,Computers - Software & Consulting,Information Technology,Information Technology,IT - Software,Computers - Software & Consulting,158155.1,102451.1316,0.03,1.61,30.76,633764075,978349571.6,64.78
1773,TECHNOE,Techno Electric & Engineering Company Limited,Civil Construction,Industrials,Construction,Construction,Civil Construction,18027.6,7751.091509,0.39,2.94,56.17,50003816,116299593.6,43.00
1775,TEGA,Tega Industries Limited,Industrial Products,Industrials,Capital Goods,Industrial Manufacturing,Industrial Products,12775.81,3215.684781,0.1,2.42,46.23,16747050,66535479,25.17
1776,TEJASNET,Tejas Networks Limited,Telecom - Equipment & Accessories,Telecommunication,Telecommunication,Telecom - Equipment & Accessories,Telecom - Equipment & Accessories,19249.69,8561.953708,0.11,3.07,58.65,76173965,171260587.2,44.48
1778,TERASOFT,Tera Software Limited,IT Enabled Services,Information Technology,Information Technology,IT - Services,IT Enabled Services,98.28,50.89352158,2.83,4.06,77.57,6479124,12511775.94,51.78
1779,TEXINFRA,Texmaco Infrastructure & Holdings Limited,Diversified Commercial Services,Services,Services,Commercial Services & Supplies,Diversified Commercial Services,1388.95,477.0820438,0.11,3.45,65.91,43768995,127426605.5,34.35
1780,TEXMOPIPES,Texmo Pipes and Products Limited,Plastic Products - Industrial,Industrials,Capital Goods,Industrial Products,Plastic Products - Industrial,203.49,113.4718582,0.29,3.16,60.37,16280037,29195121.95,55.76
1781,TEXRAIL,Texmaco Rail & Engineering Limited,Industrial Products,Industrials,Capital Goods,Industrial Manufacturing,Industrial Products,7577.89,3872.281468,0.06,3.46,66.1,204126593,399467053.2,51.10
1782,TFCILTD,Tourism Finance Corporation of India Limited,Financial Institution,Financial Services,Financial Services,Finance,Financial Institution,1375.04,1040.354332,0.39,3.44,65.72,70057531,92595286.2,75.66
1784,TGBHOTELS,TGB Banquets And Hotels Limited,Hotels & Resorts,Consumer Discretionary,Consumer Services,Leisure Services,Hotels & Resorts,41.47,28.30889283,1.17,3.1,59.23,19992156,29286723.16,68.26
1785,THANGAMAYL,Thangamayil Jewellery Limited,Gems Jewellery And Watches,Consumer Discretionary,Consumer Durables,Consumer Durables,Gems Jewellery And Watches,6121.68,2000.001009,0.14,2.73,52.16,8964594,27439175.26,32.67
1787,THEJO,Thejo Engineering Limited,Industrial Products,Industrials,Capital Goods,Industrial Manufacturing,Industrial Products,2641.28,1149.781734,0.19,2.63,50.25,4719958,10842692.94,43.53
1788,THEMISMED,Themis Medicare Limited,Pharmaceuticals,Healthcare,Healthcare,Pharmaceuticals & Biotechnology,Pharmaceuticals,2340.58,757.7277478,0.23,3.15,60.18,29796608,92040110.11,32.37
1789,THERMAX,Thermax Limited,Heavy Electrical Equipment,Industrials,Capital Goods,Electrical Equipment,Heavy Electrical Equipment,60203.72,19515.93908,0.04,2.3,43.94,38626302,119156298.9,32.42
1790,THOMASCOOK,Thomas Cook  (India)  Limited,Tour Travel Related Services,Consumer Discretionary,Consumer Services,Leisure Services,Tour Travel Related Services,8717.09,3010.726868,0.39,3.03,57.89,162460979,470380423.1,34.54
1792,THYROCARE,Thyrocare Technologies Limited,Healthcare Service Provider,Healthcare,Healthcare,Healthcare Services,Healthcare Service Provider,4156.26,1196.241001,0.11,2.19,41.84,15240680,52952732.83,28.78
1793,TI,Tilaknagar Industries Limited,Breweries & Distilleries,Fast Moving Consumer Goods,Fast Moving Consumer Goods,Beverages,Breweries & Distilleries,5431.72,2868.394579,0.09,2.88,55.02,101896788,192956305.5,52.81
1794,TIDEWATER,Tide Water Oil Company (India) Limited,Lubricants,Energy,Oil Gas & Consumable Fuels,Petroleum Products,Lubricants,3580.72,1181.909444,0.09,2.29,43.75,5751244,17424004.28,33.01
1795,TIIL,Technocraft Industries (India) Limited,Iron & Steel Products,Industrials,Capital Goods,Industrial Products,Iron & Steel Products,6888.51,1734.622275,0.13,3.47,66.29,5782074,22961700,25.18
1796,TIINDIA,Tube Investments of India Limited,Auto Components & Equipments,Consumer Discretionary,Automobile and Auto Components,Auto Components,Auto Components & Equipments,77773.89,42699.73267,0.04,2.42,46.23,106191825,193419273.8,54.90
1798,TIL,TIL Limited,Construction Vehicles,Industrials,Capital Goods,Agricultural Commercial & Construction Vehicles,Construction Vehicles,2077.65,653.680989,0.49,2.83,54.07,20954672,66602019.55,31.46
1799,TIMESGTY,Times Guaranty Limited,Non Banking Financial Company (NBFC),Financial Services,Financial Services,Finance,Non Banking Financial Company (NBFC),118.19,29.64425973,2.63,3.77,72.03,2255689,8993303.911,25.08
1800,TIMETECHNO,Time Technoplast Limited,Plastic Products - Industrial,Industrials,Capital Goods,Industrial Products,Plastic Products - Industrial,8214.83,3978.476089,0.07,3.05,58.27,109902654,226929005.5,48.43
1801,TIMKEN,Timken India Limited,Abrasives & Bearings,Industrials,Capital Goods,Industrial Products,Abrasives & Bearings,27063.7,12892.55151,0.06,2.13,40.69,35832550,75218732.63,47.64
1802,TIPSFILMS,Tips Films Limited,Film Production Distribution & Exhibition,Consumer Discretionary,Media Entertainment & Publication,Entertainment,Film Production Distribution & Exhibition,264.21,65.76966718,0.93,3.5,66.87,1076074,4322807.592,24.89
1803,TIRUMALCHM,Thirumalai Chemicals Limited,Commodity Chemicals,Commodities,Chemicals,Chemicals & Petrochemicals,Commodity Chemicals,3114.65,1784.066464,0.09,2.67,51.01,58647813,102388231.4,57.28
1805,TITAGARH,TITAGARH RAIL SYSTEMS LIMITED,Railway Wagons,Industrials,Capital Goods,Industrial Manufacturing,Railway Wagons,14504.36,8607.600794,0.06,3.37,64.38,79922013,134673723.3,59.34
1806,TITAN,Titan Company Limited,Gems Jewellery And Watches,Consumer Discretionary,Consumer Durables,Consumer Durables,Gems Jewellery And Watches,317383.55,147714.1138,0.02,1.44,27.51,413186332,887786153.8,46.54
1807,TMB,Tamilnad Mercantile Bank Limited,Private Sector Bank,Financial Services,Financial Services,Banks,Private Sector Bank,7064.06,5180.716827,0.09,1.42,27.13,116133531,158351490.7,73.34
1808,TNPETRO,Tamilnadu PetroProducts Limited,Petrochemicals,Commodities,Chemicals,Chemicals & Petrochemicals,Petrochemicals,768.72,494.6573915,0.13,2.25,42.99,57895294,89971910.11,64.35
1809,TNPL,Tamil Nadu Newsprint & Papers Limited,Paper & Paper Products,Commodities,Forest Materials,Paper Forest & Jute Products,Paper & Paper Products,1397.98,739.0139667,0.11,2.2,42.03,36586661,69210356.95,52.86
1812,TORNTPHARM,Torrent Pharmaceuticals Limited,Pharmaceuticals,Healthcare,Healthcare,Pharmaceuticals & Biotechnology,Pharmaceuticals,115579.12,31484.21399,0.03,1.45,27.7,92193892,338445446.6,27.24
1813,TORNTPOWER,Torrent Power Limited,Integrated Power Utilities,Utilities,Power,Power,Integrated Power Utilities,85737.23,29742.07295,0.05,2.62,50.06,166725001,480616794.7,34.69
1818,TRACXN,Tracxn Technologies Limited,Data Processing Services,Services,Services,Commercial Services & Supplies,Data Processing Services,877.3,554.0835006,0.12,2.77,52.92,66159224,104752238.8,63.16
1819,TREEHOUSE,Tree House Education & Accessories Limited,Education,Consumer Discretionary,Consumer Services,Other Consumer Services,Education,69.81,55.47030481,1.79,3.26,62.28,33618367,42309090.91,79.46
1821,TREL,Transindia Real Estate Limited,Logistics Solution Provider,Services,Services,Transport Services,Logistics Solution Provider,1009.32,309.79276,0.21,2.81,53.68,75412064,245696202.5,30.69
1822,TRENT,Trent Limited,Speciality Retail,Consumer Discretionary,Consumer Services,Retailing,Speciality Retail,266256.55,166164.5911,0.02,2.13,40.69,221851548,355487456.4,62.41
1823,TRF,TRF Limited,Industrial Products,Industrials,Capital Goods,Industrial Manufacturing,Industrial Products,501.8,325.0075965,0.62,3.23,61.71,7127360,11004385.96,64.77
1824,TRIDENT,Trident Limited,Other Textile Products,Consumer Discretionary,Textiles,Textiles & Apparels,Other Textile Products,17463.84,4137.34089,0.06,2.31,44.13,1207277762,5095955646,23.69
1825,TRIGYN,Trigyn Technologies Limited,Computers - Software & Consulting,Information Technology,Information Technology,IT - Software,Computers - Software & Consulting,356.81,196.4648943,0.38,3.13,59.8,16951242,30786022.43,55.06
1826,TRITURBINE,Triveni Turbine Limited,Heavy Electrical Equipment,Industrials,Capital Goods,Electrical Equipment,Heavy Electrical Equipment,20979.88,7354.159944,0.06,2.85,54.45,111426666,317876969.7,35.05
1827,TRIVENI,Triveni Engineering & Industries Limited,Sugar,Fast Moving Consumer Goods,Fast Moving Consumer Goods,Agricultural Food & other Products,Sugar,9511.12,3706.272937,0.07,2.74,52.35,85299722,218898043.7,38.97
1829,TTKHLTCARE,TTK Healthcare Limited,Diversified,Diversified,Diversified,Diversified,Diversified,2234.08,540.2286921,0.21,1.96,37.45,3416898,14130356.41,24.18
1830,TTKPRESTIG,TTK Prestige Limited,Household Appliances,Consumer Discretionary,Consumer Durables,Consumer Durables,Household Appliances,12399.02,3612.81524,0.09,1.53,29.23,40389215,138613974.3,29.14
1831,TTL,T T Limited,Other Textile Products,Consumer Discretionary,Textiles,Textiles & Apparels,Other Textile Products,238.2,86.11157781,0.43,2.67,51.01,7771803,21498194.95,36.15
1832,TTML,Tata Teleservices (Maharashtra) Limited,Telecom - Cellular & Fixed line services,Telecommunication,Telecommunication,Telecom - Services,Telecom - Cellular & Fixed line services,15082.27,3867.153694,0.06,3.12,59.61,501251289,1954928062,25.64
1833,TV18BRDCST,TV18 Broadcast Limited,TV Broadcasting & Software Production,Consumer Discretionary,Media Entertainment & Publication,Entertainment,TV Broadcasting & Software Production,6977.45,2757.584286,0.2,2.87,54.83,677539137,1714361179,39.52
1835,TVSHLTD,TVS Holdings Limited,Investment Company,Financial Services,Financial Services,Finance,Investment Company,25492.45,6448.927309,0.1,2.47,47.19,5118196,20232103.17,25.30
1836,TVSMOTOR,TVS Motor Company Limited,2/3 Wheelers,Consumer Discretionary,Automobile and Auto Components,Automobiles,2/3 Wheelers,125185.45,61809.69225,0.03,1.64,31.33,234571887,475087096.8,49.37
1837,TVSSCS,TVS Supply Chain Solutions Limited,Logistics Solution Provider,Services,Services,Transport Services,Logistics Solution Provider,8264.6,2611.820926,0.07,2,38.21,139222864,440543710,31.60
1838,TVSSRICHAK,TVS Srichakra Limited,Tyres & Rubber Products,Consumer Discretionary,Automobile and Auto Components,Auto Components,Tyres & Rubber Products,3026.83,1590.215737,0.14,2.12,40.5,4022807,7657045.282,52.54
1839,TVTODAY,TV Today Network Limited,TV Broadcasting & Software Production,Consumer Discretionary,Media Entertainment & Publication,Entertainment,TV Broadcasting & Software Production,1317.84,546.7577475,0.12,2.16,41.27,24755852,59668568.32,41.49
1841,UBL,United Breweries Limited,Breweries & Distilleries,Fast Moving Consumer Goods,Fast Moving Consumer Goods,Beverages,Breweries & Distilleries,54467.46,15467.01588,0.05,1.56,29.8,75082601,264405145.6,28.40
1842,UCAL,UCAL LIMITED,Auto Components & Equipments,Consumer Discretionary,Automobile and Auto Components,Auto Components,Auto Components & Equipments,386.88,113.2468899,0.35,2.81,53.68,6473100,22113746.78,29.27
1843,UCOBANK,UCO Bank,Public Sector Bank,Financial Services,Financial Services,Banks,Public Sector Bank,53467.04,2464.296102,0.06,2.93,55.98,551050112,11955957066,4.61
1844,UDAICEMENT,Udaipur Cement Works Limited,Cement & Cement Products,Commodities,Construction Materials,Cement & Cement Products,Cement & Cement Products,1723.65,415.4039011,0.83,2.85,54.45,135090700,560536585.4,24.10
1845,UDS,Updater Services Limited,Diversified Commercial Services,Services,Services,Commercial Services & Supplies,Diversified Commercial Services,2416.84,887.488769,0.12,2.11,40.31,24584176,66948476.45,36.72
1846,UFLEX,UFLEX Limited,Packaging,Industrials,Capital Goods,Industrial Products,Packaging,4783.29,1445.658167,0.09,2.75,52.54,21824550,72211503.62,30.22
1847,UFO,UFO Moviez India Limited,Film Production Distribution & Exhibition,Consumer Discretionary,Media Entertainment & Publication,Entertainment,Film Production Distribution & Exhibition,495.47,382.9491643,0.17,2.77,52.92,29838645,38606046.44,77.29
1848,UGARSUGAR,The Ugar Sugar Works Limited,Sugar,Fast Moving Consumer Goods,Fast Moving Consumer Goods,Agricultural Food & other Products,Sugar,916.2,503.0561016,0.15,2.7,51.58,61770150,112500000,54.91
1849,UGROCAP,Ugro Capital Limited,Non Banking Financial Company (NBFC),Financial Services,Financial Services,Finance,Non Banking Financial Company (NBFC),2152.4,813.4363908,0.11,2.46,47,35130054,92956164.98,37.79
1850,UJJIVANSFB,Ujjivan Small Finance Bank Limited,Other Bank,Financial Services,Financial Services,Banks,Other Bank,7649.7,7229.913816,0.06,2.28,43.56,1828043948,1934184576,94.51
1851,ULTRACEMCO,UltraTech Cement Limited,Cement & Cement Products,Commodities,Construction Materials,Cement & Cement Products,Cement & Cement Products,324207.09,127997.2826,0.03,1.42,27.13,113977990,288697319.7,39.48
1855,UNICHEMLAB,Unichem Laboratories Limited,Pharmaceuticals,Healthcare,Healthcare,Pharmaceuticals & Biotechnology,Pharmaceuticals,4371.49,1259.505825,0.21,2.47,47.19,20285164,70405701.4,28.81
1856,UNIDT,United Drilling Tools Limited,Industrial Products,Industrials,Capital Goods,Industrial Manufacturing,Industrial Products,464.94,117.8817545,0.33,2.87,54.83,5147675,20303056.77,25.35
1857,UNIECOM,Unicommerce Esolutions Limited,Software Products,Information Technology,Information Technology,IT - Software,Software Products,2008.63,461.9847269,0.24,1.94,37.06,23559831,102434086.4,23.00
1858,UNIENTER,Uniphos Enterprises Limited,Trading - Chemicals,Commodities,Chemicals,Chemicals & Petrochemicals,Trading - Chemicals,1117.95,292.6311132,0.49,2.38,45.47,18204113,69545878.69,26.18
1859,UNIINFO,Uniinfo Telecom Services Limited,Other Telecom Services,Telecommunication,Telecommunication,Telecom - Services,Other Telecom Services,39.35,19.30910401,2.37,4.18,79.86,5247039,10692934.78,49.07
1860,UNIONBANK,Union Bank of India,Public Sector Bank,Financial Services,Financial Services,Banks,Public Sector Bank,87091.81,21984.14922,0.04,2.56,48.91,1926912895,7633605925,25.24
1861,UNIPARTS,Uniparts India Limited,Auto Components & Equipments,Consumer Discretionary,Automobile and Auto Components,Auto Components,Auto Components & Equipments,2017.48,668.4735036,0.09,1.57,29.99,14954665,45133780.76,33.13
1862,UNITDSPR,United Spirits Limited,Breweries & Distilleries,Fast Moving Consumer Goods,Fast Moving Consumer Goods,Beverages,Breweries & Distilleries,109833.62,44474.59645,0.03,1.6,30.57,294523999,727350882.4,40.49
1865,UNITEDTEA,The United Nilgiri Tea Estates Company Limited,Tea & Coffee,Fast Moving Consumer Goods,Fast Moving Consumer Goods,Agricultural Food & other Products,Tea & Coffee,222.85,108.7989545,0.53,2.34,44.71,2439438,4996636.771,48.82
1866,UNIVASTU,Univastu India Limited,Civil Construction,Industrials,Construction,Construction,Civil Construction,230.7,65.03910235,1.13,3.1,59.23,3203897,11364532.02,28.19
1867,UNIVCABLES,Universal Cables Limited,Cables - Electricals,Industrials,Capital Goods,Industrial Products,Cables - Electricals,1983.37,607.1252207,0.16,2.85,54.45,9792342,31989838.71,30.61
1868,UNIVPHOTO,Universus Photo Imagings Limited,Household Products,Fast Moving Consumer Goods,Fast Moving Consumer Goods,Household Products,Household Products,414.66,104.551292,1.09,2.79,53.3,2760066,10946673.71,25.21
1869,UNOMINDA,UNO Minda Limited,Auto Components & Equipments,Consumer Discretionary,Automobile and Auto Components,Auto Components,Auto Components & Equipments,57023.57,17705.19205,0.05,2.25,42.99,178300021,574255488.4,31.05
1870,UPL,UPL Limited,Pesticides & Agrochemicals,Commodities,Chemicals,Fertilizers & Agrochemicals,Pesticides & Agrochemicals,43572.77,29305.47888,0.03,1.78,34.01,504831677,750607579.7,67.26
1872,URJA,Urja Global Limited,Heavy Electrical Equipment,Industrials,Capital Goods,Electrical Equipment,Heavy Electrical Equipment,1020.43,845.3898991,0.6,3.45,65.91,435319207,525453141.1,82.85
1873,USHAMART,Usha Martin Limited,Iron & Steel Products,Industrials,Capital Goods,Industrial Products,Iron & Steel Products,10303.32,5686.81421,0.07,2.64,50.44,168199178,304741792.4,55.19
1875,UTIAMC,UTI Asset Management Company Limited,Asset Management Company,Financial Services,Financial Services,Capital Markets,Asset Management Company,15288.88,4893.084245,0.05,1.88,35.92,40799502,127481697.7,32.00
1876,UTKARSHBNK,Utkarsh Small Finance Bank Limited,Other Bank,Financial Services,Financial Services,Banks,Other Bank,4972.68,1257.119263,0.07,1.91,36.49,278431730,1101368771,25.28
1877,UTTAMSUGAR,Uttam Sugar Mills Limited,Sugar,Fast Moving Consumer Goods,Fast Moving Consumer Goods,Agricultural Food & other Products,Sugar,1376.02,352.4133452,0.13,2.71,51.77,9767554,38138026.61,25.61
1879,VADILALIND,Vadilal Industries Limited,Dairy Products,Fast Moving Consumer Goods,Fast Moving Consumer Goods,Food Products,Dairy Products,2688.25,905.5902452,0.12,2.84,54.26,2421364,7187834.225,33.69
1880,VAIBHAVGBL,Vaibhav Global Limited,Gems Jewellery And Watches,Consumer Discretionary,Consumer Durables,Consumer Durables,Gems Jewellery And Watches,4843.06,1618.729142,0.09,2.74,52.35,55521493,166114217.1,33.42
1881,VAISHALI,Vaishali Pharma Limited,Pharmaceuticals,Healthcare,Healthcare,Pharmaceuticals & Biotechnology,Pharmaceuticals,205.81,124.588881,0.32,3.03,57.89,6489004,10719270.83,60.54
1882,VAKRANGEE,Vakrangee Limited,IT Enabled Services,Information Technology,Information Technology,IT - Services,IT Enabled Services,2978.04,1722.458896,0.11,3.68,70.31,623401700,1077828447,57.84
1883,VALIANTLAB,Valiant Laboratories Limited,Pharmaceuticals,Healthcare,Healthcare,Pharmaceuticals & Biotechnology,Pharmaceuticals,495.24,124.1128733,0.31,2.36,45.09,10889005,43449728.02,25.06
1884,VALIANTORG,Valiant Organics Limited,Specialty Chemicals,Commodities,Chemicals,Chemicals & Petrochemicals,Specialty Chemicals,1079.01,429.5933892,0.15,2.27,43.37,10978620,27575006.39,39.81
1885,VARDHACRLC,Vardhman Acrylics Limited,Other Textile Products,Consumer Discretionary,Textiles,Textiles & Apparels,Other Textile Products,463.06,115.3282405,0.33,2.51,47.95,20015314,80364456.79,24.91
1887,VARROC,Varroc Engineering Limited,Auto Components & Equipments,Consumer Discretionary,Automobile and Auto Components,Auto Components,Auto Components & Equipments,8598.05,2149.032174,0.08,2.73,52.16,38188044,152786317.2,24.99
1888,VASCONEQ,Vascon Engineers Limited,Civil Construction,Industrials,Construction,Construction,Civil Construction,1314.82,801.9095388,0.11,3.46,66.1,136518478,223837248.9,60.99
1890,VBL,Varun Beverages Limited,Other Beverages,Fast Moving Consumer Goods,Fast Moving Consumer Goods,Beverages,Other Beverages,177345.3,65772.76062,0.04,2.12,40.5,1204849984,3248677413,37.09
1891,VEDL,Vedanta Limited,Diversified Metals,Commodities,Metals & Mining,Diversified Metals,Diversified Metals,195480.3,84618.92538,0.03,2.25,42.99,1692717051,3910388078,43.29
1892,VENKEYS,Venky's (India) Limited,Meat Products including Poultry,Fast Moving Consumer Goods,Fast Moving Consumer Goods,Food Products,Meat Products including Poultry,2648.42,925.3920867,0.09,2.42,46.23,4922298,14087340.43,34.94
1893,VENUSPIPES,Venus Pipes & Tubes Limited,Iron & Steel Products,Industrials,Capital Goods,Industrial Products,Iron & Steel Products,4131.17,2120.224732,0.08,2.29,43.75,10416491,20296101.6,51.32
1894,VENUSREM,Venus Remedies Limited,Pharmaceuticals,Healthcare,Healthcare,Pharmaceuticals & Biotechnology,Pharmaceuticals,422.8,241.9934118,0.22,3,57.31,7650756,13367056.59,57.24
1896,VERTOZ,Vertoz Limited,Advertising & Media Agencies,Consumer Discretionary,Media Entertainment & Publication,Media,Advertising & Media Agencies,2213.38,557.8150479,3.19,3.4,64.96,213395198,846740627.4,25.20
1897,VESUVIUS,Vesuvius India Limited,Electrodes & Refractories,Industrials,Capital Goods,Industrial Products,Electrodes & Refractories,10292.14,4526.41208,0.09,2.49,47.57,8926074,20296075.72,43.98
1899,VGUARD,V-Guard Industries Limited,Household Appliances,Consumer Discretionary,Consumer Durables,Consumer Durables,Household Appliances,18972.33,7937.359946,0.08,1.76,33.62,182007795,435045402.4,41.84
1900,VHL,Vardhman Holdings Limited,Investment Company,Financial Services,Financial Services,Finance,Investment Company,1247.99,303.9040559,0.32,2.49,47.57,775305,3183810.398,24.35
1902,VIDHIING,Vidhi Specialty Food Ingredients Limited,Specialty Chemicals,Commodities,Chemicals,Chemicals & Petrochemicals,Specialty Chemicals,2277.99,806.4568111,0.2,2,38.21,17681579,49944968.21,35.40
1903,VIJAYA,Vijaya Diagnostic Centre Limited,Healthcare Service Provider,Healthcare,Healthcare,Healthcare Services,Healthcare Service Provider,10036.46,4622.923032,0.08,2.34,44.71,47269152,102622290.4,46.06
1905,VIKASECO,Vikas EcoTech Limited,Specialty Chemicals,Commodities,Chemicals,Chemicals & Petrochemicals,Specialty Chemicals,608.43,412.760392,0.39,3.11,59.42,1199884861,1768691860,67.84
1906,VIKASLIFE,Vikas Lifecare Limited,Trading & Distributors,Services,Services,Commercial Services & Supplies,Trading & Distributors,791.22,618.1626536,0.44,3.13,59.8,1373694786,1758266667,78.13
1907,VIMTALABS,Vimta Labs Limited,Healthcare Research Analytics & Technology,Healthcare,Healthcare,Healthcare Services,Healthcare Research Analytics & Technology,1141.79,376.4499479,0.22,2.79,53.3,7309708,22170679.61,32.97
1908,VINATIORGA,Vinati Organics Limited,Specialty Chemicals,Commodities,Chemicals,Chemicals & Petrochemicals,Specialty Chemicals,20111.13,4954.558518,0.08,1.7,32.48,25538961,103665618.6,24.64
1909,VINDHYATEL,Vindhya Telelinks Limited,Telecom - Infrastructure,Telecommunication,Telecommunication,Telecom - Services,Telecom - Infrastructure,2628.52,1210.405197,0.11,2.63,50.25,5457192,11850856.63,46.05
1910,VINEETLAB,Vineet Laboratories Limited,Pharmaceuticals,Healthcare,Healthcare,Pharmaceuticals & Biotechnology,Pharmaceuticals,49.23,30.76701154,1.65,3.36,64.19,5761613,9219101.124,62.50
1912,VINYLINDIA,Vinyl Chemicals (India) Limited,Trading - Chemicals,Commodities,Chemicals,Chemicals & Petrochemicals,Trading - Chemicals,676.64,306.7280812,0.21,2.64,50.44,8312414,18337127.37,45.33
1914,VIPIND,VIP Industries Limited,Plastic Products - Consumer,Consumer Discretionary,Consumer Durables,Consumer Durables,Plastic Products - Consumer,7476.19,3497.700088,0.06,2.22,42.41,66433050,141997910.7,46.78
1916,VIRINCHI,Virinchi Limited,Software Products,Information Technology,Information Technology,IT - Software,Software Products,317.3,196.4544936,0.24,2.83,54.07,63026787,101796599.3,61.91
1917,VISAKAIND,Visaka Industries Limited,Cement & Cement Products,Commodities,Construction Materials,Cement & Cement Products,Cement & Cement Products,895.67,453.6219105,0.29,2.91,55.6,43760555,86404591.94,50.65
1918,VISHNU,Vishnu Chemicals Limited,Specialty Chemicals,Commodities,Chemicals,Chemicals & Petrochemicals,Specialty Chemicals,2607.98,802.0797592,0.15,2.6,49.67,20152758,65527135.68,30.75
1919,VISHWARAJ,Vishwaraj Sugar Industries Limited,Sugar,Fast Moving Consumer Goods,Fast Moving Consumer Goods,Agricultural Food & other Products,Sugar,391.44,259.5422811,0.17,2.49,47.57,144430874,217829716.2,66.30
1920,VIVIDHA,Visagar Polytex Limited,Garments & Apparels,Consumer Discretionary,Textiles,Textiles & Apparels,Garments & Apparels,30.73,29.00227339,4.03,3.7,70.69,276212128,292666666.7,94.38
1921,VLEGOV,VL E-Governance & IT Solutions Limited,IT Enabled Services,Information Technology,Information Technology,IT - Services,IT Enabled Services,1525.7,982.1444086,0.89,3.32,63.43,68204473,105951388.9,64.37
1922,VLSFINANCE,VLS Finance Limited,Investment Company,Financial Services,Financial Services,Finance,Investment Company,1332.69,655.0847113,0.15,2.93,55.98,17104039,34796083.55,49.16
1923,VMART,V-Mart Retail Limited,Diversified Retail,Consumer Discretionary,Consumer Services,Retailing,Diversified Retail,8310.51,4619.687951,0.12,2.19,41.84,10999257,19786928.57,55.59
1924,VOLTAMP,Voltamp Transformers Limited,Heavy Electrical Equipment,Industrials,Capital Goods,Electrical Equipment,Heavy Electrical Equipment,16860.77,10451.60504,0.07,3.09,59.03,8964410,14461591.9,61.99
1925,VOLTAS,Voltas Limited,Household Appliances,Consumer Discretionary,Consumer Durables,Consumer Durables,Household Appliances,58070.27,39977.49147,0.03,1.93,36.87,227791974,330884729.3,68.84
1926,VPRPL,Vishnu Prakash R Punglia Limited,Civil Construction,Industrials,Construction,Construction,Civil Construction,3074.97,989.6875083,0.09,2.99,57.12,40117045,124644102.1,32.19
1927,VRAJ,Vraj Iron and Steel Limited,Sponge Iron,Commodities,Metals & Mining,Ferrous Metals,Sponge Iron,798.18,139.9392034,0.44,1.77,33.82,5782612,32982644.63,17.53
1928,VRLLOG,VRL Logistics Limited,Logistics Solution Provider,Services,Services,Transport Services,Logistics Solution Provider,4644.58,1846.493421,0.09,2.15,41.08,34773887,87468549.91,39.76
1929,VSSL,Vardhman Special Steels Limited,Iron & Steel Products,Industrials,Capital Goods,Industrial Products,Iron & Steel Products,2347.06,655.7633799,0.17,2.46,47,22769562,81495138.89,27.94
1930,VSTIND,VST Industries Limited,Cigarettes & Tobacco Products,Fast Moving Consumer Goods,Fast Moving Consumer Goods,Cigarettes & Tobacco Products,Cigarettes & Tobacco Products,5926.45,1799.686431,0.08,2.6,49.67,51581726,169860991.7,30.37
1931,VSTL,Vibhor Steel Tubes Limited,Iron & Steel Products,Industrials,Capital Goods,Industrial Products,Iron & Steel Products,461.74,116.379506,0.78,2.07,39.55,4779446,18962628.34,25.20
1932,VSTTILLERS,V.S.T Tillers Tractors Limited,Tractors,Industrials,Capital Goods,Agricultural Commercial & Construction Vehicles,Tractors,3657.11,1600.677783,0.13,2.1,40.12,3781426,8639522.797,43.77
1933,VTL,Vardhman Textiles Limited,Other Textile Products,Consumer Discretionary,Textiles,Textiles & Apparels,Other Textile Products,12879.85,4560.26389,0.08,2.21,42.22,102385808,289174899,35.41
1934,WABAG,VA Tech Wabag Limited,Water Supply & Management,Utilities,Utilities,Other Utilities,Water Supply & Management,9172.47,7417.645022,0.07,2.91,55.6,50292528,62190453.59,80.87
1935,WALCHANNAG,Walchandnagar Industries Limited,Industrial Products,Industrials,Capital Goods,Industrial Manufacturing,Industrial Products,1552.51,820.678099,1.44,3.33,63.62,29299468,55426990.36,52.86
1939,WEIZMANIND,Weizmann Limited,Other Textile Products,Consumer Discretionary,Textiles,Textiles & Apparels,Other Textile Products,182.38,30.37900935,1.09,3.8,72.6,2641653,15859130.43,16.66
1940,WEL,Wonder Electricals Limited,Household Appliances,Consumer Discretionary,Consumer Durables,Consumer Durables,Household Appliances,1783.71,503.1516833,0.71,3.67,70.12,3780111,13400773.83,28.21
1941,WELCORP,Welspun Corp Limited,Iron & Steel Products,Industrials,Capital Goods,Industrial Products,Iron & Steel Products,17997.17,8934.118391,0.06,2.71,51.77,130234962,262349416.9,49.64
1942,WELENT,Welspun Enterprises Limited,Civil Construction,Industrials,Construction,Construction,Civil Construction,7216.9,3046.533283,0.09,2.87,54.83,58429867,138413885.7,42.21
1943,WELINV,Welspun Investments and Commercials Limited,Investment Company,Financial Services,Financial Services,Finance,Investment Company,346.81,88.15280157,1.78,3.19,60.94,928902,3654478.398,25.42
1944,WELSPUNLIV,Welspun Living Limited,Other Textile Products,Consumer Discretionary,Textiles,Textiles & Apparels,Other Textile Products,15227.51,4288.293909,0.06,2.73,52.16,270111735,959152809.3,28.16
1945,WENDT,Wendt (India) Limited,Abrasives & Bearings,Industrials,Capital Goods,Industrial Products,Abrasives & Bearings,3000,733.176,0.23,2.42,46.23,488784,2000000,24.44
1946,WESTLIFE,WESTLIFE FOODWORLD LIMITED,Restaurants,Consumer Discretionary,Consumer Services,Leisure Services,Restaurants,13850.75,6012.553527,0.1,1.94,37.06,67564373,155643892.6,43.41
1948,WHEELS,Wheels India Limited,Auto Components & Equipments,Consumer Discretionary,Automobile and Auto Components,Auto Components,Auto Components & Equipments,1727.41,690.972489,0.11,2.5,47.76,9773303,24432956.15,40.00
1949,WHIRLPOOL,Whirlpool of India Limited,Household Appliances,Consumer Discretionary,Consumer Durables,Consumer Durables,Household Appliances,29388.59,14400.40944,0.06,1.79,34.2,62167197,126871827,49.00
1950,WILLAMAGOR,Williamson Magor & Company Limited,Investment Company,Financial Services,Financial Services,Finance,Investment Company,40.54,15.39908838,1.71,4.83,92.28,4161916,10956756.76,37.98
1951,WINDLAS,Windlas Biotech Limited,Pharmaceuticals,Healthcare,Healthcare,Pharmaceuticals & Biotechnology,Pharmaceuticals,1766.08,662.0543131,0.13,2.76,52.73,7834962,20900355.03,37.49
1952,WINDMACHIN,Windsor Machines Limited,Industrial Products,Industrials,Capital Goods,Industrial Manufacturing,Industrial Products,1213.58,503.3546446,0.96,4.07,77.76,26931763,64932049.22,41.48
1955,WIPRO,Wipro Limited,Computers - Software & Consulting,Information Technology,Information Technology,IT - Software,Computers - Software & Consulting,277551.01,74909.07458,0.03,1.69,32.29,1411913572,5231382716,26.99
1957,WONDERLA,Wonderla Holidays Limited,Amusement Parks/ Other Recreation,Consumer Discretionary,Consumer Services,Leisure Services,Amusement Parks/ Other Recreation,4685.97,1414.909298,0.1,2.33,44.51,17082087,56573342.99,30.19
1958,WORTH,Worth Peripherals Limited,Packaging,Industrials,Capital Goods,Industrial Products,Packaging,213.19,54.3503906,0.39,2.88,55.02,4015544,15751015.88,25.49
1959,WSI,W S Industries (I) Limited,Civil Construction,Industrials,Construction,Construction,Civil Construction,864.07,285.6737096,0.2,3.37,64.38,20117867,60850000,33.06
1960,WSTCSTPAPR,West Coast Paper Mills Limited,Paper & Paper Products,Commodities,Forest Materials,Paper Forest & Jute Products,Paper & Paper Products,3906.79,1647.889155,0.08,2.29,43.75,27859495,66048858.83,42.18
1961,XCHANGING,Xchanging Solutions Limited,Computers - Software & Consulting,Information Technology,Information Technology,IT - Software,Computers - Software & Consulting,1206.61,301.653412,0.11,2.95,56.36,27850929,111403379.2,25.00
1962,XELPMOC,Xelpmoc Design And Tech Limited,Software Products,Information Technology,Information Technology,IT - Software,Software Products,172.07,80.58378136,1.12,3.18,60.75,6888091,14708094.71,46.83
1963,XPROINDIA,Xpro India Limited,Packaging,Industrials,Capital Goods,Industrial Products,Packaging,2315.84,963.2571887,0.15,2.6,49.67,9165149,22034633.68,41.59
1965,YASHO,Yasho Industries Limited,Specialty Chemicals,Commodities,Chemicals,Chemicals & Petrochemicals,Specialty Chemicals,2236.52,628.0425079,0.14,2.1,40.12,3201032,11399184.51,28.08
1966,YATHARTH,Yatharth Hospital & Trauma Care Services Limited,Hospital,Healthcare,Healthcare,Healthcare Services,Hospital,4630.76,1383.778064,0.09,2.14,40.88,25654024,85850203.93,29.88
1967,YATRA,Yatra Online Limited,Tour Travel Related Services,Consumer Discretionary,Consumer Services,Leisure Services,Tour Travel Related Services,1890.84,671.9837814,0.16,1.91,36.49,55766289,156916182.6,35.54
1968,YESBANK,Yes Bank Limited,Private Sector Bank,Financial Services,Financial Services,Banks,Private Sector Bank,66580.78,39923.03672,0.07,2.69,51.39,18796156646,31346883239,59.96
1969,YUKEN,Yuken India Limited,Compressors Pumps & Diesel Engines,Industrials,Capital Goods,Industrial Products,Compressors Pumps & Diesel Engines,1444.3,625.0800413,0.26,3.01,57.51,5626283,13000000,43.28
1970,ZAGGLE,Zaggle Prepaid Ocean Services Limited,IT Enabled Services,Information Technology,Information Technology,IT - Services,IT Enabled Services,5183.82,2236.697144,0.08,3.08,58.84,52902014,122606906.3,43.15
1971,ZEEL,Zee Entertainment Enterprises Limited,TV Broadcasting & Software Production,Consumer Discretionary,Media Entertainment & Publication,Entertainment,TV Broadcasting & Software Production,12102.54,11612.79102,0.05,3.5,66.87,921650081,960519047.6,95.95
1972,ZEELEARN,Zee Learn Limited,Education,Consumer Discretionary,Consumer Services,Other Consumer Services,Education,289.3,245.748736,0.75,2.86,54.64,277682188,326892655.4,84.95
1973,ZEEMEDIA,Zee Media Corporation Limited,TV Broadcasting & Software Production,Consumer Discretionary,Media Entertainment & Publication,Entertainment,TV Broadcasting & Software Production,1344.67,1004.268031,0.16,4.04,77.18,467101410,625427907,74.69
1976,ZENSARTECH,Zensar Technologies Limited,Computers - Software & Consulting,Information Technology,Information Technology,IT - Software,Computers - Software & Consulting,15212.18,7652.834988,0.04,2.45,46.81,114102206,226810496.5,50.31
1977,ZENTEC,Zen Technologies Limited,Aerospace & Defense,Industrials,Capital Goods,Aerospace & Defense,Aerospace & Defense,14636.07,7042.304493,0.65,2.99,57.12,43444198,90290376.31,48.12
1978,ZFCVINDIA,ZF Commercial Vehicle Control Systems India Limited,Auto Components & Equipments,Consumer Discretionary,Automobile and Auto Components,Auto Components,Auto Components & Equipments,28512.45,9191.958203,0.1,2.14,40.88,6114846,18967582.92,32.24
1979,ZIMLAB,Zim Laboratories Limited,Pharmaceuticals,Healthcare,Healthcare,Pharmaceuticals & Biotechnology,Pharmaceuticals,515.28,193.8466367,0.2,2.66,50.82,18330651,48726241.13,37.62
1982,ZOMATO,Zomato Limited,E-Retail/ E-Commerce,Consumer Discretionary,Consumer Services,Retailing,E-Retail/ E-Commerce,234110.94,164835.8755,0.03,2.59,49.48,6220221718,8834375094,70.41
1983,ZOTA,Zota Health Care LImited,Pharmaceuticals,Healthcare,Healthcare,Pharmaceuticals & Biotechnology,Pharmaceuticals,1552.26,423.8223506,0.19,2.49,47.57,7244827,26534358.97,27.30
1984,ZUARI,Zuari Agro Chemicals Limited,Fertilizers,Commodities,Chemicals,Fertilizers & Agrochemicals,Fertilizers,807.09,277.7021847,0.14,2.98,56.93,14471193,42057842.63,34.41
1985,ZUARIIND,ZUARI INDUSTRIES LIMITED,Sugar,Fast Moving Consumer Goods,Fast Moving Consumer Goods,Agricultural Food & other Products,Sugar,968.04,414.3858277,0.14,3.32,63.43,12748372,29781264.42,42.81
1986,ZYDUSLIFE,Zydus Lifesciences Limited,Pharmaceuticals,Healthcare,Healthcare,Pharmaceuticals & Biotechnology,Pharmaceuticals,105488.54,26165.90499,0.03,1.72,32.86,249591310,1006233987,24.80
1987,ZYDUSWELL,Zydus Wellness Limited,Packaged Foods,Fast Moving Consumer Goods,Fast Moving Consumer Goods,Food Products,Packaged Foods,12280.69,2465.826587,0.1,1.68,32.1,12776635,63632166.64,20.08