symbol,LastPrice,TTL_TMCAP,FF_MCAP,total_shares,ff_shares,ff_percent
20MICRONS,265,933.5,514.344716,35226415.09,19409234.57,55.1
21STCENMGM,111.1,116.66,33.67386561,10500450.05,3030951,28.86
360ONE,1106.1,40340.23,15344.58494,364706898.1,138726922.9,38.04
3IINFOLTD,30.39,513.79,460.7176651,169065482.1,151601732.5,89.67
3MINDIA,34247.85,38533.69,9633.282366,11251418.7,2812813.758,25
3PLAND,39,70.2,17.4866094,18000000,4483746,24.91
5PAISA,543.25,1695.93,569.4090753,31218223.65,10481529.23,33.58
63MOONS,517.75,2380.65,1291.464551,45980685.66,24943786.59,54.25
A2ZINFRA,18.55,326.7,234.6653878,176118598.4,126504252.2,71.83
AAATECH,126.66,162.46,46.2632455,12826464.55,3652553.727,28.48
AADHARHFC,458.4,19704.07,3741.690772,429844459,81625016.84,18.99
AAKASH,11.65,117.96,39.30915623,101253218.9,33741765,33.32
AAREYDRUGS,67.25,187.99,81.8653637,27953903.35,12173288.28,43.55
AARON,290.6,304.35,82.00438619,10473158.98,2821899.043,26.94
AARTECH,66.68,176.54,83.36024803,26475704.86,12501536.9,47.22
AARTIDRUGS,507.5,4631.95,1751.338867,91269950.74,34509140.24,37.81
AARTIIND,537.05,19470.91,10817.94037,362553021.1,201432648.2,55.56
AARTIPHARM,616.4,5586.19,2973.649374,90626054.51,48242202.69,53.23
AARVI,145.33,214.86,56.84592205,14784284.04,3911506.368,26.46
AAVAS,1734.15,13706.13,9888.957674,79036588.53,57024811.43,72.15
ABAN,69.5,405.64,214.0186307,58365467.63,30794047.58,52.76
ABB,8586.2,181948.77,44902.39676,211908376.2,52296006.1,24.68
ABBOTINDIA,29073.55,39758.78,9750.164769,13675240.9,3353620.307,24.52
ABCAPITAL,223.8,58303.4,15913.8527,2605156390,711074740.8,27.29
ABDL,336.65,9416.44,1258.87735,279710084.7,37394247.73,13.37
ABFRL,349.8,37468.3,13957.94735,1071134934,399026510.8,37.25
ABMINTLLTD,53.1,49.96,11.98056303,9408662.9,2256226.56,23.98
ABREL,2761.2,30841.41,14418.06618,111695675.8,52216667.33,46.75
ABSLAMC,698.5,20137.52,5033.491796,288296635.6,72061443.04,25
ACC,2299.9,43189.19,15603.56187,187787251.6,67844523.11,36.13
ACCELYA,1760,2627.02,654.0113914,14926250,3715973.815,24.9
ACCURACY,10.26,154.47,56.0948104,150555555.6,54673304.48,36.31
ACE,1345.95,16047.65,5526.775914,119229169,41062267.64,34.44
ACEINTEG,33.88,34.56,9.132364164,10200708.38,2695503,26.42
ACI,669.5,8256.68,3831.64558,123326064.2,57231450.03,46.41
ACL,89.48,824.85,82.47480612,92182610.64,9217121.828,10
ACLGATI,103.68,1523.26,756.4149529,146919367.3,72956689.13,49.66
ADANIENSOL,979.5,117665.63,35771.6473,1201282593,365203137.3,30.4
ADANIENT,3104.35,353896.25,72948.77464,1140001127,234988885.4,20.61
ADANIGREEN,1772.3,280540.07,63802.14296,1582915251,359996292.7,22.74
ADANIPORTS,1413.4,305324.84,104048.6153,2160215367,736158308.5,34.08
ADANIPOWER,633.45,244317.8,55323.49904,3856938985,873368048.6,22.64
ADFFOODS,299.25,3288.22,1041.51933,109882038.4,34804321.82,31.67
ADL,103.3,57.5,15.54529765,5566311.713,1504869.085,27.04
ADORWELD,1375.55,1872.03,769.3456413,13609319.91,5593003.826,41.1
ADROITINFO,22.25,55.11,32.57078951,24768539.33,14638557.08,59.1
ADSL,276,1542.39,737.1560891,55883695.65,26708553.95,47.79
ADVANIHOTR,73.28,679.33,154.9196167,92703329.69,21140777.39,22.8
ADVENZYMES,481.45,5386.49,2293.807107,111880569.1,47643724.31,42.58
AEGISLOG,712.35,25007,8928.43734,351049343.7,125337788.2,35.7
AEROFLEX,209,2696.98,889.9559782,129042105.3,42581625.75,33
AETHER,942.95,12499.51,2276.522319,132557505.7,24142556.01,18.21
AFFLE,1612,22620.4,10138.33965,140325062,62892925.85,44.82
AFIL,100.65,429.52,79.12731036,42674615,7861630.438,18.42
AGARIND,1127.1,1685.89,719.4545809,14957767.72,6383236.456,42.68
AGI,1009.05,6531.2,2556.566284,64726227.64,25336368.71,39.14
AGIIL,993.45,1213.67,293.2469571,12216719.51,2951803.886,24.16
AGRITECH,225.19,133.76,92.1606041,5939872.996,4092570.9,68.9
AGROPHOS,44.75,90.73,40.8195595,20274860.34,9121689.273,44.99
AGSTRA,96.12,1169.84,396.4527307,121706200.6,41245602.44,33.89
AHL,374.1,1877.83,524.1086645,50195936.92,14009854.7,27.91
AHLADA,104.65,135.22,66.40271514,12921165.79,6345218.838,49.11
AHLEAST,165.89,286.85,94.65626535,17291578.76,5705965.721,33
AHLUCONT,1096.3,7343.85,3278.439822,66987594.64,29904586.54,44.64
AIAENG,4146.55,38643.5,16060.66608,93194342.28,38732599.58,41.56
AIIL,1818.3,30945.78,7738.851295,170190727.6,42560915.67,25.01
AIRAN,35.9,448.82,124.0004869,125019498.6,34540525.6,27.63
AIROLAM,139.97,209.28,97.67520727,14951775.38,6978295.868,46.67
AJANTPHARM,3294.4,41129.18,13824.7262,124845738.2,41964321.88,33.61
AJMERA,783,2842.54,726.2766435,36303192.85,9275563.773,25.55
AJOONI,8.39,147.79,105.645919,176150178.8,125918854.6,71.48
AKASH,36.96,62.32,15.83763134,16861471.86,4285073.415,25.41
AKG,20,63.55,29.06100155,31775000,14530500.77,45.73
AKI,20.7,183.26,44.66763264,88531400.97,21578566.49,24.37
AKSHAR,1.36,107.1,94.32830022,787500000,693590442.8,88.07
AKSHARCHEM,315.5,253.44,90.72975512,8032963.55,2875745.012,35.8
AKSHOPTFBR,10.78,175.71,129.869858,162996289.4,120472966.6,73.91
AKUMS,829.3,13047.96,1304.009191,157337031.2,15724215.49,9.99
AKZOINDIA,4182,18980.75,3762.72339,45386776.66,8997425.609,19.82
ALANKIT,22.22,602.51,238.5790739,271156615.7,107371320.4,39.6
ALBERTDAVD,1392,794.44,295.2294539,5707183.908,2120901.25,37.16
ALEMBICLTD,139.13,3576.71,943.589375,257076834.6,67820698.27,26.38
ALICON,1309,2128.67,553.088236,16261802.9,4225273.002,25.98
ALKALI,125.36,127.65,38.37839703,10182673.9,3061454.772,30.07
ALKEM,6286.3,75162.15,32777.36132,119565006.4,52140943.51,43.61
ALKYLAMINE,2362.95,12084.98,3275.031187,51143612.86,13859925.88,27.1
ALLCARGO,60.74,5976.3,2163.954404,983915047.7,356265130.7,36.21
ALLDIGI,1008.5,1536.79,408.9444755,15238373.82,4054977.447,26.61
ALMONDZ,34,572.36,242.7667843,168341176.5,71401995.38,42.42
ALOKINDS,24.09,11961.26,2983.707495,4965238688,1238566831,24.94
ALPA,120.94,254.47,108.6718299,21041012.07,8985598.636,42.71
ALPHAGEO,418.15,266.14,139.4566625,6364701.662,3335086.99,52.4
ALPSINDUS,3.63,14.2,10.99150675,39118457.3,30279632.92,77.4
AMBER,5082.95,17178.87,9603.620441,33797046.99,18893792.86,55.9
AMBICAAGAR,27.97,48.05,27.18646561,17179120.49,9719866.145,56.58
AMBIKCO,1630.5,935.15,457.4268133,5735357.252,2805438.904,48.91
AMBUJACEM,590.1,145262.71,35541.07031,2461662600,602288939.3,24.47
AMDIND,68.98,132.21,43.92751495,19166425.05,6368152.355,33.23
AMIORG,1657.35,6783.12,3929.005095,40927504.75,23706550.19,57.92
AMJLAND,50.8,205.82,67.71578532,40515748.03,13329879,32.9
AMNPLST,290,1595.58,396.0915659,55020000,13658329.86,24.82
AMRUTANJAN,759.95,2197.06,1055.268708,28910586.22,13886028.14,48.03
ANANDRATHI,4082,16942.85,7175.017796,41506246.94,17577211.65,42.35
ANANTRAJ,767.55,26192.25,10214.08057,341244870,133073813.6,39
ANDHRAPAP,103.73,2062.67,564.547916,198849898.8,54424748.48,27.37
ANDHRSUGAR,106.22,1439.39,753.0742334,135510261.7,70897593.05,52.32
ANGELONE,2958.95,26675.23,17057.84508,90150999.51,57648304.56,63.95
ANKITMETAL,3.56,50.24,14.56824802,141123595.5,40922045,29
ANMOL,33.79,191.69,82.33664818,56729801.72,24367164.3,42.95
ANUP,2718.5,5437.67,3193.184929,20002464.59,11746128.12,58.72
ANURAS,734.75,8070.1,1683.431859,109834637.6,22911627.88,20.86
APARINDS,10665,42839.51,17977.66698,40168316.92,16856696.65,41.97
APCL,174.5,512.59,118.7941849,29374785.1,6807689.681,23.18
APCOTEXIND,418.85,2171.53,894.0998338,51845051.93,21346540.14,41.17
APEX,259.86,809.69,221.4584122,31158700.84,8522220.126,27.35
APLAPOLLO,1536,42627.77,27732.2702,277524544.3,180548634.1,65.06
APLLTD,1151.85,22638.17,6427.528591,196537483.2,55801784.88,28.39
APOLLO,100.79,3091.87,1123.765352,306763567.8,111495719.1,36.35
APOLLOHOSP,7088.05,101913.85,71645.98268,143782634.2,101079962.3,70.3
APOLLOPIPE,560.05,2315.99,1129.191545,41353272.03,20162334.53,48.76
APOLLOTYRE,511.95,32564.8,16992.78813,636093368.5,331922807.4,52.18
APOLSINHOT,1908,496.16,152.7997734,2600419.287,800837.3868,30.8
APTECHT,212.81,1234.82,625.3675187,58024528.92,29386190.44,50.64
APTUS,382.75,19127.19,7572.948261,499730633.6,197856257.6,39.59
ARCHIDPLY,134.09,266.37,80.20554048,19865016.03,5981470.69,30.11
ARCHIES,27.93,94.35,34.88547465,33780880.77,12490323.9,36.97
ARE%26M,1391.55,25445.1,17000.43655,182854371,122169067.2,66.81
ARENTERP,45,13.99,5.082485458,3108888.889,1129441.213,36.33
ARIES,252.7,328.62,151.2435264,13004352.99,5985101.955,46.02
ARIHANTCAP,119.83,1245.5,357.6504093,103938913.5,29846483.29,28.72
ARIHANTSUP,371.1,1530.74,386.207404,41248720.02,10407097.92,25.23
ARKADE,156.57,2913.06,351.6840233,186054799.8,22461775.78,12.07
ARMANFIN,1523.25,1597.97,1026.026604,10490530.12,6735772.881,64.21
AROGRANITE,55.72,85.25,48.9583741,15299712.85,8786499.3,57.43
ARROWGREEN,824.4,1243.85,360.594826,15087942.75,4374027.487,28.99
ARSHIYA,3.85,101.44,86.84836705,263480519.5,225580174.1,85.62
ARSSINFRA,18.52,42.11,22.40845795,22737580.99,12099599.32,53.21
ARTEMISMED,290.05,3991.15,927.5564991,137602137.6,31979193.21,23.24
ARTNIRMAN,61.4,153.23,40.22926865,24956026.06,6551998.152,26.25
ARVEE,180.04,198.4,52.49970361,11019773.38,2916002.2,26.46
ARVIND,363.5,9524.37,5680.250134,262018431.9,156265478.2,59.64
ARVINDFASN,631.6,8414.04,4685.023525,133217859.4,74177066.57,55.68
ARVSMART,863.5,3933.63,1893.165804,45554487.55,21924328.94,48.13
ASAHIINDIA,733.35,17801.48,8046.029129,242741937.7,109716085.5,45.2
ASAHISONG,462,544.57,139.1212388,11787229.44,3011282.225,25.55
ASAL,721.4,1144.46,283.7609483,15864430.27,3933475.857,24.79
ASALCBR,973.55,1762.63,691.231906,18105182.07,7100117.159,39.22
ASHAPURMIN,312.8,2988.06,1562.759445,95526214.83,49960340.31,52.3
ASHIANA,305.7,3072.54,1087.431949,100508341.5,35571866.18,35.39
ASHIMASYN,34,651.64,172.2315342,191658823.5,50656333.6,26.43
ASHOKA,253.86,7130.37,3244.296828,280878043,127798661.8,45.5
ASHOKAMET,31.24,78.09,36.05561938,24996798.98,11541491.48,46.17
ASHOKLEY,226.53,66492.46,32356.66085,2935260672,1428360961,48.66
ASIANENE,373.45,1528.32,503.7148255,40924354,13488146.35,32.96
ASIANHOTNR,205.74,400.23,364.4601116,19453193.35,17714596.66,91.06
ASIANPAINT,3085,295807.01,139362.3678,958855786.1,451741872.8,47.11
ASIANTILES,78.6,996.22,707.0386522,126745547.1,89954027,70.97
ASKAUTOLTD,402.5,7934.99,1190.248448,197142608.7,29571390,15
ASMS,24.69,751.09,108.5316438,304208181.4,43957733.42,14.45
ASPINWALL,281.6,220.16,70.79825305,7818181.818,2514142.509,32.16
ASTEC,1102.95,2163.04,718.0955611,19611405.78,6510681.001,33.2
ASTERDM,426,21279.26,9054.048548,499513145.5,212536350.9,42.55
ASTRAL,1899.8,51043.16,23424.1543,268676492.3,123298001.4,45.89
ASTRAMICRO,854,8108.3,7211.938182,94944964.87,84448924.85,88.95
ASTRAZEN,7715,19309.38,4747.061594,25028360.34,6153028.638,24.58
ASTRON,21.49,101.79,74.24371759,47366216.85,34548030.52,72.94
ATALREAL,9.11,101.13,51.32574135,111009879.3,56340001.49,50.75
ATAM,154,176.53,68.22130502,11462987.01,4429954.872,38.65
ATFL,931.5,2270,1077.336142,24369296.83,11565605.39,47.46
ATGL,749.45,82430.77,20711.65879,1099883515,276358113.1,25.13
ATL,41.02,1007.84,320.0769201,245694783,78029478.33,31.76
ATLANTAA,57,470.66,125.045613,82571929.82,21937826.84,26.57
ATUL,7983,23503.35,12677.55081,29441751.22,15880684.97,53.94
ATULAUTO,629.2,1746.53,633.0366604,27757946.6,10060976.8,36.25
AUBANK,693.7,51579.18,38748.20834,743537263.9,558572990.4,75.12
AURIONPRO,1696.3,9365.87,4596.8373,55213523.55,27099200.02,49.08
AUROPHARMA,1487.6,86376.82,41505.87466,580645469.2,279012333,48.05
AURUM,197.35,576.06,377.7316402,29189764.38,19140189.52,65.57
AUSOMENT,160,217.98,56.97848859,13623750,3561155.537,26.14
AUTOAXLES,1880.9,2838.78,815.7521685,15092668.4,4337031.041,28.74
AUTOIND,119.82,466.86,237.9965077,38963445.17,19862836.56,50.98
AVADHSUGAR,758,1515.19,592.8891965,19989313.98,7821757.21,39.13
AVALON,634,4187.31,1549.34261,66045899.05,24437580.6,37
AVANTEL,177.63,4326.06,2532.036705,243543320.4,142545555.6,58.53
AVANTIFEED,636.2,8667.95,2545.478675,136245677.5,40010667.63,29.37
AVG,509.55,694.7,223.0188385,13633598.27,4376780.267,32.1
AVROIND,153,154.34,45.05844271,10087581.7,2944996.255,29.19
AVTNPL,85.41,1300.66,302.7111581,152284275.8,35442121.31,23.27
AWFIS,701.75,4926.77,895.3569529,70206911.29,12758916.32,18.17
AWHCL,791.05,2244.88,1208.273873,28378484.29,15274304.69,53.82
AWL,336.8,43773.18,5315.291016,1299678741,157817429.2,12.14
AXISBANK,1163.2,359863.44,331110.3161,3093736589,2846546734,92.01
AXISCADES,526,2225.82,882.4369526,42315969.58,16776367.92,39.65
AXITA,15.2,528.71,196.7113185,347835526.3,129415341.1,37.21
AZAD,1550.25,9163.99,3130.106475,59112981.78,20190978.71,34.16
BAFNAPH,83,196.35,22.96324224,23656626.51,2766655.691,11.7
BAGFILMS,12.02,237.69,126.312979,197745424.3,105085673,53.14
BAIDFIN,15.05,180.7,112.163849,120066445.2,74527474.42,62.07
BAJAJ-AUTO,11621,324620.21,128816.376,279339308.1,110847927,39.68
BAJAJCON,231.34,3170.58,1923.330637,137052822.7,83138697.89,60.66
BAJAJELEC,896.15,10330.58,3716.475669,115277353.1,41471580.31,35.98
BAJAJFINSV,1869.6,298495.98,101877.6385,1596576701,544916765.6,34.13
BAJAJHCARE,380.45,1049.98,338.938341,27598370.35,8908880.036,32.28
BAJAJHFL,140,116594.05,9326.191802,8328146429,666156557.3,8
BAJAJHIND,39.13,5005.97,3501.733944,1279317659,894897506.7,69.95
BAJAJHLDNG,10685.4,118921.57,46158.33844,111293512.6,43197576.54,38.81
BAJEL,281.4,3251.16,1172.105934,115535181.2,41652662.89,36.05
BAJFINANCE,7098.3,439382.16,198403.1226,618996323.1,279507942.2,45.16
BALAJEE,76.29,622.3,111.618291,81570323.76,14630789.23,17.94
BALAJITELE,62.19,630.9,255.8107955,101447178,41133750.68,40.55
BALAMINES,2246.25,7278.07,2418.489284,32400979.41,10766785.9,33.23
BALAXI,95.89,529.38,129.4197407,55207008.03,13496687.94,24.45
BALKRISHNA,24.83,80,32.16739055,32219089.81,12955050.56,40.21
BALKRISIND,2986.45,57733.21,23951.60232,193317182.6,80200915.2,41.49
BALMLAWRIE,252.45,4316.99,1633.890858,171003763.1,64721364.94,37.85
BALPHARMA,130.05,207.77,99.3362085,15976163.01,7638308.997,47.81
BALRAMCHIN,668.55,13478.87,7653.61076,201613491.9,114480753.3,56.78
BALUFORGE,792.8,8676.55,3547.526098,109441851.7,44746797.4,40.89
BANARBEADS,112.44,74.62,15.91514493,6636428.317,1415434.448,21.33
BANARISUG,3733,4681.07,994.5494965,12539699.97,2664209.741,21.25
BANCOINDIA,730.95,5227.66,1628.857057,71518708.53,22284110.49,31.16
BANDHANBNK,195.68,31479.99,16176.14209,1608748467,826663026,51.39
BANG,57.48,77.94,21.05845143,13559498.96,3663613.68,27.02
BANKA,129.3,140.25,60.80743205,10846867.75,4702817.637,43.36
BANKBARODA,244.79,126589.77,45558.47627,5171361984,1861124894,35.99
BANKINDIA,104.53,47589.04,12669.34039,4552668134,1212029120,26.62
BANSALWIRE,429.05,6717.03,874.0203496,156555879.3,20371060.47,13.01
BANSWRAS,138.41,473.81,212.5878731,34232353.15,15359285.68,44.87
BARBEQUE,683.05,2668.88,1476.584564,39072981.48,21617517.96,55.33
BASF,8410.3,36404.52,9576.003362,43285637.85,11386042.55,26.3
BASML,56.65,367.33,134.7995309,64842012.36,23795151.08,36.7
BATAINDIA,1422.6,18287.54,9068.693082,128550119.5,63747315.36,49.59
BAYERCROP,6573.95,32940.25,9349.36196,50107241.46,14221833.08,28.38
BBL,4968.7,5616.18,3705.716515,11303117.52,7458120.867,65.98
BBOX,476.5,8008.78,2169.458301,168075131.2,45529030.45,27.09
BBTC,2672.7,18647.94,4625.859773,69771916.04,17307815.22,24.81
BBTCL,232.91,477.73,136.4909865,20511356.32,5860245.869,28.57
BCLIND,57.56,1698.96,561.6675417,295163307.9,97579489.52,33.06
BCONCEPTS,594.2,666.56,297.2575339,11217771.79,5002651.194,44.6
BDL,1193.5,43749.23,10992.48563,366562463.3,92102937.86,25.13
BEARDSELL,47.76,188.63,83.04542501,39495393.63,17388070.56,44.03
BECTORFOOD,1900.5,11668.71,5696.338726,61398105.76,29972842.55,48.82
BEDMUTHA,208.81,673.7,164.6096914,32263780.47,7883228.361,24.43
BEL,288.35,210777.47,103045.5622,7309778741,3573627958,48.89
BEML,3728.6,15527.57,7111.377616,41644504.64,19072514.12,45.8
BEPL,159,3961.33,1500.790632,249140251.6,94389347.95,37.89
BERGEPAINT,584.5,68169.92,16587.18951,1166294611,283784251.7,24.33
BESTAGRO,561,1326.47,555.6979228,23644741.53,9905488.821,41.89
BFINVEST,668.45,2517.89,544.8551485,37667589.2,8151023.24,21.64
BFUTILITIE,1056.25,3978.64,1563.033856,37667597.63,14797953.67,39.29
BGRENERGY,45.99,328.34,160.862665,71393781.26,34977748.43,48.99
BHAGCHEM,361.55,4498.95,2348.742501,124435071.2,64963144.82,52.21
BHAGERIA,217,947.08,260.0763364,43644239.63,11985084.63,27.46
BHAGYANGR,105.23,336.68,92.07134188,31994678.32,8749533.581,27.35
BHANDARI,6.76,162.27,111.9410109,240044378.7,165593211.4,68.98
BHARATFORG,1490.3,69386.67,37949.86731,465588606.3,254645825,54.69
BHARATGEAR,108.09,165.97,72.24784501,15354796.93,6684045.241,43.53
BHARATRAS,11167.75,4639.46,1076.152726,4154337.266,963625.3732,23.2
BHARATWIRE,260.7,1784.46,632.4312843,68448791.71,24258967.56,35.44
BHARTIARTL,1711.9,974611.12,457969.5968,5693154507,2675212319,46.99
BHARTIHEXA,1473.35,73667.5,8559.196875,500000000,58093439.27,11.62
BHEL,269,93667.5,34519.71127,3482063197,1283260642,36.85
BIGBLOC,133.8,1894.28,521.310059,141575485.8,38961887.82,27.52
BIKAJI,863.4,21631.77,5369.685366,250541695.6,62192325.29,24.82
BIL,746.75,911.74,380.1791491,12209440.91,5091116.827,41.7
BINANIIND,17.02,53.39,24.11432186,31368977.67,14168226.71,45.17
BIOCON,348,41780.88,15626.94744,1200600000,449050213.8,37.4
BIOFILCHEM,77,125.31,66.87750581,16274025.97,8685390.365,53.37
BIRLACABLE,241.3,723.9,228.7639824,30000000,9480480,31.6
BIRLACORPN,1248,9609.5,3537.376221,76999198.72,28344360.74,36.81
BIRLAMONEY,162.44,917.94,242.9967932,56509480.42,14959172.2,26.47
BLAL,236.84,986.31,452.040331,41644570.17,19086316.97,45.83
BLBLIMITED,20.89,111.02,68.68217441,53145045.48,32878015.51,61.86
BLISSGVS,127.2,1337.44,839.3965535,105144654.1,65990295.08,62.76
BLKASHYAP,90.74,2045.64,783.4751308,225439717.9,86342862.11,38.3
BLS,373.35,15362.05,4326.453398,411465113.2,115881971.3,28.16
BLSE,219.69,1996.03,505.6333583,90856661.66,23015765.77,25.33
BLUECHIP,6.68,36.94,32.78817544,55299401.2,49084094.97,88.76
BLUEDART,8568.5,20331.28,5055.494821,23727933.71,5900093.157,24.87
BLUEJET,524.6,9100,1272.17808,173465497.5,24250439.96,13.98
BLUESTARCO,2030.4,41762.42,26265.49982,205685677.7,129361208.7,62.89
BODALCHEM,83.56,1052.39,441.2551662,125944231.7,52806984.94,41.93
BOMDYEING,233.63,4825.27,2204.960189,206534691.6,94378298.57,45.7
BOROLTD,436.8,5216.08,1576.902415,119415750.9,36101245.75,30.23
BORORENEW,466,6079.52,2207.289972,130461802.6,47366737.61,36.31
BOROSCI,190.5,1692.82,448.6357575,88861942.26,23550433.46,26.5
BOSCHLTD,38590,113867.13,33400.69868,29506900.75,8655273.045,29.33
BPCL,346.55,150415.99,66976.92688,4340383494,1932677157,44.53
BPL,114.32,559.89,207.2267449,48975682.3,18126902.11,37.01
BRIGADE,1270.65,31032.37,17493.24401,244224373.4,137671616.9,56.37
BRITANNIA,6015.75,144894.32,70799.25186,240858280.3,117689817.3,48.86
BRNL,47.01,394.65,190.0343437,83950223.36,40424238.19,48.15
BSE,4738.9,64152.15,64120.77735,135373504.4,135307302,99.95
BSHSL,174.02,1826.12,468.9015898,104937363.5,26945270.07,25.68
BSL,218.07,224.44,91.87415149,10292108.04,4213057.802,40.93
BSOFT,594.5,16448.19,9741.518795,276672666.1,163860703,59.23
BTML,13.84,172.94,112.461995,124956647.4,81258666.92,65.03
BURNPUR,6.44,55.46,54.4529863,86118012.42,84554326.56,98.18
BUTTERFLY,910.8,1628.47,377.7809491,17879556.43,4147792.59,23.2
BVCL,58.69,130.06,58.06214471,22160504.34,9893021.76,44.64
BYKE,71.6,335.79,158.5486446,46898044.69,22143665.45,47.22
CALSOFT,20.27,31.33,20.10332757,15456339.42,9917773.837,64.17
CAMLINFINE,100.64,1685.67,822.2133733,167495031.8,81698467.14,48.78
CAMPUS,314.55,9612.53,2511.979126,305596248.6,79859454.01,26.13
CAMS,4644,22891.93,22128.61979,49293561.58,47649913.42,96.67
CANBK,104.66,94996.93,35221.17358,9076717944,3365294628,37.08
CANFINHOME,887.45,11816.76,7485.813569,133154093.2,84351947.37,63.35
CANTABIL,246.1,2058.33,483.1135461,83637952.05,19630782.04,23.47
CAPACITE,395.95,3357.09,2169.424084,84785705.27,54790354.44,64.62
CAPITALSFB,295,1329.54,343.8937612,45069152.54,11657415.63,25.87
CAPLIPOINT,1929.85,14617.81,3877.811364,75745835.17,20093848.56,26.53
CAPTRUST,133.85,227.67,38.0410542,17009338.81,2842066.059,16.71
CARBORUNIV,1533.35,29180.9,16994.86494,190308148.8,110834870.9,58.24
CAREERP,510,927.84,336.9738187,18192941.18,6607329.779,36.32
CARERATING,1246.55,3727.28,3394.260271,29900766.11,27229234.86,91.07
CARTRADE,990.3,4684.13,3543.92649,47300111.08,35786392.91,75.66
CARYSIL,793.5,2254.78,1282.202249,28415626.97,16158818.51,56.87
CASTROLIND,229.05,22655.85,11058.84092,989122462.3,482813399.9,48.81
CCHHL,20.36,332.81,85.04234857,163462671.9,41769326.41,25.55
CCL,661.45,8837.55,4728.951107,133608738.4,71493704.85,53.51
CDSL,1577.5,32969.75,28023.43029,209000000,177644566,85
CEATLTD,2986.45,12074.55,6285.480214,40431113.86,21046661.47,52.06
CEIGALL,377.6,6577.1,855.0235885,174181673.7,22643633.17,13
CELEBRITY,16.06,90.82,54.72889994,56550435.87,34077770.82,60.26
CELLO,886.7,19585.88,3825.160748,220885079.5,43139288.91,19.53
CENTENKA,649.25,1418.65,1046.597313,21850596.84,16120097.23,73.77
CENTEXT,24.17,193.36,91.59115152,80000000,37894560,47.37
CENTRALBK,57.15,49611.57,3431.929887,8680939633,600512666.1,6.92
CENTRUM,35.73,1486.48,531.639585,416031346.2,148793614.6,35.77
CENTUM,1757.05,2266.03,907.7548814,12896787.23,5166357.71,40.06
CENTURYPLY,906.1,20128.87,5498.080858,222148438.4,60678521.77,27.31
CERA,8025.05,10350.34,4613.533418,12897539.58,5748915.481,44.57
CEREBRAINT,12.27,137.41,136.254153,111988590.1,111046579.5,99.16
CESC,190,25185.84,11951.46032,1325570526,629024227.3,47.45
CGCL,197.8,12237.37,3683.305539,618673913,186213626.8,30.1
CGPOWER,838.35,128140.8,53364.81662,1528488102,636545793.8,41.65
CHALET,900.9,19651.96,6375.623346,218136974.1,70769489.91,32.44
CHAMBLFERT,503.3,20150.81,7609.929736,400373733.4,151200670.3,37.76
CHEMBOND,610,820.35,247.0749596,13448360.66,4050409.173,30.12
CHEMCON,257.95,944.89,241.259436,36630742.39,9352953.517,25.53
CHEMFAB,1221.05,1744.47,455.1135566,14286638.55,3727231.125,26.09
CHEMPLASTS,491.05,7763.97,3500.054199,158109561.1,71276941.22,45.08
CHENNPETRO,897.85,13367.03,4311.833003,148878209.1,48023979.54,32.26
CHEVIOT,1315.5,768.5,180.0838271,5841885.215,1368938.252,23.43
CHOICEIN,482.6,9622.03,3827.353015,199378988.8,79306941.88,39.78
CHOLAFIN,1503.05,126483.85,62560.97454,841514587,416226835.7,49.46
CHOLAHLDNG,1935.1,36336.82,18966.54651,187777479.2,98013262.95,52.2
CIEINDIA,545.65,20699.91,6924.027342,379362411.8,126895030.6,33.45
CIGNITITEC,1390.3,3795.53,1873.071617,27300079.12,13472427.65,49.35
CINELINE,109.52,375.29,113.8734018,34266800.58,10397498.34,30.34
CINEVISTA,20.44,117.4,38.23570425,57436399.22,18706313.23,32.57
CIPLA,1588,128241.64,87169.55316,807567002.5,548926657.2,67.97
CLEAN,1616.85,17181.34,3624.976157,106264279.3,22419990.46,21.1
CLEDUCATE,120.75,664.54,308.7941806,55034368.53,25573017.03,46.47
CLSEL,324,1612.6,412.8888489,49771604.94,12743482.99,25.6
CMSINFO,590.35,9633.52,9041.339201,163183196.4,153152184.3,93.85
COALINDIA,498.55,306780.62,112813.8432,6153457427,2262839098,36.77
COASTCORP,262,350.96,174.7605222,13395419.85,6670248.94,49.79
COCHINSHIP,1643,43224.17,11723.01589,263080766.9,71351283.59,27.12
COFFEEDAY,36.05,761.56,636.2290688,211251040.2,176485178.6,83.54
COFORGE,7487.6,49987.99,49700.3859,66761031.57,66376924.38,99.42
COLPAL,3504.9,95328.24,46325.04657,271985620.1,132172234.8,48.6
COMPUSOFT,30.2,238.96,68.27987828,79125827.81,22609231.22,28.57
COMSYN,65.39,261.37,103.4192134,39970943.57,15815753.69,39.57
CONCOR,877.7,53438.16,24117.51441,608843112.7,274780841,45.13
CONCORDBIO,1925.65,20176.28,6348.983076,104776465.1,32970597.34,31.47
CONFIPET,82.94,2685.01,883.3964354,323729201.8,106510300.9,32.9
CONSOFINVT,207.46,670.64,154.1640111,32326231.56,7431023.384,22.99
CONTROLPR,800.3,1282.42,591.2835074,16024240.91,7388273.24,46.11
CORALFINAC,53.25,214.61,50.66540412,40302347.42,9514629.882,23.61
CORDSCABLE,209,270.19,129.7122936,12927751.2,6206329.839,48.01
COROMANDEL,1622.65,47743.56,18949.74264,294232027.9,116782686.6,39.69
COSMOFIRST,768.75,2017.95,1031.811036,26249756.1,13421932.17,51.13
COUNCODOS,6.85,53.15,22.59768977,77591240.88,32989328.14,42.52
CRAFTSMAN,6197.3,14773.76,7586.767206,23839026.67,12242052.52,51.35
CREATIVE,879.1,1240.73,535.9830811,14113638.95,6096952.35,43.2
CREATIVEYE,7.81,15.67,6.852039751,20064020.49,8773418.375,43.73
CREDITACC,1054,16807.37,5591.228641,159462713.5,53047710.07,33.27
CREST,506.4,1440.71,429.656584,28450039.49,8484529.7,29.82
CRISIL,4746.95,34714.28,11539.72069,73129651.67,24309758.25,33.24
CROMPTON,426.25,27429.14,27357.13518,643498885.6,641809623,99.74
CROWN,250,280.58,64.96239857,11223200,2598495.943,23.15
CSBBANK,304.6,5284.38,3015.207319,173485883.1,98989078.11,57.06
CSLFINANCE,407.25,929.08,468.879211,22813505.22,11513301.68,50.47
CTE,102.75,201.71,82.43611836,19631143.55,8022979.889,40.87
CUB,154.65,11454.49,11115.83305,740671839.6,718773556.3,97.04
CUBEXTUB,111.6,159.96,88.90632996,14333333.33,7966517.021,55.58
CUMMINSIND,3693.15,102295.12,49899.39753,276986095.9,135113378.9,48.78
CUPID,79.1,1167.48,600.5800453,147595448.8,75926680.82,51.44
CYBERMEDIA,28.71,44.98,17.10069921,15667014.98,5956356.396,38.02
CYBERTECH,223.1,694.52,281.7286082,31130434.78,12627907.14,40.56
CYIENT,1871.8,20767.76,15787.62053,110950742.6,84344590.92,76.02
CYIENTDLM,711.3,5640.25,1879.713631,79294952.9,26426453.41,33.33
DABUR,570.5,101110.36,33593.66407,1772311306,588845995.9,33.22
DALBHARAT,1873.15,35119.23,14924.68837,187487547.7,79676952.57,42.5
DALMIASUG,542.95,4394.6,1024.274397,80939313.01,18864985.66,23.31
DAMODARIND,44.47,103.62,29.63381499,23301101.87,6663776.7,28.6
DANGEE,8.41,90.65,32.22867779,107788347.2,38321852.31,35.55
DATAMATICS,613,3610.96,1205.970235,58906362.15,19673250.16,33.4
DATAPATTNS,2482.95,13900.54,7331.184527,55983970.68,29526106.15,52.74
DAVANGERE,6.8,639.77,249.84267,940838235.3,367415691.2,39.05
DBCORP,334.6,5961.15,1647.643889,178157501.5,49242196.32,27.64
DBL,512,7486.21,2234.550297,146215039.1,43643560.48,29.85
DBOL,145.34,964.81,470.6831194,66382964.08,32384967.62,48.79
DBREALTY,194.01,10468.85,3814.376412,539603628.7,196607206.4,36.44
DBSTOCKBRO,51.13,179.2,86.067968,35047917.07,16833164.09,48.03
DCAL,181.11,2839.5,1153.270889,156783170.4,63677924.38,40.62
DCBBANK,115.5,3621.76,3073.494993,313572294.4,266103462.6,84.86
DCI,417.95,543.34,200.2010174,13000119.63,4790071,36.85
DCM,91.97,171.78,84.66175064,18677829.73,9205365.95,49.28
DCMFINSERV,6.9,12.96,7.840216484,18782608.7,11362632.59,60.5
DCMNVL,221.5,413.71,201.2085643,18677652.37,9083908.094,48.64
DCMSHRIRAM,1023.2,15956.02,5033.603169,155942337.8,49194714.32,31.55
DCMSRIND,193.3,1681.56,705.3683932,86992240.04,36490863.59,41.95
DCW,101.15,2985.49,1618.883736,295154720.7,160047823.6,54.23
DCXINDIA,323,3590.54,1431.419626,111162229.1,44316397.1,39.87
DECCANCE,620.8,869.59,370.2060687,14007570.88,5963370.952,42.57
DEEDEV,264.7,1827.86,382.0431484,69054023.42,14433061.9,20.9
DEEPAKFERT,1054.25,13308.62,7091.164034,126237799.4,67262642.01,53.28
DEEPAKNTR,2904,39608.54,19919.38767,136393044.1,68592932.76,50.29
DEEPINDS,502.7,3217.28,1159.233155,64000000,23060138.34,36.03
DELHIVERY,410,30345.27,18955.78502,740128536.6,462336220,62.47
DELPHIFX,280.7,312.36,71.9527213,11127894.55,2563331.717,23.04
DELTACORP,122.39,3277.25,2162.452404,267771059.7,176685383.2,65.98
DELTAMAGNT,102.24,110.94,30.16764092,10850938.97,2950669.104,27.19
DEN,50.77,2423.82,602.5545397,477411857.4,118683186.9,24.86
DENORA,1503.6,795.23,361.0350536,5288840.117,2401137.627,45.4
DEVIT,151.05,339.63,93.7507996,22484607.75,6206607.057,27.6
DEVYANI,178.73,21562.01,7159.640985,1206401276,400584176.4,33.2
DHAMPURSUG,214,1401.98,708.2092335,65513084.11,33093889.41,50.51
DHANBANK,35.78,905.28,696.808184,253012856.3,194747955.3,76.97
DHANI,64.71,3906.54,2495.872723,603699582.8,385701239.9,63.89
DHANUKA,1490,6791.17,2001.534451,45578322.15,13433117.12,29.47
DHARMAJ,350.45,1183.07,350.1426836,33758596.09,9991230.806,29.6
DHRUV,108.05,171.68,68.76499589,15888940.31,6364182.868,40.05
DHUNINV,2346,1430.4,307.3087505,6097186.701,1309926.473,21.48
DIACABS,1661.7,8756.68,823.8633027,52697117.41,4957954.521,9.41
DIAMINESQ,534.15,522.61,219.717509,9783955.818,4113404.644,42.04
DIAMONDYD,1094.6,2613.19,925.6006153,23873469.76,8456062.629,35.42
DICIND,750,688.42,190.7152767,9178933.333,2542870.356,27.7
DIFFNKG,254,946.88,168.8493094,37278740.16,6647610.605,17.83
DIGIDRIVE,47.91,184.75,74.87402361,38561886.87,15628057.53,40.53
DIGISPICE,32,745.48,81.09427083,232962500,25341959.63,10.88
DIGJAMLMTD,90,180,18,20000000,2000000,10
DIL,5.87,95.53,55.09095237,162742759.8,93851707.62,57.67
DISHTV,14,2577.76,1851.453536,1841257143,1322466811,71.82
DIVGIITTS,642.55,1969.54,538.2793574,30651933.7,8377236.906,27.33
DIVISLAB,6242.35,165714.78,79148.22028,265468581.5,126792346.3,47.76
DIXON,15322.45,91669.66,57777.54047,59827025.05,37707768.97,63.03
DLF,860.3,212951.35,55116.8151,2475315006,640669709.4,25.88
DLINKINDIA,561.05,1992,840.7226565,35504856.96,14984808.06,42.2
DMART,4194.65,272959.75,61956.46098,650733076.7,147703529.4,22.7
DMCC,262.1,653.68,301.037898,24940099.2,11485612.28,46.05
DNAMEDIA,4.88,57.44,21.73253683,117704918,44533886.95,37.84
DODLA,1306.5,7881.83,3031.177743,60327822.43,23200748.13,38.46
DOLATALGO,145.34,2558.16,642.7737307,176012109.5,44225521.59,25.13
DOLLAR,538.1,3052.18,848.2124743,56721427.24,15763101.18,27.79
DOLPHIN,565.6,2262.66,529.7359982,40004596.89,9365912.274,23.41
DOMS,2789.15,16943.88,4238.381886,60749260.53,15195962.52,25.01
DONEAR,128,665.6,167.5694592,52000000,13091364,25.18
DPABHUSHAN,1796,4060.92,927.6288482,22610913.14,5164971.315,22.84
DPSCLTD,18.98,1848.25,131.4366451,973788198.1,69250076.46,7.11
DPWIRES,435.65,675.53,170.349416,15506255.02,3910235.647,25.22
DRCSYSTEMS,26.15,346.99,268.9640075,132692160.6,102854305,77.51
DREAMFOLKS,463.05,2457.62,835.1058311,53074613.97,18034895.39,33.98
DREDGECORP,1076.4,3013.78,797.1839891,27998699.37,7406019.966,26.45
DRREDDY,6633.1,110684.47,80781.51301,166866879.7,121785459.3,72.98
DSSL,1372.7,1742.4,680.5122268,12693232.32,4957472.33,39.06
DTIL,263.05,276.4,84.25906063,10507508.08,3203157.599,30.48
DUCON,8.87,288.21,138.9021955,324926719.3,156597740.1,48.19
DVL,472.9,1656.32,404.0577581,35024740.96,8544253.714,24.39
DWARKESH,72.9,1350.85,779.607303,185301783.3,106942016.9,57.71
DYCL,554.5,1343.52,307.4683263,24229395.85,5544965.308,22.89
DYNAMATECH,7827.6,5316.07,3052.588355,6791443.099,3899775.608,57.42
DYNPRO,428,514.81,346.2398334,12028271.03,8089715.734,67.26
E2E,3511.65,5929.17,2382.535299,16884285.17,6784660.483,40.18
EASEMYTRIP,32.97,5844.19,1975.312829,1772578101,599124303.6,33.8
ECLERX,3079.85,14640.81,6560.743703,47537412.54,21302153.36,44.81
ECOSMOBLTY,460.2,2761.2,579.348,60000000,12589048.24,20.98
EDELWEISS,126.6,11953.75,7297.675119,944214060,576435633.4,61.05
EICHERMOT,4718.6,129318.29,64843.02179,274060717.2,137420043.6,50.14
EIDPARRY,824.75,14645.74,8347.736699,177577932.7,101215358.6,57
EIFFL,205,508.4,134.7097312,24800000,6571206.4,26.5
EIHAHOTELS,392.95,2394.49,591.9925707,60936251.43,15065340.9,24.72
EIHOTEL,418.5,26171.49,8913.876763,625364157.7,212995860.5,34.06
EIMCOELECO,3110,1788.17,454.428173,5749742.765,1461183.836,25.41
EKC,205.35,2304.18,746.8961025,112207450.7,36371857.93,32.41
ELDEHSG,864.1,849.67,373.0669691,9833005.439,4317405.035,43.91
ELECON,706.15,15846,6212.931786,224399915,87983173.35,39.21
ELECTCAST,201.24,12429.22,6647.561468,617631683.6,330330027.2,53.48
ELGIEQUIP,673.9,21356.5,14500.87033,316909036.9,215178369.7,67.9
ELGIRUBCO,99.48,497.9,167.6296071,50050261.36,16850583.75,33.67
ELIN,231.55,1149.86,765.9532205,49659252.86,33079387.63,66.61
EMAMILTD,734.85,32076.2,14450.71414,436499966,196648488,45.05
EMAMIPAP,114.54,692.96,171.8745991,60499388.86,15005639.87,24.8
EMAMIREAL,118.6,448.83,164.0207933,37844013.49,13829746.48,36.54
EMBDL,128.7,8186.93,6125.605145,636125097.1,475959995.8,74.82
EMCURE,1488,28088.67,2021.542079,188767943.5,13585632.25,7.2
EMIL,214.59,8256.32,2231.45153,384748590.3,103986743.6,27.03
EMMBI,130.92,231.6,91.07838572,17690192.48,6956796.954,39.33
EMSLIMITED,802.7,4464.68,1350.538418,55620779.87,16824946.03,30.25
EMUDHRA,935,7742.89,2498.322373,82811657.75,26720025.38,32.27
ENDURANCE,2345.8,32996.69,8240.029636,140662844.2,35126735.59,24.97
ENERGYDEV,24.44,116.09,48.17963826,47500000,19713436.28,41.5
ENGINERSIN,194.19,10914.3,5305.494089,562042329.7,273211498.5,48.61
ENIL,213.8,1019.19,293.8813803,47670252.57,13745621.15,28.83
ENTERO,1284.65,5587.21,1634.031786,43492079.55,12719665.17,29.25
EPACK,402.9,3866.54,1121.226945,95967733.93,27828913.99,29
EPIGRAL,2303.05,9569.83,2712.441266,41552853.82,11777604.77,28.34
EPL,262.35,8363.47,3397.048099,318790547,129485347.8,40.62
EQUIPPP,21.05,217.02,23.65945824,103097387.2,11239647.62,10.9
EQUITASBNK,74.78,8513.68,8480.213378,1138496924,1134021580,99.61
ERIS,1388.6,18899.65,6640.419101,136105790,47820964.29,35.14
EROSMEDIA,21.27,204.3,170.8038631,96050775.74,80302709.5,83.6
ESABINDIA,6481.5,9976.99,2576.287233,15393026.31,3974831.803,25.82
ESAFSFB,46.09,2373.05,782.0422484,514873074.4,169677207.3,32.96
ESCORTS,3947.35,44162.07,13228.18284,111877766.1,33511552.9,29.95
ESSENTIA,3.7,395.05,312.8242861,1067702703,845471043.4,79.19
ESTER,146.71,1379.69,306.3225917,94041987.59,20879462.32,22.2
ETHOSLTD,3127.4,7656.01,3467.477529,24480431.03,11087412.96,45.29
EUREKAFORB,617.75,11950.6,4320.566355,193453662.5,69940369.97,36.15
EUROTEXIND,14.45,12.64,3.365499381,8747404.844,2329065.316,26.63
EVEREADY,434.05,3154.99,1725.69463,72687248.01,39757968.66,54.7
EVERESTIND,1032.05,1632.69,806.8323023,15819873.07,7817763.697,49.42
EXCEL,0.8,112.86,91.24341759,1410750000,1140542720,80.85
EXCELINDUS,1585.2,1992.71,798.1106747,12570716.63,5034763.277,40.05
EXICOM,334.1,4036.75,1010.111468,120824603.4,30233806.28,25.02
EXIDEIND,524.25,44561.25,23791.041,850000000,453810987.1,53.39
EXPLEOSOL,1278.9,1984.82,573.0550783,15519743.53,4480843.524,28.87
EXXARO,94.69,423.65,140.9380076,44740732.92,14884149.07,33.27
FACT,924.1,59795.92,5747.230232,647071961.9,62192730.57,9.61
FAIRCHEMOR,1175.4,1525.46,627.8244471,12978220.18,5341368.446,41.16
FAZE3Q,442.45,1075.99,471.7362814,24318906.09,10661911.66,43.84
FCL,394.7,4367.46,1479.414022,110652647.6,37481986.89,33.87
FCSSOFT,3.46,591.51,475.2621453,1709566474,1373590015,80.35
FDC,555.4,9042.47,2726.361277,162810046.8,49088247.7,30.15
FEDERALBNK,195.85,48049.37,47843.81561,2453376053,2442880552,99.57
FEDFINA,111.88,4162.15,1192.530264,372019127.6,106590120.1,28.65
FEL,0.8,36.39,17.10538308,454875000,213817288.5,47.01
FELDVR,5.32,20.95,5.865252184,39379699.25,11024910.12,28
FIBERWEB,43.96,126.57,67.74913052,28792083.71,15411540.15,53.53
FIEMIND,1705.1,4487.77,1842.139752,26319687.99,10803705.07,41.05
FILATEX,57.43,2549.06,887.7732685,443855128,154583539.7,34.83
FILATFASH,0.93,775.07,582.7338996,8334086022,6265955910,75.18
FINCABLES,1313.05,20081.7,9921.327852,152939339.7,75559406.36,49.4
FINEORG,5240,16065.83,4017.941504,30659980.92,7667827.298,25.01
FINOPB,413.4,3440.08,859.4583181,83214320.27,20789993.18,24.98
FINPIPE,313.35,19489.18,8880.721738,621962023.3,283412214.4,45.57
FIRSTCRY,719.6,37347.51,4490.112367,519003752.1,62397336.95,12.02
FIVESTAR,857,25066.09,10602.60071,292486464.4,123717627.9,42.3
FLAIR,297.4,3134.46,671.1063805,105395427,22565782.8,21.41
FLEXITUFF,71,218,118.5373826,30704225.35,16695406,54.37
FLFL,2.36,47.62,23.80943513,201779661,100887437,50
FLUOROCHEM,4573.35,50238.25,18628.8481,109850000.5,40733484.43,37.08
FMGOETZE,417,2322.36,580.3245335,55692086.33,13916655.48,24.99
FMNL,12.23,70.38,24.38836864,57547015.54,19941429.79,34.65
FOODSIN,129.27,945.13,452.1502608,73112864.55,34977199.72,47.84
FORCEMOT,7039.4,9174.39,3378.940715,13032914.74,4800040.792,36.83
FORTIS,610.15,46063.77,31699.51113,754958125.1,519536362,68.82
FOSECOIND,4708.1,3006.81,391.829277,6386461.63,832245.0181,13.03
FSC,1.99,8.73,2.619850801,43869346.73,13165079.4,30.01
FSL,329.7,22979.79,10345.43394,696990900.8,313783255.6,45.02
FUSION,223.54,2258.29,947.6263256,101023977.8,42391801.27,41.96
GABRIEL,445.1,6393.59,2820.834381,143643900.2,63375295.02,44.12
GAEL,139.02,6376.44,1933.661659,458670694.9,139092336.3,30.33
GAIL,233.09,153259,62888.50835,6575099747,2698035452,41.03
GALAPREC,826.6,1047.3,188.514396,12669973.38,2280600,18
GALAXYSURF,2990.8,10603.81,3048.086547,35454761.27,10191542.55,28.75
GALLANTT,356.2,8594.43,1154.308931,241281021.9,32406202.44,13.43
GANDHAR,232.8,2278.41,806.6756277,97869845.36,34651014.93,35.41
GANDHITUBE,785.9,1015.27,248.999002,12918564.7,3168329.33,24.53
GANECOS,2286.35,5794.83,3523.437453,25345332.08,15410752.74,60.8
GANESHBE,149.56,1076.67,478.5287384,71989168.23,31995770.15,44.45
GANESHHOUC,1020,8563.85,2282.695541,83959313.73,22379368.05,26.66
GANGAFORGE,7.9,106.49,44.56306004,134797468.4,56408936.76,41.85
GANGESSECU,183.25,183.32,58.80759784,10003819.92,3209145.858,32.08
GARFIBRES,4063.4,8067.14,3639.480651,19853177.14,8956737.341,45.11
GATECH,0.81,55.13,50.56869907,680617284,624304926.8,91.73
GATECHDVR,1.05,12.41,12.3926301,118190476.2,118025048.6,99.86
GATEWAY,87.69,4381.38,2962.116907,499644201.2,337794150.7,67.61
GAYAHWS,1.3,31.15,12.10243533,239615384.6,93095656.38,38.85
GEECEE,415.3,868.46,280.0006437,20911630.15,6742129.635,32.24
GEEKAYWIRE,108.3,565.98,230.5360927,52260387.81,21286804.5,40.73
GENCON,43.86,232.62,122.7428431,53036935.7,27985144.35,52.77
GENESYS,783.7,3107.12,1798.858951,39646803.62,22953412.67,57.89
GENSOL,858.8,3256.5,1206.377582,37919189.57,14047247.11,37.05
GENUSPAPER,24.76,636.64,197.6796664,257124394.2,79838314.37,31.05
GENUSPOWER,393.6,11968.9,3903.218579,304087906.5,99167138.68,32.61
GEOJITFSL,133.9,3735.84,1512.083109,279002240.5,112926296.4,40.48
GEPIL,397.3,2670.95,831.8612329,67227535.87,20937861.39,31.14
GESHIP,1277.8,18224.94,12630.01838,142627484.7,98841903.08,69.3
GET%26D,1816.05,46498.05,11310.21827,256039481.3,62279222.89,24.32
GFLLIMITED,90.5,994.14,307.0853915,109849723.8,33932087.46,30.89
GFSTEELS,8.49,25.84,7.708616516,30435806.83,9079642.539,29.83
GHCL,621.65,5952.6,4703.104646,95754845.97,75655186.14,79.01
GHCLTEXTIL,96.48,921.35,726.144672,95496475.95,75263751.24,78.81
GICHSGFIN,223.3,1202.49,687.3365689,53850873.26,30780858.44,57.16
GICRE,397.95,69790.03,12268.32638,1753738661,308288136.3,17.58
GILLANDERS,93.24,199,57.60400952,21342771.34,6178036.199,28.95
GILLETTE,9130,29750.3,7412.307537,32585213.58,8118628.189,24.92
GINNIFILA,30.78,263.63,78.40725688,85649772.58,25473442.78,29.74
GIPCL,232.95,3523.4,1287.408981,151251341.5,55265463.88,36.54
GKWLIMITED,3295,1965.96,491.2269986,5966494.689,1490825.489,24.99
GLAND,1665.35,27436.1,13215.45022,164746749.9,79355392.07,48.17
GLAXO,2727.35,46202.95,11292.8456,169406016.8,41405927.36,24.44
GLENMARK,1820,51358.24,27367.48597,282188131.9,150370802,53.29
GLFL,8.08,21.92,11.90871951,27128712.87,14738514.24,54.33
GLOBAL,183.03,374,108.3069391,20433808.67,5917441.899,28.96
GLOBALE,35.5,37.7,12.64335773,10619718.31,3561509.221,33.54
GLOBE,5.02,150.74,87.26965572,300278884.5,173843935.7,57.89
GLOBUSSPR,1110.5,3205.95,1572.626576,28869428.19,14161427.97,49.05
GLOSTERLTD,736.15,805.59,217.7295141,10943286.02,2957678.653,27.03
GLS,1178.45,14456.55,3608.736005,122674275.5,30622733.29,24.96
GMBREW,813.15,1857.8,455.7858325,22846953.21,5605187.634,24.53
GMDCLTD,340.3,10805.64,2808.289584,317532765.2,82523937.22,25.99
GMMPFAUDLR,1452.3,6529.14,4866.625988,44957240.24,33509784.39,74.54
GMRINFRA,89.13,94112.15,31869.19667,10558975654,3575585849,33.86
GMRP%26UI,139.15,9946.95,4916.405945,714836507.4,353316992.1,49.43
GNA,425.55,1826.92,581.6311014,42930795.44,13667750,31.84
GNFC,644.1,9470.33,5371.853044,147031982.6,83400916.69,56.72
GOACARBON,793.65,726.27,280.0971533,9151011.151,3529227.661,38.57
GOCLCORP,428.05,2121.95,561.4001825,49572479.85,13115294.53,26.46
GOCOLORS,1281,6918.55,3261.862404,54008977.36,25463406.74,47.15
GODFRYPHLP,6950,36140.97,9453.17412,52001395.68,13601689.38,26.16
GODHA,0.87,57.96,32.01446362,666206896.6,367982340.5,55.24
GODIGIT,371.55,34219.07,6685.173893,920981563.7,179926628.8,19.54
GODREJAGRO,787.75,15143.47,2531.651509,192237004.1,32137753.2,16.72
GODREJCP,1325.6,135598.82,49775.2443,1022924110,375492187,36.71
GODREJIND,1071.5,35998.8,7006.49351,335966402.2,65389580.12,19.46
GODREJPROP,3052,84864.56,35205.46989,278062123.2,115352129.4,41.48
GOKEX,916,6533.84,5549.533224,71330131,60584423.85,84.94
GOKUL,53.09,525.56,133.366185,98994160.86,25120773.21,25.38
GOKULAGRO,268.1,3955.64,1040.002232,147543453.9,38791578.96,26.29
GOLDENTOBC,40,70.44,49.3046456,17610000,12326161.4,70
GOLDIAM,372.55,3985.06,1378.149015,106967118.5,36992323.58,34.58
GOLDTECH,89.6,309.86,141.31974,34582589.29,15772292.41,45.61
GOODLUCK,1071.65,3503.02,1510.59333,32688097.79,14095957.91,43.12
GOPAL,424.2,5293.82,844.557208,124795379.5,19909410.84,15.95
GOYALALUM,9.86,140.73,42.30022688,142728194.7,42900838.62,30.06
GPIL,189.3,12663.7,4642.311876,668975171.7,245235703.9,36.66
GPPL,214.72,10380.42,5817.030601,483439828.6,270912379,56.04
GPTHEALTH,178.39,1466.24,503.654578,82192948.04,28233341.44,34.35
GPTINFRA,145.15,1834.18,567.6555369,126364450.6,39108200.96,30.95
GRANULES,597.8,14508.19,8627.25818,242693041.2,144316797.9,59.46
GRAPHITE,591.9,11564.28,3937.509591,195375570.2,66523223.36,34.05
GRASIM,2719.3,179060.26,100986.2693,658479241,371368621.8,56.4
GRAVITA,2505,17293.65,6082.845389,69036526.95,24282815.92,35.17
GREAVESCOT,188.7,4386.93,1890.070456,232481717,100162716.3,43.08
GREENLAM,512.95,6543.9,3205.254908,127573837.6,62486692.81,48.98
GREENPANEL,409.85,5025.27,2352.204077,122612419.2,57391828.15,46.81
GREENPLY,377.4,4668.97,2225.623462,123714096.4,58972534.75,47.67
GREENPOWER,20.64,2418.77,1705.007552,1171884690,826069550.6,70.49
GRINDWELL,2443.25,27051.66,11290.98374,110719983.6,46212969.35,41.74
GRINFRA,1602.2,15496.71,3913.522557,96721445.51,24425930.32,25.25
GRMOVER,235.5,1413,329.135742,60000000,13976040,23.29
GROBTEA,1345.4,156.38,29.62335309,1162330.905,220182.4966,18.94
GRPLTD,3472,1856,1099.252845,5345622.12,3166050.821,59.23
GRSE,1769.8,20297.47,5158.328108,114687930.8,29146390.04,25.41
GRWRHITECH,4055,9420.74,3551.269588,23232404.44,8757754.842,37.7
GSFC,213.76,8527.82,4762.913215,398943675.1,222815925.1,55.85
GSLSU,193.56,820.34,218.5121625,42381690.43,11289117.72,26.64
GSPL,408.1,23025.47,11719.80929,564211467.8,287179840.5,50.9
GSS,77.5,202.72,174.0335152,26157419.35,22455937.44,85.85
GTECJAINX,51.7,52.68,20.40931819,10189555.13,3947643.751,38.74
GTL,14.59,229.97,196.371255,157621658.7,134593046.6,85.39
GTLINFRA,2.29,2932.81,2834.775763,12807030568,12378933465,96.66
GTPL,159.2,1790.3,433.3866551,112456030.2,27222779.84,24.21
GUFICBIO,403.55,4046.7,1082.45145,100277536.9,26823230.08,26.75
GUJALKALI,870,6388.63,1499.827799,73432528.74,17239399.99,23.48
GUJAPOLLO,340,401.2,179.6786236,11800000,5284665.4,44.79
GUJGASLTD,590.4,40618.46,10153.76317,687982046.1,171981083.5,25
GUJRAFFIA,44.5,24.05,14.53703761,5404494.382,3266750.025,60.45
GULFOILLUB,1300.2,6402.29,1760.281349,49240809.11,13538542.91,27.49
GULFPETRO,77.79,396.61,183.4619112,50984702.4,23584253.92,46.26
GULPOLY,216,1347.2,421.9539583,62370370.37,19534905.48,31.32
GVKPIL,5.6,884.36,404.5848609,1579214286,722472965.9,45.75
GVPTECH,12.55,204.39,22.69347531,162860557.8,18082450.44,11.1
HAL,4552.1,304553.45,86434.14963,669039454.3,189877528.2,28.38
HAPPSTMNDS,802.45,12219.29,6471.542847,152274783.5,80647303.22,52.96
HAPPYFORGE,1129,10635.26,1371.583338,94200708.59,12148656.67,12.9
HARDWYN,38.55,1344.94,755.9026109,348881971.5,196083686.3,56.2
HARIOMPIPE,646.25,2003.51,694.9425734,31002088.97,10753463.42,34.69
HARRMALAYA,285,525.98,228.1060652,18455438.6,8003721.585,43.37
HARSHA,505.2,4599.55,1167.843682,91044140.93,23116462.44,25.39
HATHWAY,20.42,3616.32,904.0808734,1770969638,442742837.1,25
HATSUN,1127.65,25118.21,5741.947095,222748281.8,50919585.82,22.86
HAVELLS,1927.5,120838.65,48689.01372,626919066.1,252601887,40.29
HAVISHA,2.7,41.45,21.94610018,153518518.5,81281852.52,52.95
HBLPOWER,604.45,16755.05,6793.35229,277194970.6,112388986.5,40.55
HBSL,141.5,101,38.20439724,7137809.187,2699957.402,37.83
HCC,42.7,7173.09,5824.060698,1679880562,1363948641,81.19
HCG,447,6225.01,1783.873401,139261968.7,39907682.36,28.66
HCL-INSYS,18.62,612.99,225.8189757,329210526.3,121277645.4,36.84
HCLTECH,1859.1,505216.6,196126.4602,2717533215,1054953796,38.82
HDFCAMC,4558.65,97380.2,45999.36035,213616311.8,100905663.6,47.24
HDFCBANK,1680,1281932.6,1273323.252,7630551190,7579305073,99.33
HDFCLIFE,743,159931.56,79203.48682,2152510902,1065995785,49.52
HDIL,4.27,202.4,117.3918272,474004683.8,274922311.9,58
HEADSUP,13.73,30.32,26.15777827,22083029.86,19051550.09,86.27
HECPROJECT,118.41,118.16,31.38016168,9978886.918,2650127.665,26.56
HEG,2539,9823.33,4281.314532,38689759.75,16862207.69,43.58
HEIDELBERG,221.82,5026.73,1538.103634,226613019.6,69340169.22,30.6
HEMIPROP,186.68,5320.38,1639.480417,285000000,87823035,30.82
HERANBA,468.25,1873.63,469.6836387,40013454.35,10030616.95,25.07
HERCULES,219.9,703.68,177.043777,32000000,8051104,25.16
HERITGFOOD,623.2,5792.33,2665.680703,92944961.49,42774080.61,46.02
HEROMOTOCO,5529.7,110550.01,71577.14017,199920447.8,129441272,64.75
HESTERBIO,2343.65,1993.71,901.8229733,8506858.959,3847942.198,45.23
HEUBACHIND,561,1294.89,584.2935435,23081818.18,10415214.68,45.12
HEXATRADEX,289.05,1596.85,125.7150658,55244767.34,4349249.812,7.87
HFCL,136.78,19732.88,12228.07004,1442672905,893995470.4,61.97
HGINFRA,1465.9,9557.34,2438.890328,65197762.47,16637494.56,25.52
HGS,789.55,3673.01,1171.047479,46520296.37,14831834.32,31.88
HIKAL,361.65,4459.17,1330.454958,123300705.1,36788468.36,29.84
HIL,2809.95,2116.73,1162.907387,7532981.014,4138534.092,54.94
HILTON,86.25,181.04,130.1440385,20990144.93,15089163.88,71.89
HIMATSEIDE,149.56,1472.53,703.5889813,98457475.26,47043927.61,47.78
HINDALCO,736.05,165406.37,106945.322,2247216493,1452962733,64.66
HINDCOMPOS,535.2,790.44,177.0637037,14769058.3,3308365.167,22.4
HINDCON,49.14,251.55,78.89788065,51190476.19,16055734.77,31.36
HINDCOPPER,321.2,31060.81,10535.28627,967023972.6,327997704.4,33.92
HINDMOTORS,25.01,521.86,354.3736475,208660535.8,141692781.9,67.91
HINDOILEXP,223.97,2964.32,2216.262306,132353440.2,98953534.22,74.76
HINDPETRO,419.8,89315.35,40208.64242,2127569081,957804726.6,45.02
HINDUNILVR,2780.5,653303.85,247232.3893,2349591261,889165219.6,37.84
HINDWAREAP,309.2,2235.4,1080.912381,72296248.38,34958356.43,48.35
HINDZINC,515.05,217730.69,15328.1287,4227369964,297604673.4,7.04
HIRECT,867.65,1486.97,562.3052746,17137901.23,6480784.586,37.82
HISARMETAL,196.79,106.31,39.13469452,5402205.397,1988652.6,36.81
HITECH,196.12,3456,1327.602374,176218641.6,67693370.07,38.41
HITECHCORP,331.55,570.66,140.9380158,17211883.58,4250882.696,24.7
HITECHGEAR,847.8,1592.01,693.0756,18778131.63,8174989.384,43.53
HLEGLAS,388.15,2537.62,816.6834614,65377302.59,21040408.64,32.18
HLVLTD,21.07,1389.72,303.1388635,659572852.4,143872265.5,21.81
HMAAGRO,45.89,2298.03,376.532621,500769230.8,82051126.81,16.39
HMT,79.5,9572.53,67.54376136,1204091824,8496070.612,0.71
HMVL,94.71,697.74,176.5422946,73671206.84,18640301.4,25.3
HNDFDS,645.35,7394.56,2261.171278,114582164.7,35037906.23,30.58
HOMEFIRST,1197.9,10686.29,5619.932566,89208531.6,46914872.41,52.59
HONASA,424.8,13795.28,4884.718812,324747646,114988672.6,35.41
HONAUT,50199,44383.56,11019.19272,8841522.739,2195102.039,24.83
HONDAPOWER,4057.95,4118.04,1345.799346,10148079.7,3316451.276,32.68
HOVS,76.67,96.57,47.33426078,12595539.32,6173765.59,49.02
HPAL,88,808.5,231.3883199,91875000,26294127.26,28.62
HPIL,147,167.93,38.83886436,11423809.52,2642099.616,23.13
HPL,558.4,3594.72,981.7611166,64375358.17,17581681.89,27.31
HSCL,633.95,31270.97,15082.15331,493271866.9,237907615.8,48.23
HTMEDIA,24.56,571.63,170.6526633,232748371.3,69483983.42,29.85
HUBTOWN,268,2144.28,1143.939676,80010447.76,42684316.27,53.35
HUDCO,224.3,44902.62,11224.15283,2001900134,500408061.7,25
HUHTAMAKI,394.35,2978.21,948.8330734,75521998.22,24060684,31.86
HYBRIDFIN,12.76,37.56,13.5150488,29435736.68,10591731.03,35.98
ICDSLTD,40,52.11,20.13985138,13027500,5034962.844,38.65
ICEMAKE,807.25,1276.5,325.9900064,15812945.18,4038278.184,25.54
ICICIBANK,1247.1,878844.25,877453.8244,7047103280,7035954008,99.84
ICICIGI,2115.6,105189.86,50269.00107,497210531.3,237611084.7,47.79
ICICIPRULI,755.45,109249.09,29264.97684,1446145873,387384695.7,26.79
ICIL,365.5,7229.97,2895.868912,197810396.7,79230339.58,40.05
ICRA,6907.7,6666.78,3186.161231,9651229.787,4612477.715,47.79
IDBI,82.97,89158.92,4646.221063,10745922623,559988075.6,5.21
IDEA,9.07,63217.73,21346.54248,69699812569,23535327985,33.77
IDEAFORGE,669.15,2879.27,1378.064292,43028767.84,20594250.79,47.86
IDFCFIRSTB,72.66,54384.5,48825.46961,7484792183,6719717810,89.78
IEL,14.52,287.99,109.7929632,198340220.4,75614988.42,38.12
IEX,191.99,17129.42,14508.30353,892203760.6,755680167.1,84.7
IFBAGRO,560.6,525.12,103.4654917,9367106.671,1845620.615,19.7
IFBIND,1853.55,7510.36,1872.363147,40518788.27,10101497.92,24.93
IFCI,59.2,15480.3,3768.7127,2614915541,636606875.1,24.35
IFGLEXPOR,612.9,2208.85,573.618318,36039321.26,9359084.973,25.97
IGARASHI,690,2174.45,538.7517444,31513768.12,7807996.296,24.78
IGL,524.35,36704.54,18343.4359,700000762.8,349831904.3,49.98
IGPL,585.45,1801.34,502.0744852,30768468.7,8575873.007,27.87
IIFL,468.95,19894.84,10808.88794,424242243.3,230491266.4,54.33
IIFLSEC,419.05,12954.86,4548.481977,309148311.7,108542703.2,35.11
IKIO,285,2202.5,605.7888091,77280701.75,21255747.69,27.5
IL%26FSTRANS,6.48,213.17,57.03557371,328966049.4,88017860.66,26.76
IMAGICAA,81.99,4444.85,1150.423008,542120990.4,140312600.1,25.88
IMFA,715.45,3860.15,1067.434735,53954154.73,14919767.07,27.65
IMPAL,1330.65,1657.28,775.9604088,12454665.01,5831438.836,46.82
IMPEXFERRO,3.42,30.07,9.322508656,87923976.61,27258797.24,31
INCREDIBLE,43.02,201.18,50.37186652,46764295.68,11708941.54,25.04
INDBANK,45.3,200.59,65.7247426,44280353.2,14508773.2,32.77
INDGN,696.35,16661.49,2829.643,239268902.1,40635355.79,16.98
INDHOTEL,706.5,100579.72,61822.83416,1423633687,875057808.4,61.47
INDIACEM,362.5,11233.77,4559.226178,309897103.4,125771756.6,40.59
INDIAGLYCO,1445.05,4473.16,1694.488296,30955053.46,11726156.85,37.88
INDIAMART,3050,18288.54,9259.590073,59962426.23,30359311.71,50.63
INDIANB,525.5,70782.96,18516.97073,1346964034,352368615.3,26.16
INDIANCARD,272.75,162.04,51.71376521,5940971.586,1896013.39,31.91
INDIANHUME,464.4,2448.65,654.1684719,52727174.85,14086315.07,26.72
INDIASHLTR,721.95,7754.48,2077.08823,107410208.5,28770527.46,26.79
INDIGO,4755.8,183703.34,82097.83162,386272215,172626753.9,44.69
INDIGOPNTS,1488.1,7088.52,1475.013232,47634701.97,9912057.203,20.81
INDNIPPON,721.1,1631.23,474.8643604,22621411.73,6585277.498,29.11
INDOAMIN,193.24,1364.46,418.5459577,70609604.64,21659385.1,30.67
INDOBORAX,201.42,646.36,261.6439318,32090159.86,12989967.82,40.48
INDOCO,338.05,3113.45,1241.330986,92100281.02,36720336.81,39.87
INDORAMA,48.23,1258.83,314.3639591,261005598.2,65180169.84,24.97
INDOSTAR,278,3783,998.84935,136079136.7,35929832.73,26.4
INDOTECH,2267.3,2407.87,601.96815,10619988.53,2655000,25
INDOUS,272.9,536.59,164.165724,19662513.74,6015600,30.59
INDOWIND,22.78,293.41,144.4403428,128801580.3,63406647.4,49.23
INDRAMEDCO,445.7,4084.95,1964.994918,91652456.81,44087837.52,48.1
INDSWFTLAB,114,673.59,385.8587389,59086842.11,33847257.8,57.28
INDSWFTLTD,22.12,119.81,52.33566433,54163652.8,23659884.42,43.68
INDTERRAIN,55.6,246.26,154.6277645,44291366.91,27810749.01,62.79
INDUSINDBK,1355.15,105565.25,89339.40747,778993100.4,659258439.8,84.63
INDUSTOWER,385.95,101780.32,47837.02147,2637137453,1239461626,47
INFIBEAM,28.52,7948.18,4418.166554,2786879383,1549146758,55.59
INFOBEAN,414,1008.87,262.5435998,24368840.58,6341632.847,26.02
INFY,1960.65,814173.71,704824.7719,4152570372,3594852584,86.57
INGERRAND,4490.3,14187.76,3520.072545,31596463.49,7839281.44,24.81
INNOVACAP,738.55,4226.35,1159.033545,57224967.84,15693365.99,27.42
INOXGREEN,189.38,6894.31,2430.070187,364046361.8,128317150,35.25
INOXINDIA,1193.45,10833.99,2673.755664,90778750.68,22403583.43,24.68
INOXWIND,221.88,28944.23,14395.34853,1304499279,648789820.3,49.73
INSECTICID,826.35,2448.93,681.6774342,29635505.54,8249257.992,27.84
INSPIRISYS,128,507.1,151.7839671,39617187.5,11858122.43,29.93
INTELLECT,885.25,12219.26,7930.107624,138031742.4,89580430.65,64.9
INTERARCH,1641.3,2731.19,763.103541,16640406.99,4649384.884,27.94
INTLCONV,98.2,623.9,194.3133378,63533604.89,19787508.95,31.14
INVENTURE,2.37,248.85,183.155342,1050000000,772807350,73.6
IOB,54.05,102148.64,3698.811366,18898915819,684331427.5,3.62
IOC,167.28,236220.08,62596.98548,14121238642,3742048391,26.5
IOLCP,434.55,2551.05,1005.941841,58705557.47,23149047.08,39.43
IONEXCHANG,644.6,9449,5340.190323,146587030.7,82845025.18,56.52
IPCALAB,1693.3,42945.78,22925.5847,253621803.6,135389976.4,53.38
IPL,200.85,2314.79,576.3588016,115249688.8,28695982.15,24.9
IRB,58.73,35485.16,11633.5376,6042084114,1980850945,32.78
IRCON,223.29,21006.42,7261.289799,940768507.3,325195476.7,34.57
IRCTC,893.65,71488,26883.13676,799955239.7,300824000,37.61
IREDA,220.55,59249.09,14818.83275,2686424394,671903547.8,25.01
IRFC,150.72,196968.52,26873.27804,13068505839,1782993500,13.64
IRISDOREME,71.22,580.95,169.2554192,81571187.87,23765152.93,29.13
IRMENERGY,422.15,1730.25,455.47613,40986616.13,10789438.11,26.32
ISEC,841.95,27282.23,6917.44506,324036225.4,82159808.31,25.36
ISFT,147.64,240.83,106.1313664,16311975.07,7188523.871,44.07
ISGEC,1406.4,10341.19,3810.554223,73529507.96,27094384.41,36.85
ITC,498.4,623378.72,463063.7987,12507598716,9291007197,74.28
ITDC,672.25,5765.85,294.1159021,85769431.02,4375097.094,5.1
ITDCEM,580.8,9977.42,5306.070534,171787534.4,91357963.73,53.18
ITI,246.05,23642.62,2364.262311,960886811.6,96088693.8,10
IVC,11.8,370.56,178.7522968,314033898.3,151484997.3,48.24
IVP,231.5,239.05,67.53653314,10326133.91,2917344.844,28.25
IWEL,12689,15287.17,4599.918942,12047576.64,3625123.289,30.09
IXIGO,157.82,6127.61,1062.946781,388265745.8,67351842.65,17.35
J%26KBANK,97.95,10781.68,4352.091833,1100733027,444317696,40.37
JAGRAN,91.06,1981.96,612.3772405,217654293.9,67249861.68,30.9
JAGSNPHARM,448.9,1186.51,329.6256691,26431499.22,7342964.338,27.78
JAIBALAJI,1095.9,19994.85,6298.117729,182451409.8,57469821.41,31.5
JAICORPLTD,366.05,6533.03,1687.314213,178473705.8,46095184.08,25.83
JAIPURKURT,40.07,69.17,35.56289762,17262290.99,8875192.818,51.41
JAMNAAUTO,114.87,4581.91,2230.552029,398877861.9,194180554.5,48.68
JASH,2398,3000.51,1415.471783,12512552.13,5902718.028,47.17
JAYAGROGN,302.15,906.45,259.0175406,30000000,8572481.9,28.57
JAYBARMARU,98.7,1068.43,426.3402351,108250253.3,43195565.86,39.9
JAYNECOIND,47.05,4568.55,936.2549053,970998937.3,198991478.3,20.49
JAYSREETEA,144.83,418.23,202.2399244,28877304.43,13963952.53,48.36
JBCHEPHARM,1874.1,29136.98,13333.02847,155471853.2,71143634.14,45.76
JBMA,1782,21071.64,3585.891743,118247138,20122849.29,17.02
JCHAC,2591.6,7046.79,1769.625013,27190885.94,6828310.745,25.11
JETAIRWAYS,38.48,437.12,222.9802386,113596673.6,57947047.44,51.01
JETFREIGHT,16.77,77.82,38.1975277,46404293.38,22777297.38,49.08
JGCHEM,402.3,1576.46,457.598152,39186179.47,11374550.14,29.03
JHS,28.6,244.83,159.7216307,85604895.1,55846724.02,65.24
JINDALPHOT,790.1,810.51,193.510964,10258321.73,2449195.849,23.88
JINDALPOLY,821,3598.37,900.2277258,43829110.84,10965014.93,25.02
JINDALSAW,360,23022.3,8314.732576,639508333.3,230964793.8,36.12
JINDALSTEL,975.55,99514.69,36952.37924,1020088053,378785087.8,37.13
JINDRILL,607.1,1759.44,626.6046316,28981057.49,10321275.43,35.61
JINDWORLD,319.45,6405.62,922.2438628,200520269.2,28869740.58,14.4
JIOFIN,337.5,214423.34,110590.2903,6353284148,3276749342,51.58
JISLDVREQS,33.93,65.47,45.58380974,19295608.61,13434662.46,69.63
JISLJALEQS,62.67,4183.02,2264.887659,667467687.9,361399020.1,54.14
JITFINFRA,840.5,2160.4,798.4674853,25703747.77,9499910.593,36.96
JKCEMENT,4290,33148.08,17902.45423,77268251.75,41730662.55,54.01
JKIL,743.65,5626.87,3002.782579,75665568.48,40378976.39,53.37
JKLAKSHMI,811,9535.98,5019.435852,117582984,61891934.05,52.64
JKPAPER,504.75,8550.58,3879.972538,169402278.4,76869193.43,45.38
JKTYRE,407.5,11166.32,5191.388601,274020122.7,127396039.3,46.49
JLHL,1357.45,8900.26,4989.494464,65566024.53,36756377.5,56.06
JMA,104.91,239.63,104.2040231,22841483.18,9932706.425,43.49
JMFINANCIL,159.1,15206.04,6391.26692,955753614.1,401713822.8,42.03
JNKINDIA,719.95,4004.43,974.3729735,55620945.9,13533897.82,24.33
JOCIL,198.75,176.51,66.82176594,8881006.289,3362101.431,37.86
JPOLYINVST,812.65,854.25,216.7402722,10511905.49,2667080.197,25.37
JPPOWER,21.54,14817.18,10244.39205,6878913649,4755985167,69.14
JSFB,559.1,5847.64,1167.301797,104590234.3,20878229.25,19.96
JSL,752.95,62000.51,24489.02238,823434623.8,325241017,39.5
JSWENERGY,696.8,121784.51,37100.62252,1747768513,532442917.9,30.46
JSWHL,9250.35,10267.54,3454.931886,11099623.26,3734920.177,33.65
JSWINFRA,324.35,68113.55,8587.930914,2100001542,264773575.3,12.61
JSWSTEEL,1003.45,245389.08,96086.98656,2445453984,957566262,39.16
JTEKTINDIA,177.43,4518.31,1050.336971,254653102.6,59197259.28,23.25
JTLIND,214.25,4105.84,1961.639239,191637806.3,91558424.24,47.78
JUBLFOOD,622.4,41068.77,23713.65899,659845276.3,381003518.5,57.74
JUBLINDS,1701.45,2573.69,635.8332539,15126450.97,3737008.163,24.71
JUBLINGREA,732,11659.38,5421.224413,159281147.5,74060442.81,46.5
JUBLPHARMA,1153.8,18377.86,8723.1469,159281157.9,75603630.61,47.47
JUNIPER,385.2,8567.45,1925.752628,222415628.2,49993578.08,22.48
JUSTDIAL,1234,10495.67,2702.777961,85054051.86,21902576.67,25.75
JWL,519.25,22054.8,7037.865281,424743379.9,135539052.1,31.91
JYOTHYLAB,523.6,19210.52,7110.257228,366893048.1,135795592.6,37.01
JYOTICNC,1109.95,25242.83,3354.090091,227423127.2,30218389.03,13.29
JYOTISTRUC,32.73,2871.63,2176.870224,877369385.9,665099365.6,75.81
KABRAEXTRU,448.85,1569.76,547.842979,34972930.82,12205480.21,34.9
KAJARIACER,1391.25,22167.96,11555.06863,159338436.7,83055300.13,52.13
KAKATCEM,214.85,167.02,71.68539173,7773795.671,3336532.08,42.92
KALAMANDIR,173,2653.23,935.1007969,153365896,54052069.18,35.24
KALYANI,119.3,11.93,5.590398,1000000,468600,46.86
KALYANIFRG,480.05,174.64,66.3785129,3637954.38,1382741.65,38.01
KALYANKJIL,755,77858.04,23532.51407,1031232318,311688928.1,30.22
KAMATHOTEL,200.11,589.9,190.0752471,29478786.67,9498538.159,32.22
KAMDHENU,544.15,1510.21,598.3950496,27753560.6,10996876.77,39.62
KAMOPAINTS,24.7,776.46,384.3709874,314356275.3,155615784.4,49.5
KANANIIND,2.86,56.59,35.04423032,197867132.9,122532273.9,61.93
KANORICHEM,134.33,586.93,147.085882,43693143.75,10949592.94,25.06
KANPRPLA,118.21,253.78,57.93591947,21468572.88,4901101.384,22.83
KANSAINER,287.4,23233.33,5786.583894,808397007.7,201342515.4,24.91
KAPSTON,285.5,579.23,92.98117565,20288266.2,3256783.735,16.05
KARMAENG,73.99,85.61,16.15964005,11570482.5,2184030.281,18.88
KARURVYSYA,200.8,16157.49,15750.75687,804655876.5,784400242.5,97.48
KAUSHALYA,975,33.76,16.40241661,346256.4103,168229.9139,48.59
KAYA,445,582.84,234.3642749,13097528.09,5266612.919,40.21
KAYNES,5839.95,37286.27,15759.43961,63846899.37,26985572.84,42.27
KBCGLOBAL,2.32,396.69,378.6188245,1709870690,1631977692,95.44
KCP,236.4,3047.7,1662.901278,128921319.8,70342693.65,54.56
KCPSUGIND,52.4,594.14,337.3139338,113385496.2,64372888.13,56.77
KDDL,2916.2,3586.72,1759.076185,12299293.6,6032083.482,49.04
KEC,1013.2,26971.38,12644.48045,266199960.5,124797477.8,46.88
KECL,191.57,1272.29,641.9629733,66413843.5,33510621.36,50.46
KEI,4602.1,41530.01,25843.62168,90241433.26,56156149.76,62.23
KELLTONTEC,154.18,1501.88,711.2424295,97410818.52,46130654.4,47.36
KERNEX,735.2,1234.67,684.18729,16793661.59,9306138.329,55.41
KESORAMIND,215.69,6702.68,3789.678778,310755250.6,175700254,56.54
KEYFINSERV,350,245.64,52.28855559,7018285.714,1493958.731,21.29
KFINTECH,1091.6,18690.24,12621.81242,171218761.5,115626717,67.53
KHADIM,387.5,712.16,256.7665574,18378322.58,6626233.738,36.05
KHAICHEM,76.57,742.65,161.0747849,96989682.64,21036278.56,21.69
KHAITANLTD,101.08,48.01,19.08766418,4749703.205,1888372,39.76
KHANDSE,28.32,43.2,21.79654709,15254237.29,7696520.866,50.45
KICL,6525.55,2848.6,712.8855036,4365302.542,1092452.749,25.03
KILITCH,332.9,535.38,156.9398042,16082307,4714322.745,29.31
KIMS,552.65,22113.68,13541.07873,400138966.8,245020876.3,61.23
KINGFA,3336.5,4040.66,985.8015262,12110475.05,2954597.711,24.4
KIOCL,375,22790.67,219.3373705,607751200,5848996.548,0.96
KIRIINDUS,356.65,1848.67,1343.531831,51834291.32,37670877.07,72.68
KIRLOSBROS,1708.5,13567.02,4315.016257,79408955.22,25256167.73,31.81
KIRLOSENG,1206,17499.91,10046.87763,145107048.1,83307443.05,57.41
KIRLOSIND,5370.85,5347.05,1400.210354,9955686.716,2607055.408,26.19
KIRLPNU,1470,9531.67,5564.756021,64841292.52,37855483.13,58.38
KITEX,538.75,3582.69,1521.232721,66500046.4,28236338.21,42.46
KKCL,654.25,4031.83,1037.510229,61625219.72,15858008.86,25.73
KMSUGAR,38.2,351.44,152.8331038,92000000,40008665.93,43.49
KNRCON,326.5,9182.31,4700.038673,281234609.5,143952179.9,51.19
KOHINOOR,44.94,166.6,103.9296989,37071651.09,23126323.73,62.38
KOKUYOCMLN,182.1,1826.53,444.0295639,100303679.3,24383831.07,24.31
KOLTEPATIL,381.95,2902.61,886.4436389,75994501.9,23208368.61,30.54
KOPRAN,297.5,1434.32,796.1406707,48212436.97,26761030.95,55.51
KOTAKBANK,1896.1,376937.61,278299.4539,1987962713,1467746711,73.83
KOTARISUG,54.5,451.74,118.5723986,82888073.39,21756403.41,26.25
KOTHARIPET,239.85,1411.43,388.7952871,58846362.31,16209934.84,27.55
KOTHARIPRO,156.05,465.71,115.8224851,29843639.86,7422139.382,24.87
KPIGREEN,809,10618.97,5228.320449,131260445,64626952.4,49.24
KPIL,1319.65,21437.21,13873.09443,162446178.9,105127074.8,64.72
KPITTECH,1769.6,48516.6,28745.13054,274167043.4,162438576.8,59.25
KPRMILL,943.8,32236.48,8444.193226,341560500.1,89470154.97,26.19
KRBL,285,6523.36,2571.270869,228889824.6,90220030.5,39.42
KRIDHANINF,4.43,41.99,22.18901113,94785553.05,50088061.25,52.84
KRISHANA,236.43,1431.65,414.6445133,60552806.33,17537728.43,28.96
KRITI,216.61,1074.46,329.055451,49603434.74,15191147.73,30.63
KRITIKA,12.31,327.79,89.97690271,266279447.6,73092528.6,27.45
KRITINUT,140.5,703.95,216.3435071,50103202.85,15398114.39,30.73
KRN,483.96,3008.13,531.5123369,62156583.19,10982567.5,17.67
KRONOX,172.95,641.71,165.6760494,37103787.22,9579418.873,25.82
KROSS,193,1248.13,286.3573243,64669948.19,14837167.06,22.94
KRSNAA,842.5,2720.41,1514.91385,32289732.94,17981173.3,55.69
KRYSTAL,752.9,1051.95,315.7188454,13971975.03,4193370.24,30.01
KSB,895,15573.9,4680.464243,174010055.9,52295689.86,30.05
KSCL,907,4668.61,1813.988289,51473098.13,19999870.88,38.85
KSHITIJPOL,5.88,52.33,52.26278262,88996598.64,88882283.37,99.87
KSL,830.6,3625.82,1263.969206,43653021.91,15217544.02,34.86
KSOLVES,1019.15,1208.3,432.2321761,11855958.4,4241104.608,35.77
KTKBANK,225.45,8514.17,8401.73856,377652251.1,372665272.1,98.68
KUANTUM,142,1242.37,307.9494758,87490845.07,21686582.8,24.79
LAGNAM,111.45,196.92,62.03307039,17668909.83,5566000.035,31.5
LAL,27.69,444.46,149.5299987,160512820.5,54001444.1,33.64
LALPATHLAB,3377.45,28213,12397.22884,83533434.99,36705884.16,43.94
LAMBODHARA,160.97,167.05,43.03446315,10377710.13,2673446.179,25.76
LANCORHOL,38.06,277.82,80.807879,72995270.63,21231707.57,29.09
LANDMARK,649.45,2684.24,1289.979352,41330972.36,19862643.04,48.06
LAOPALA,354.45,3934.4,1335.19902,111000141.1,37669601.35,33.94
LASA,28.24,141.49,64.16318181,50102691.22,22720673.44,45.35
LATENTVIEW,462.05,9522.25,3275.190589,206087003.6,70883899.76,34.4
LATTEYS,44.12,253.67,70.8126752,57495466.91,16050017.04,27.92
LAURUSLABS,479.35,25833.82,18825.15423,538934390.3,392722524.8,72.87
LAXMICOT,37.77,64.77,27.4755463,17148530.58,7274436.405,42.42
LCCINFOTEC,10.05,127.23,68.90259249,126597014.9,68559793.53,54.16
LEMONTREE,125.59,9949.82,6172.38675,792246197.9,491471196,62.04
LEXUS,49.98,100.91,45.2224897,20190076.03,9048117.187,44.81
LFIC,280.05,84.02,37.0298633,3000178.54,1322259,44.07
LGBBROSLTD,1333.65,4178.96,2759.960095,31334757.99,20694785.7,66.04
LIBAS,17.97,47.34,32.80632252,26343906.51,18256161.67,69.3
LIBERTSHOE,510.1,869.21,353.7677636,17039992.16,6935262.96,40.7
LICHSGFIN,624,34323.93,18694.06039,550062980.8,299584301.1,54.46
LICI,953.25,602930.41,21097.02983,6324997745,221316861.6,3.5
LIKHITHA,383.95,1514.68,454.3018743,39449928.38,11832318.64,29.99
LINC,634.7,943.94,253.0563663,14872223.1,3987023.26,26.81
LINCOLN,675,1352.01,644.1673653,20029777.78,9543220.226,47.65
LINDEINDIA,8330,71041.76,17487.68647,85284225.69,20993621.21,24.62
LLOYDSENGG,79.72,9131.94,3899.865346,1145501756,489195352,42.71
LLOYDSME,1037.9,54233.07,13498.82693,522526929.4,130059032,24.89
LMW,17247.55,18425.56,11512.85258,10683001.35,6675065.491,62.48
LODHA,1203.95,119821.97,33391.96995,995240417,277353461.1,27.87
LOKESHMACH,404.6,748.38,339.2336077,18496786.95,8384419.37,45.33
LORDSCHLO,139.9,351.9,89.16259603,25153681.2,6373309.223,25.34
LOTUSEYE,70.99,147.63,86.10718043,20795886.74,12129480.27,58.33
LOVABLE,137.7,203.8,73.42973676,14800290.49,5332588,36.03
LOYALTEX,567.1,273.14,64.56252921,4816434.491,1138468.157,23.64
LPDC,10.72,143.8,48.25272623,134141791,45011871.48,33.56
LT,3546.75,487710.69,416966.7669,1375091816,1175630554,85.49
LTF,167.23,41685.3,13365.95097,2492692699,799255574.6,32.06
LTFOODS,403.05,13996.03,5529.565567,347252946.3,137193042.2,39.51
LTIM,6492,192401.07,59920.06428,296366404.8,92298312.2,31.14
LTTS,5304.7,56143.64,14502.70573,105837540.3,27339351.38,25.83
LUMAXIND,2541,2375.26,569.848315,9347737.111,2242614.384,23.99
LUMAXTECH,568,3869.99,1703.242509,68133626.76,29986663.89,44.01
LUPIN,2260.85,103127.16,54481.78751,456143308.9,240979222.4,52.83
LUXIND,2065.05,6212.06,1600.565605,30081886.64,7750735.356,25.77
LXCHEM,282.3,7810.72,2357.127468,276681544.5,83497253.55,30.18
LYKALABS,154.55,551.59,231.6441912,35690067.94,14988300.95,42
LYPSAGEMS,7.89,23.26,14.80123748,29480354.88,18759489.84,63.63
M%26M,3095.9,384741.6,275612.5546,1242745567,890250184.4,71.64
M%26MFIN,285.85,35311.45,16851.37736,1235313976,589518186.4,47.72
MAANALU,214,1157.42,457.4043553,54085046.73,21374035.29,39.52
MACPOWER,1266.1,1266.63,339.8042773,10004186.08,2683866.024,26.83
MADHAV,54,48.31,25.92822885,8946296.296,4801523.861,53.67
MADHUCON,12.52,92.39,37.81001646,73793929.71,30199693.66,40.92
MADRASFERT,99.76,1607.15,236.7378851,161101643.9,23730742.29,14.73
MAGADSUGAR,858.9,1210.33,392.3143105,14091628.83,4567636.634,32.41
MAGNUM,49.16,326.48,128.5141605,66411716.84,26142018,39.36
MAHABANK,54.05,41572.85,5625.51023,7691554117,1040797452,13.53
MAHAPEXLTD,159.6,225.84,80.43925176,14150375.94,5040053.368,35.62
MAHEPC,127.8,357,162.6995372,27934272.3,12730793.21,45.57
MAHESHWARI,62.04,183.62,64.92080336,29597034.17,10464346.13,35.36
MAHLIFE,513.5,7962.32,3858.959055,155059785.8,75150127.64,48.47
MAHLOG,495.5,3570.09,1494.691217,72050252.27,30165312.15,41.87
MAHSCOOTER,11489,13130.28,6230.366263,11428566.45,5422896.913,47.45
MAHSEAMLES,614.8,8238.27,2569.99095,133999186.7,41802064.9,31.2
MAITHANALL,1080.15,3144.48,785.8757486,29111512.29,7275616.799,24.99
MALLCOM,1500,942.18,247.6513822,6281200,1651009.214,26.28
MALUPAPER,47.95,81.8,24.62303402,17059436.91,5135147.866,30.1
MANAKALUCO,33.78,221.37,60.086665,65532859.68,17787645.06,27.14
MANAKCOAT,62.35,463.07,133.0930163,74269446.67,21346113.27,28.74
MANAKSIA,97.5,638.96,159.8625656,65534358.97,16396160.57,25.02
MANAKSTEEL,72.77,475.25,120.8861272,65308506.25,16612082.89,25.44
MANALIPETC,74.28,1279.33,640.5452417,172230748.5,86233877.45,50.07
MANAPPURAM,182.21,15421.19,9890.740778,846341583.9,542820963.6,64.14
MANBA,148.47,745.9,130.6560615,50239105.54,8800165.794,17.52
MANCREDIT,140,273.9,130.5431225,19564285.71,9324508.751,47.66
MANGALAM,121.42,192.19,95.58937173,15828529.07,7872621.622,49.74
MANGCHEFER,139.35,1651.51,595.7602947,118515249.4,42752801.92,36.07
MANGLMCEM,860.2,2365.32,1473.176753,27497326.2,17125979.46,62.28
MANINDS,348.55,2256.34,1034.74697,64735045.19,29687188.92,45.86
MANINFRA,187.84,6973.57,2273.69331,371250532.4,121044149.8,32.6
MANKIND,2730,109443.96,25683.45043,400893626.4,94078573.01,23.47
MANOMAY,220,397.07,150.8624091,18048636.36,6857382.23,37.99
MANORAMA,929,5536.75,1943.084083,59599031.22,20915867.42,35.09
MANUGRAPH,24.38,74.15,30.27785976,30414274,12419138.54,40.83
MANYAVAR,1316.75,31932.73,8005.707321,242511714.4,60798992.38,25.07
MAPMYINDIA,2165,11778.35,2996.049038,54403464.2,13838563.69,25.44
MARALOVER,78.27,324.88,81.39134264,41507601.89,10398791.7,25.05
MARATHON,643.25,3293.96,794.2470925,51208083.95,12347409.13,24.11
MARICO,689.15,89227.19,36144.43446,1294742654,524478480.2,40.51
MARINE,238.39,3162.61,823.9608105,132665380.3,34563564.35,26.05
MARKSANS,295.85,13406.85,6044.692573,453163765.4,204316125.5,45.09
MARSHALL,32.66,78.06,55.51311245,23900796.08,16997278.77,71.12
MARUTI,12415,390267.92,163144.4536,314351929.1,131409145.1,41.8
MASFIN,296,5371.02,1789.280105,181453378.4,60448652.2,33.31
MASKINVEST,112.73,34.4,9.54752894,3051539.076,846937.722,27.75
MASTEK,2876.25,8878.77,4359.938944,30869256.84,15158414.41,49.11
MATRIMONY,809.6,1802.44,872.8275739,22263339.92,10780973,48.42
MAWANASUG,116.95,457.47,167.0499407,39116716.55,14283876.93,36.52
MAXESTATES,610.05,9823.96,3295.275335,161035325,54016479.55,33.54
MAXHEALTH,950.1,92352.55,70427.99464,972029786.3,741269283.7,76.26
MAXIND,258.95,1117.91,545.1786682,43170882.41,21053433.8,48.77
MAYURUNIQ,607.2,2638.44,1064.482012,43452569.17,17530994.92,40.35
MAZDA,1303.5,522.05,227.1107831,4004986.575,1742315.175,43.5
MAZDOCK,4530,91365.57,13808.10247,201690000,30481462.41,15.11
MBAPL,223.23,1956.1,500.1894424,87627111.05,22406909.57,25.57
MBLINFRA,61.27,672.47,209.4840995,109755182,34190321.45,31.15
MCL,39.61,107.51,36.02040531,27142135.82,9093765.542,33.5
MCLEODRUSS,31.77,331.86,307.6080483,104457034.9,96823433.52,92.69
MCX,6534.7,33325.9,33276.94208,50998362.59,50923442.66,99.85
MEDANTA,1062,28519.73,8798.708069,268547363.5,82850358.46,30.85
MEDIASSIST,671.75,4726.92,1962.060678,70367249.72,29208197.66,41.51
MEDICAMEQ,550.5,699.94,288.1990721,12714623.07,5235223.835,41.17
MEDICO,50.5,419.07,111.7401924,82984158.42,22126770.78,26.66
MEDPLUS,672.15,8035.36,3202.84325,119547124.9,47650721.56,39.86
MEGASOFT,64.45,472.13,270.2084471,73255236.62,41925282.72,57.23
MEGASTAR,244.3,275.91,72.30403464,11293900.94,2959641.205,26.21
MENONBE,122.91,688.79,190.555167,56040192.01,15503634.12,27.67
MEP,3.83,70.26,48.48364401,183446475.2,126589148.8,69.01
METROBRAND,1210.6,32921.65,3757.371262,271944903.4,31037264.68,11.41
METROPOLIS,2253.1,11550.89,5813.381078,51266654.83,25801700.23,50.33
MFML,56.51,62.39,20.92386668,11040523.8,3702683.892,33.54
MFSL,1187.1,40904.73,29151.14978,344576952.2,245566083.6,71.27
MGEL,26.65,439.13,122.9128419,164776735.5,46121141.44,27.99
MGL,1843.05,18205.24,10471.23779,98777786.82,56814724.43,57.52
MHLXMIRU,169.1,179.59,60.22512093,10620342.99,3561509.221,33.53
MHRIL,388,7844.68,2592.161494,202182474.2,66808285.92,33.04
MICEL,94.56,2281.17,741.9731515,241240482.2,78465857.81,32.53
MIDHANI,378.75,7095.5,1845.561276,187339934,48727690.46,26.01
MINDACORP,562.2,13441.05,4497.460796,239079509.1,79997523.95,33.46
MIRCELECTR,22.89,528.65,232.9177463,230952381,101755240.9,44.06
MIRZAINT,43.87,606.29,168.7072886,138201504.4,38456186.14,27.83
MITCON,120.98,162.56,131.2456017,13436931.72,10848537.09,80.74
MITTAL,2.17,96.77,60.49154471,445944700.5,278762878.9,62.51
MITTAL-RE1,0.2,2.96,1.84978454,148000000,92489227,62.49
MKPL,9.19,344.97,86.84540902,375375408.1,94499901,25.17
MMFL,571,2756.88,1203.220699,48281611.21,21072166.35,43.64
MMP,352,894.17,97.21437741,25402556.82,2761772.085,10.87
MMTC,83.81,12577.5,1267.284249,1500715905,151209193.3,10.08
MODIRUBBER,131,328.03,47.19053523,25040458.02,3602330.934,14.39
MODISONLTD,181,587.35,282.7343319,32450276.24,15620681.32,48.14
MODTHREAD,53.75,186.92,65.24319909,34775813.95,12138269.6,34.9
MOHITIND,28.5,40.35,18.13033849,14157894.74,6361522.278,44.93
MOIL,378,7691.74,2714.556456,203485185.2,71813662.87,35.29
MOKSH,19.9,106.78,47.66905689,53658291.46,23954299.94,44.64
MOL,104.5,2657.58,1348.643797,254313875.6,129056822.7,50.75
MOLDTECH,228.8,653.55,317.7178451,28564248.25,13886269.46,48.61
MOLDTKPAC,731.5,2421.67,1600.498748,33105536.57,21879682.14,66.09
MONARCH,429.25,3137.82,1044.209666,73100058.24,24326375.46,33.28
MONTECARLO,912.25,1891.28,508.1493384,20732036.17,5570285.978,26.87
MORARJEE,10.7,38.88,13.85783442,36336448.6,12951247.12,35.64
MOREPENLAB,90.09,4939.8,3124.406827,548318348.3,346809504.7,63.25
MOTHERSON,210.86,148367.32,58759.3083,7036295172,2786650303,39.6
MOTILALOFS,873,52189.11,12736.01182,597813402.1,145887878.8,24.4
MOTISONS,294.1,2895.3,987.0583414,98446106.77,33561997.33,34.09
MOTOGENFIN,37.3,144.45,41.49439063,38726541.55,11124501.51,28.73
MPHASIS,2990,56562.19,33708.77544,189171204,112738379.4,59.6
MPSLTD,2078.75,3552.88,1093.672286,17091425.14,5261201.615,30.78
MRF,131583,55806.23,26570.55515,4241142.853,2019299.997,47.61
MRO-TEK,96.75,180.77,44.63840637,18684237.73,4613788.772,24.69
MRPL,171.87,30106.14,3138.436431,1751680922,182605249.9,10.42
MSPL,51.45,1992.98,1148.796081,387362487.9,223283980.7,57.64
MSTCLTD,706,4970.24,1731.398853,70400000,24524063.08,34.84
MSUMI,64.98,28728.36,10990.37472,4421108033,1691347295,38.26
MTARTECH,1813.05,5576.87,3547.753115,30759603.98,19567872.45,63.62
MTNL,52.98,3337.74,1460.775771,630000000,275722116.1,43.77
MUFIN,109.11,1758.58,421.0010859,161174961,38585013.83,23.94
MUFTI,196.32,1275.39,414.557547,64964853.3,21116419.47,32.5
MUKANDLTD,156.5,2261.36,565.968534,144495846.6,36164123.58,25.03
MUKKA,43.1,1293,344.800431,300000000,80000100,26.67
MUKTAARTS,84,189.72,55.07958423,22585714.29,6557093.36,29.03
MUNJALAU,135.76,1357.6,329.3475705,100000000,24259544.09,24.26
MUNJALSHOW,165.9,663.52,229.992261,39995177.82,13863306.87,34.66
MURUDCERA,56.17,340.08,88.63304006,60544774.79,15779426.75,26.06
MUTHOOTCAP,373,613.49,220.5654505,16447453.08,5913282.854,35.95
MUTHOOTFIN,1954.95,78484.18,20903.86982,401463873.8,106927900,26.63
MUTHOOTMF,220.28,3761.91,739.6479078,170778554.6,33577624.29,19.66
MVGJL,261.8,1281.76,329.7691211,48959511.08,12596223.11,25.73
NACLIND,53.12,1057.99,281.5535281,199169804.2,53003299.72,26.61
NAGAFERT,11.38,680.6,271.8131781,598066783.8,238851650.3,39.94
NAGREEKCAP,27.44,34.62,16.08571403,12616618.08,5862140.68,46.46
NAGREEKEXP,38.52,120.37,49.97356523,31248701.97,12973407.38,41.52
NAHARCAP,305.15,511.01,140.0727554,16746190.4,4590291.836,27.41
NAHARINDUS,140.85,608.55,144.4936479,43205537.81,10258689.95,23.74
NAHARPOLY,247.81,609.32,153.7399248,24588192.57,6203943.537,25.23
NAHARSPING,285.35,1029.12,319.4779875,36065183.11,11196004.47,31.04
NAM-INDIA,712.55,45120.66,12290.71607,633227984,172489173.6,27.24
NARMADA,17,64.49,27.30431347,37935294.12,16061360.86,42.34
NATCOPHARM,1391,24914.18,12393.11184,179109849,89094980.85,49.74
NATHBIOGEN,209.99,399.06,217.110912,19003762.08,10339107.2,54.41
NATIONALUM,222.14,40804.45,19868.50202,1836879896,894413523.9,48.69
NAUKRI,8282.2,107343.6,64517.88593,129607592.2,77899454.17,60.1
NAVA,1025.95,14887.11,7517.635309,145105609.4,73274870.21,50.5
NAVINFLUOR,3340.8,16561.32,11582.50771,49572916.67,34669862.63,69.94
NAVKARCORP,134.69,2027.34,599.0940032,150518969.5,44479471.62,29.55
NAVNETEDUL,141.66,3204.54,1166.925347,226213468.9,82375077.43,36.41
NAZARA,927.45,7098.85,3798.118917,76541592.54,40952276.85,53.5
NBCC,111.56,30121.2,11519.19027,2700000000,1032555600,38.24
NBIFIN,2399,589.39,149.1769888,2456815.34,621829.8826,25.31
NCC,300.4,18860.51,14694.69603,627846537.9,489170972.9,77.91
NCLIND,216.01,977.07,538.2490786,45232628.12,24917785.22,55.09
NDGL,5972,597.2,118.1111513,1000000,197774.8683,19.78
NDL,5.81,837.5,345.9681916,1441480207,595470209.3,41.31
NDLVENTURE,111.7,376.11,91.16127593,33671441.36,8161260.155,24.24
NDRAUTO,818.4,1946.59,499.4772898,23785312.81,6103094.939,25.66
NDTV,179.3,1154.16,407.2504493,64370329.06,22713354.67,35.29
NECCLTD,29.76,285.4,133.8991246,95900537.63,44992985.41,46.92
NECLIFE,38.35,860.04,378.906464,224260756.2,98802207.03,44.06
NELCAST,124.72,1085.08,272.0097655,87001282.87,21809634.82,25.07
NELCO,997.65,2276.48,1026.212702,22818423.29,10286299.82,45.08
NEOGEN,2109.35,5577.09,2330.739247,26439851.14,11049561.46,41.79
NESCO,966.85,6814.89,2027.664125,70485494.13,20971858.36,29.75
NESTLEIND,2482.25,239327.91,88791.87675,964157155.8,357707228.3,37.1
NETWEB,2655.5,14993.29,3741.557664,56461269.06,14089842.46,24.95
NETWORK18,84.05,8810.07,2103.193815,1048193932,250231268.9,23.87
NEULANDLAB,14404.45,18480.75,12366.21287,12829889.37,8584994.826,66.91
NEWGEN,1353.3,19015.15,8437.094121,140509495.3,62344595.59,44.37
NEXTMEDIA,6.8,45.49,11.37725282,66897058.82,16731254.15,25.01
NFL,119.79,5876.64,1487.038232,490578512.4,124137092.6,25.3
NGIL,41.76,53.14,22.9970562,12725095.79,5506957.902,43.28
NGLFINE,2108.5,1302.64,355.1507773,6178041.262,1684376.463,27.26
NH,1255.4,25655.46,8511.386479,204360841.2,67798203.59,33.18
NHPC,90.04,90455.54,28284.72322,10046150600,3141350868,31.27
NIACL,214.1,35290.27,5136.237603,1648307800,239899000.6,14.55
NIBL,37.02,89.7,22.73614434,24230145.87,6141584.1,25.35
NIITLTD,180.3,2431.34,1467.172392,134849695,81373954.1,60.34
NIITMTS,500.05,6793.26,4171.04855,135851614.8,83412629.73,61.4
NILAINFRA,13.05,514.03,190.4604078,393892720.3,145946672.6,37.05
NILASPACES,12.2,480.54,175.3150411,393885245.9,143700853.4,36.48
NILKAMAL,1929.15,2878.78,1005.701569,14922530.65,5213184.919,34.93
NINSYS,570,1058.83,288.7074861,18575964.91,5065043.616,27.27
NIPPOBATRY,567,425.25,145.7310488,7500000,2570212.5,34.27
NIRAJ,64.7,259.8,46.36580222,40154559.51,7166275.459,17.85
NIRAJISPAT,236.39,14.18,3.605235896,599856.1699,152512.2,25.42
NITCO,93.98,675.33,256.2993898,71858906.15,27271695.02,37.95
NITINSPIN,404.3,2272.97,986.8405329,56219886.22,24408620.65,43.42
NITIRAJ,258.9,265.4,60.50472876,10251062.19,2336992.227,22.8
NKIND,47.62,28.62,7.648466181,6010079.798,1606145.775,26.72
NLCINDIA,268.1,37175.73,8712.966215,1386636703,324989414.9,23.44
NMDC,232.86,68253.81,26778.97254,2931109250,1150003115,39.23
NOCIL,290.7,4851.88,3153.371425,166903336.8,108475109.2,64.99
NORTHARC,271.6,4387.1,1402.838292,161527982.3,51650894.4,31.98
NOVAAGRI,63.76,590.28,223.6423374,92578419.07,35075648.91,37.89
NRAIL,363.45,618.56,154.8866025,17019122.3,4261565.621,25.04
NRBBEARING,281.9,2732.25,1344.031089,96922667.61,47677583.86,49.19
NRL,136.8,946.48,257.9325533,69187134.5,18854718.81,27.25
NSIL,5285,2714.46,593.5520629,5136158.94,1123088.104,21.87
NSLNISP,50.64,14840.59,5818.193173,2930606240,1148932301,39.2
NTPC,425.1,411865.89,201001.4496,9688682428,4728333324,48.8
NUCLEUS,1274.35,3354.77,867.5649539,26325342.33,6807901.706,25.86
NURECA,310.45,310.46,114.1380085,10000322.11,3676534.338,36.76
NUVAMA,6834.25,24409.81,6142.492281,35716881.88,8987807.413,25.16
NUVOCO,351.3,12546.9,3510.834701,357156276.7,99938363.26,27.98
NYKAA,186.6,53299.88,25299.88421,2856370847,1355835167,47.47
OAL,503.85,1695.64,394.2250629,33653666.77,7824254.499,23.25
OBCL,57.89,122.05,38.83722451,21083088.62,6708796.771,31.82
OBEROIRLTY,1990,72391.39,23370.41666,363775829.1,117439279.7,32.28
OCCL,275.4,275.13,130.4462527,9990196.078,4736610.482,47.41
OFSS,11835.75,102668.37,27832.79124,86744287.43,23515866.12,27.11
OIL,562.25,91496.69,30568.35842,1627331080,543679118.1,33.41
OLAELEC,90.9,40178.25,4424.944541,4420049505,486792578.7,11.01
OLECTRA,1731.4,14211.46,7060.599675,82080743.91,40779713.96,49.68
OMAXAUTO,120.13,256.73,114.7778594,21371014.73,9554470.938,44.71
OMAXE,125.97,2304,594.1965026,182900690.6,47169683.46,25.79
OMINFRAL,162.02,1560.31,515.0413608,96303542.77,31788752.06,33.01
OMKARCHEM,9.75,20.06,17.05402082,20574358.97,17491303.4,85.02
ONEPOINT,66.6,1454.97,367.7429818,218463964,55216663.93,25.27
ONGC,281.95,354763.87,109267.1312,12582510020,3875408095,30.8
ONMOBILE,86.25,918.4,471.3652553,106481159.4,54651044.09,51.32
ONWARDTEC,410.8,927.71,413.3114171,22583008.76,10061134.79,44.55
OPTIEMUS,703,6043.06,1508.859426,85961024.18,21463149.73,24.97
ORBTEXP,178.39,472.15,81.64688188,26467290.77,4576875.491,17.29
ORCHPHARMA,1360.45,6900.08,2082.133444,50719100.3,15304740.67,30.18
ORICONENT,36.99,580.92,182.0764364,157047850.8,49223151.22,31.34
ORIENTALTL,11.7,86,62.57950077,73504273.5,53486752.8,72.77
ORIENTBELL,340.45,496.87,166.0433387,14594507.27,4877172.526,33.42
ORIENTCEM,292.5,6000.61,3228.225785,205149059.8,110366693.5,53.8
ORIENTCER,49.86,596.52,198.7769203,119638989.2,39867011.7,33.32
ORIENTELEC,238.58,5090.48,2742.840459,213365747.3,114965230.1,53.88
ORIENTHOT,175.62,3136.56,990.8827515,178599248.4,56421976.51,31.59
ORIENTLTD,114.71,114.71,30.47523512,10000000,2656720,26.57
ORIENTPPR,45.83,972.45,517.6259242,212186340.8,112944779.5,53.23
ORIENTTECH,273,1136.82,204.6649978,41641758.24,7496886.365,18
ORISSAMINE,8980,5388,2693.176805,6000000,2999083.301,49.98
ORTINGLOBE,20.64,16.78,16.5761724,8129844.961,8031091.28,98.79
OSWALGREEN,53.02,1361.6,483.8874826,256808751.4,91265085.37,35.54
OSWALSEEDS,24.99,228.58,69.36230068,91468587.43,27756022.68,30.34
PAGEIND,46149.95,51475.07,28296.37398,11153873.41,6131398.622,54.97
PAISALO,51.72,4644.68,2960.007112,898043310.1,572313826.7,63.73
PAKKA,314,1237.78,649.9653701,39419745.22,20699534.08,52.51
PALASHSECU,153.5,153.55,42.71617895,10003257.33,2782812.961,27.82
PALREDTEC,122.2,149.24,104.3768697,12212765.96,8541478.701,69.94
PANACEABIO,316.3,1937.36,510.7833156,61250711.35,16148697.93,26.36
PANAMAPET,394.3,2385.26,893.734032,60493532.84,22666346.23,37.47
PANSARI,125.95,219.74,57.40178097,17446605.8,4557505.436,26.12
PAR,241.48,297.13,76.6396442,12304538.68,3173747.068,25.79
PARACABLES,78.39,2390.38,747.6166393,304934302.8,95371429.94,31.28
PARADEEP,91.02,7419.37,3261.668764,815136233.8,358346381.5,43.96
PARAGMILK,229.24,2738.48,1173.89344,119459082.2,51208054.46,42.87
PARAS,1079.1,4348.09,1629.172569,40293670.65,15097512.46,37.47
PARKHOTELS,159.45,3402.47,946.874477,213387895.9,59383786.58,27.83
PARSVNATH,21.25,926.07,290.3937767,435797647.1,136655894.9,31.36
PASUPTAC,48.5,432.3,147.3129519,89134020.62,30373804.51,34.08
PATANJALI,1705.6,61747.27,16800.21911,362026676.8,98500346.56,27.21
PATELENG,54.71,4620.43,2743.703744,844531164.3,501499496.3,59.38
PATINTLOG,23.66,164.68,103.6605703,69602704.99,43812582.53,62.95
PAVNAIND,707.6,862.4,253.4322168,12187676.65,3581574.573,29.39
PAYTM,730.15,46496.96,24588.94512,636813805.4,336765666.2,52.88
PCBL,496.15,18727.81,8693.971814,377462662.5,175228697.3,46.42
PCJEWELLER,168.92,7861.6,3568.884568,465403741.4,211276614.2,45.4
PDMJEPAPER,122.5,1163.14,318.6357024,94950204.08,26011077.75,27.39
PDSL,518.1,7289.32,2762.081878,140693302.5,53311752.14,37.89
PEARLPOLY,34.6,58.25,25.87542718,16835260.12,7478447.163,44.42
PEL,1091.55,24612.02,13056.9841,225477715.2,119618744.9,53.05
PENIND,180.3,2426.6,1448.575865,134586799.8,80342532.71,59.7
PENINLAND,51.39,1586.42,508.2135034,308702082.1,98893462.43,32.04
PERSISTENT,5614.4,87641.47,59513.13646,156101221.9,106000884.3,67.91
PETRONET,355.7,53355,26590.4262,1500000000,747552043.9,49.84
PFC,476.4,157216.85,69204.76851,3300101805,1452660968,44.02
PFIZER,5860.1,26859.87,8891.135744,45835173.46,15172327.68,33.1
PFOCUS,150.26,4545.69,411.8397886,302521629.2,27408477.88,9.06
PFS,46.37,2978.27,1042.215042,642283804.2,224760630.2,34.99
PGEL,607.6,15896.91,7317.465187,261634463.5,120432277.6,46.03
PGHH,16393.15,53213.37,15479.1844,32460735.12,9442471.034,29.09
PGHL,5255.35,8723.56,4168.448097,16599389.19,7931818.238,47.78
PGIL,1006,4613,1375.55497,45854870.78,13673508.65,29.82
PHOENIXLTD,1615.7,57766.61,30042.30898,357533019.7,185939895.9,52.01
PIDILITIND,3154.2,160426.87,48166.69722,508613499.5,152706541.2,30.02
PIIND,4528,68697.96,36706.17183,151718109.5,81064867.11,53.43
PILANIINVS,5650,6255.82,1545.258027,11072247.79,2734969.959,24.7
PILITA,16.25,381.88,190.586175,235003076.9,117283800,49.91
PIONEEREMB,48.64,143.33,85.09809727,29467516.45,17495496.97,59.37
PITTIENG,1317.9,4673.91,2117.490695,35464830.41,16067157.56,45.3
PIXTRANS,1536.65,2093.72,688.779571,13625223.7,4482345.173,32.9
PKTEA,487.8,151.02,49.41547338,3095940.959,1013027.335,32.72
PLASTIBLEN,276.2,717.82,250.4216,25989138.31,9066676.321,34.89
PLATIND,390.1,2142.62,536.8246941,54924891.05,13761207.23,25.05
PLAZACABLE,81.36,355.97,107.3966396,43752458.21,13200176.94,30.17
PNB,104.95,120618.44,32383.93003,11492943306,3085653171,26.85
PNBGILTS,120.34,2166.24,558.1403649,180009971.7,46380286.26,25.77
PNBHOUSING,998.3,25940.11,10156.85938,259842832.8,101741554.4,39.16
PNC,65.64,94.96,42.19903656,14466788.54,6428859.927,44.44
PNCINFRA,448.75,11512.2,5050.657625,256539275.8,112549473.5,43.87
PNGJL,763,10354.55,1243.685447,135708387.9,16299940.33,12.01
POCL,2117.45,2755.02,1248.424455,13011027.42,5895886.35,45.31
PODDARHOUS,74.99,47.36,21.78522492,6315508.734,2905084,46
PODDARMENT,431.4,457.72,152.5929929,10610106.63,3537157.925,33.34
POKARNA,1094.65,3393.85,1457.779628,31003973.87,13317312.64,42.95
POLICYBZR,1677.35,76553.5,53041.59079,456395504.8,316222558.1,69.29
POLYCAB,7506,112911.69,35326.57821,150428577.1,47064452.72,31.29
POLYMED,2482.6,25160.58,9419.893339,101347700,37943661.24,37.44
POLYPLEX,1175.9,3691.44,1773.924693,31392465.35,15085676.45,48.06
PONNIERODE,477.05,410.19,208.5274452,8598469.762,4371186.357,50.84
POONAWALLA,379,29476.4,10957.17255,777741424.8,289107455.1,37.17
POWERGRID,330,306919.93,149311.8477,9300603939,4524601446,48.65
POWERINDIA,16004.85,67831.24,16772.27602,42381678.05,10479495.92,24.73
POWERMECH,3219.2,10192.62,4246.802191,31661965.71,13192104.22,41.67
PPAP,201.87,284.36,95.87091097,14086293.16,4749141.079,33.71
PPL,545,1303.55,692.0734194,23918348.62,12698594.85,53.09
PPLPHARMA,220.39,29218.16,13541.19247,1325747992,614419550.4,46.35
PRAENG,34.9,244.08,154.1314968,69936962.75,44163752.66,63.15
PRAJIND,790.1,14528.59,9717.904385,183882926.2,122995878.8,66.89
PRAKASH,170.41,3051.73,1686.465884,179081626.7,98965194.74,55.26
PRAKASHSTL,8.92,156.1,104.0037902,175000000,116596177.3,66.63
PRECAM,255.2,2416.53,837.8395709,94691614.42,32830704.19,34.67
PRECOT,458.4,550.08,202.5339552,12000000,4418280,36.82
PRECWIRE,209.91,3750.21,1536.372337,178657996.3,73191955.45,40.97
PREMEXPLN,520,2795.58,1601.533096,53761153.85,30798713.39,57.29
PREMIERENE,1125.25,50712.12,5072.338576,450674250.2,45077436.8,10
PREMIERPOL,337.8,708.06,211.9709445,20960923.62,6275042.763,29.94
PRESTIGE,1862,80201.97,31349.39659,430730236.3,168364106.3,39.09
PRICOLLTD,470.35,5732.7,3463.880594,121881577.5,73644745.27,60.42
PRIMESECU,309.45,1038.14,715.1573135,33547907.58,23110593.43,68.89
PRINCEPIPE,543.6,6014.52,2277.543712,110642384.1,41897419.28,37.87
PRITI,139.58,186.39,53.75700589,13353632.33,3851340.155,28.84
PRITIKAUTO,26.08,421.68,118.7400104,161687116.6,45529145.09,28.16
PRIVISCL,1659.75,6481.87,1273.592539,39053291.16,7673399.841,19.65
PROZONER,25.69,392.04,178.4724579,152604126.1,69471567.9,45.52
PRSMJOHNSN,190.82,9593.98,2344.800341,502776438.5,122880219.1,24.44
PRUDENT,2602.4,10753.94,4176.086508,41323163.23,16047058.52,38.83
PSB,52.18,35366.49,619.6688995,6777786508,118756017.5,1.75
PSPPROJECT,642.6,2547.38,1015.500894,39641767.82,15803001.77,39.86
PTC,193.09,5712.96,4590.666625,295870319.5,237747507.7,80.36
PTCIL,13466.75,20161.32,6931.483559,14971184.58,5147109.406,34.38
PTL,43.19,571.21,124.1490991,132255151.7,28744871.29,21.73
PUNJABCHEM,1131.85,1387.9,421.47469,12262225.56,3723768.079,30.37
PURVA,390,9253.58,2315.339833,237271282.1,59367688.03,25.02
PVP,29.64,771.84,298.0162832,260404858.3,100545304.7,38.61
PVRINOX,1634,16044.78,11542.70767,98193268.05,70640805.8,71.94
PVSL,204.2,1453.87,416.4413601,71198334.97,20393798.24,28.64
PYRAMID,172.8,635.64,159.3146039,36784722.22,9219595.133,25.06
QUESS,726.95,10804.34,4650.050946,148625627.6,63966585.67,43.04
QUICKHEAL,795.55,4284.23,1184.397976,53852429.14,14887788.03,27.65
RACE,394.95,648.99,310.0671786,16432206.61,7850795.762,47.78
RADAAN,3.39,18.36,8.91967657,54159292.04,26311730.29,48.58
RADHIKAJWE,137.84,1626.51,425.983491,117999854.9,30904199.87,26.19
RADIANTCMS,80.46,858.57,280.0163278,106707680.8,34801929.88,32.61
RADICO,2247.25,30044.49,17505.69209,133694471,77898284.98,58.27
RADIOCITY,15.41,532.7,138.2216688,345684620.4,89696086.18,25.95
RAILTEL,408.35,13105.52,3558.594227,320938410.7,87145689.41,27.15
RAIN,176.81,5950.63,3426.177025,336555059.1,193777333,57.58
RAINBOW,1453.6,14772.72,7232.621219,101628508.5,49756612.68,48.96
RAJESHEXPO,286.5,8459.2,3844.671575,295260034.9,134194470.3,45.45
RAJMET,10.25,283.39,136.9304801,276478048.8,133590712.3,48.32
RAJRATAN,564.5,2866.02,983.690727,50770947.74,17425876.48,34.32
RAJRILTD,23.5,1306.79,76.65652802,556080851.1,32619799.16,5.87
RAJSREESUG,70.13,232.38,117.9523234,33135605.3,16819096.44,50.76
RAJTV,45.72,237.35,13.20532004,51913823.27,2888302.72,5.56
RALLIS,323.5,6291.07,2792.645867,194468933.5,86325992.81,44.39
RAMANEWS,19.78,291.8,73.64383364,147522750.3,37231462.91,25.24
RAMAPHO,202.24,357.83,83.77673056,17693334.65,4142441.187,23.41
RAMASTEEL,14.06,2183.69,860.6122004,1553122333,612099715.8,39.41
RAMCOCEM,869.85,20553.89,11009.71722,236292349.3,126570296.2,53.57
RAMCOIND,242.35,2103.82,943.25923,86809160.31,38921362.91,44.84
RAMCOSYS,398.65,1480.14,676.752926,37128809.73,16976117.55,45.72
RAMKY,635.55,4397.87,1327.733218,69197860.12,20891089.89,30.19
RAMRAT,746,3282.4,828.6385976,44000000,11107756,25.24
RANASUG,21.26,326.49,252.5451059,153570084.7,118788855.1,77.35
RANEENGINE,471,340.74,138.0897802,7234394.904,2931842.468,40.53
RANEHOLDIN,2023.2,2888.69,1421.802739,14277827.2,7027494.756,49.22
RATEGAIN,728.35,8589.84,4432.962496,117935607.9,60863080.88,51.61
RATNAMANI,3611.05,25310.92,9343.093801,70092964.65,25873620.7,36.91
RAYMOND,1712.8,11397.76,5705.046008,66544605.32,33308302.24,50.05
RAYMONDLSL,2145.05,13064.77,5681.751665,60906598.91,26487735.32,43.49
RBA,105.77,5269.46,3835.518634,498199867.6,362628215.4,72.79
RBL,1158,895.12,257.4255007,7729879.102,2223018.141,28.76
RBLBANK,205.42,12483.01,12202.08125,607682309.4,594006486.6,97.75
RCF,175.37,9674.95,2415.429718,551687860,137733347.7,24.97
RECLTD,543.4,143036.73,67687.8646,2632254877,1245636080,47.32
REDINGTON,181.09,14157.15,10732.01489,781774255.9,592634319.4,75.81
REDTAPE,931.05,12867.29,3454.947387,138201922.6,37108075.68,26.85
REFEX,495,5975.18,2538.709903,120710707.1,51287068.75,42.49
RELAXO,801,19938.74,5712.545262,248923096.1,71317668.69,28.65
RELCHEMQ,218.01,164.46,47.46646425,7543690.656,2177260.871,28.86
RELIABLE,78.6,81.12,15.75143623,10320610.69,2003999.52,19.42
RELIANCE,2718.8,1838885.1,921011.3033,6763590922,3387565482,50.09
RELIGARE,277.2,9155.78,9058.720371,330295093.8,326793664.2,98.94
RELINFRA,290.95,11525.44,8094.696501,396131294,278216068.1,70.23
RELTD,122,1881.61,282.2411745,154230327.9,23134522.5,15
REMSONSIND,205.99,718.47,145.2534127,34878877.62,7051478.842,20.22
RENUKA,46.63,9931.53,3705.345507,2129858460,794626958.5,37.31
REPCOHOME,503.3,3146.52,1978.096737,62517782.63,39302537.99,62.87
REPL,218.3,379.45,118.7301129,17382043.06,5438850.795,31.29
REPRO,590.05,844.97,447.5173299,14320311.84,7584396.744,52.96
RESPONIND,275.7,7350.4,844.7039402,266608632.6,30638517.96,11.49
RETAIL,56.01,36.43,20.98986633,6504195.679,3747521.216,57.62
REVATHIEQU,2438.9,748,271.9262788,3066956.415,1114954.606,36.35
RGL,158.27,1521.47,448.0606255,96131294.62,28309889.77,29.45
RHIM,626,12926.99,3778.183925,206501437.7,60354375.8,29.23
RHL,189.96,328.47,108.5619878,17291535.06,5714991.986,33.05
RICOAUTO,105.63,1429.02,695.0588272,135285430.3,65801271.15,48.64
RIIL,1217,1837.67,973.2208594,15100000,7996884.629,52.96
RISHABH,371.25,1418.88,423.4640058,38218989.9,11406437.87,29.84
RITCO,362.75,1027.41,378.9337594,28322811.85,10446140.85,36.88
RITES,309.1,14850.66,4129.402665,480448398.6,133594392.3,27.81
RKDL,26.52,63.65,49.5116712,24000754.15,18669559.28,77.79
RKEC,142.3,341.39,111.6459311,23990864.37,7845813.852,32.7
RKFORGE,1038,18779.93,10626.73103,180924181.1,102376984.9,56.59
RKSWAMY,246.52,1244.36,362.8082878,50477040.4,14717194.86,29.16
RML,1120.05,1821.79,495.9498702,16265256.02,4427926.166,27.22
ROHLTD,357.2,980.04,354.3263181,27436730.12,9919549.78,36.15
ROLEXRINGS,2350,6399.83,2863.852775,27233319.15,12186607.55,44.75
ROLLT,2.4,60.03,29.4406812,250125000,122669505,49.04
ROLTA,4.21,69.84,67.8726508,165890736.3,161217697.9,97.18
ROML,51.47,77.15,19.2864577,14989314.16,3747126.034,25
ROSSARI,864.25,4778.37,1513.40219,55289210.3,17511162.17,31.67
ROSSELLIND,101.5,382.62,92.1012184,37696551.72,9074011.665,24.07
ROTO,550.3,1728.36,541.9430773,31407595.86,9848138.784,31.36
ROUTE,1571.35,9891.44,1670.573883,62948674.71,10631456.28,16.89
RPEL,1232.65,2829.25,1048.59291,22952581.84,8506817.91,37.06
RPGLIFE,2774.05,4588.01,1199.636953,16539031.38,4324496.504,26.15
RPOWER,43.05,17297.08,12306.60616,4017904762,2858677388,71.15
RPPINFRA,186.5,710.2,259.6445672,38080428.95,13921960.71,36.56
RPPL,37.61,275.85,105.8498589,73344855.09,28144073.09,38.37
RPSGVENT,1089.05,3603.28,1311.109397,33086451.49,12039019.3,36.39
RPTECH,386.5,2547.02,745.6407058,65899611.9,19292126.93,29.28
RRKABEL,1796.8,20314.01,5596.333162,113056600.6,31146110.65,27.55
RSSOFTWARE,272.7,701.07,395.9514658,25708470.85,14519672.38,56.48
RSWM,208.82,981.13,431.5727321,46984484.24,20667212.53,43.99
RSYSTEMS,515,6092.63,1148.009414,118303495.1,22291444.93,18.84
RTNINDIA,73.83,10195.62,2555.620529,1380958960,346149333.5,25.07
RTNPOWER,15.85,8511.62,4247.296079,5370107256,2679682069,49.9
RUBFILA,82.66,447.54,173.7797838,54142269.54,21023443.48,38.83
RUBYMILLS,265,886.16,221.6968503,33440000,8365918.88,25.02
RUCHINFRA,13.89,327.84,104.5063659,236025917.9,75238564.39,31.88
RUCHIRA,127.28,379.87,118.5059548,29845223.13,9310650.124,31.2
RUPA,285.7,2272.02,605.8309755,79524676.23,21205144.4,26.66
RUSHIL,34.07,932.97,398.7647194,273839154.7,117042770.6,42.74
RUSTOMJEE,709.95,8946.31,1936.410056,126013240.4,27275301.87,21.64
RVHL,56.16,345.88,86.34621962,61588319.09,15375039.11,24.96
RVNL,471.45,98298.27,26704.9286,2085020045,566442435,27.17
S%26SPOWER,421.5,520.2,130.1988997,12341637.01,3088941.866,25.03
SABEVENTS,14.88,15.6,9.988199993,10483870.97,6712499.995,64.03
SADBHAV,35.58,609.42,389.2275613,171281618.9,109395042.5,63.87
SADBHIN,6.98,245.85,72.99430701,352220630.4,104576371.1,29.69
SADHNANIQ,52.77,1738.3,600.0960287,329410650,113719164.1,34.52
SAFARI,2542.55,12419.4,5128.807375,48846237.05,20171903.7,41.3
SAGARDEEP,29.01,49.48,13.05449414,17056187.52,4499997.981,26.38
SAGCEM,227.36,2971.77,628.5435394,130707688.2,27645299.94,21.15
SAH,96.92,250.01,98.85836472,25795501.44,10199996.36,39.54
SAHYADRI,345.6,378.3,105.5939037,10946180.56,3055379.159,27.91
SAIL,132.22,54584.89,19061.14651,4128338375,1441623545,34.92
SAKAR,321.9,700.13,313.0481663,21749922.34,9725012.934,44.71
SAKHTISUG,39.96,474.92,190.7352962,118848848.8,47731555.59,40.16
SAKSOFT,242.65,3216.36,886.2466571,132551411.5,36523661.94,27.55
SAKUMA,4.55,713.31,383.9690356,1567714286,843887990.3,53.83
SALASAR,18.89,3261.87,1177.227172,1726770778,623201255.5,36.09
SALONA,287.05,151.06,46.13558547,5262497.823,1607231.683,30.54
SALSTEEL,26.69,226.61,112.1172078,84904458.6,42007196.61,49.48
SALZERELEC,1121.15,1978.7,1215.990377,17648842.71,10845920.5,61.45
SAMBHAAV,5.76,110.08,40.80208484,191111111.1,70836952.84,37.07
SAMHI,200.99,4425.92,3114.085045,220205980.4,154937312.5,70.36
SAMMAANCAP,148.65,10852.52,10011.4849,730071981.2,673493770.5,92.25
SAMPANN,29.47,119.68,71.21312043,40610790.63,24164615.01,59.5
SANCO,4.21,5.51,2.746028439,13087885.99,6522632.872,49.84
SANDESH,1743.2,1319.5,323.0205571,7569412.575,1853032.108,24.48
SANDHAR,583.7,3509.12,1042.788246,60118554.05,17865140.42,29.72
SANDUMA,479.15,7766.33,1995.152536,162085568.2,41639414.3,25.69
SANGAMIND,435.2,2186.73,348.2761531,50246553.31,8002668.959,15.93
SANGHIIND,81.55,2104.32,526.6642391,258040466,64581758.33,25.03
SANGHVIMOV,429.15,3723.63,1937.464523,86767563.79,45146557.69,52.03
SANGINITA,17.87,46,26.3470981,25741466.14,14743759.43,57.28
SANOFI,6822,15711.49,6193.155258,23030621.52,9078210.58,39.42
SANOFICONR,4813.9,11086.71,4312.455181,23030619.66,8958339.769,38.9
SANSERA,1585.6,8561.97,5532.687829,53998297.17,34893338.98,64.62
SANSTAR,128.3,2334.18,482.2805146,181931410.8,37590063.49,20.66
SANWARIA,0.49,36.07,30.53762598,736122449,623216856.7,84.66
SAPPHIRE,358.35,11457.14,7804.457221,319719268.9,217788676.4,68.12
SARDAEN,510.4,17982.02,4771.779594,352312304.1,93490979.51,26.54
SAREGAMA,543.65,10470.52,4116.894044,192596707.4,75726920.7,39.32
SARLAPOLY,91.1,760.71,323.1493085,83502744.24,35471932.88,42.48
SARVESHWAR,9.58,937.71,423.2415967,978820459.3,441797073.8,45.14
SASKEN,1730,2610.83,1447.071693,15091502.89,8364576.259,55.43
SASTASUNDR,300.6,956.22,236.0849207,31810379.24,7853789.777,24.69
SATIA,112.63,1126.3,362.041962,100000000,32144363.14,32.14
SATIN,191.59,2116.51,1103.793391,110470797,57612265.31,52.15
SATINDLTD,144.25,1633.4,789.7686009,113233968.8,54749989.67,48.35
SAURASHCEM,110.82,1230.43,393.2424491,111029597.5,35484790.57,31.96
SBC,31.12,987.94,357.0636074,317461439.6,114737663,36.14
SBCL,707.85,4077.51,1945.201236,57604153.42,27480415.86,47.71
SBFC,88.49,9519.19,2882.786623,1075736241,325775412.3,30.28
SBGLP,136.59,2365.4,629.0248708,173175195.8,46052044.13,26.59
SBICARD,733,69765.98,21885.36613,951786903.1,298572525.7,31.37
SBILIFE,1748.1,175582.16,78080.75775,1004417139,446660704.5,44.47
SBIN,804.5,718253.42,309088.5281,8927948042,3841995377,43.03
SCHAEFFLER,4003.75,62620.72,16082.8933,156405170.2,40169574.28,25.68
SCHAND,218.1,767.74,376.6587865,35201283.81,17270003.97,49.06
SCHNEIDER,866.65,20727.93,5047.458278,239173022.6,58241023.23,24.35
SCI,242.25,11274.67,4038.91054,465414654.3,166724893.3,35.82
SCILAL,66.93,3115.73,1124.827044,465520693.3,168060218.8,36.1
SCPL,364.4,382.62,131.6611523,10500000,3613094.191,34.41
SDBL,109.4,2119.91,1368.406987,193776051.2,125082905.6,64.55
SEAMECLTD,1418.5,3612.64,955.9737442,25468029.61,6739328.475,26.46
SECMARK,133.01,138.09,34.54442742,10381926.17,2597130.097,25.02
SECURCRED,4.96,20.37,20.36712896,41068548.39,41062760,99.99
SECURKLOUD,38.61,129,72.8414589,33411033.41,18865956.72,56.47
SEJALLTD,440.25,444.65,111.163125,10099943.21,2525000,25
SELAN,837.15,1272.47,869.2088937,15200023.89,10382952.8,68.31
SELMC,50.1,168.99,42.2467425,33730538.92,8432483.533,25
SEMAC,410,127.81,50.9167996,3117317.073,1241873.161,39.84
SENCO,1405.55,10924.28,3442.869632,77722457.4,24494821.47,31.52
SEPC,29.09,4548.69,3007.961042,1563661052,1034018921,66.13
SEQUENT,191.99,4791.72,2254.218978,249581749,117413353.7,47.04
SERVOTECH,186.86,4165.19,1573.683148,222904313.4,84217229.37,37.78
SESHAPAPER,336.45,2121.93,782.1229134,63068212.22,23246334.18,36.86
SETCO,11.88,158.92,62.59142126,133771043.8,52686381.54,39.39
SETUINFRA,0.81,10.18,7.431355514,125679012.3,91745129.8,73
SEYAIND,23.62,62.76,22.2196653,26570702.79,9407140.264,35.4
SFL,903.95,9825.7,3391.908913,108697383.7,37523191.69,34.52
SGIL,404.35,628.48,163.2813025,15542970.2,4038118.029,25.98
SGL,19.02,51.34,16.99979495,26992639.33,8937852.234,33.11
SHAH,4.74,238.11,103.7846186,502341772.2,218954891.5,43.59
SHAHALLOYS,81.42,161.19,74.5001649,19797347.09,9150106.227,46.22
SHAILY,970,4449.15,2497.426553,45867525.77,25746665.49,56.13
SHAKTIPUMP,4680,9376.43,4481.831414,20035106.84,9576562.851,47.8
SHALBY,259.5,2802.85,701.3787058,108009633.9,27028081.15,25.02
SHALPAINTS,130.91,1095.86,233.1141757,83710946.45,17807209.21,21.27
SHANKARA,508.85,1233.93,548.764334,24249385.87,10784402.75,44.47
SHANTI,18.3,20.32,9.737848861,11103825.14,5321228.886,47.92
SHANTIGEAR,602.85,4624.82,1341.603391,76715932.65,22254348.37,29.01
SHARDACROP,601,5422.25,1365.117232,90220465.89,22714097.04,25.18
SHARDAMOTR,2157.1,6191.71,2204.098531,28703861.67,10217878.32,35.6
SHAREINDIA,309.8,6601.65,2227.718763,213093931.6,71908288.03,33.74
SHEKHAWATI,43.61,150.32,63.42892223,34469158.45,14544582.03,42.2
SHEMAROO,185.8,507.11,174.2579615,27293326.16,9378792.332,34.36
SHILPAMED,870.1,8508.79,4706.532734,97790943.57,54091859.94,55.31
SHIVALIK,595.05,925.92,430.1636903,15560373.08,7229034.372,46.46
SHIVAMAUTO,46.15,564.06,140.2603859,122223185.3,30392282.98,24.87
SHIVAMILLS,90.41,78.13,19.58179067,8641743.17,2165887.697,25.06
SHIVATEX,241,312.4,76.55959615,12962655.6,3176746.728,24.51
SHK,323.3,4475.14,1389.344315,138420661.9,42973842.08,31.05
SHOPERSTOP,766.95,8434.78,2854.193754,109978225.4,37214860.86,33.84
SHREDIGCEM,93.06,1371.77,605.6383036,147407049.2,65080410.87,44.15
SHREECEM,24760,89335.93,33285.06178,36080747.17,13443078.26,37.26
SHREEPUSHK,258.83,837,260.1600549,32337827.92,10051387.2,31.08
SHRENIK,0.8,49.57,33.91797024,619625000,423974628,68.42
SHREYANIND,260.5,360.14,167.0227075,13824952.02,6411620.25,46.38
SHREYAS,355.45,780.37,220.7284024,21954423.97,6209829.861,28.29
SHRIPISTON,2150.1,9471.15,3016.125731,44049811.64,14027839.31,31.85
SHRIRAMFIN,3382,127197.17,94380.5223,376100443.5,279067186,74.2
SHRIRAMPPS,121,2061.27,1206.455249,170352892.6,99707045.41,58.53
SHYAMCENT,18.02,382.12,132.4525959,212053274.1,73503105.41,34.66
SHYAMMETL,913.85,25508.46,6381.544907,279131805,69831426.46,25.02
SHYAMTEL,13.79,15.54,5.224730943,11269035.53,3788782.41,33.62
SIEMENS,7797.25,277676.06,68705.17203,356120504,88114619.94,24.74
SIGACHI,52.03,1707.6,837.8729607,328195272,161036509.8,49.07
SIGIND,71.41,210.59,57.7665203,29490267.47,8089416.091,27.43
SIGMA,384,394.66,105.69596,10277604.17,2752498.959,26.78
SIGNATURE,1496.75,21030.94,5855.669004,140510706.5,39122558.9,27.84
SIGNPOST,239.85,1282,292.5225147,53450072.96,12196060.65,22.82
SIKKO,100.23,168.39,48.05731017,16800359.17,4794703.2,28.54
SIL,26.27,168.99,67.07601746,64328130.95,25533314.6,39.69
SILGO,47.66,88.16,26.584094,18497691.98,5577862.778,30.15
SILINV,630.1,667.65,176.012735,10595937.15,2793409.538,26.36
SILLYMONKS,23.65,24.15,12.97079288,10211416.49,5484479.019,53.71
SILVERTUC,724.45,918.68,235.4490646,12681068.4,3250038.852,25.63
SIMBHALS,25.3,104.44,48.73596227,41280632.41,19263226.19,46.66
SIMPLEXINF,246.35,1407.71,703.4287405,57142683.17,28554038.58,49.97
SINCLAIR,99.98,512.5,188.3925362,51260252.05,18843022.22,36.76
SINDHUTRAD,25.09,3868.7,967.6099349,1541929055,385655613.7,25.01
SINTERCOM,158.61,436.62,130.9140299,27527898.62,8253832.037,29.98
SIRCA,334.2,1831.71,524.2519149,54808797.13,15686771.84,28.62
SIS,404.05,5824.54,1629.876014,144153941.3,40338473.3,27.98
SITINET,0.92,80.23,75.33250072,872065217.4,818831529.6,93.9
SIYSIL,517.85,2349.49,743.1943792,45370087.86,14351537.69,31.63
SJS,1027.3,3187.59,2496.181849,31028813.39,24298470.25,78.31
SJVN,121.82,47853.12,8695.283537,3928182564,713781278.7,18.17
SKFINDIA,5419.95,26795.13,12585.71663,49437965.29,23221093.61,46.97
SKIPPER,569.7,5852.2,1643.427814,102724240.8,28847249.68,28.08
SKMEGGPROD,253.4,667.2,289.2434961,26329913.18,11414502.61,43.35
SKYGOLD,2976,4063.65,936.893429,13654737.9,3148163.404,23.06
SMARTLINK,257,256.36,68.95222042,9975097.276,2682965.775,26.9
SMCGLOBAL,157.61,1651.33,534.9167367,104773174.3,33939263.79,32.39
SMLISUZU,1830,2648.31,1043.222457,14471639.34,5700669.161,39.39
SMLT,203.59,279.13,71.90206473,13710398.35,3531709.059,25.76
SMSLIFE,1552.95,469.5,134.2506259,3023278.277,864487.7546,28.59
SMSPHARMA,347.1,2939.54,1015.266987,84688562.37,29249985.23,34.54
SNOWMAN,77.78,1299.61,691.2794272,167087940.3,88876244.18,53.19
SOBHA,1747.55,18689.65,7046.518324,106947726.8,40322270.17,37.7
SOFTTECH,352.05,451.3,265.4515747,12819201.82,7540166.871,58.82
SOLARA,750.9,2702.38,1538.875421,35988547.08,20493746.45,56.95
SOLARINDS,11211,101439.35,27245.06225,90481981.98,24302080.32,26.86
SOMANYCERA,704.5,2888.71,1285.252522,41003690.56,18243470.86,44.49
SOMATEX,47.16,155.78,38.97753108,33032230.7,8264955.699,25.02
SOMICONVEY,183,215.57,87.89902504,11779781.42,4803225.412,40.78
SONACOMS,658,40878.58,29376.69502,621255015.2,446454331.7,71.86
SONAMLTD,84.5,338.27,93.76551045,40031952.66,11096510.11,27.72
SONATSOFTW,607.6,17038.61,11794.86027,280424786,194122124.3,69.22
SOTL,552,3784.53,1159.95238,68560326.09,21013630.08,30.65
SOUTHBANK,23.92,6258.14,6231.22095,2616279264,2605025481,99.57
SOUTHWEST,121.22,338.23,89.24849872,27902161.36,7362522.581,26.39
SPAL,880.55,2209.53,839.3668835,25092612.57,9532302.351,37.99
SPANDANA,519.75,3706.08,1311.854556,71305050.51,25240106.9,35.4
SPARC,214.19,6950.46,2124.730688,324499743.2,99198407.41,30.57
SPCENET,25.6,1432.81,845.0528812,559691406.3,330098781.7,58.98
SPECIALITY,166.61,801.36,397.9593353,48097953.3,23885681.25,49.66
SPENCERS,99.45,896.36,367.0050042,90131724.48,36903469.5,40.94
SPIC,83.48,1699.99,810.0785128,203640392.9,97038633.54,47.65
SPLIL,57.4,166.46,51.71629931,29000000,9009808.243,31.07
SPLPETRO,782.45,14713.29,4943.681768,188041280.6,63182078.95,33.6
SPMLINFRA,258.8,1544.66,566.2663461,59685471.41,21880461.59,36.66
SPORTKING,115.51,1467.81,376.6013468,127072115,32603354.41,25.66
SRD,107.83,689.75,179.9295492,63966428.64,16686409.09,26.09
SREEL,272,629.82,155.4424483,23155147.06,5714795.892,24.68
SRF,2341,69363.41,33895.52177,296298205.9,144790780.7,48.87
SRGHFL,341.05,486.89,138.1614334,14276205.83,4051060.941,28.38
SRHHYPOLTD,844,1442.7,459.365791,17093601.9,5442722.642,31.84
SRM,269.5,618.35,142.0279364,22944341.37,5270053.298,22.97
SRPL,1.48,63.4,60.867072,428378378.4,411264000,96
SSDL,143.36,567.7,141.6781845,39599609.38,9882685.857,24.96
SSWL,210.24,3300.38,826.8594886,156981544.9,39329313.57,25.05
STANLEY,478.9,2730.55,487.8764109,57017122.57,10187438.11,17.87
STAR,1549,14244.33,10534.61131,91958231.12,68009111.11,73.96
STARCEMENT,210.52,8682.46,1729.935795,412429222.9,82174415.51,19.92
STARHEALTH,551.65,32413.17,11836.42092,587567660.7,214563961.2,36.52
STARPAPER,217.25,339.09,170.3144221,15608285.39,7839559.129,50.23
STARTECK,275,272.53,73.72946091,9910181.818,2681071.306,27.05
STCINDIA,163.68,982.08,97.46751168,60000000,5954760,9.92
STEELCAS,795.75,1610.6,863.8787617,20240025.13,10856157.86,53.64
STEELCITY,97.72,147.4,42.33648457,15083913.22,4332427.811,28.72
STEELXIND,12.11,1365.38,661.8265024,1127481420,546512388.4,48.47
STERTOOLS,552.3,1985.29,570.9048391,35945862.76,10336861.11,28.76
STLTECH,122.3,5960.78,3271.524569,487390024.5,267499964.8,54.88
STOVEKRAFT,896.7,2963.75,1307.903954,33051745.29,14585747.23,44.13
STYLAMIND,2284.9,3872.46,1596.71148,16948050.24,6988102.234,41.23
STYLEBAAZA,365.9,2723.53,544.4828248,74433725.06,14880645.66,19.99
STYRENIX,2634,4632.05,2475.99862,17585611.24,9400146.621,53.45
SUBEXLTD,26.79,1505.61,1484.31509,562004479.3,554055651.5,98.59
SUBROS,691.95,4513.99,1321.134576,65235782.93,19092919.66,29.27
SUDARSCHEM,1066.5,7385.16,5107.977701,69246694.8,47894774.51,69.17
SUKHJITS,574.85,898.03,290.0233222,15621988.34,5045200.003,32.3
SULA,439.75,3711.9,2697.752735,84409323.48,61347418.65,72.68
SUMICHEM,557.55,27829.87,6848.641553,499145726.8,122834571.8,24.61
SUMIT,141.87,568.22,173.0972159,40052160.43,12201114.82,30.46
SUMMITSEC,2874.4,3132.03,794.5679077,10896291.4,2764291.357,25.37
SUNCLAY,2277.35,5020.68,1620.670386,22046150.13,7116474.79,32.28
SUNDARAM,2.92,138.37,95.05555002,473869863,325532705.6,68.7
SUNDARMFIN,5137.45,57079.05,34898.51299,111103855,67929640.17,61.14
SUNDARMHLD,364.05,8064.59,3437.648963,221524241.2,94427934.7,42.63
SUNDRMBRAK,918.15,361.25,120.3583577,3934542.286,1310879.025,33.32
SUNDRMFAST,1451.45,30470.71,15534.15215,209932894.7,107025058.8,50.98
SUNFLAG,224.92,4053.5,1506.093102,180219633.6,66961279.67,37.16
SUNPHARMA,1902.8,456545.46,205177.4921,2399334980,1078292475,44.94
SUNTECK,592.35,8677.12,3177.836815,146486367.9,53647958.39,36.62
SUNTV,782.2,30825.3,6650.634565,394084633.1,85024732.35,21.58
SUPERHOUSE,233.31,257.53,90.3924686,11038103.81,3874350.375,35.1
SUPERSPIN,10.6,58.3,33.25385949,55000000,31371565.55,57.04
SUPRAJIT,526.15,7211.91,3985.853957,137069466.9,75755088.04,55.27
SUPREMEIND,5298.75,67275.97,34122.46048,126965737.2,64397188.93,50.72
SUPRIYA,560.5,4511.06,1428.328535,80482783.23,25483113.91,31.66
SURAJEST,778.3,3445.97,863.1261659,44275600.67,11089890.35,25.05
SURANASOL,55.28,272.01,139.5266326,49205861.07,25239984.2,51.29
SURANAT%26P,23.88,324.19,85.86817768,135757956.4,35958198.36,26.49
SURYALAXMI,90.85,170.77,65.9616301,18796918,7260498.635,38.63
SURYAROSNI,704.5,7666.22,2778.937362,108817885,39445526.79,36.25
SURYODAY,169.86,1807.69,909.072424,106422347.8,53518922.88,50.29
SUTLEJTEX,63.67,1045.06,276.8042485,164136956.2,43474830.93,26.49
SUULD,4.92,33.13,23.19315065,67337398.37,47140550.1,70.01
SUVEN,137.11,2990.01,882.2223113,218073809.4,64344125.98,29.51
SUVENPHAR,1197.45,30471.43,15167.62431,254469330.7,126666034.5,49.78
SUVIDHAA,5.32,111.62,62.34163781,209812030.1,117183529.7,55.85
SUYOG,1682.5,1793.9,950.7678957,10662109.96,5650923.6,53
SUZLON,72.78,99306.81,86101.88211,13644793899,11830431727,86.7
SVLL,318.05,364.68,98.25754371,11466121.68,3089374.114,26.94
SVPGLOB,6.54,82.6,39.08923927,126299694.2,59769479,47.32
SWANENERGY,558.8,17486.19,7688.049407,312923944.2,137581413.9,43.97
SWARAJENG,3033.65,3685.05,1745.115342,12147248.36,5752526.961,47.36
SWELECTES,1183.05,1793.36,779.5178652,15158784.5,6589052.578,43.47
SWSOLAR,582.55,13596.46,6402.014397,233395588.4,109896393.4,47.09
SYMPHONY,1790.9,12298.36,2785.845629,68671394.27,15555562.17,22.65
SYNCOMF,21.06,1979.64,974.2837853,940000000,462622880,49.22
SYNGENE,885.95,35662.76,15950.9581,402536937.8,180043547.6,44.73
SYRMA,413.05,7334.26,2453.875767,177563491.1,59408685.81,33.46
TAINWALCHM,263.5,246.74,73.12526027,9363946.869,2775152.192,29.64
TAJGVK,301.05,1887.63,447.3566304,62701544.59,14859878.11,23.7
TAKE,19.22,284.33,131.8772611,147934443.3,68614599.95,46.38
TALBROAUTO,314.75,1942.89,785.2529936,61728038.13,24948466.84,40.42
TANLA,874.2,11787.43,6274.074015,134836765,71769320.69,53.23
TARACHAND,381.8,591.14,143.5936641,15482975.38,3760965.534,24.29
TARAPUR,26.35,51.38,28.45004386,19499051.23,10796980.59,55.37
TARC,255.35,7535.28,2562.577088,295096142.5,100355476.3,34.01
TARIL,860.25,12910.88,4363.090868,150082882.9,50718870.89,33.79
TARMAT,83.9,178.83,114.0126867,21314660.31,13589116.42,63.75
TARSONS,414.95,2207.79,645.6133085,53206169.42,15558821.75,29.24
TASTYBITE,12977.2,3329.95,805.049296,2566000.37,620356.6994,24.18
TATACHEM,1110.8,28298.33,17319.36024,254756301.8,155917899.2,61.2
TATACOMM,1917.85,54658.73,22480.75198,285000026.1,117218510.2,41.13
TATACONSUM,1108.15,109640.75,72067.65715,989403510.4,650342076,65.73
TATAELXSI,7487.5,46631.86,25887.08615,62279612.69,34573737.76,55.51
TATAINVEST,7032.4,35609.22,9306.127984,50635942.21,13233217.66,26.13
TATAMOTORS,922,339487.94,195496.2422,3682081779,2120349698,57.59
TATAPOWER,465.2,148631.22,78432.31116,3194996131,1685991212,52.77
TATASTEEL,156.91,195879.02,129743.9535,12483526863,8268686091,66.24
TATATECH,1060.55,43023.18,13031.47457,405668568.2,122874683.6,30.29
TATVA,1005.7,2352.54,659.2548942,23392065.23,6555184.391,28.02
TBOTEK,1725.75,18758.54,2305.918809,108697899.5,13361835.78,12.29
TBZ,290.8,1940.53,434.2661523,66730742.78,14933499.05,22.38
TCI,1040.7,8104.58,2364.514176,77876237.15,22720420.64,29.18
TCIEXP,1033.45,3966.38,1154.034103,38379989.36,11166811.2,29.1
TCPLPACK,3415,3107.65,1312.298442,9100000,3842748,42.23
TCS,4116.3,1488951.56,419849.5148,3617208561,1019968211,28.2
TDPOWERSYS,403.5,6302.01,4123.579591,156183643.1,102195281.1,65.43
TEAMLEASE,2990.95,5024.05,3408.246414,16797505.81,11395196.89,67.84
TECHM,1677.7,164137.7,106298.0795,978349526.1,633594084.4,64.76
TECHNOE,1769.4,20578.05,8840.424639,116299593.1,49962838.47,42.96
TECILCHEM,27.48,52.11,26.69533263,18962882.1,9714458.744,51.23
TEGA,1935.25,12877.94,3240.470415,66544064.07,16744453.77,25.16
TEJASNET,1190.55,20389.43,9060.893181,171260593.8,76106784.1,44.44
TERASOFT,91,113.86,58.81101151,12512087.91,6462748.517,51.65
TEXINFRA,116.25,1481.33,508.639489,127426236.6,43753934.54,34.34
TEXMOPIPES,72.85,212.92,118.6000699,29227179.14,16280037.05,55.7
TEXRAIL,206.96,8232.62,4225.420473,397787978.4,204166045.3,51.33
TFCILTD,150.91,1397.36,1057.378312,92595586.77,70066815.44,75.67
TFL,35.98,193.12,83.27260963,53674263.48,23144138.31,43.12
TGBHOTELS,16.46,48.21,32.9070887,29289185.91,19992155.96,68.26
THANGAMAYL,2551.4,7000.83,2285.926747,27439170.65,8959499.675,32.65
THEINVEST,205.19,1077.5,296.6636053,52512305.67,14457995.29,27.53
THEJO,2435,2640.2,1149.309738,10842710.47,4719957.858,43.53
THEMISMED,281.8,2573.9,833.2621497,91337828.25,29569274.3,32.37
THERMAX,5112.6,60860.27,19748.08316,119039764.5,38626301.99,32.45
THOMASCOOK,194.5,9148.9,3159.703586,470380462.7,162452626.5,34.54
THOMASCOTT,248.4,280.57,57.56473408,11295088.57,2317420.857,20.52
THYROCARE,815.55,4318.56,1243.258499,52952731.29,15244417.87,28.79
TI,312.2,6024.1,3173.065975,192956438.2,101635681.5,52.67
TIIL,3120.6,7074.14,1781.652882,22669166.19,5709327.956,25.19
TIINDIA,4236.4,81940.14,44951.53031,193419271.1,106107851.7,54.86
TIL,353.65,2355.38,741.0619706,66602007.63,20954671.87,31.46
TIMESGTY,142.26,128.2,32.08942619,9011668.775,2255688.612,25.03
TIMETECHNO,436.1,9902.05,4795.602324,227059160.7,109965657.5,48.43
TIMKEN,3826.7,28783.95,13705.9504,75218726.32,35816631.56,47.62
TIPSFILMS,643.3,277.68,69.22386599,4316493.083,1076074.398,24.93
TIPSMUSIC,821.45,10500.73,3751.238717,127831639.2,45666062.66,35.72
TIRUMALCHM,314.3,3219.08,1847.406102,102420617.2,58778431.48,57.39
TITAGARH,1120.5,15090.2,8954.861941,134673806.3,79918446.59,59.34
TITAN,3491.15,309939.47,144073.9422,887786173.6,412683334.2,46.48
TMB,450.65,7134.52,5237.622257,158316209.9,116223727,73.41
TNPETRO,87.23,784.82,505.0206491,89971340.14,57895293.95,64.35
TNPL,207.28,1434.6,758.0390304,69210729.45,36570775.3,52.84
TNTELE,9.95,45.44,16.52068195,45668341.71,16603700.46,36.36
TOKYOPLAST,115.19,109.45,39.57918358,9501692.855,3435991.282,36.16
TOLINS,183.47,724.83,188.4247266,39506731.35,10270056.5,26
TORNTPHARM,3491.9,118181.76,32153.54165,338445430.9,92080362.12,27.21
TORNTPOWER,1950.1,93725.08,32528.04772,480616788.9,166801947.2,34.71
TOTAL,86.52,139.53,50.69480496,16126907.07,5859316.338,36.33
TOUCHWOOD,164.73,182.54,64.65219386,11081163.12,3924737.076,35.42
TPHQ,1.41,132.71,75.84687788,941205673.8,537921119.7,57.15
TPLPLASTEH,103,803.43,176.1988238,78002912.62,17106681.92,21.93
TRACXN,85.35,896.13,565.9780949,104994727.6,66312606.31,63.16
TREEHOUSE,17.7,74.89,59.5045088,42310734.46,33618366.55,79.46
TREJHARA,267.45,395.21,221.5676492,14776967.66,8284451.269,56.06
TREL,41.85,1028.24,315.9011372,245696535.2,75484142.7,30.72
TRENT,8121.5,288613.16,180182.2812,355369279.1,221858377.3,62.43
TRF,492.3,541.75,350.8799118,11004468.82,7127359.573,64.77
TRIDENT,34.84,17764.5,4210.984833,5098880597,1208663844,23.7
TRIGYN,128,394.06,216.975897,30785937.5,16951241.96,55.06
TRITURBINE,797.9,25363.4,8884.605199,317876926.9,111349858.4,35.03
TRIVENI,443.6,9710.31,3775.792211,218897881,85117047.13,38.88
TRU,24.48,286.17,147.1057721,116899509.8,60092227.15,51.41
TTKHLTCARE,1678.6,2371.92,573.5605342,14130346.72,3416898.214,24.18
TTKPRESTIG,884.75,12116.42,3526.678671,136947386.3,39860736.6,29.11
TTL,113.86,244.78,88.48974955,21498331.28,7771803.052,36.15
TTML,80.23,15684.39,4019.032835,1954928331,500938905,25.62
TV18BRDCST,44.77,7680.33,3028.599941,1715508153,676479772.4,39.43
TVSELECT,415.55,775.01,303.412542,18650222.6,7301468.945,39.15
TVSHLTD,13739.15,27797.19,7034.960783,20232103.15,5120375.557,25.31
TVSMOTOR,2822,134128.97,66176.24793,475297554.9,234501232.9,49.34
TVSSCS,192.05,8468.3,2676.194762,440942462.9,139348855.1,31.6
TVSSRICHAK,4020,3076.6,1619.17995,7653233.831,4027810.821,52.63
TVTODAY,227.29,1356.21,562.6757603,59668705.18,24755852.01,41.49
UBL,2090.3,55268.61,15697.89488,264405157.2,75098765.14,28.4
UCAL,190.71,421.73,123.448496,22113680.46,6473100.31,29.27
UCOBANK,45.14,53981.15,2489.644408,11958606557,551538415.5,4.61
UDAICEMENT,30.98,1737.11,418.6460779,560719819.2,135134305.3,24.1
UDS,387.7,2595.59,954.3577289,66948413.72,24615881.58,36.77
UFLEX,707.45,5108.6,1543.977763,72211463.71,21824549.63,30.22
UFO,127.33,491.57,380.1144931,38605984.45,29852705.03,77.33
UGARSUGAR,85.2,958.5,526.5905288,112500000,61806400.09,54.94
UGROCAP,250.3,2322.05,877.9000392,92770675.19,35073912.87,37.81
UJJIVANSFB,40.01,7738.67,7315.831882,1934183954,1828500845,94.54
ULTRACEMCO,11353.85,327743.63,129421.4376,288662991,113989032.4,39.49
UMAEXPORTS,115,388.81,106.8757634,33809565.22,9293544.641,27.49
UMESLTD,6.51,17.2,10.53833157,26420890.94,16187913.31,61.27
UNICHEMLAB,746.5,5263.89,1514.287484,70514266.58,20285163.88,28.77
UNIDT,238.95,485.14,123.1838596,20302992.26,5155214.883,25.39
UNIECOM,215.1,2204.38,506.9133247,102481636.4,23566402.82,23
UNIENTER,167.13,1162.32,304.2453372,69545862.5,18204112.8,26.18
UNIINFO,38.8,41.49,20.35851183,10693298.97,5247039.132,49.07
UNIONBANK,113.51,86649.06,21872.38828,7633605850,1926912895,25.24
UNIPARTS,458.6,2067.13,684.1759013,45074792.85,14918794.18,33.1
UNITDSPR,1533.65,111550.16,45153.47426,727350829.7,294418376.2,40.48
UNITECH,10.94,2862.23,2710.941329,2616297989,2478008527,94.71
UNITEDPOLY,114,261.65,46.71143523,22951754.39,4097494.318,17.85
UNITEDTEA,475.85,237.76,116.0806783,4996532.521,2439438.442,48.82
UNIVASTU,225,255.7,72.11330619,11364444.44,3205035.831,28.2
UNIVCABLES,647,2069.74,634.5437791,31989799.07,9807477.265,30.66
UNIVPHOTO,384.9,421.33,106.2349321,10946479.61,2760065.786,25.21
UNOMINDA,1002.75,57603.57,17916.47757,574455946.1,178673423.8,31.1
UPL,570.55,42825.92,28805.69552,750607659.3,504875918.3,67.26
URAVI,385,423.5,115.4998845,11000000,2999997,27.27
URJA,20.37,1070.35,887.1805429,525454099.2,435532912.6,82.89
USHAMART,443.4,13556.44,7479.817448,305738385.2,168692319.5,55.18
UTIAMC,1234.75,15744.41,5046.422017,127510913.1,40869990.02,32.05
UTKARSHBNK,44.22,4870.26,1233.452565,1101370421,278935451.3,25.33
UTTAMSUGAR,368.6,1406.15,360.6180905,38148399.35,9783453.35,25.65
UYFINCORP,30.89,585.36,166.5605988,189498219.5,53920556.44,28.45
V2RETAIL,1440,4980.69,2219.017584,34588125,15409844.34,44.55
VADILALIND,4025.05,2893.14,974.6112344,7187836.176,2421364.292,33.69
VAIBHAVGBL,299.55,4975.95,1665.367197,166114171.3,55595633.35,33.47
VAISHALI,24.9,160.15,96.98465707,64317269.08,38949661.48,60.56
VAKRANGEE,30.05,3235.67,1870.842994,1076762063,622576703.5,57.82
VALIANTLAB,112.56,489.07,122.5666347,43449715.71,10889004.5,25.06
VALIANTORG,393.5,1086.02,432.3846852,27598983.48,10988174.97,39.81
VARDHACRLC,57.93,465.55,115.9487152,80364232.69,20015314.22,24.91
VARROC,591.4,9053.36,2262.641605,153083530.6,38259073.47,24.99
VASCONEQ,63.08,1405.7,859.7933734,222844007.6,136302056.7,61.16
VASWANI,53.35,160.05,66.68755335,30000000,12500010,41.67
VBL,594.15,193020.17,71562.06479,3248677438,1204444413,37.07
VCL,0.85,15.62,11.77808548,183764705.9,138565711.6,75.4
VEDL,494,193173.17,83611.75873,3910388057,1692545723,43.28
VEEDOL,2149.35,3745.03,1233.756911,17424011.91,5740139.628,32.94
VENKEYS,1901.9,2679.27,936.368812,14087333.72,4923333.572,34.95
VENUSPIPES,1981.65,4020.66,2065.6944,20289455.76,10424113.24,51.38
VENUSREM,342.5,457.82,262.0383925,13367007.3,7650755.986,57.24
VERANDA,259.5,1852.38,834.8558037,71382658.96,32171707.27,45.07
VERTOZ,20.57,1741.75,438.9539225,846742829.4,213395198.1,25.2
VESUVIUS,5822.4,11817.19,5188.325091,20296080.65,8910973.295,43.9
VETO,145.95,279.06,136.6989272,19120246.66,9366147.802,48.99
VGUARD,439.05,19100.67,7991.052245,435045439,182007795.1,41.84
VHL,4144.25,1320.26,321.4647143,3185763.407,775688.5185,24.35
VHLTD,131.9,833.05,49.9831581,63157695.22,3789473.7,6
VIDHIING,469.65,2357.4,834.5705215,50194825.93,17770052.62,35.4
VIJAYA,1019,10433.09,4798.055238,102385574.1,47085919.91,45.99
VIJIFIN,2.65,37.76,19.24728191,142490566,72631252.5,50.97
VIKASECO,3.51,620.82,421.1595861,1768717949,1199884861,67.84
VIKASLIFE,4.68,822.87,642.8891597,1758269231,1373694786,78.13
VIMTALABS,549.55,1218.38,401.7049881,22170503.14,7309707.727,32.97
VINATIORGA,1979.6,20521.65,5061.055987,103665639.5,25566053.68,24.66
VINDHYATEL,2150.8,2548.88,1173.323577,11850846.2,5455289.088,46.03
VINEETLAB,58.42,53.86,33.65934109,9219445.395,5761612.649,62.49
VINNY,1.94,90.26,25.48910611,465257732,131387144.9,28.24
VINYLINDIA,384.15,704.42,319.3213886,18337107.9,8312414.125,45.33
VIPIND,531.1,7547.9,3532.577439,142118245.2,66514355.85,46.8
VIPULLTD,36.65,516.62,172.9125738,140960436.6,47179419.88,33.47
VIRINCHI,32.11,326.87,202.6941454,101796948,63124928.5,62.01
VISAKAIND,106.13,917.01,464.4307676,86404409.69,43760554.75,50.65
VISHNU,413.7,2710.86,833.9211164,65527193.62,20157629.11,30.76
VISHWARAJ,18.39,401.46,265.1750852,218303425.8,144195261.1,66.05
VIVIDHA,1.05,30.73,29.00227339,292666666.7,276212127.5,94.38
VLEGOV,172.8,1832.96,1178.505086,106074074.1,68200525.8,64.3
VLSFINANCE,403.05,1369.76,673.3094749,33984865.4,16705358.51,49.16
VMART,4371.8,8650.45,4792.101305,19786929.87,10961391.89,55.4
VOLTAMP,14097.5,20333.51,12662.22842,14423486.43,8981896.382,62.27
VOLTAS,1797.3,59469.91,40936.49569,330884716,227766626,68.84
VPRPL,279.45,3478.19,1122.474928,124465557.3,40167290.33,32.27
VRAJ,236.95,781.52,137.1635498,32982485.76,5788712.799,17.55
VRLLOG,592.05,5178.57,2053.74579,87468457.06,34688722.07,39.66
VSSL,289.4,2360.29,660.3720092,81558051.14,22818659.61,27.98
VSTIND,374,6352.81,1927.867021,169861229.9,51547246.55,30.35
VSTL,262.25,497.29,125.2692753,18962440.42,4776712.118,25.19
VSTTILLERS,4466.1,3858.5,1695.005464,8639528.895,3795269.841,43.93
VTL,461.15,13335.3,4738.927125,289174888.9,102763246.8,35.54
WABAG,1685,10492.77,8502.203398,62271632.05,50458180.41,81.03
WALCHANNAG,324.45,1795.83,949.888753,55349976.88,29276891.75,52.89
WANBURY,246.8,808.53,475.8751583,32760534.85,19281813.55,58.86
WCIL,150.76,1537.08,306.9055822,101955425.8,20357228.85,19.97
WEALTH,1555.8,1657.7,429.2378183,10654968.5,2758952.425,25.89
WEBELSOLAR,1190.8,5025.93,3633.44211,42206331.88,30512614.29,72.29
WEIZMANIND,131.85,204.29,34.02819637,15494122.11,2580826.421,16.66
WEL,1481.8,1985.73,564.1815764,13400796.33,3807407.048,28.41
WELCORP,708.85,18596.64,9225.193531,262349439.2,130143098.4,49.61
WELENT,560.95,7764.32,3281.1292,138413762.4,58492364.75,42.26
WELINV,987.4,360.84,91.71978532,3654446.02,928902.0186,25.42
WELSPUNLIV,164.38,15756.96,4426.591117,958569169,269290127.6,28.09
WENDT,15753.45,3150.69,770.0034305,2000000,488784,24.44
WESTLIFE,873.75,13599.38,5901.410134,155643834,67541174.64,43.39
WEWIN,73.75,74.94,21.81172199,10161355.93,2957521.626,29.11
WHEELS,745.25,1820.26,722.2470571,24424823.88,9691339.243,39.68
WHIRLPOOL,2374.3,30123.18,14762.53336,126871835.9,62176360.88,49.01
WILLAMAGOR,38.8,42.51,16.15239514,10956185.57,4162988.437,38
WINDLAS,982.65,2053.77,769.902569,20900320.56,7834962.286,37.49
WINDMACHIN,197.38,1281.62,534.514694,64931604.01,27080489.11,41.71
WINSOME,3.68,26.02,15.95929246,70706521.74,43367642.54,61.33
WIPL,193.91,164.58,84.60431398,8487442.628,4363071.217,51.41
WIPRO,541.6,283361.73,76314.97526,5231937408,1409065274,26.93
WOCKPHARMA,1093.75,16779.94,7988.893256,153416594.3,73041309.77,47.61
WONDERLA,898.65,5083.96,1532.861111,56573304.4,17057376.19,30.15
WORTH,139,218.94,55.81606423,15751079.14,4015544.189,25.49
WSI,144.19,877.39,291.507891,60849573.48,20216928.43,33.22
WSTCSTPAPR,620.95,4099.66,1730.353262,66022385.06,27866225.33,42.21
XCHANGING,115.99,1292.17,323.0150745,111403569.3,27848527.85,25
XELPMOC,145.95,214.66,100.5316941,14707776.64,6888091.406,46.83
XPROINDIA,1099.5,2422.71,1005.829307,22034652.11,9148061.001,41.52
XTGLOBAL,45.82,610.72,152.5813021,133286774.3,33300153.23,24.98
YAARI,14.16,142.23,100.6260595,100444915.3,71063601.34,70.75
YASHO,1994,2273,638.2858108,11399197.59,3201032.15,28.08
YATHARTH,636.45,5460.5,1633.263449,85796213.37,25662085.78,29.91
YATRA,121.76,1907.79,679.0103338,156684461.2,55766288.91,35.59
YESBANK,21.09,66110.58,39641.09437,31346884780,18796156646,59.96
YUKEN,1213.45,1577.49,683.5933845,13000041.2,5633469.731,43.33
ZAGGLE,419,5137.22,2206.013976,122606682.6,52649498.23,42.94
ZEEL,130.06,12487.71,11978.6861,960149930.8,921012309.5,95.92
ZEELEARN,10.99,359.58,305.4504064,327188353,277934855.7,84.95
ZEEMEDIA,22.48,1405.96,1050.043969,625427046.3,467101409.7,74.69
ZENITHEXPO,284.7,153.63,83.66465295,5396206.533,2938695.221,54.46
ZENSARTECH,720.55,16279.32,8178.84616,225929082,113508377.8,50.24
ZENTEC,1899.4,17149.75,8269.603086,90290354.85,43537975.6,48.22
ZFCVINDIA,15423.85,29255.32,9431.996467,18967585.91,6115202.409,32.24
ZIMLAB,110.3,537.45,202.3153976,48726201.27,18342284.46,37.64
ZODIAC,596.9,901.09,250.2274936,15096163.51,4192117.501,27.77
ZODIACLOTH,127.33,330.98,93.32917603,25993874.19,7329708.32,28.2
ZOMATO,279,246479.07,173575.287,8834375269,6221336453,70.42
ZOTA,618,1693.93,462.4659134,27409870.55,7483267.207,27.3
ZUARI,205.91,866.02,298.0486814,42058180.76,14474706.49,34.42
ZUARIIND,350.6,1045.17,446.9579179,29810895.61,12748371.87,42.76
ZYDUSLIFE,1060.15,106660.8,26446.69521,1006091591,249461823.4,24.8
ZYDUSWELL,1987.1,12651.98,2540.250484,63670575.21,12783707.33,20.08